,ID,Pathogens,Link
0,dbAMP_25009,Staphylococcus aureus,Positive
1,dbAMP_21907,Pseudomonas aeruginosa,Positive
2,dbAMP_20724,Escherichia coli,Positive
3,dbAMP_23455,Escherichia coli,Positive
4,dbAMP_32819,Escherichia coli,Positive
5,dbAMP_24009,Salmonella enterica,Positive
6,dbAMP_32472,Bacillus subtilis,Positive
7,dbAMP_21353,Pseudomonas aeruginosa,Positive
8,dbAMP_02806,Staphylococcus aureus,Positive
9,dbAMP_17716,Staphylococcus aureus,Positive
10,dbAMP_23949,Escherichia coli,Positive
11,dbAMP_11058,Escherichia coli,Positive
12,dbAMP_10721,Bacillus subtilis,Positive
13,dbAMP_32468,Bacillus subtilis,Positive
14,14945.0,Enterococcus faecium,Positive
15,dbAMP_24587,Escherichia coli,Positive
16,21533.0,Klebsiella pneumoniae,Positive
17,dbAMP_24822,Bacillus subtilis,Positive
18,dbAMP_18114,Staphylococcus aureus,Positive
19,dbAMP_02679,Escherichia coli,Positive
20,dbAMP_23724,Pseudomonas aeruginosa,Positive
21,dbAMP_19307,Staphylococcus aureus,Positive
22,dbAMP_17900,Escherichia coli,Positive
23,19489.0,Escherichia coli,Positive
24,19686.0,Klebsiella pneumoniae,Positive
25,dbAMP_25425,Escherichia coli,Positive
26,dbAMP_17716,Enterococcus faecalis,Positive
27,DRAMP20877,Enterococcus faecalis,Positive
28,dbAMP_17929,Pseudomonas aeruginosa,Positive
29,19485.0,Klebsiella pneumoniae,Positive
30,dbAMP_17636,Bacillus subtilis,Positive
31,dbAMP_27501,Pseudomonas aeruginosa,Positive
32,dbAMP_17581,Staphylococcus aureus,Positive
33,20014.0,Escherichia coli,Positive
34,dbAMP_11933,Bacillus cereus,Positive
35,dbAMP_21767,Pseudomonas aeruginosa,Positive
36,dbAMP_18682,Pseudomonas aeruginosa,Positive
37,dbAMP_17964,Staphylococcus epidermidis,Positive
38,dbAMP_17990,Escherichia coli,Positive
39,dbAMP_16053,Micrococcus luteus,Positive
40,21179.0,Bacillus subtilis,Positive
41,dbAMP_22007,Bacillus subtilis,Positive
42,19644.0,Escherichia coli,Positive
43,dbAMP_18085,Staphylococcus aureus,Positive
44,dbAMP_21127,Enterococcus faecalis,Positive
45,dbAMP_14773,Micrococcus luteus,Positive
46,19604.0,Enterococcus faecalis,Positive
47,dbAMP_20865,Pseudomonas aeruginosa,Positive
48,dbAMP_33307,Staphylococcus aureus,Positive
49,dbAMP_17467,Klebsiella pneumoniae,Positive
50,dbAMP_14796,Pseudomonas aeruginosa,Positive
51,dbAMP_15977,Pseudomonas aeruginosa,Positive
52,dbAMP_28831,Bacillus subtilis,Positive
53,dbAMP_04077,Salmonella enterica,Positive
54,dbAMP_33108,Staphylococcus epidermidis,Positive
55,18754.0,Bacillus subtilis,Positive
56,dbAMP_02987,Pseudomonas aeruginosa,Positive
57,22292.0,Acinetobacter baumannii,Positive
58,dbAMP_17515,Pseudomonas aeruginosa,Positive
59,20179.0,Escherichia coli,Positive
60,dbAMP_00627,Bacillus subtilis,Positive
61,18174.0,Bacillus subtilis,Positive
62,dbAMP_25439,Pseudomonas aeruginosa,Positive
63,dbAMP_20820,Salmonella enterica,Positive
64,21079.0,Salmonella enterica,Positive
65,dbAMP_21978,Staphylococcus aureus,Positive
66,dbAMP_02325,Staphylococcus aureus,Positive
67,20390.0,Salmonella enterica,Positive
68,dbAMP_19277,Salmonella enterica,Positive
69,dbAMP_05528,Pseudomonas aeruginosa,Positive
70,dbAMP_19788,Candida albicans,Positive
71,dbAMP_14712,Escherichia coli,Positive
72,dbAMP_24308,Escherichia coli,Positive
73,dbAMP_23311,Escherichia coli,Positive
74,dbAMP_15913,Staphylococcus epidermidis,Positive
75,dbAMP_01906,Escherichia coli,Positive
76,dbAMP_18142,Klebsiella pneumoniae,Positive
77,dbAMP_14776,Pseudomonas aeruginosa,Positive
78,dbAMP_03069,Staphylococcus aureus,Positive
79,22226.0,Staphylococcus aureus,Positive
80,dbAMP_02944,Candida albicans,Positive
81,dbAMP_03598,Bacillus subtilis,Positive
82,dbAMP_05539,Escherichia coli,Positive
83,dbAMP_34016,Staphylococcus aureus,Positive
84,dbAMP_03753,Bacillus megaterium,Positive
85,21116.0,Escherichia coli,Positive
86,dbAMP_17617,Escherichia coli,Positive
87,dbAMP_18560,Staphylococcus aureus,Positive
88,22161.0,Enterococcus faecalis,Positive
89,22372.0,Enterococcus faecium,Positive
90,dbAMP_18889,Salmonella enterica,Positive
91,dbAMP_24264,Escherichia coli,Positive
92,21554.0,Staphylococcus aureus,Positive
93,dbAMP_16560,Staphylococcus aureus,Positive
94,20013.0,Staphylococcus aureus,Positive
95,dbAMP_20538,Bacillus cereus,Positive
96,DRAMP03911,Staphylococcus aureus,Positive
97,dbAMP_17969,Staphylococcus aureus,Positive
98,dbAMP_05268,Salmonella enterica,Positive
99,dbAMP_25353,Salmonella enterica,Positive
100,3343.0,Staphylococcus aureus,Positive
101,dbAMP_16127,Escherichia coli,Positive
102,dbAMP_21979,Enterococcus faecalis,Positive
103,8450.0,Escherichia coli,Positive
104,dbAMP_20132,Klebsiella pneumoniae,Positive
105,21621.0,Escherichia coli,Positive
106,dbAMP_19044,Salmonella enterica,Positive
107,DRAMP02865,Staphylococcus aureus,Positive
108,dbAMP_23340,Staphylococcus aureus,Positive
109,dbAMP_03069,Salmonella enterica,Positive
110,dbAMP_05051,Salmonella enterica,Positive
111,dbAMP_14797,Bacillus megaterium,Positive
112,18047.0,Escherichia coli,Positive
113,dbAMP_11081,Pseudomonas aeruginosa,Positive
114,764.0,Enterococcus faecium,Positive
115,dbAMP_16507,Salmonella enterica,Positive
116,dbAMP_19090,Bacillus subtilis,Positive
117,dbAMP_04577,Escherichia coli,Positive
118,dbAMP_24867,Staphylococcus aureus,Positive
119,dbAMP_22525,Staphylococcus aureus,Positive
120,12461.0,Candida albicans,Positive
121,dbAMP_05478,Micrococcus luteus,Positive
122,dbAMP_11062,Staphylococcus aureus,Positive
123,19197.0,Acinetobacter baumannii,Positive
124,20147.0,Bacillus subtilis,Positive
125,dbAMP_27429,Listeria monocytogenes,Positive
126,dbAMP_31834,Pseudomonas aeruginosa,Positive
127,dbAMP_21225,Bacillus subtilis,Positive
128,18656.0,Enterococcus faecium,Positive
129,dbAMP_22529,Staphylococcus epidermidis,Positive
130,dbAMP_03219,Bacillus subtilis,Positive
131,dbAMP_06258,Bacillus cereus,Positive
132,dbAMP_21058,Acinetobacter baumannii,Positive
133,dbAMP_24490,Bacillus subtilis,Positive
134,dbAMP_27429,Candida parapsilosis,Positive
135,dbAMP_22254,Staphylococcus aureus,Positive
136,22246.0,Klebsiella pneumoniae,Positive
137,dbAMP_22621,Bacillus megaterium,Positive
138,20605.0,Pseudomonas aeruginosa,Positive
139,dbAMP_34115,Escherichia coli,Positive
140,dbAMP_21976,Escherichia coli,Positive
141,dbAMP_28744,Candida albicans,Positive
142,dbAMP_31312,Salmonella enterica,Positive
143,dbAMP_27390,Staphylococcus aureus,Positive
144,dbAMP_24343,Listeria monocytogenes,Positive
145,dbAMP_24055,Staphylococcus aureus,Positive
146,dbAMP_02055,Staphylococcus aureus,Positive
147,dbAMP_19048,Salmonella enterica,Positive
148,dbAMP_21363,Salmonella enterica,Positive
149,dbAMP_00217,Salmonella enterica,Positive
150,dbAMP_16238,Staphylococcus aureus,Positive
151,20614.0,Pseudomonas aeruginosa,Positive
152,dbAMP_34589,Staphylococcus epidermidis,Positive
153,dbAMP_24390,Escherichia coli,Positive
154,dbAMP_04218,Staphylococcus aureus,Positive
155,dbAMP_19527,Staphylococcus aureus,Positive
156,dbAMP_15772,Bacillus cereus,Positive
157,17414.0,Escherichia coli,Positive
158,dbAMP_24004,Micrococcus luteus,Positive
159,dbAMP_19033,Staphylococcus aureus,Positive
160,dbAMP_33120,Enterococcus faecalis,Positive
161,dbAMP_17290,Pseudomonas aeruginosa,Positive
162,dbAMP_27268,Candida albicans,Positive
163,dbAMP_17779,Escherichia coli,Positive
164,dbAMP_11076,Escherichia coli,Positive
165,dbAMP_19748,Bacillus subtilis,Positive
166,dbAMP_18446,Pseudomonas aeruginosa,Positive
167,dbAMP_33027,Escherichia coli,Positive
168,dbAMP_19791,Escherichia coli,Positive
169,21788.0,Staphylococcus epidermidis,Positive
170,dbAMP_27661,Staphylococcus aureus,Positive
171,dbAMP_10580,Listeria monocytogenes,Positive
172,dbAMP_00397,Escherichia coli,Positive
173,DRAMP04003,Pseudomonas aeruginosa,Positive
174,dbAMP_23935,Staphylococcus epidermidis,Positive
175,22373.0,Micrococcus luteus,Positive
176,21529.0,Staphylococcus aureus,Positive
177,dbAMP_14817,Escherichia coli,Positive
178,dbAMP_20513,Staphylococcus aureus,Positive
179,dbAMP_24959,Pseudomonas aeruginosa,Positive
180,22315.0,Staphylococcus aureus,Positive
181,18088.0,Escherichia coli,Positive
182,dbAMP_23163,Candida albicans,Positive
183,dbAMP_01658,Bacillus subtilis,Positive
184,dbAMP_15895,Escherichia coli,Positive
185,dbAMP_02827,Acinetobacter baumannii,Positive
186,DRAMP03910,Escherichia coli,Positive
187,dbAMP_15830,Candida albicans,Positive
188,21673.0,Escherichia coli,Positive
189,dbAMP_19268,Staphylococcus aureus,Positive
190,dbAMP_27107,Staphylococcus epidermidis,Positive
191,dbAMP_33120,Enterococcus faecium,Positive
192,dbAMP_04750,Staphylococcus aureus,Positive
193,dbAMP_18570,Escherichia coli,Positive
194,20841.0,Staphylococcus aureus,Positive
195,dbAMP_20927,Escherichia coli,Positive
196,dbAMP_18376,Escherichia coli,Positive
197,dbAMP_19282,Escherichia coli,Positive
198,dbAMP_16786,Pseudomonas aeruginosa,Positive
199,20956.0,Acinetobacter baumannii,Positive
200,18517.0,Pseudomonas aeruginosa,Positive
201,dbAMP_16538,Staphylococcus aureus,Positive
202,dbAMP_18045,Candida albicans,Positive
203,dbAMP_14843,Salmonella enterica,Positive
204,dbAMP_10426,Bacillus subtilis,Positive
205,dbAMP_32621,Staphylococcus aureus,Positive
206,17223.0,Pseudomonas aeruginosa,Positive
207,dbAMP_23906,Pseudomonas aeruginosa,Positive
208,dbAMP_33140,Escherichia coli,Positive
209,dbAMP_25117,Escherichia coli,Positive
210,dbAMP_18209,Enterococcus faecium,Positive
211,dbAMP_20671,Enterococcus faecium,Positive
212,1164.0,Escherichia coli,Positive
213,dbAMP_17672,Pseudomonas aeruginosa,Positive
214,18830.0,Salmonella enterica,Positive
215,dbAMP_21890,Staphylococcus aureus,Positive
216,dbAMP_10721,Enterococcus faecalis,Positive
217,dbAMP_23593,Micrococcus luteus,Positive
218,dbAMP_22622,Acinetobacter baumannii,Positive
219,21919.0,Staphylococcus epidermidis,Positive
220,18634.0,Escherichia coli,Positive
221,dbAMP_18416,Staphylococcus aureus,Positive
222,19613.0,Enterococcus faecalis,Positive
223,dbAMP_18688,Cryptococcus neoformans,Positive
224,dbAMP_23332,Listeria monocytogenes,Positive
225,dbAMP_23107,Salmonella enterica,Positive
226,dbAMP_24401,Escherichia coli,Positive
227,17249.0,Escherichia coli,Positive
228,19844.0,Staphylococcus aureus,Positive
229,dbAMP_17551,Escherichia coli,Positive
230,dbAMP_11860,Staphylococcus aureus,Positive
231,20571.0,Pseudomonas aeruginosa,Positive
232,11335.0,Bacillus cereus,Positive
233,dbAMP_31990,Staphylococcus aureus,Positive
234,19780.0,Salmonella enterica,Positive
235,dbAMP_03590,Escherichia coli,Positive
236,dbAMP_24410,Staphylococcus aureus,Positive
237,dbAMP_16403,Candida albicans,Positive
238,dbAMP_22976,Staphylococcus epidermidis,Positive
239,18125.0,Staphylococcus epidermidis,Positive
240,dbAMP_23931,Enterococcus faecalis,Positive
241,dbAMP_09775,Staphylococcus aureus,Positive
242,dbAMP_23285,Klebsiella pneumoniae,Positive
243,dbAMP_27309,Micrococcus luteus,Positive
244,dbAMP_18984,Staphylococcus aureus,Positive
245,dbAMP_16123,Escherichia coli,Positive
246,dbAMP_18956,Escherichia coli,Positive
247,dbAMP_17490,Escherichia coli,Positive
248,dbAMP_05268,Bacillus subtilis,Positive
249,dbAMP_10433,Listeria monocytogenes,Positive
250,dbAMP_03984,Salmonella enterica,Positive
251,dbAMP_03218,Escherichia coli,Positive
252,dbAMP_16007,Klebsiella pneumoniae,Positive
253,19612.0,Staphylococcus aureus,Positive
254,dbAMP_16035,Bacillus subtilis,Positive
255,dbAMP_34209,Staphylococcus aureus,Positive
256,dbAMP_16731,Staphylococcus aureus,Positive
257,5368.0,Cryptococcus neoformans,Positive
258,dbAMP_23966,Staphylococcus aureus,Positive
259,dbAMP_24950,Listeria monocytogenes,Positive
260,18832.0,Salmonella enterica,Positive
261,dbAMP_19130,Staphylococcus aureus,Positive
262,dbAMP_18631,Escherichia coli,Positive
263,dbAMP_16555,Escherichia coli,Positive
264,dbAMP_21396,Micrococcus luteus,Positive
265,dbAMP_34584,Escherichia coli,Positive
266,dbAMP_24520,Staphylococcus epidermidis,Positive
267,dbAMP_20741,Candida parapsilosis,Positive
268,dbAMP_21466,Staphylococcus aureus,Positive
269,dbAMP_21232,Enterococcus faecium,Positive
270,19942.0,Escherichia coli,Positive
271,dbAMP_21296,Escherichia coli,Positive
272,dbAMP_27356,Staphylococcus aureus,Positive
273,20827.0,Salmonella enterica,Positive
274,dbAMP_19217,Klebsiella pneumoniae,Positive
275,dbAMP_19039,Staphylococcus aureus,Positive
276,dbAMP_22684,Bacillus subtilis,Positive
277,dbAMP_04748,Candida albicans,Positive
278,dbAMP_05264,Acinetobacter baumannii,Positive
279,dbAMP_22715,Staphylococcus aureus,Positive
280,dbAMP_24871,Staphylococcus aureus,Positive
281,dbAMP_34589,Salmonella enterica,Positive
282,dbAMP_02745,Staphylococcus aureus,Positive
283,dbAMP_19203,Candida albicans,Positive
284,dbAMP_00314,Candida albicans,Positive
285,dbAMP_25192,Escherichia coli,Positive
286,dbAMP_17062,Bacillus subtilis,Positive
287,dbAMP_22792,Bacillus subtilis,Positive
288,dbAMP_05268,Staphylococcus epidermidis,Positive
289,dbAMP_04775,Enterobacter cloacae,Positive
290,dbAMP_19071,Staphylococcus aureus,Positive
291,dbAMP_02867,Escherichia coli,Positive
292,dbAMP_11911,Staphylococcus aureus,Positive
293,18638.0,Escherichia coli,Positive
294,dbAMP_16499,Klebsiella pneumoniae,Positive
295,dbAMP_19550,Bacillus subtilis,Positive
296,dbAMP_05999,Staphylococcus aureus,Positive
297,dbAMP_17994,Pseudomonas aeruginosa,Positive
298,4203.0,Candida albicans,Positive
299,dbAMP_02160,Staphylococcus aureus,Positive
300,dbAMP_15955,Staphylococcus aureus,Positive
301,dbAMP_18048,Candida albicans,Positive
302,21877.0,Acinetobacter baumannii,Positive
303,dbAMP_17554,Pseudomonas aeruginosa,Positive
304,dbAMP_17783,Enterococcus faecalis,Positive
305,19676.0,Klebsiella pneumoniae,Positive
306,20841.0,Escherichia coli,Positive
307,dbAMP_03176,Staphylococcus aureus,Positive
308,904.0,Salmonella enterica,Positive
309,dbAMP_02937,Bacillus megaterium,Positive
310,22246.0,Escherichia coli,Positive
311,dbAMP_27656,Micrococcus luteus,Positive
312,17531.0,Pseudomonas aeruginosa,Positive
313,dbAMP_24032,Bacillus subtilis,Positive
314,dbAMP_34589,Staphylococcus aureus,Positive
315,dbAMP_19255,Pseudomonas aeruginosa,Positive
316,dbAMP_24031,Acinetobacter baumannii,Positive
317,dbAMP_00584,Enterococcus faecium,Positive
318,dbAMP_02706,Staphylococcus aureus,Positive
319,dbAMP_18730,Salmonella enterica,Positive
320,dbAMP_19604,Candida albicans,Positive
321,dbAMP_21653,Micrococcus luteus,Positive
322,18640.0,Escherichia coli,Positive
323,dbAMP_17062,Enterococcus faecalis,Positive
324,20964.0,Acinetobacter baumannii,Positive
325,19927.0,Pseudomonas aeruginosa,Positive
326,19120.0,Staphylococcus aureus,Positive
327,dbAMP_03853,Staphylococcus aureus,Positive
328,22347.0,Escherichia coli,Positive
329,dbAMP_18170,Salmonella enterica,Positive
330,dbAMP_19969,Salmonella enterica,Positive
331,DRAMP18712,Listeria monocytogenes,Positive
332,dbAMP_10501,Acinetobacter baumannii,Positive
333,dbAMP_33280,Staphylococcus aureus,Positive
334,20631.0,Escherichia coli,Positive
335,dbAMP_22886,Escherichia coli,Positive
336,19685.0,Staphylococcus aureus,Positive
337,8829.0,Bacillus cereus,Positive
338,dbAMP_22487,Salmonella enterica,Positive
339,dbAMP_22596,Escherichia coli,Positive
340,dbAMP_09833,Bacillus subtilis,Positive
341,dbAMP_23832,Escherichia coli,Positive
342,dbAMP_03190,Acinetobacter baumannii,Positive
343,20325.0,Staphylococcus aureus,Positive
344,DRAMP03463,Escherichia coli,Positive
345,dbAMP_05646,Bacillus subtilis,Positive
346,21533.0,Escherichia coli,Positive
347,dbAMP_16310,Bacillus subtilis,Positive
348,20142.0,Staphylococcus aureus,Positive
349,dbAMP_22042,Staphylococcus aureus,Positive
350,dbAMP_21946,Enterococcus faecium,Positive
351,18042.0,Staphylococcus aureus,Positive
352,dbAMP_22858,Bacillus subtilis,Positive
353,dbAMP_18660,Escherichia coli,Positive
354,dbAMP_19045,Pseudomonas aeruginosa,Positive
355,dbAMP_02628,Candida albicans,Positive
356,dbAMP_03291,Bacillus cereus,Positive
357,21499.0,Pseudomonas aeruginosa,Positive
358,22084.0,Staphylococcus epidermidis,Positive
359,dbAMP_17851,Pseudomonas aeruginosa,Positive
360,dbAMP_23237,Escherichia coli,Positive
361,dbAMP_16027,Staphylococcus aureus,Positive
362,10723.0,Candida albicans,Positive
363,dbAMP_25166,Pseudomonas aeruginosa,Positive
364,dbAMP_01671,Salmonella enterica,Positive
365,dbAMP_19439,Escherichia coli,Positive
366,DRAMP18495,Enterobacter cloacae,Positive
367,dbAMP_23762,Salmonella enterica,Positive
368,dbAMP_22968,Bacillus subtilis,Positive
369,18060.0,Staphylococcus aureus,Positive
370,dbAMP_03838,Staphylococcus aureus,Positive
371,dbAMP_23226,Staphylococcus epidermidis,Positive
372,dbAMP_02827,Staphylococcus epidermidis,Positive
373,dbAMP_20775,Escherichia coli,Positive
374,dbAMP_33012,Escherichia coli,Positive
375,dbAMP_19158,Salmonella enterica,Positive
376,19204.0,Acinetobacter baumannii,Positive
377,DRAMP04168,Escherichia coli,Positive
378,dbAMP_12830,Staphylococcus aureus,Positive
379,18124.0,Escherichia coli,Positive
380,dbAMP_15741,Staphylococcus aureus,Positive
381,dbAMP_16233,Staphylococcus epidermidis,Positive
382,dbAMP_16636,Staphylococcus aureus,Positive
383,dbAMP_17461,Pseudomonas aeruginosa,Positive
384,22372.0,Acinetobacter baumannii,Positive
385,dbAMP_03286,Staphylococcus aureus,Positive
386,dbAMP_15925,Escherichia coli,Positive
387,dbAMP_17119,Escherichia coli,Positive
388,dbAMP_20786,Staphylococcus epidermidis,Positive
389,dbAMP_01953,Escherichia coli,Positive
390,18666.0,Staphylococcus epidermidis,Positive
391,dbAMP_31753,Bacillus subtilis,Positive
392,20013.0,Escherichia coli,Positive
393,dbAMP_21946,Candida albicans,Positive
394,dbAMP_25193,Pseudomonas aeruginosa,Positive
395,dbAMP_10918,Bacillus subtilis,Positive
396,dbAMP_32012,Staphylococcus epidermidis,Positive
397,dbAMP_21977,Klebsiella pneumoniae,Positive
398,dbAMP_00623,Staphylococcus aureus,Positive
399,dbAMP_23724,Bacillus subtilis,Positive
400,18830.0,Staphylococcus aureus,Positive
401,dbAMP_27116,Candida albicans,Positive
402,dbAMP_17210,Staphylococcus aureus,Positive
403,dbAMP_34131,Staphylococcus aureus,Positive
404,dbAMP_23992,Enterobacter cloacae,Positive
405,dbAMP_15922,Staphylococcus epidermidis,Positive
406,dbAMP_21765,Enterococcus faecalis,Positive
407,dbAMP_25208,Staphylococcus epidermidis,Positive
408,dbAMP_17197,Salmonella enterica,Positive
409,dbAMP_03758,Escherichia coli,Positive
410,dbAMP_25404,Enterococcus faecalis,Positive
411,dbAMP_32057,Bacillus subtilis,Positive
412,dbAMP_02987,Candida albicans,Positive
413,dbAMP_01162,Escherichia coli,Positive
414,dbAMP_34004,Escherichia coli,Positive
415,21532.0,Klebsiella pneumoniae,Positive
416,dbAMP_27370,Pseudomonas aeruginosa,Positive
417,dbAMP_15755,Pseudomonas aeruginosa,Positive
418,dbAMP_17465,Escherichia coli,Positive
419,dbAMP_22424,Bacillus subtilis,Positive
420,dbAMP_31182,Pseudomonas aeruginosa,Positive
421,dbAMP_24420,Escherichia coli,Positive
422,dbAMP_24043,Klebsiella pneumoniae,Positive
423,22224.0,Escherichia coli,Positive
424,dbAMP_19697,Escherichia coli,Positive
425,dbAMP_17778,Pseudomonas aeruginosa,Positive
426,dbAMP_27268,Staphylococcus aureus,Positive
427,19587.0,Staphylococcus aureus,Positive
428,dbAMP_33176,Pseudomonas aeruginosa,Positive
429,17471.0,Klebsiella pneumoniae,Positive
430,dbAMP_33842,Escherichia coli,Positive
431,dbAMP_19016,Staphylococcus aureus,Positive
432,18651.0,Staphylococcus aureus,Positive
433,17457.0,Candida albicans,Positive
434,21319.0,Pseudomonas aeruginosa,Positive
435,dbAMP_16007,Escherichia coli,Positive
436,DRAMP18713,Escherichia coli,Positive
437,dbAMP_01214,Staphylococcus aureus,Positive
438,18517.0,Staphylococcus aureus,Positive
439,dbAMP_14707,Escherichia coli,Positive
440,dbAMP_21130,Bacillus cereus,Positive
441,dbAMP_02250,Candida albicans,Positive
442,dbAMP_10706,Enterococcus faecium,Positive
443,dbAMP_02429,Bacillus megaterium,Positive
444,dbAMP_03833,Escherichia coli,Positive
445,dbAMP_34252,Escherichia coli,Positive
446,dbAMP_16132,Escherichia coli,Positive
447,dbAMP_03050,Staphylococcus aureus,Positive
448,dbAMP_11247,Escherichia coli,Positive
449,dbAMP_17552,Pseudomonas aeruginosa,Positive
450,21884.0,Pseudomonas aeruginosa,Positive
451,dbAMP_34046,Escherichia coli,Positive
452,dbAMP_16090,Escherichia coli,Positive
453,dbAMP_23716,Pseudomonas aeruginosa,Positive
454,dbAMP_14716,Escherichia coli,Positive
455,18054.0,Staphylococcus aureus,Positive
456,dbAMP_05281,Cryptococcus neoformans,Positive
457,21079.0,Staphylococcus aureus,Positive
458,dbAMP_23831,Pseudomonas aeruginosa,Positive
459,18328.0,Escherichia coli,Positive
460,dbAMP_22019,Pseudomonas aeruginosa,Positive
461,dbAMP_20382,Pseudomonas aeruginosa,Positive
462,dbAMP_24532,Bacillus subtilis,Positive
463,dbAMP_23149,Staphylococcus epidermidis,Positive
464,dbAMP_09707,Candida albicans,Positive
465,18044.0,Staphylococcus aureus,Positive
466,dbAMP_19533,Salmonella enterica,Positive
467,10381.0,Klebsiella pneumoniae,Positive
468,dbAMP_15958,Staphylococcus aureus,Positive
469,dbAMP_21439,Listeria monocytogenes,Positive
470,dbAMP_16269,Escherichia coli,Positive
471,dbAMP_20321,Staphylococcus aureus,Positive
472,13802.0,Enterococcus faecalis,Positive
473,dbAMP_02060,Staphylococcus aureus,Positive
474,dbAMP_04243,Staphylococcus aureus,Positive
475,dbAMP_15997,Staphylococcus epidermidis,Positive
476,dbAMP_02030,Candida albicans,Positive
477,dbAMP_33786,Pseudomonas aeruginosa,Positive
478,22025.0,Staphylococcus aureus,Positive
479,dbAMP_16120,Escherichia coli,Positive
480,dbAMP_34233,Escherichia coli,Positive
481,dbAMP_16218,Pseudomonas aeruginosa,Positive
482,dbAMP_33136,Pseudomonas aeruginosa,Positive
483,dbAMP_21973,Enterococcus faecium,Positive
484,dbAMP_09734,Staphylococcus aureus,Positive
485,dbAMP_23223,Staphylococcus aureus,Positive
486,dbAMP_22473,Pseudomonas aeruginosa,Positive
487,dbAMP_31964,Bacillus cereus,Positive
488,9819.0,Klebsiella pneumoniae,Positive
489,DRAMP03923,Bacillus subtilis,Positive
490,20061.0,Staphylococcus epidermidis,Positive
491,dbAMP_31775,Escherichia coli,Positive
492,dbAMP_27183,Staphylococcus epidermidis,Positive
493,dbAMP_33029,Pseudomonas aeruginosa,Positive
494,dbAMP_21220,Pseudomonas aeruginosa,Positive
495,19437.0,Candida albicans,Positive
496,22339.0,Pseudomonas aeruginosa,Positive
497,dbAMP_33694,Pseudomonas aeruginosa,Positive
498,dbAMP_20754,Bacillus subtilis,Positive
499,20582.0,Pseudomonas aeruginosa,Positive
500,dbAMP_02125,Staphylococcus aureus,Positive
501,dbAMP_23938,Salmonella enterica,Positive
502,dbAMP_23241,Staphylococcus aureus,Positive
503,dbAMP_27151,Escherichia coli,Positive
504,dbAMP_23379,Pseudomonas aeruginosa,Positive
505,dbAMP_02835,Staphylococcus aureus,Positive
506,dbAMP_31331,Acinetobacter baumannii,Positive
507,dbAMP_17357,Escherichia coli,Positive
508,dbAMP_17289,Bacillus subtilis,Positive
509,dbAMP_25183,Staphylococcus epidermidis,Positive
510,dbAMP_16013,Enterococcus faecalis,Positive
511,DRAMP04376,Bacillus subtilis,Positive
512,3116.0,Candida parapsilosis,Positive
513,19480.0,Escherichia coli,Positive
514,dbAMP_15899,Staphylococcus aureus,Positive
515,dbAMP_09881,Bacillus cereus,Positive
516,17453.0,Cryptococcus neoformans,Positive
517,20632.0,Escherichia coli,Positive
518,dbAMP_05087,Escherichia coli,Positive
519,dbAMP_05806,Escherichia coli,Positive
520,dbAMP_17751,Escherichia coli,Positive
521,dbAMP_22001,Bacillus subtilis,Positive
522,dbAMP_31177,Escherichia coli,Positive
523,dbAMP_33691,Staphylococcus aureus,Positive
524,dbAMP_18233,Staphylococcus aureus,Positive
525,dbAMP_01692,Escherichia coli,Positive
526,dbAMP_24802,Salmonella enterica,Positive
527,481.0,Escherichia coli,Positive
528,dbAMP_18445,Salmonella enterica,Positive
529,dbAMP_22514,Acinetobacter baumannii,Positive
530,dbAMP_05244,Escherichia coli,Positive
531,dbAMP_24008,Acinetobacter baumannii,Positive
532,dbAMP_16233,Pseudomonas aeruginosa,Positive
533,dbAMP_16145,Candida albicans,Positive
534,dbAMP_24032,Staphylococcus epidermidis,Positive
535,dbAMP_27254,Klebsiella pneumoniae,Positive
536,dbAMP_06085,Listeria monocytogenes,Positive
537,dbAMP_09925,Pseudomonas aeruginosa,Positive
538,dbAMP_02419,Pseudomonas aeruginosa,Positive
539,17567.0,Escherichia coli,Positive
540,dbAMP_23143,Escherichia coli,Positive
541,dbAMP_23394,Escherichia coli,Positive
542,dbAMP_03590,Bacillus megaterium,Positive
543,dbAMP_34102,Escherichia coli,Positive
544,21747.0,Klebsiella pneumoniae,Positive
545,17503.0,Acinetobacter baumannii,Positive
546,dbAMP_20923,Bacillus subtilis,Positive
547,19304.0,Candida albicans,Positive
548,dbAMP_15751,Staphylococcus aureus,Positive
549,dbAMP_04075,Escherichia coli,Positive
550,dbAMP_16752,Enterococcus faecalis,Positive
551,dbAMP_19602,Candida albicans,Positive
552,dbAMP_03905,Escherichia coli,Positive
553,dbAMP_24903,Escherichia coli,Positive
554,19248.0,Escherichia coli,Positive
555,dbAMP_19286,Salmonella enterica,Positive
556,17408.0,Escherichia coli,Positive
557,17222.0,Escherichia coli,Positive
558,dbAMP_22033,Escherichia coli,Positive
559,dbAMP_21731,Cryptococcus neoformans,Positive
560,21526.0,Bacillus subtilis,Positive
561,dbAMP_19167,Escherichia coli,Positive
562,DRAMP29094,Micrococcus luteus,Positive
563,dbAMP_20928,Staphylococcus aureus,Positive
564,dbAMP_14726,Enterococcus faecalis,Positive
565,dbAMP_18791,Salmonella enterica,Positive
566,dbAMP_31648,Pseudomonas aeruginosa,Positive
567,18122.0,Pseudomonas aeruginosa,Positive
568,dbAMP_21466,Staphylococcus epidermidis,Positive
569,dbAMP_01844,Staphylococcus epidermidis,Positive
570,dbAMP_23724,Staphylococcus epidermidis,Positive
571,dbAMP_14723,Salmonella enterica,Positive
572,dbAMP_14806,Pseudomonas aeruginosa,Positive
573,dbAMP_23342,Escherichia coli,Positive
574,dbAMP_04606,Salmonella enterica,Positive
575,20318.0,Salmonella enterica,Positive
576,19924.0,Staphylococcus aureus,Positive
577,DRAMP03405,Bacillus megaterium,Positive
578,22312.0,Pseudomonas aeruginosa,Positive
579,dbAMP_22095,Escherichia coli,Positive
580,19777.0,Bacillus cereus,Positive
581,DRAMP01452,Escherichia coli,Positive
582,dbAMP_20716,Pseudomonas aeruginosa,Positive
583,DRAMP01844,Escherichia coli,Positive
584,17328.0,Staphylococcus aureus,Positive
585,dbAMP_24893,Staphylococcus aureus,Positive
586,19986.0,Staphylococcus epidermidis,Positive
587,dbAMP_03793,Escherichia coli,Positive
588,17434.0,Acinetobacter baumannii,Positive
589,dbAMP_16047,Candida albicans,Positive
590,dbAMP_16145,Bacillus subtilis,Positive
591,dbAMP_33029,Bacillus subtilis,Positive
592,dbAMP_22968,Salmonella enterica,Positive
593,dbAMP_02998,Salmonella enterica,Positive
594,DRAMP29046,Staphylococcus epidermidis,Positive
595,dbAMP_02223,Staphylococcus epidermidis,Positive
596,19556.0,Escherichia coli,Positive
597,21859.0,Escherichia coli,Positive
598,20267.0,Escherichia coli,Positive
599,dbAMP_24771,Staphylococcus aureus,Positive
600,dbAMP_20703,Candida parapsilosis,Positive
601,dbAMP_02395,Pseudomonas aeruginosa,Positive
602,7058.0,Candida albicans,Positive
603,dbAMP_00217,Escherichia coli,Positive
604,dbAMP_02976,Staphylococcus aureus,Positive
605,dbAMP_05113,Escherichia coli,Positive
606,dbAMP_27425,Enterococcus faecalis,Positive
607,dbAMP_03984,Candida albicans,Positive
608,340.0,Bacillus subtilis,Positive
609,dbAMP_02094,Candida albicans,Positive
610,dbAMP_27429,Acinetobacter baumannii,Positive
611,dbAMP_16045,Micrococcus luteus,Positive
612,dbAMP_02429,Micrococcus luteus,Positive
613,dbAMP_03640,Bacillus megaterium,Positive
614,dbAMP_19285,Enterococcus faecalis,Positive
615,dbAMP_04331,Acinetobacter baumannii,Positive
616,dbAMP_25172,Staphylococcus aureus,Positive
617,7058.0,Acinetobacter baumannii,Positive
618,dbAMP_20434,Pseudomonas aeruginosa,Positive
619,dbAMP_23204,Staphylococcus aureus,Positive
620,dbAMP_19174,Staphylococcus epidermidis,Positive
621,dbAMP_04702,Staphylococcus aureus,Positive
622,dbAMP_10498,Staphylococcus aureus,Positive
623,dbAMP_01964,Enterococcus faecalis,Positive
624,dbAMP_24599,Micrococcus luteus,Positive
625,dbAMP_16713,Bacillus subtilis,Positive
626,dbAMP_20828,Staphylococcus aureus,Positive
627,dbAMP_25403,Enterococcus faecalis,Positive
628,dbAMP_33993,Escherichia coli,Positive
629,2302.0,Bacillus subtilis,Positive
630,dbAMP_00067,Salmonella enterica,Positive
631,dbAMP_00215,Staphylococcus aureus,Positive
632,2267.0,Bacillus subtilis,Positive
633,dbAMP_17472,Staphylococcus aureus,Positive
634,20014.0,Bacillus cereus,Positive
635,22363.0,Pseudomonas aeruginosa,Positive
636,dbAMP_24029,Escherichia coli,Positive
637,dbAMP_25152,Staphylococcus epidermidis,Positive
638,dbAMP_02992,Klebsiella pneumoniae,Positive
639,dbAMP_23587,Bacillus subtilis,Positive
640,dbAMP_21128,Salmonella enterica,Positive
641,19477.0,Pseudomonas aeruginosa,Positive
642,dbAMP_21221,Acinetobacter baumannii,Positive
643,dbAMP_19725,Enterococcus faecalis,Positive
644,dbAMP_10653,Cryptococcus neoformans,Positive
645,dbAMP_18695,Escherichia coli,Positive
646,dbAMP_21205,Staphylococcus aureus,Positive
647,dbAMP_03640,Pseudomonas aeruginosa,Positive
648,dbAMP_27604,Candida albicans,Positive
649,dbAMP_19371,Salmonella enterica,Positive
650,dbAMP_33301,Pseudomonas aeruginosa,Positive
651,21512.0,Staphylococcus aureus,Positive
652,21515.0,Acinetobacter baumannii,Positive
653,dbAMP_33233,Candida albicans,Positive
654,dbAMP_18604,Escherichia coli,Positive
655,dbAMP_27532,Staphylococcus epidermidis,Positive
656,22365.0,Pseudomonas aeruginosa,Positive
657,dbAMP_04959,Candida albicans,Positive
658,dbAMP_27226,Staphylococcus epidermidis,Positive
659,DRAMP02912,Pseudomonas aeruginosa,Positive
660,dbAMP_03408,Staphylococcus epidermidis,Positive
661,18649.0,Escherichia coli,Positive
662,dbAMP_34010,Salmonella enterica,Positive
663,dbAMP_16553,Escherichia coli,Positive
664,dbAMP_12014,Staphylococcus aureus,Positive
665,dbAMP_16232,Staphylococcus aureus,Positive
666,dbAMP_19692,Listeria monocytogenes,Positive
667,18297.0,Salmonella enterica,Positive
668,dbAMP_11107,Staphylococcus aureus,Positive
669,dbAMP_17569,Staphylococcus aureus,Positive
670,19668.0,Staphylococcus aureus,Positive
671,dbAMP_19045,Salmonella enterica,Positive
672,775.0,Bacillus subtilis,Positive
673,18757.0,Klebsiella pneumoniae,Positive
674,dbAMP_23936,Salmonella enterica,Positive
675,dbAMP_23936,Escherichia coli,Positive
676,dbAMP_31353,Pseudomonas aeruginosa,Positive
677,18083.0,Escherichia coli,Positive
678,dbAMP_03089,Escherichia coli,Positive
679,dbAMP_20675,Pseudomonas aeruginosa,Positive
680,dbAMP_25443,Enterococcus faecium,Positive
681,dbAMP_31632,Escherichia coli,Positive
682,dbAMP_25301,Staphylococcus aureus,Positive
683,dbAMP_01206,Candida albicans,Positive
684,dbAMP_19789,Pseudomonas aeruginosa,Positive
685,dbAMP_22693,Staphylococcus aureus,Positive
686,dbAMP_23108,Klebsiella pneumoniae,Positive
687,dbAMP_31645,Staphylococcus aureus,Positive
688,dbAMP_16032,Staphylococcus aureus,Positive
689,dbAMP_22543,Bacillus subtilis,Positive
690,dbAMP_17460,Candida albicans,Positive
691,dbAMP_24055,Escherichia coli,Positive
692,dbAMP_10863,Staphylococcus aureus,Positive
693,dbAMP_16309,Staphylococcus aureus,Positive
694,dbAMP_16329,Escherichia coli,Positive
695,14973.0,Staphylococcus epidermidis,Positive
696,dbAMP_16430,Enterococcus faecalis,Positive
697,dbAMP_02898,Pseudomonas aeruginosa,Positive
698,dbAMP_11153,Escherichia coli,Positive
699,dbAMP_22695,Staphylococcus aureus,Positive
700,dbAMP_31692,Listeria monocytogenes,Positive
701,dbAMP_02970,Escherichia coli,Positive
702,dbAMP_24335,Listeria monocytogenes,Positive
703,dbAMP_23917,Salmonella enterica,Positive
704,dbAMP_25245,Escherichia coli,Positive
705,dbAMP_17055,Staphylococcus aureus,Positive
706,dbAMP_21968,Escherichia coli,Positive
707,22250.0,Acinetobacter baumannii,Positive
708,dbAMP_17461,Staphylococcus aureus,Positive
709,dbAMP_18595,Staphylococcus aureus,Positive
710,dbAMP_16000,Pseudomonas aeruginosa,Positive
711,dbAMP_19532,Escherichia coli,Positive
712,dbAMP_01477,Klebsiella pneumoniae,Positive
713,dbAMP_16216,Bacillus subtilis,Positive
714,20496.0,Salmonella enterica,Positive
715,dbAMP_02533,Enterococcus faecium,Positive
716,dbAMP_21228,Staphylococcus aureus,Positive
717,20037.0,Salmonella enterica,Positive
718,dbAMP_02395,Staphylococcus epidermidis,Positive
719,dbAMP_27470,Escherichia coli,Positive
720,20392.0,Escherichia coli,Positive
721,dbAMP_21127,Staphylococcus aureus,Positive
722,dbAMP_01958,Escherichia coli,Positive
723,dbAMP_19043,Staphylococcus epidermidis,Positive
724,dbAMP_16410,Escherichia coli,Positive
725,dbAMP_22630,Staphylococcus epidermidis,Positive
726,dbAMP_14721,Escherichia coli,Positive
727,dbAMP_20529,Staphylococcus aureus,Positive
728,340.0,Bacillus cereus,Positive
729,dbAMP_24802,Bacillus subtilis,Positive
730,dbAMP_16023,Bacillus subtilis,Positive
731,19813.0,Pseudomonas aeruginosa,Positive
732,DRAMP03797,Staphylococcus aureus,Positive
733,dbAMP_24307,Salmonella enterica,Positive
734,dbAMP_20537,Bacillus subtilis,Positive
735,dbAMP_18561,Escherichia coli,Positive
736,dbAMP_33176,Staphylococcus epidermidis,Positive
737,dbAMP_31245,Staphylococcus aureus,Positive
738,dbAMP_16003,Klebsiella pneumoniae,Positive
739,22217.0,Staphylococcus epidermidis,Positive
740,dbAMP_02506,Escherichia coli,Positive
741,dbAMP_01804,Bacillus subtilis,Positive
742,dbAMP_21435,Staphylococcus aureus,Positive
743,dbAMP_19743,Escherichia coli,Positive
744,dbAMP_24294,Staphylococcus aureus,Positive
745,dbAMP_02049,Escherichia coli,Positive
746,dbAMP_16279,Candida albicans,Positive
747,dbAMP_31810,Staphylococcus aureus,Positive
748,dbAMP_00389,Staphylococcus aureus,Positive
749,1687.0,Enterococcus faecium,Positive
750,dbAMP_00623,Bacillus subtilis,Positive
751,dbAMP_02867,Bacillus cereus,Positive
752,dbAMP_16530,Escherichia coli,Positive
753,dbAMP_22596,Bacillus subtilis,Positive
754,dbAMP_33075,Acinetobacter baumannii,Positive
755,dbAMP_02643,Staphylococcus aureus,Positive
756,dbAMP_23974,Candida albicans,Positive
757,dbAMP_04995,Pseudomonas aeruginosa,Positive
758,dbAMP_19293,Bacillus megaterium,Positive
759,dbAMP_33330,Staphylococcus aureus,Positive
760,dbAMP_15824,Staphylococcus aureus,Positive
761,dbAMP_02838,Escherichia coli,Positive
762,19929.0,Pseudomonas aeruginosa,Positive
763,dbAMP_33391,Staphylococcus aureus,Positive
764,dbAMP_02841,Staphylococcus aureus,Positive
765,dbAMP_03408,Staphylococcus aureus,Positive
766,dbAMP_00235,Bacillus subtilis,Positive
767,dbAMP_24066,Escherichia coli,Positive
768,dbAMP_18549,Escherichia coli,Positive
769,dbAMP_10311,Enterococcus faecium,Positive
770,dbAMP_20472,Staphylococcus aureus,Positive
771,dbAMP_21637,Escherichia coli,Positive
772,17239.0,Pseudomonas aeruginosa,Positive
773,dbAMP_19834,Escherichia coli,Positive
774,dbAMP_25211,Micrococcus luteus,Positive
775,dbAMP_20479,Micrococcus luteus,Positive
776,19501.0,Staphylococcus epidermidis,Positive
777,4298.0,Candida albicans,Positive
778,dbAMP_17778,Klebsiella pneumoniae,Positive
779,536.0,Staphylococcus aureus,Positive
780,dbAMP_17964,Escherichia coli,Positive
781,dbAMP_19659,Staphylococcus aureus,Positive
782,dbAMP_18793,Escherichia coli,Positive
783,dbAMP_27641,Enterococcus faecalis,Positive
784,dbAMP_15757,Pseudomonas aeruginosa,Positive
785,dbAMP_19690,Bacillus subtilis,Positive
786,21255.0,Pseudomonas aeruginosa,Positive
787,dbAMP_19158,Pseudomonas aeruginosa,Positive
788,dbAMP_17686,Bacillus subtilis,Positive
789,dbAMP_02628,Escherichia coli,Positive
790,20009.0,Staphylococcus aureus,Positive
791,dbAMP_16090,Klebsiella pneumoniae,Positive
792,dbAMP_17021,Pseudomonas aeruginosa,Positive
793,dbAMP_10426,Enterobacter cloacae,Positive
794,17531.0,Salmonella enterica,Positive
795,dbAMP_17751,Bacillus subtilis,Positive
796,dbAMP_20118,Klebsiella pneumoniae,Positive
797,4999.0,Klebsiella pneumoniae,Positive
798,21991.0,Bacillus subtilis,Positive
799,21532.0,Bacillus subtilis,Positive
800,dbAMP_23691,Bacillus megaterium,Positive
801,dbAMP_16760,Staphylococcus epidermidis,Positive
802,dbAMP_33219,Staphylococcus aureus,Positive
803,dbAMP_33027,Pseudomonas aeruginosa,Positive
804,dbAMP_04810,Staphylococcus aureus,Positive
805,dbAMP_27232,Escherichia coli,Positive
806,dbAMP_31899,Staphylococcus aureus,Positive
807,2267.0,Salmonella enterica,Positive
808,dbAMP_10426,Escherichia coli,Positive
809,18658.0,Enterococcus faecium,Positive
810,dbAMP_20324,Bacillus subtilis,Positive
811,dbAMP_15968,Candida albicans,Positive
812,dbAMP_23135,Enterococcus faecalis,Positive
813,dbAMP_02831,Staphylococcus aureus,Positive
814,dbAMP_27686,Staphylococcus aureus,Positive
815,dbAMP_17504,Salmonella enterica,Positive
816,dbAMP_18394,Escherichia coli,Positive
817,dbAMP_10339,Cryptococcus neoformans,Positive
818,dbAMP_21601,Staphylococcus aureus,Positive
819,18787.0,Micrococcus luteus,Positive
820,4425.0,Klebsiella pneumoniae,Positive
821,dbAMP_18746,Escherichia coli,Positive
822,dbAMP_17179,Pseudomonas aeruginosa,Positive
823,dbAMP_33157,Staphylococcus aureus,Positive
824,18234.0,Staphylococcus aureus,Positive
825,DRAMP01098,Pseudomonas aeruginosa,Positive
826,dbAMP_14723,Staphylococcus epidermidis,Positive
827,dbAMP_14816,Staphylococcus aureus,Positive
828,dbAMP_18080,Staphylococcus aureus,Positive
829,dbAMP_10629,Staphylococcus aureus,Positive
830,dbAMP_33598,Escherichia coli,Positive
831,dbAMP_17633,Escherichia coli,Positive
832,dbAMP_02777,Bacillus megaterium,Positive
833,dbAMP_34583,Salmonella enterica,Positive
834,dbAMP_21082,Bacillus subtilis,Positive
835,dbAMP_11448,Staphylococcus aureus,Positive
836,dbAMP_21439,Pseudomonas aeruginosa,Positive
837,dbAMP_11232,Candida albicans,Positive
838,dbAMP_21443,Pseudomonas aeruginosa,Positive
839,dbAMP_20253,Pseudomonas aeruginosa,Positive
840,dbAMP_20658,Klebsiella pneumoniae,Positive
841,dbAMP_03853,Candida albicans,Positive
842,dbAMP_21599,Micrococcus luteus,Positive
843,dbAMP_14846,Pseudomonas aeruginosa,Positive
844,dbAMP_04842,Staphylococcus epidermidis,Positive
845,dbAMP_10566,Staphylococcus aureus,Positive
846,dbAMP_05861,Staphylococcus epidermidis,Positive
847,dbAMP_16152,Salmonella enterica,Positive
848,dbAMP_19794,Pseudomonas aeruginosa,Positive
849,dbAMP_33789,Staphylococcus aureus,Positive
850,dbAMP_11118,Bacillus megaterium,Positive
851,20539.0,Pseudomonas aeruginosa,Positive
852,dbAMP_23179,Staphylococcus aureus,Positive
853,dbAMP_16784,Bacillus subtilis,Positive
854,dbAMP_16134,Escherichia coli,Positive
855,dbAMP_18060,Candida albicans,Positive
856,dbAMP_20545,Bacillus subtilis,Positive
857,21891.0,Acinetobacter baumannii,Positive
858,dbAMP_25188,Acinetobacter baumannii,Positive
859,dbAMP_21823,Staphylococcus aureus,Positive
860,dbAMP_11278,Salmonella enterica,Positive
861,19638.0,Acinetobacter baumannii,Positive
862,dbAMP_05715,Escherichia coli,Positive
863,18789.0,Staphylococcus epidermidis,Positive
864,dbAMP_18443,Escherichia coli,Positive
865,dbAMP_10305,Micrococcus luteus,Positive
866,dbAMP_22514,Escherichia coli,Positive
867,dbAMP_34588,Salmonella enterica,Positive
868,dbAMP_21601,Escherichia coli,Positive
869,dbAMP_22814,Candida albicans,Positive
870,dbAMP_20339,Pseudomonas aeruginosa,Positive
871,dbAMP_19223,Acinetobacter baumannii,Positive
872,dbAMP_33137,Pseudomonas aeruginosa,Positive
873,5349.0,Pseudomonas aeruginosa,Positive
874,dbAMP_00479,Escherichia coli,Positive
875,22321.0,Staphylococcus aureus,Positive
876,dbAMP_15951,Bacillus subtilis,Positive
877,dbAMP_17847,Staphylococcus epidermidis,Positive
878,dbAMP_15812,Enterococcus faecalis,Positive
879,dbAMP_00032,Enterococcus faecalis,Positive
880,dbAMP_21771,Salmonella enterica,Positive
881,5135.0,Bacillus subtilis,Positive
882,dbAMP_23936,Pseudomonas aeruginosa,Positive
883,21531.0,Escherichia coli,Positive
884,19949.0,Staphylococcus epidermidis,Positive
885,dbAMP_33086,Candida albicans,Positive
886,dbAMP_04791,Klebsiella pneumoniae,Positive
887,dbAMP_17578,Pseudomonas aeruginosa,Positive
888,dbAMP_09654,Staphylococcus epidermidis,Positive
889,dbAMP_24871,Bacillus cereus,Positive
890,dbAMP_27101,Pseudomonas aeruginosa,Positive
891,19234.0,Pseudomonas aeruginosa,Positive
892,dbAMP_16555,Staphylococcus aureus,Positive
893,dbAMP_18940,Staphylococcus aureus,Positive
894,dbAMP_22021,Bacillus subtilis,Positive
895,dbAMP_18405,Staphylococcus aureus,Positive
896,dbAMP_02231,Staphylococcus aureus,Positive
897,dbAMP_02446,Escherichia coli,Positive
898,dbAMP_19307,Klebsiella pneumoniae,Positive
899,dbAMP_19236,Micrococcus luteus,Positive
900,904.0,Escherichia coli,Positive
901,dbAMP_02419,Candida albicans,Positive
902,dbAMP_05183,Staphylococcus aureus,Positive
903,dbAMP_14797,Escherichia coli,Positive
904,dbAMP_17583,Candida albicans,Positive
905,dbAMP_03760,Escherichia coli,Positive
906,dbAMP_21694,Micrococcus luteus,Positive
907,19877.0,Escherichia coli,Positive
908,dbAMP_24826,Bacillus subtilis,Positive
909,dbAMP_24277,Micrococcus luteus,Positive
910,dbAMP_16121,Escherichia coli,Positive
911,dbAMP_25043,Escherichia coli,Positive
912,dbAMP_01993,Staphylococcus aureus,Positive
913,dbAMP_21600,Micrococcus luteus,Positive
914,dbAMP_05947,Salmonella enterica,Positive
915,dbAMP_18245,Escherichia coli,Positive
916,dbAMP_16387,Escherichia coli,Positive
917,20930.0,Escherichia coli,Positive
918,dbAMP_27241,Pseudomonas aeruginosa,Positive
919,dbAMP_23757,Pseudomonas aeruginosa,Positive
920,17520.0,Staphylococcus aureus,Positive
921,19355.0,Pseudomonas aeruginosa,Positive
922,dbAMP_24142,Escherichia coli,Positive
923,dbAMP_16076,Escherichia coli,Positive
924,dbAMP_14886,Staphylococcus epidermidis,Positive
925,dbAMP_01594,Enterococcus faecium,Positive
926,dbAMP_23367,Escherichia coli,Positive
927,dbAMP_17452,Staphylococcus aureus,Positive
928,dbAMP_04599,Escherichia coli,Positive
929,20001.0,Escherichia coli,Positive
930,dbAMP_18733,Micrococcus luteus,Positive
931,dbAMP_14707,Staphylococcus epidermidis,Positive
932,22215.0,Escherichia coli,Positive
933,19635.0,Pseudomonas aeruginosa,Positive
934,dbAMP_22062,Staphylococcus aureus,Positive
935,dbAMP_18106,Staphylococcus epidermidis,Positive
936,dbAMP_33137,Salmonella enterica,Positive
937,13802.0,Pseudomonas aeruginosa,Positive
938,dbAMP_20755,Candida albicans,Positive
939,dbAMP_23098,Bacillus subtilis,Positive
940,dbAMP_16930,Pseudomonas aeruginosa,Positive
941,19551.0,Salmonella enterica,Positive
942,dbAMP_10670,Escherichia coli,Positive
943,dbAMP_17955,Cryptococcus neoformans,Positive
944,dbAMP_32932,Staphylococcus aureus,Positive
945,dbAMP_33711,Listeria monocytogenes,Positive
946,dbAMP_03612,Escherichia coli,Positive
947,dbAMP_10482,Candida albicans,Positive
948,dbAMP_17220,Pseudomonas aeruginosa,Positive
949,dbAMP_16125,Escherichia coli,Positive
950,21884.0,Klebsiella pneumoniae,Positive
951,5346.0,Staphylococcus epidermidis,Positive
952,20067.0,Micrococcus luteus,Positive
953,20842.0,Candida parapsilosis,Positive
954,21003.0,Staphylococcus aureus,Positive
955,dbAMP_16218,Escherichia coli,Positive
956,dbAMP_18793,Staphylococcus epidermidis,Positive
957,19941.0,Staphylococcus aureus,Positive
958,dbAMP_20305,Pseudomonas aeruginosa,Positive
959,dbAMP_17567,Staphylococcus epidermidis,Positive
960,dbAMP_34248,Staphylococcus aureus,Positive
961,dbAMP_04263,Staphylococcus aureus,Positive
962,19608.0,Staphylococcus aureus,Positive
963,dbAMP_34039,Staphylococcus aureus,Positive
964,dbAMP_17716,Pseudomonas aeruginosa,Positive
965,dbAMP_21608,Escherichia coli,Positive
966,dbAMP_10247,Escherichia coli,Positive
967,19616.0,Escherichia coli,Positive
968,dbAMP_16130,Candida albicans,Positive
969,dbAMP_23991,Enterococcus faecium,Positive
970,19197.0,Pseudomonas aeruginosa,Positive
971,dbAMP_32020,Acinetobacter baumannii,Positive
972,dbAMP_23036,Staphylococcus aureus,Positive
973,dbAMP_16083,Pseudomonas aeruginosa,Positive
974,dbAMP_03609,Escherichia coli,Positive
975,dbAMP_20281,Staphylococcus aureus,Positive
976,dbAMP_21969,Pseudomonas aeruginosa,Positive
977,dbAMP_03451,Bacillus megaterium,Positive
978,dbAMP_02079,Escherichia coli,Positive
979,dbAMP_23210,Escherichia coli,Positive
980,20575.0,Acinetobacter baumannii,Positive
981,dbAMP_20659,Candida albicans,Positive
982,dbAMP_23950,Staphylococcus aureus,Positive
983,dbAMP_23763,Escherichia coli,Positive
984,dbAMP_05295,Staphylococcus epidermidis,Positive
985,dbAMP_15852,Escherichia coli,Positive
986,19943.0,Staphylococcus aureus,Positive
987,dbAMP_18170,Candida albicans,Positive
988,dbAMP_16131,Bacillus cereus,Positive
989,20855.0,Bacillus subtilis,Positive
990,20543.0,Enterococcus faecalis,Positive
991,dbAMP_33033,Escherichia coli,Positive
992,dbAMP_02020,Staphylococcus aureus,Positive
993,260.0,Staphylococcus aureus,Positive
994,22285.0,Staphylococcus aureus,Positive
995,dbAMP_16246,Bacillus subtilis,Positive
996,dbAMP_15969,Salmonella enterica,Positive
997,dbAMP_23167,Micrococcus luteus,Positive
998,dbAMP_23457,Staphylococcus aureus,Positive
999,dbAMP_16105,Escherichia coli,Positive
1000,dbAMP_18144,Escherichia coli,Positive
1001,dbAMP_16163,Pseudomonas aeruginosa,Positive
1002,dbAMP_12178,Listeria monocytogenes,Positive
1003,dbAMP_32647,Micrococcus luteus,Positive
1004,dbAMP_16238,Acinetobacter baumannii,Positive
1005,dbAMP_06416,Micrococcus luteus,Positive
1006,dbAMP_23727,Escherichia coli,Positive
1007,dbAMP_18431,Escherichia coli,Positive
1008,dbAMP_16047,Escherichia coli,Positive
1009,dbAMP_21875,Candida albicans,Positive
1010,DRAMP03472,Escherichia coli,Positive
1011,dbAMP_31707,Escherichia coli,Positive
1012,dbAMP_21231,Escherichia coli,Positive
1013,19485.0,Enterococcus faecium,Positive
1014,dbAMP_15812,Candida albicans,Positive
1015,852.0,Bacillus subtilis,Positive
1016,dbAMP_22617,Staphylococcus aureus,Positive
1017,dbAMP_33593,Staphylococcus aureus,Positive
1018,dbAMP_15870,Pseudomonas aeruginosa,Positive
1019,dbAMP_01591,Staphylococcus aureus,Positive
1020,dbAMP_14815,Escherichia coli,Positive
1021,dbAMP_04825,Escherichia coli,Positive
1022,dbAMP_18586,Escherichia coli,Positive
1023,dbAMP_20819,Staphylococcus aureus,Positive
1024,dbAMP_04499,Escherichia coli,Positive
1025,dbAMP_21397,Staphylococcus epidermidis,Positive
1026,20348.0,Staphylococcus aureus,Positive
1027,dbAMP_21407,Staphylococcus aureus,Positive
1028,dbAMP_14850,Staphylococcus epidermidis,Positive
1029,dbAMP_05917,Pseudomonas aeruginosa,Positive
1030,dbAMP_32315,Pseudomonas aeruginosa,Positive
1031,20983.0,Staphylococcus epidermidis,Positive
1032,dbAMP_03331,Micrococcus luteus,Positive
1033,dbAMP_21230,Staphylococcus aureus,Positive
1034,19136.0,Bacillus subtilis,Positive
1035,dbAMP_02433,Staphylococcus aureus,Positive
1036,dbAMP_31341,Candida albicans,Positive
1037,dbAMP_32463,Enterococcus faecium,Positive
1038,13330.0,Cryptococcus neoformans,Positive
1039,dbAMP_14843,Escherichia coli,Positive
1040,dbAMP_33104,Staphylococcus aureus,Positive
1041,dbAMP_21127,Salmonella enterica,Positive
1042,dbAMP_22594,Staphylococcus aureus,Positive
1043,dbAMP_16070,Escherichia coli,Positive
1044,dbAMP_04609,Salmonella enterica,Positive
1045,dbAMP_02680,Staphylococcus aureus,Positive
1046,dbAMP_21771,Escherichia coli,Positive
1047,dbAMP_05917,Candida albicans,Positive
1048,dbAMP_05737,Staphylococcus aureus,Positive
1049,dbAMP_22163,Acinetobacter baumannii,Positive
1050,dbAMP_16124,Escherichia coli,Positive
1051,dbAMP_02041,Candida albicans,Positive
1052,20842.0,Escherichia coli,Positive
1053,dbAMP_05294,Staphylococcus aureus,Positive
1054,dbAMP_04016,Bacillus subtilis,Positive
1055,dbAMP_27425,Escherichia coli,Positive
1056,22280.0,Staphylococcus epidermidis,Positive
1057,dbAMP_16241,Pseudomonas aeruginosa,Positive
1058,21537.0,Enterococcus faecium,Positive
1059,dbAMP_01718,Escherichia coli,Positive
1060,dbAMP_22875,Staphylococcus aureus,Positive
1061,dbAMP_21200,Escherichia coli,Positive
1062,dbAMP_14786,Bacillus subtilis,Positive
1063,dbAMP_04331,Staphylococcus epidermidis,Positive
1064,dbAMP_22080,Candida albicans,Positive
1065,dbAMP_27606,Candida albicans,Positive
1066,10380.0,Bacillus subtilis,Positive
1067,dbAMP_14874,Escherichia coli,Positive
1068,dbAMP_18877,Escherichia coli,Positive
1069,dbAMP_33839,Escherichia coli,Positive
1070,dbAMP_03083,Staphylococcus aureus,Positive
1071,dbAMP_10416,Escherichia coli,Positive
1072,dbAMP_25057,Staphylococcus aureus,Positive
1073,dbAMP_03651,Staphylococcus epidermidis,Positive
1074,dbAMP_03436,Candida albicans,Positive
1075,20166.0,Salmonella enterica,Positive
1076,20967.0,Staphylococcus aureus,Positive
1077,dbAMP_21139,Staphylococcus aureus,Positive
1078,dbAMP_05497,Acinetobacter baumannii,Positive
1079,dbAMP_24576,Micrococcus luteus,Positive
1080,20059.0,Escherichia coli,Positive
1081,dbAMP_05193,Cryptococcus neoformans,Positive
1082,17274.0,Bacillus subtilis,Positive
1083,21616.0,Candida albicans,Positive
1084,dbAMP_03765,Listeria monocytogenes,Positive
1085,dbAMP_23282,Staphylococcus epidermidis,Positive
1086,18636.0,Enterococcus faecalis,Positive
1087,dbAMP_19798,Candida albicans,Positive
1088,dbAMP_03838,Escherichia coli,Positive
1089,21924.0,Escherichia coli,Positive
1090,dbAMP_04607,Salmonella enterica,Positive
1091,dbAMP_18516,Escherichia coli,Positive
1092,dbAMP_24917,Candida albicans,Positive
1093,dbAMP_33276,Staphylococcus aureus,Positive
1094,dbAMP_19533,Listeria monocytogenes,Positive
1095,dbAMP_17116,Bacillus subtilis,Positive
1096,dbAMP_19320,Staphylococcus aureus,Positive
1097,dbAMP_19812,Staphylococcus aureus,Positive
1098,dbAMP_20350,Pseudomonas aeruginosa,Positive
1099,dbAMP_20341,Enterococcus faecalis,Positive
1100,21181.0,Salmonella enterica,Positive
1101,20840.0,Candida albicans,Positive
1102,dbAMP_03451,Candida albicans,Positive
1103,21671.0,Escherichia coli,Positive
1104,dbAMP_23967,Staphylococcus aureus,Positive
1105,dbAMP_03075,Staphylococcus aureus,Positive
1106,dbAMP_15807,Candida albicans,Positive
1107,dbAMP_19863,Staphylococcus aureus,Positive
1108,dbAMP_24183,Listeria monocytogenes,Positive
1109,20579.0,Bacillus cereus,Positive
1110,13802.0,Bacillus megaterium,Positive
1111,dbAMP_16424,Staphylococcus aureus,Positive
1112,DRAMP01775,Candida parapsilosis,Positive
1113,22364.0,Staphylococcus aureus,Positive
1114,dbAMP_19777,Staphylococcus aureus,Positive
1115,dbAMP_10498,Bacillus subtilis,Positive
1116,dbAMP_19292,Pseudomonas aeruginosa,Positive
1117,dbAMP_10577,Staphylococcus aureus,Positive
1118,dbAMP_18171,Staphylococcus aureus,Positive
1119,2999.0,Bacillus subtilis,Positive
1120,dbAMP_16387,Salmonella enterica,Positive
1121,21523.0,Escherichia coli,Positive
1122,dbAMP_31445,Staphylococcus aureus,Positive
1123,dbAMP_25279,Escherichia coli,Positive
1124,dbAMP_33115,Staphylococcus aureus,Positive
1125,dbAMP_27474,Pseudomonas aeruginosa,Positive
1126,20856.0,Candida parapsilosis,Positive
1127,dbAMP_16043,Staphylococcus epidermidis,Positive
1128,dbAMP_24164,Escherichia coli,Positive
1129,dbAMP_03450,Staphylococcus aureus,Positive
1130,dbAMP_16735,Staphylococcus aureus,Positive
1131,dbAMP_04603,Staphylococcus aureus,Positive
1132,dbAMP_01766,Staphylococcus aureus,Positive
1133,dbAMP_21431,Escherichia coli,Positive
1134,dbAMP_16064,Listeria monocytogenes,Positive
1135,dbAMP_23949,Staphylococcus epidermidis,Positive
1136,dbAMP_15743,Staphylococcus aureus,Positive
1137,dbAMP_22614,Staphylococcus epidermidis,Positive
1138,dbAMP_23105,Enterobacter cloacae,Positive
1139,19825.0,Enterococcus faecium,Positive
1140,dbAMP_12244,Candida albicans,Positive
1141,19486.0,Enterococcus faecium,Positive
1142,17622.0,Enterococcus faecalis,Positive
1143,dbAMP_19333,Candida albicans,Positive
1144,dbAMP_16404,Escherichia coli,Positive
1145,dbAMP_04359,Salmonella enterica,Positive
1146,dbAMP_24422,Staphylococcus aureus,Positive
1147,dbAMP_17761,Candida albicans,Positive
1148,dbAMP_18548,Escherichia coli,Positive
1149,dbAMP_00419,Pseudomonas aeruginosa,Positive
1150,dbAMP_01501,Staphylococcus aureus,Positive
1151,dbAMP_27226,Escherichia coli,Positive
1152,19579.0,Escherichia coli,Positive
1153,dbAMP_19116,Candida albicans,Positive
1154,dbAMP_22039,Bacillus subtilis,Positive
1155,20504.0,Acinetobacter baumannii,Positive
1156,dbAMP_18370,Salmonella enterica,Positive
1157,20578.0,Pseudomonas aeruginosa,Positive
1158,dbAMP_34108,Escherichia coli,Positive
1159,dbAMP_24165,Staphylococcus aureus,Positive
1160,18696.0,Escherichia coli,Positive
1161,dbAMP_03481,Escherichia coli,Positive
1162,dbAMP_02042,Escherichia coli,Positive
1163,dbAMP_01967,Escherichia coli,Positive
1164,20791.0,Escherichia coli,Positive
1165,dbAMP_15958,Escherichia coli,Positive
1166,dbAMP_25007,Klebsiella pneumoniae,Positive
1167,dbAMP_16033,Escherichia coli,Positive
1168,dbAMP_21974,Enterococcus faecium,Positive
1169,22345.0,Acinetobacter baumannii,Positive
1170,18755.0,Salmonella enterica,Positive
1171,dbAMP_01840,Staphylococcus aureus,Positive
1172,dbAMP_21436,Staphylococcus aureus,Positive
1173,DRAMP03875,Enterococcus faecalis,Positive
1174,dbAMP_33705,Pseudomonas aeruginosa,Positive
1175,dbAMP_18614,Escherichia coli,Positive
1176,dbAMP_18836,Escherichia coli,Positive
1177,dbAMP_24215,Bacillus subtilis,Positive
1178,dbAMP_22175,Pseudomonas aeruginosa,Positive
1179,21671.0,Acinetobacter baumannii,Positive
1180,dbAMP_18049,Salmonella enterica,Positive
1181,19572.0,Escherichia coli,Positive
1182,22378.0,Klebsiella pneumoniae,Positive
1183,18622.0,Micrococcus luteus,Positive
1184,DRAMP04169,Staphylococcus aureus,Positive
1185,19672.0,Staphylococcus aureus,Positive
1186,18690.0,Escherichia coli,Positive
1187,dbAMP_19423,Klebsiella pneumoniae,Positive
1188,dbAMP_19800,Escherichia coli,Positive
1189,dbAMP_03644,Staphylococcus aureus,Positive
1190,dbAMP_16546,Klebsiella pneumoniae,Positive
1191,dbAMP_16278,Bacillus megaterium,Positive
1192,22052.0,Acinetobacter baumannii,Positive
1193,dbAMP_03395,Candida albicans,Positive
1194,dbAMP_25195,Micrococcus luteus,Positive
1195,dbAMP_02333,Escherichia coli,Positive
1196,dbAMP_27349,Staphylococcus aureus,Positive
1197,dbAMP_23987,Staphylococcus aureus,Positive
1198,dbAMP_23071,Staphylococcus epidermidis,Positive
1199,dbAMP_23507,Micrococcus luteus,Positive
1200,dbAMP_17453,Bacillus subtilis,Positive
1201,dbAMP_20928,Acinetobacter baumannii,Positive
1202,dbAMP_17440,Acinetobacter baumannii,Positive
1203,dbAMP_18229,Pseudomonas aeruginosa,Positive
1204,dbAMP_02020,Bacillus subtilis,Positive
1205,dbAMP_16131,Listeria monocytogenes,Positive
1206,dbAMP_15855,Pseudomonas aeruginosa,Positive
1207,dbAMP_21038,Bacillus subtilis,Positive
1208,19857.0,Staphylococcus aureus,Positive
1209,dbAMP_18127,Pseudomonas aeruginosa,Positive
1210,dbAMP_23929,Staphylococcus epidermidis,Positive
1211,dbAMP_25360,Micrococcus luteus,Positive
1212,dbAMP_16040,Escherichia coli,Positive
1213,9130.0,Candida albicans,Positive
1214,dbAMP_33783,Micrococcus luteus,Positive
1215,dbAMP_22482,Pseudomonas aeruginosa,Positive
1216,21830.0,Acinetobacter baumannii,Positive
1217,dbAMP_03078,Escherichia coli,Positive
1218,21181.0,Staphylococcus aureus,Positive
1219,dbAMP_22254,Escherichia coli,Positive
1220,dbAMP_17718,Enterococcus faecium,Positive
1221,dbAMP_22858,Escherichia coli,Positive
1222,20805.0,Staphylococcus aureus,Positive
1223,dbAMP_03628,Candida albicans,Positive
1224,dbAMP_16132,Candida albicans,Positive
1225,dbAMP_02420,Enterococcus faecium,Positive
1226,dbAMP_24279,Escherichia coli,Positive
1227,dbAMP_16509,Pseudomonas aeruginosa,Positive
1228,dbAMP_19128,Escherichia coli,Positive
1229,dbAMP_15878,Pseudomonas aeruginosa,Positive
1230,DRAMP01452,Staphylococcus aureus,Positive
1231,19500.0,Staphylococcus aureus,Positive
1232,dbAMP_03671,Pseudomonas aeruginosa,Positive
1233,dbAMP_22003,Escherichia coli,Positive
1234,dbAMP_03758,Pseudomonas aeruginosa,Positive
1235,17424.0,Acinetobacter baumannii,Positive
1236,dbAMP_23722,Staphylococcus aureus,Positive
1237,dbAMP_19253,Acinetobacter baumannii,Positive
1238,dbAMP_18666,Escherichia coli,Positive
1239,dbAMP_24744,Salmonella enterica,Positive
1240,dbAMP_33254,Candida albicans,Positive
1241,20142.0,Bacillus subtilis,Positive
1242,dbAMP_33269,Candida albicans,Positive
1243,dbAMP_27648,Staphylococcus aureus,Positive
1244,dbAMP_20247,Escherichia coli,Positive
1245,dbAMP_04701,Pseudomonas aeruginosa,Positive
1246,20309.0,Acinetobacter baumannii,Positive
1247,18982.0,Staphylococcus aureus,Positive
1248,dbAMP_02173,Staphylococcus aureus,Positive
1249,dbAMP_03291,Candida albicans,Positive
1250,2854.0,Klebsiella pneumoniae,Positive
1251,dbAMP_11772,Candida albicans,Positive
1252,21278.0,Escherichia coli,Positive
1253,dbAMP_21898,Pseudomonas aeruginosa,Positive
1254,dbAMP_03399,Staphylococcus aureus,Positive
1255,21179.0,Salmonella enterica,Positive
1256,DRAMP02854,Salmonella enterica,Positive
1257,20983.0,Bacillus subtilis,Positive
1258,dbAMP_10609,Escherichia coli,Positive
1259,dbAMP_31634,Bacillus subtilis,Positive
1260,dbAMP_19429,Escherichia coli,Positive
1261,17184.0,Escherichia coli,Positive
1262,dbAMP_32883,Staphylococcus aureus,Positive
1263,dbAMP_19732,Salmonella enterica,Positive
1264,dbAMP_27306,Escherichia coli,Positive
1265,dbAMP_15762,Escherichia coli,Positive
1266,dbAMP_14823,Pseudomonas aeruginosa,Positive
1267,20802.0,Staphylococcus aureus,Positive
1268,dbAMP_10962,Bacillus megaterium,Positive
1269,dbAMP_04304,Pseudomonas aeruginosa,Positive
1270,dbAMP_24427,Candida albicans,Positive
1271,dbAMP_10481,Enterobacter cloacae,Positive
1272,dbAMP_18453,Salmonella enterica,Positive
1273,10295.0,Pseudomonas aeruginosa,Positive
1274,dbAMP_21287,Staphylococcus aureus,Positive
1275,dbAMP_02816,Staphylococcus aureus,Positive
1276,21736.0,Pseudomonas aeruginosa,Positive
1277,dbAMP_05281,Pseudomonas aeruginosa,Positive
1278,dbAMP_16014,Staphylococcus aureus,Positive
1279,dbAMP_18942,Salmonella enterica,Positive
1280,dbAMP_34142,Staphylococcus aureus,Positive
1281,22247.0,Escherichia coli,Positive
1282,dbAMP_21059,Candida albicans,Positive
1283,14868.0,Pseudomonas aeruginosa,Positive
1284,dbAMP_21223,Staphylococcus aureus,Positive
1285,dbAMP_19044,Escherichia coli,Positive
1286,dbAMP_15773,Bacillus cereus,Positive
1287,dbAMP_16504,Klebsiella pneumoniae,Positive
1288,dbAMP_16714,Pseudomonas aeruginosa,Positive
1289,dbAMP_33008,Escherichia coli,Positive
1290,dbAMP_22730,Micrococcus luteus,Positive
1291,dbAMP_19604,Pseudomonas aeruginosa,Positive
1292,dbAMP_16055,Bacillus subtilis,Positive
1293,759.0,Candida albicans,Positive
1294,22267.0,Micrococcus luteus,Positive
1295,dbAMP_03038,Escherichia coli,Positive
1296,dbAMP_20504,Staphylococcus epidermidis,Positive
1297,dbAMP_21731,Escherichia coli,Positive
1298,dbAMP_14726,Bacillus subtilis,Positive
1299,18830.0,Escherichia coli,Positive
1300,DRAMP20942,Staphylococcus aureus,Positive
1301,dbAMP_16246,Bacillus megaterium,Positive
1302,18821.0,Salmonella enterica,Positive
1303,dbAMP_33343,Staphylococcus aureus,Positive
1304,22344.0,Pseudomonas aeruginosa,Positive
1305,dbAMP_04791,Candida parapsilosis,Positive
1306,dbAMP_23131,Pseudomonas aeruginosa,Positive
1307,dbAMP_03325,Staphylococcus aureus,Positive
1308,dbAMP_13954,Pseudomonas aeruginosa,Positive
1309,dbAMP_10580,Salmonella enterica,Positive
1310,dbAMP_24525,Staphylococcus aureus,Positive
1311,18650.0,Staphylococcus aureus,Positive
1312,dbAMP_17574,Listeria monocytogenes,Positive
1313,20079.0,Escherichia coli,Positive
1314,19553.0,Enterococcus faecalis,Positive
1315,dbAMP_21767,Salmonella enterica,Positive
1316,dbAMP_16050,Micrococcus luteus,Positive
1317,dbAMP_04704,Bacillus megaterium,Positive
1318,dbAMP_16904,Klebsiella pneumoniae,Positive
1319,17274.0,Salmonella enterica,Positive
1320,dbAMP_02642,Candida albicans,Positive
1321,dbAMP_18875,Staphylococcus aureus,Positive
1322,22309.0,Escherichia coli,Positive
1323,dbAMP_10653,Staphylococcus aureus,Positive
1324,dbAMP_33096,Bacillus subtilis,Positive
1325,dbAMP_04749,Candida albicans,Positive
1326,dbAMP_17985,Escherichia coli,Positive
1327,dbAMP_19812,Acinetobacter baumannii,Positive
1328,dbAMP_18229,Staphylococcus aureus,Positive
1329,dbAMP_19321,Escherichia coli,Positive
1330,21079.0,Staphylococcus epidermidis,Positive
1331,dbAMP_21200,Staphylococcus aureus,Positive
1332,20184.0,Escherichia coli,Positive
1333,dbAMP_21275,Escherichia coli,Positive
1334,dbAMP_17190,Candida albicans,Positive
1335,dbAMP_24329,Listeria monocytogenes,Positive
1336,dbAMP_23298,Candida albicans,Positive
1337,dbAMP_02140,Staphylococcus aureus,Positive
1338,19358.0,Acinetobacter baumannii,Positive
1339,19909.0,Staphylococcus epidermidis,Positive
1340,dbAMP_18837,Escherichia coli,Positive
1341,17256.0,Pseudomonas aeruginosa,Positive
1342,dbAMP_17985,Salmonella enterica,Positive
1343,dbAMP_17347,Staphylococcus aureus,Positive
1344,20041.0,Bacillus subtilis,Positive
1345,20543.0,Enterococcus faecium,Positive
1346,20250.0,Escherichia coli,Positive
1347,dbAMP_17454,Staphylococcus aureus,Positive
1348,dbAMP_22927,Salmonella enterica,Positive
1349,22160.0,Enterococcus faecalis,Positive
1350,1026.0,Klebsiella pneumoniae,Positive
1351,dbAMP_10846,Salmonella enterica,Positive
1352,20019.0,Escherichia coli,Positive
1353,dbAMP_27110,Enterococcus faecium,Positive
1354,19572.0,Pseudomonas aeruginosa,Positive
1355,dbAMP_17200,Salmonella enterica,Positive
1356,DRAMP03905,Escherichia coli,Positive
1357,dbAMP_24000,Bacillus subtilis,Positive
1358,dbAMP_22621,Escherichia coli,Positive
1359,21166.0,Staphylococcus aureus,Positive
1360,22161.0,Acinetobacter baumannii,Positive
1361,dbAMP_20820,Staphylococcus aureus,Positive
1362,dbAMP_31803,Enterococcus faecium,Positive
1363,dbAMP_19306,Bacillus cereus,Positive
1364,dbAMP_19814,Staphylococcus aureus,Positive
1365,dbAMP_04607,Staphylococcus epidermidis,Positive
1366,dbAMP_16892,Escherichia coli,Positive
1367,dbAMP_20673,Acinetobacter baumannii,Positive
1368,dbAMP_17718,Enterococcus faecalis,Positive
1369,19233.0,Staphylococcus epidermidis,Positive
1370,dbAMP_31648,Salmonella enterica,Positive
1371,21627.0,Pseudomonas aeruginosa,Positive
1372,dbAMP_17992,Pseudomonas aeruginosa,Positive
1373,dbAMP_27427,Pseudomonas aeruginosa,Positive
1374,dbAMP_14888,Staphylococcus aureus,Positive
1375,dbAMP_10403,Escherichia coli,Positive
1376,dbAMP_22892,Acinetobacter baumannii,Positive
1377,dbAMP_34250,Staphylococcus aureus,Positive
1378,dbAMP_23258,Staphylococcus aureus,Positive
1379,dbAMP_17480,Bacillus subtilis,Positive
1380,dbAMP_18056,Candida parapsilosis,Positive
1381,17252.0,Pseudomonas aeruginosa,Positive
1382,dbAMP_23253,Pseudomonas aeruginosa,Positive
1383,dbAMP_34010,Pseudomonas aeruginosa,Positive
1384,18048.0,Salmonella enterica,Positive
1385,dbAMP_24745,Salmonella enterica,Positive
1386,7058.0,Klebsiella pneumoniae,Positive
1387,dbAMP_14908,Escherichia coli,Positive
1388,dbAMP_27541,Micrococcus luteus,Positive
1389,dbAMP_31633,Salmonella enterica,Positive
1390,dbAMP_10247,Salmonella enterica,Positive
1391,dbAMP_32953,Escherichia coli,Positive
1392,dbAMP_18055,Staphylococcus aureus,Positive
1393,7049.0,Staphylococcus aureus,Positive
1394,dbAMP_33306,Staphylococcus aureus,Positive
1395,dbAMP_20410,Staphylococcus aureus,Positive
1396,dbAMP_05271,Pseudomonas aeruginosa,Positive
1397,dbAMP_03525,Staphylococcus aureus,Positive
1398,20184.0,Pseudomonas aeruginosa,Positive
1399,dbAMP_18556,Escherichia coli,Positive
1400,dbAMP_17197,Escherichia coli,Positive
1401,dbAMP_20672,Escherichia coli,Positive
1402,dbAMP_23164,Escherichia coli,Positive
1403,17248.0,Pseudomonas aeruginosa,Positive
1404,dbAMP_27353,Bacillus subtilis,Positive
1405,dbAMP_33104,Escherichia coli,Positive
1406,dbAMP_23236,Escherichia coli,Positive
1407,dbAMP_24916,Escherichia coli,Positive
1408,dbAMP_27455,Acinetobacter baumannii,Positive
1409,DRAMP03877,Enterococcus faecalis,Positive
1410,dbAMP_15872,Staphylococcus epidermidis,Positive
1411,dbAMP_19167,Staphylococcus aureus,Positive
1412,dbAMP_16431,Pseudomonas aeruginosa,Positive
1413,DRAMP03003,Escherichia coli,Positive
1414,20579.0,Bacillus subtilis,Positive
1415,dbAMP_18875,Staphylococcus epidermidis,Positive
1416,dbAMP_22957,Bacillus subtilis,Positive
1417,dbAMP_02644,Candida albicans,Positive
1418,dbAMP_16253,Micrococcus luteus,Positive
1419,dbAMP_10754,Acinetobacter baumannii,Positive
1420,21313.0,Pseudomonas aeruginosa,Positive
1421,dbAMP_16658,Klebsiella pneumoniae,Positive
1422,dbAMP_15898,Enterococcus faecalis,Positive
1423,dbAMP_20469,Bacillus subtilis,Positive
1424,dbAMP_17461,Cryptococcus neoformans,Positive
1425,dbAMP_16727,Staphylococcus aureus,Positive
1426,dbAMP_16248,Bacillus subtilis,Positive
1427,19477.0,Staphylococcus aureus,Positive
1428,10857.0,Enterococcus faecalis,Positive
1429,dbAMP_25378,Staphylococcus aureus,Positive
1430,dbAMP_25015,Escherichia coli,Positive
1431,dbAMP_32275,Escherichia coli,Positive
1432,dbAMP_01988,Escherichia coli,Positive
1433,dbAMP_18179,Pseudomonas aeruginosa,Positive
1434,dbAMP_20672,Enterococcus faecium,Positive
1435,19615.0,Escherichia coli,Positive
1436,dbAMP_16901,Escherichia coli,Positive
1437,dbAMP_19780,Candida albicans,Positive
1438,dbAMP_33592,Escherichia coli,Positive
1439,1361.0,Bacillus subtilis,Positive
1440,dbAMP_20524,Escherichia coli,Positive
1441,dbAMP_16880,Pseudomonas aeruginosa,Positive
1442,dbAMP_05294,Acinetobacter baumannii,Positive
1443,dbAMP_17697,Bacillus subtilis,Positive
1444,dbAMP_34238,Staphylococcus aureus,Positive
1445,8681.0,Klebsiella pneumoniae,Positive
1446,dbAMP_00381,Pseudomonas aeruginosa,Positive
1447,dbAMP_15796,Staphylococcus aureus,Positive
1448,dbAMP_14800,Escherichia coli,Positive
1449,dbAMP_24814,Enterococcus faecalis,Positive
1450,DRAMP01650,Staphylococcus aureus,Positive
1451,dbAMP_19282,Staphylococcus epidermidis,Positive
1452,dbAMP_16766,Staphylococcus epidermidis,Positive
1453,dbAMP_34106,Escherichia coli,Positive
1454,dbAMP_31187,Escherichia coli,Positive
1455,dbAMP_16094,Candida albicans,Positive
1456,dbAMP_34015,Escherichia coli,Positive
1457,dbAMP_31311,Acinetobacter baumannii,Positive
1458,22238.0,Escherichia coli,Positive
1459,dbAMP_02049,Enterococcus faecalis,Positive
1460,dbAMP_14825,Staphylococcus aureus,Positive
1461,dbAMP_02944,Staphylococcus aureus,Positive
1462,22315.0,Enterococcus faecalis,Positive
1463,dbAMP_32477,Bacillus subtilis,Positive
1464,dbAMP_31341,Salmonella enterica,Positive
1465,10380.0,Staphylococcus aureus,Positive
1466,dbAMP_20537,Staphylococcus epidermidis,Positive
1467,2820.0,Candida albicans,Positive
1468,dbAMP_23593,Staphylococcus aureus,Positive
1469,18707.0,Listeria monocytogenes,Positive
1470,dbAMP_22702,Escherichia coli,Positive
1471,dbAMP_16551,Staphylococcus aureus,Positive
1472,dbAMP_22657,Escherichia coli,Positive
1473,dbAMP_15799,Bacillus subtilis,Positive
1474,dbAMP_16253,Escherichia coli,Positive
1475,dbAMP_09775,Bacillus cereus,Positive
1476,dbAMP_24811,Salmonella enterica,Positive
1477,1465.0,Staphylococcus aureus,Positive
1478,19947.0,Pseudomonas aeruginosa,Positive
1479,dbAMP_18671,Pseudomonas aeruginosa,Positive
1480,dbAMP_15790,Bacillus subtilis,Positive
1481,20834.0,Escherichia coli,Positive
1482,dbAMP_10864,Bacillus subtilis,Positive
1483,19124.0,Pseudomonas aeruginosa,Positive
1484,dbAMP_22712,Bacillus subtilis,Positive
1485,dbAMP_03905,Micrococcus luteus,Positive
1486,dbAMP_04250,Pseudomonas aeruginosa,Positive
1487,dbAMP_27637,Acinetobacter baumannii,Positive
1488,dbAMP_23224,Staphylococcus epidermidis,Positive
1489,dbAMP_19257,Pseudomonas aeruginosa,Positive
1490,dbAMP_21901,Pseudomonas aeruginosa,Positive
1491,dbAMP_04360,Candida albicans,Positive
1492,dbAMP_11308,Acinetobacter baumannii,Positive
1493,DRAMP03472,Pseudomonas aeruginosa,Positive
1494,dbAMP_15897,Bacillus cereus,Positive
1495,dbAMP_31709,Cryptococcus neoformans,Positive
1496,20841.0,Candida albicans,Positive
1497,dbAMP_16229,Staphylococcus aureus,Positive
1498,dbAMP_21229,Staphylococcus aureus,Positive
1499,dbAMP_00429,Escherichia coli,Positive
1500,dbAMP_18422,Pseudomonas aeruginosa,Positive
1501,dbAMP_15397,Klebsiella pneumoniae,Positive
1502,19434.0,Salmonella enterica,Positive
1503,dbAMP_19293,Enterobacter cloacae,Positive
1504,dbAMP_23258,Bacillus subtilis,Positive
1505,dbAMP_32462,Bacillus subtilis,Positive
1506,dbAMP_00313,Staphylococcus aureus,Positive
1507,dbAMP_02997,Staphylococcus aureus,Positive
1508,dbAMP_15991,Cryptococcus neoformans,Positive
1509,18583.0,Cryptococcus neoformans,Positive
1510,21844.0,Escherichia coli,Positive
1511,17414.0,Klebsiella pneumoniae,Positive
1512,dbAMP_16156,Staphylococcus epidermidis,Positive
1513,dbAMP_20652,Candida albicans,Positive
1514,20840.0,Staphylococcus epidermidis,Positive
1515,dbAMP_28176,Staphylococcus aureus,Positive
1516,dbAMP_12239,Escherichia coli,Positive
1517,dbAMP_05295,Bacillus megaterium,Positive
1518,dbAMP_27379,Staphylococcus aureus,Positive
1519,20953.0,Acinetobacter baumannii,Positive
1520,dbAMP_10100,Escherichia coli,Positive
1521,19700.0,Bacillus subtilis,Positive
1522,19859.0,Pseudomonas aeruginosa,Positive
1523,22094.0,Listeria monocytogenes,Positive
1524,dbAMP_21289,Staphylococcus aureus,Positive
1525,20348.0,Staphylococcus epidermidis,Positive
1526,dbAMP_18700,Cryptococcus neoformans,Positive
1527,dbAMP_21945,Pseudomonas aeruginosa,Positive
1528,dbAMP_04659,Staphylococcus aureus,Positive
1529,dbAMP_24916,Bacillus subtilis,Positive
1530,dbAMP_28725,Micrococcus luteus,Positive
1531,DRAMP02860,Staphylococcus aureus,Positive
1532,22049.0,Escherichia coli,Positive
1533,19019.0,Pseudomonas aeruginosa,Positive
1534,dbAMP_33033,Acinetobacter baumannii,Positive
1535,19902.0,Pseudomonas aeruginosa,Positive
1536,dbAMP_33031,Pseudomonas aeruginosa,Positive
1537,dbAMP_02129,Bacillus subtilis,Positive
1538,dbAMP_16432,Staphylococcus aureus,Positive
1539,dbAMP_24952,Klebsiella pneumoniae,Positive
1540,dbAMP_04575,Micrococcus luteus,Positive
1541,dbAMP_21235,Staphylococcus aureus,Positive
1542,1361.0,Staphylococcus epidermidis,Positive
1543,dbAMP_14726,Candida albicans,Positive
1544,dbAMP_16904,Escherichia coli,Positive
1545,dbAMP_21831,Staphylococcus aureus,Positive
1546,21620.0,Staphylococcus aureus,Positive
1547,dbAMP_16175,Staphylococcus aureus,Positive
1548,22317.0,Acinetobacter baumannii,Positive
1549,dbAMP_20548,Escherichia coli,Positive
1550,dbAMP_18214,Enterococcus faecium,Positive
1551,dbAMP_20454,Escherichia coli,Positive
1552,dbAMP_27241,Salmonella enterica,Positive
1553,dbAMP_22499,Candida albicans,Positive
1554,dbAMP_21731,Candida albicans,Positive
1555,DRAMP20792,Staphylococcus aureus,Positive
1556,dbAMP_03668,Staphylococcus aureus,Positive
1557,dbAMP_02951,Candida albicans,Positive
1558,DRAMP18487,Escherichia coli,Positive
1559,19201.0,Acinetobacter baumannii,Positive
1560,dbAMP_19361,Escherichia coli,Positive
1561,dbAMP_23456,Pseudomonas aeruginosa,Positive
1562,dbAMP_32950,Staphylococcus aureus,Positive
1563,dbAMP_17225,Staphylococcus aureus,Positive
1564,dbAMP_19549,Escherichia coli,Positive
1565,dbAMP_01916,Pseudomonas aeruginosa,Positive
1566,22279.0,Escherichia coli,Positive
1567,dbAMP_24968,Candida albicans,Positive
1568,dbAMP_02867,Candida albicans,Positive
1569,2869.0,Escherichia coli,Positive
1570,dbAMP_09485,Bacillus megaterium,Positive
1571,dbAMP_03516,Candida albicans,Positive
1572,dbAMP_02394,Staphylococcus aureus,Positive
1573,dbAMP_18805,Escherichia coli,Positive
1574,dbAMP_03451,Salmonella enterica,Positive
1575,dbAMP_06214,Enterococcus faecium,Positive
1576,dbAMP_22026,Staphylococcus aureus,Positive
1577,dbAMP_14800,Staphylococcus aureus,Positive
1578,dbAMP_17365,Candida parapsilosis,Positive
1579,dbAMP_33269,Pseudomonas aeruginosa,Positive
1580,dbAMP_33592,Acinetobacter baumannii,Positive
1581,dbAMP_18827,Staphylococcus aureus,Positive
1582,dbAMP_33032,Staphylococcus epidermidis,Positive
1583,dbAMP_02950,Enterococcus faecalis,Positive
1584,dbAMP_17716,Escherichia coli,Positive
1585,dbAMP_16377,Enterobacter cloacae,Positive
1586,dbAMP_23144,Salmonella enterica,Positive
1587,22315.0,Enterococcus faecium,Positive
1588,dbAMP_17462,Escherichia coli,Positive
1589,dbAMP_03372,Candida albicans,Positive
1590,dbAMP_22400,Listeria monocytogenes,Positive
1591,dbAMP_02797,Escherichia coli,Positive
1592,20292.0,Pseudomonas aeruginosa,Positive
1593,19878.0,Escherichia coli,Positive
1594,904.0,Acinetobacter baumannii,Positive
1595,dbAMP_17807,Micrococcus luteus,Positive
1596,19641.0,Acinetobacter baumannii,Positive
1597,3365.0,Candida albicans,Positive
1598,19896.0,Escherichia coli,Positive
1599,dbAMP_23941,Staphylococcus epidermidis,Positive
1600,dbAMP_19161,Staphylococcus aureus,Positive
1601,21744.0,Bacillus subtilis,Positive
1602,dbAMP_16140,Staphylococcus aureus,Positive
1603,dbAMP_18924,Escherichia coli,Positive
1604,dbAMP_19090,Enterococcus faecalis,Positive
1605,dbAMP_24012,Bacillus subtilis,Positive
1606,340.0,Staphylococcus aureus,Positive
1607,dbAMP_18457,Escherichia coli,Positive
1608,dbAMP_28787,Staphylococcus aureus,Positive
1609,dbAMP_03382,Candida albicans,Positive
1610,dbAMP_18048,Candida parapsilosis,Positive
1611,dbAMP_22189,Escherichia coli,Positive
1612,dbAMP_23941,Candida albicans,Positive
1613,dbAMP_17594,Escherichia coli,Positive
1614,dbAMP_22085,Bacillus subtilis,Positive
1615,dbAMP_19725,Staphylococcus aureus,Positive
1616,dbAMP_27641,Staphylococcus epidermidis,Positive
1617,20646.0,Salmonella enterica,Positive
1618,dbAMP_23992,Bacillus cereus,Positive
1619,20061.0,Pseudomonas aeruginosa,Positive
1620,dbAMP_18153,Escherichia coli,Positive
1621,18811.0,Escherichia coli,Positive
1622,10305.0,Staphylococcus aureus,Positive
1623,dbAMP_05139,Staphylococcus aureus,Positive
1624,dbAMP_21974,Staphylococcus aureus,Positive
1625,dbAMP_20380,Staphylococcus aureus,Positive
1626,dbAMP_02949,Escherichia coli,Positive
1627,dbAMP_11293,Candida albicans,Positive
1628,dbAMP_21895,Pseudomonas aeruginosa,Positive
1629,dbAMP_20385,Escherichia coli,Positive
1630,dbAMP_27151,Candida albicans,Positive
1631,dbAMP_18623,Escherichia coli,Positive
1632,dbAMP_25057,Escherichia coli,Positive
1633,dbAMP_01964,Bacillus megaterium,Positive
1634,dbAMP_22450,Bacillus subtilis,Positive
1635,dbAMP_17122,Escherichia coli,Positive
1636,dbAMP_16903,Pseudomonas aeruginosa,Positive
1637,dbAMP_14920,Escherichia coli,Positive
1638,dbAMP_16506,Enterococcus faecalis,Positive
1639,dbAMP_17435,Candida albicans,Positive
1640,19827.0,Enterococcus faecium,Positive
1641,dbAMP_15954,Cryptococcus neoformans,Positive
1642,dbAMP_17991,Pseudomonas aeruginosa,Positive
1643,19001.0,Pseudomonas aeruginosa,Positive
1644,dbAMP_16039,Escherichia coli,Positive
1645,dbAMP_20490,Staphylococcus aureus,Positive
1646,1465.0,Escherichia coli,Positive
1647,DRAMP03923,Pseudomonas aeruginosa,Positive
1648,dbAMP_19771,Listeria monocytogenes,Positive
1649,dbAMP_18209,Candida albicans,Positive
1650,dbAMP_09813,Listeria monocytogenes,Positive
1651,dbAMP_11308,Bacillus subtilis,Positive
1652,dbAMP_23934,Pseudomonas aeruginosa,Positive
1653,dbAMP_24947,Klebsiella pneumoniae,Positive
1654,dbAMP_24031,Pseudomonas aeruginosa,Positive
1655,dbAMP_02402,Staphylococcus aureus,Positive
1656,dbAMP_05614,Staphylococcus aureus,Positive
1657,20579.0,Staphylococcus aureus,Positive
1658,21531.0,Enterococcus faecium,Positive
1659,dbAMP_15788,Bacillus subtilis,Positive
1660,dbAMP_17807,Klebsiella pneumoniae,Positive
1661,dbAMP_05287,Staphylococcus aureus,Positive
1662,dbAMP_20418,Pseudomonas aeruginosa,Positive
1663,DRAMP03878,Escherichia coli,Positive
1664,14945.0,Candida albicans,Positive
1665,dbAMP_04310,Micrococcus luteus,Positive
1666,dbAMP_23933,Escherichia coli,Positive
1667,21534.0,Pseudomonas aeruginosa,Positive
1668,20966.0,Staphylococcus epidermidis,Positive
1669,dbAMP_22772,Pseudomonas aeruginosa,Positive
1670,dbAMP_19692,Staphylococcus epidermidis,Positive
1671,dbAMP_17635,Micrococcus luteus,Positive
1672,DRAMP01431,Candida albicans,Positive
1673,dbAMP_20773,Staphylococcus aureus,Positive
1674,dbAMP_31205,Escherichia coli,Positive
1675,dbAMP_16365,Candida albicans,Positive
1676,21725.0,Bacillus subtilis,Positive
1677,dbAMP_33313,Staphylococcus aureus,Positive
1678,dbAMP_34589,Bacillus subtilis,Positive
1679,DRAMP02361,Pseudomonas aeruginosa,Positive
1680,dbAMP_18833,Staphylococcus aureus,Positive
1681,dbAMP_34583,Staphylococcus aureus,Positive
1682,dbAMP_27343,Staphylococcus aureus,Positive
1683,764.0,Staphylococcus aureus,Positive
1684,dbAMP_11028,Bacillus subtilis,Positive
1685,dbAMP_17478,Pseudomonas aeruginosa,Positive
1686,dbAMP_05947,Escherichia coli,Positive
1687,dbAMP_00623,Bacillus cereus,Positive
1688,21077.0,Salmonella enterica,Positive
1689,22093.0,Bacillus subtilis,Positive
1690,dbAMP_10187,Enterococcus faecium,Positive
1691,dbAMP_28832,Escherichia coli,Positive
1692,dbAMP_03328,Micrococcus luteus,Positive
1693,19905.0,Escherichia coli,Positive
1694,dbAMP_03459,Staphylococcus aureus,Positive
1695,dbAMP_03317,Staphylococcus aureus,Positive
1696,7084.0,Candida albicans,Positive
1697,dbAMP_02048,Staphylococcus epidermidis,Positive
1698,dbAMP_21041,Escherichia coli,Positive
1699,dbAMP_04673,Pseudomonas aeruginosa,Positive
1700,dbAMP_21219,Enterococcus faecium,Positive
1701,dbAMP_18732,Micrococcus luteus,Positive
1702,dbAMP_17216,Escherichia coli,Positive
1703,dbAMP_21167,Escherichia coli,Positive
1704,dbAMP_21114,Escherichia coli,Positive
1705,20145.0,Bacillus subtilis,Positive
1706,dbAMP_03038,Staphylococcus aureus,Positive
1707,20841.0,Candida parapsilosis,Positive
1708,dbAMP_20294,Bacillus cereus,Positive
1709,dbAMP_20733,Salmonella enterica,Positive
1710,dbAMP_33301,Acinetobacter baumannii,Positive
1711,21166.0,Pseudomonas aeruginosa,Positive
1712,dbAMP_17804,Staphylococcus epidermidis,Positive
1713,dbAMP_20537,Micrococcus luteus,Positive
1714,21537.0,Klebsiella pneumoniae,Positive
1715,dbAMP_22875,Escherichia coli,Positive
1716,dbAMP_31868,Escherichia coli,Positive
1717,dbAMP_27063,Staphylococcus epidermidis,Positive
1718,18754.0,Salmonella enterica,Positive
1719,dbAMP_17477,Acinetobacter baumannii,Positive
1720,10245.0,Pseudomonas aeruginosa,Positive
1721,dbAMP_24676,Staphylococcus aureus,Positive
1722,dbAMP_22629,Pseudomonas aeruginosa,Positive
1723,dbAMP_25195,Pseudomonas aeruginosa,Positive
1724,DRAMP02473,Staphylococcus aureus,Positive
1725,dbAMP_27302,Staphylococcus aureus,Positive
1726,dbAMP_19323,Escherichia coli,Positive
1727,dbAMP_01804,Candida albicans,Positive
1728,dbAMP_20672,Acinetobacter baumannii,Positive
1729,dbAMP_16064,Escherichia coli,Positive
1730,dbAMP_18990,Pseudomonas aeruginosa,Positive
1731,dbAMP_03124,Pseudomonas aeruginosa,Positive
1732,dbAMP_31655,Escherichia coli,Positive
1733,dbAMP_05798,Acinetobacter baumannii,Positive
1734,22375.0,Escherichia coli,Positive
1735,dbAMP_22592,Staphylococcus aureus,Positive
1736,DRAMP03930,Escherichia coli,Positive
1737,dbAMP_05788,Klebsiella pneumoniae,Positive
1738,dbAMP_17497,Escherichia coli,Positive
1739,5368.0,Staphylococcus aureus,Positive
1740,21701.0,Staphylococcus aureus,Positive
1741,dbAMP_05034,Enterococcus faecalis,Positive
1742,dbAMP_25193,Staphylococcus aureus,Positive
1743,21871.0,Acinetobacter baumannii,Positive
1744,dbAMP_18889,Pseudomonas aeruginosa,Positive
1745,dbAMP_21224,Bacillus subtilis,Positive
1746,20166.0,Klebsiella pneumoniae,Positive
1747,dbAMP_19803,Pseudomonas aeruginosa,Positive
1748,dbAMP_14830,Salmonella enterica,Positive
1749,dbAMP_01767,Staphylococcus aureus,Positive
1750,dbAMP_02441,Staphylococcus aureus,Positive
1751,dbAMP_23520,Staphylococcus aureus,Positive
1752,dbAMP_19285,Staphylococcus epidermidis,Positive
1753,dbAMP_24009,Acinetobacter baumannii,Positive
1754,20013.0,Bacillus cereus,Positive
1755,dbAMP_24340,Listeria monocytogenes,Positive
1756,102.0,Acinetobacter baumannii,Positive
1757,dbAMP_02574,Micrococcus luteus,Positive
1758,dbAMP_10598,Escherichia coli,Positive
1759,dbAMP_33139,Pseudomonas aeruginosa,Positive
1760,19992.0,Escherichia coli,Positive
1761,dbAMP_05782,Bacillus cereus,Positive
1762,dbAMP_17450,Acinetobacter baumannii,Positive
1763,dbAMP_16115,Staphylococcus aureus,Positive
1764,dbAMP_16423,Staphylococcus aureus,Positive
1765,dbAMP_14791,Pseudomonas aeruginosa,Positive
1766,dbAMP_01031,Pseudomonas aeruginosa,Positive
1767,dbAMP_23282,Enterococcus faecium,Positive
1768,dbAMP_31861,Escherichia coli,Positive
1769,dbAMP_18594,Escherichia coli,Positive
1770,dbAMP_01941,Staphylococcus epidermidis,Positive
1771,dbAMP_04853,Staphylococcus epidermidis,Positive
1772,dbAMP_04392,Micrococcus luteus,Positive
1773,dbAMP_02554,Micrococcus luteus,Positive
1774,19963.0,Staphylococcus aureus,Positive
1775,19500.0,Enterobacter cloacae,Positive
1776,dbAMP_33241,Staphylococcus aureus,Positive
1777,dbAMP_18740,Candida albicans,Positive
1778,21699.0,Escherichia coli,Positive
1779,dbAMP_01879,Escherichia coli,Positive
1780,dbAMP_15994,Escherichia coli,Positive
1781,8830.0,Escherichia coli,Positive
1782,dbAMP_17462,Acinetobacter baumannii,Positive
1783,dbAMP_10749,Bacillus subtilis,Positive
1784,dbAMP_27418,Staphylococcus aureus,Positive
1785,dbAMP_15923,Candida albicans,Positive
1786,dbAMP_17656,Bacillus subtilis,Positive
1787,dbAMP_34253,Escherichia coli,Positive
1788,dbAMP_22850,Salmonella enterica,Positive
1789,dbAMP_31652,Salmonella enterica,Positive
1790,dbAMP_17438,Escherichia coli,Positive
1791,dbAMP_32313,Klebsiella pneumoniae,Positive
1792,dbAMP_03523,Candida albicans,Positive
1793,dbAMP_16105,Candida albicans,Positive
1794,dbAMP_25025,Candida albicans,Positive
1795,dbAMP_17452,Klebsiella pneumoniae,Positive
1796,19571.0,Enterococcus faecalis,Positive
1797,dbAMP_03236,Staphylococcus aureus,Positive
1798,dbAMP_05973,Escherichia coli,Positive
1799,dbAMP_23757,Escherichia coli,Positive
1800,dbAMP_24814,Staphylococcus aureus,Positive
1801,18785.0,Micrococcus luteus,Positive
1802,dbAMP_23999,Pseudomonas aeruginosa,Positive
1803,dbAMP_27119,Staphylococcus aureus,Positive
1804,dbAMP_15966,Pseudomonas aeruginosa,Positive
1805,19370.0,Staphylococcus aureus,Positive
1806,18366.0,Staphylococcus aureus,Positive
1807,dbAMP_02234,Listeria monocytogenes,Positive
1808,dbAMP_23915,Escherichia coli,Positive
1809,19485.0,Enterococcus faecalis,Positive
1810,21531.0,Acinetobacter baumannii,Positive
1811,dbAMP_15789,Bacillus subtilis,Positive
1812,dbAMP_16716,Staphylococcus aureus,Positive
1813,dbAMP_04075,Bacillus subtilis,Positive
1814,dbAMP_14845,Bacillus subtilis,Positive
1815,dbAMP_18158,Escherichia coli,Positive
1816,dbAMP_25065,Escherichia coli,Positive
1817,dbAMP_00032,Bacillus subtilis,Positive
1818,dbAMP_27586,Bacillus cereus,Positive
1819,19196.0,Staphylococcus aureus,Positive
1820,19352.0,Pseudomonas aeruginosa,Positive
1821,dbAMP_27606,Escherichia coli,Positive
1822,21142.0,Staphylococcus aureus,Positive
1823,20252.0,Listeria monocytogenes,Positive
1824,dbAMP_22175,Acinetobacter baumannii,Positive
1825,2870.0,Salmonella enterica,Positive
1826,dbAMP_14776,Bacillus megaterium,Positive
1827,dbAMP_23593,Bacillus subtilis,Positive
1828,dbAMP_11859,Enterococcus faecalis,Positive
1829,20056.0,Acinetobacter baumannii,Positive
1830,dbAMP_02324,Staphylococcus aureus,Positive
1831,19358.0,Pseudomonas aeruginosa,Positive
1832,dbAMP_14827,Candida albicans,Positive
1833,19701.0,Escherichia coli,Positive
1834,13939.0,Escherichia coli,Positive
1835,dbAMP_16141,Bacillus subtilis,Positive
1836,dbAMP_02419,Staphylococcus aureus,Positive
1837,dbAMP_17208,Escherichia coli,Positive
1838,dbAMP_16178,Staphylococcus aureus,Positive
1839,22347.0,Salmonella enterica,Positive
1840,dbAMP_11028,Escherichia coli,Positive
1841,20539.0,Acinetobacter baumannii,Positive
1842,dbAMP_31803,Candida albicans,Positive
1843,21165.0,Bacillus subtilis,Positive
1844,dbAMP_16211,Escherichia coli,Positive
1845,22364.0,Escherichia coli,Positive
1846,dbAMP_21128,Bacillus cereus,Positive
1847,dbAMP_20364,Pseudomonas aeruginosa,Positive
1848,19962.0,Staphylococcus aureus,Positive
1849,dbAMP_20450,Bacillus subtilis,Positive
1850,dbAMP_12239,Staphylococcus aureus,Positive
1851,9580.0,Escherichia coli,Positive
1852,dbAMP_02021,Escherichia coli,Positive
1853,dbAMP_20776,Staphylococcus epidermidis,Positive
1854,dbAMP_01704,Candida parapsilosis,Positive
1855,dbAMP_23999,Escherichia coli,Positive
1856,dbAMP_28342,Salmonella enterica,Positive
1857,dbAMP_03833,Micrococcus luteus,Positive
1858,15048.0,Staphylococcus aureus,Positive
1859,dbAMP_18800,Escherichia coli,Positive
1860,dbAMP_05026,Escherichia coli,Positive
1861,dbAMP_00473,Pseudomonas aeruginosa,Positive
1862,dbAMP_15872,Staphylococcus aureus,Positive
1863,dbAMP_17797,Pseudomonas aeruginosa,Positive
1864,19243.0,Cryptococcus neoformans,Positive
1865,dbAMP_17504,Pseudomonas aeruginosa,Positive
1866,dbAMP_16432,Bacillus subtilis,Positive
1867,dbAMP_23722,Escherichia coli,Positive
1868,dbAMP_16216,Staphylococcus epidermidis,Positive
1869,4203.0,Staphylococcus epidermidis,Positive
1870,dbAMP_22028,Bacillus subtilis,Positive
1871,21701.0,Klebsiella pneumoniae,Positive
1872,dbAMP_28176,Staphylococcus epidermidis,Positive
1873,dbAMP_14868,Pseudomonas aeruginosa,Positive
1874,dbAMP_22815,Candida albicans,Positive
1875,dbAMP_02051,Escherichia coli,Positive
1876,20070.0,Bacillus subtilis,Positive
1877,dbAMP_17478,Klebsiella pneumoniae,Positive
1878,21256.0,Escherichia coli,Positive
1879,dbAMP_16813,Acinetobacter baumannii,Positive
1880,dbAMP_03335,Staphylococcus epidermidis,Positive
1881,dbAMP_01031,Candida albicans,Positive
1882,dbAMP_21289,Pseudomonas aeruginosa,Positive
1883,4999.0,Bacillus subtilis,Positive
1884,dbAMP_16436,Escherichia coli,Positive
1885,dbAMP_11020,Salmonella enterica,Positive
1886,20632.0,Pseudomonas aeruginosa,Positive
1887,dbAMP_11856,Bacillus subtilis,Positive
1888,dbAMP_33683,Escherichia coli,Positive
1889,dbAMP_10433,Bacillus subtilis,Positive
1890,dbAMP_17122,Staphylococcus aureus,Positive
1891,dbAMP_10341,Cryptococcus neoformans,Positive
1892,dbAMP_15873,Staphylococcus aureus,Positive
1893,dbAMP_17321,Pseudomonas aeruginosa,Positive
1894,dbAMP_19320,Bacillus cereus,Positive
1895,dbAMP_16051,Bacillus subtilis,Positive
1896,20495.0,Escherichia coli,Positive
1897,dbAMP_18100,Listeria monocytogenes,Positive
1898,dbAMP_18827,Pseudomonas aeruginosa,Positive
1899,dbAMP_14785,Bacillus megaterium,Positive
1900,dbAMP_21838,Salmonella enterica,Positive
1901,dbAMP_21189,Pseudomonas aeruginosa,Positive
1902,19673.0,Pseudomonas aeruginosa,Positive
1903,dbAMP_16235,Staphylococcus epidermidis,Positive
1904,dbAMP_14851,Staphylococcus aureus,Positive
1905,691.0,Micrococcus luteus,Positive
1906,21334.0,Staphylococcus aureus,Positive
1907,dbAMP_00214,Escherichia coli,Positive
1908,dbAMP_16162,Enterococcus faecalis,Positive
1909,dbAMP_09743,Pseudomonas aeruginosa,Positive
1910,dbAMP_25166,Escherichia coli,Positive
1911,573.0,Salmonella enterica,Positive
1912,20269.0,Pseudomonas aeruginosa,Positive
1913,dbAMP_34584,Salmonella enterica,Positive
1914,dbAMP_00435,Escherichia coli,Positive
1915,dbAMP_02189,Candida albicans,Positive
1916,dbAMP_17140,Acinetobacter baumannii,Positive
1917,dbAMP_02613,Escherichia coli,Positive
1918,dbAMP_17460,Klebsiella pneumoniae,Positive
1919,dbAMP_03673,Pseudomonas aeruginosa,Positive
1920,dbAMP_14818,Pseudomonas aeruginosa,Positive
1921,dbAMP_25013,Escherichia coli,Positive
1922,21078.0,Staphylococcus aureus,Positive
1923,dbAMP_33307,Pseudomonas aeruginosa,Positive
1924,dbAMP_31181,Escherichia coli,Positive
1925,dbAMP_02904,Bacillus subtilis,Positive
1926,dbAMP_18075,Bacillus subtilis,Positive
1927,dbAMP_23621,Bacillus subtilis,Positive
1928,dbAMP_11527,Escherichia coli,Positive
1929,dbAMP_33109,Staphylococcus epidermidis,Positive
1930,dbAMP_19202,Staphylococcus aureus,Positive
1931,6804.0,Salmonella enterica,Positive
1932,dbAMP_22812,Candida albicans,Positive
1933,dbAMP_27464,Micrococcus luteus,Positive
1934,dbAMP_25403,Staphylococcus epidermidis,Positive
1935,dbAMP_28434,Klebsiella pneumoniae,Positive
1936,dbAMP_33247,Staphylococcus aureus,Positive
1937,20771.0,Salmonella enterica,Positive
1938,dbAMP_20545,Klebsiella pneumoniae,Positive
1939,19634.0,Acinetobacter baumannii,Positive
1940,dbAMP_17112,Staphylococcus aureus,Positive
1941,dbAMP_19595,Staphylococcus aureus,Positive
1942,dbAMP_16006,Escherichia coli,Positive
1943,dbAMP_15772,Escherichia coli,Positive
1944,dbAMP_02173,Salmonella enterica,Positive
1945,DRAMP21084,Candida albicans,Positive
1946,dbAMP_22737,Micrococcus luteus,Positive
1947,dbAMP_03778,Escherichia coli,Positive
1948,dbAMP_06056,Micrococcus luteus,Positive
1949,17510.0,Candida albicans,Positive
1950,197.0,Bacillus subtilis,Positive
1951,19908.0,Escherichia coli,Positive
1952,9245.0,Staphylococcus epidermidis,Positive
1953,dbAMP_16039,Bacillus subtilis,Positive
1954,dbAMP_33254,Bacillus subtilis,Positive
1955,dbAMP_16368,Staphylococcus aureus,Positive
1956,dbAMP_33248,Staphylococcus aureus,Positive
1957,DRAMP01016,Bacillus megaterium,Positive
1958,6470.0,Salmonella enterica,Positive
1959,dbAMP_23543,Escherichia coli,Positive
1960,16988.0,Escherichia coli,Positive
1961,7084.0,Pseudomonas aeruginosa,Positive
1962,dbAMP_24165,Cryptococcus neoformans,Positive
1963,dbAMP_23418,Bacillus subtilis,Positive
1964,dbAMP_20294,Listeria monocytogenes,Positive
1965,dbAMP_10510,Escherichia coli,Positive
1966,dbAMP_01910,Staphylococcus aureus,Positive
1967,dbAMP_18171,Pseudomonas aeruginosa,Positive
1968,21332.0,Pseudomonas aeruginosa,Positive
1969,dbAMP_33958,Pseudomonas aeruginosa,Positive
1970,20184.0,Bacillus subtilis,Positive
1971,dbAMP_16013,Salmonella enterica,Positive
1972,dbAMP_17983,Escherichia coli,Positive
1973,dbAMP_18105,Bacillus subtilis,Positive
1974,dbAMP_23127,Escherichia coli,Positive
1975,dbAMP_14886,Micrococcus luteus,Positive
1976,dbAMP_16005,Staphylococcus epidermidis,Positive
1977,dbAMP_03856,Micrococcus luteus,Positive
1978,dbAMP_24949,Enterococcus faecalis,Positive
1979,dbAMP_19287,Staphylococcus epidermidis,Positive
1980,dbAMP_32061,Bacillus subtilis,Positive
1981,11838.0,Enterococcus faecalis,Positive
1982,5135.0,Salmonella enterica,Positive
1983,dbAMP_16236,Acinetobacter baumannii,Positive
1984,DRAMP02391,Enterobacter cloacae,Positive
1985,dbAMP_21082,Acinetobacter baumannii,Positive
1986,dbAMP_22681,Staphylococcus aureus,Positive
1987,dbAMP_03372,Escherichia coli,Positive
1988,dbAMP_18888,Salmonella enterica,Positive
1989,20208.0,Escherichia coli,Positive
1990,dbAMP_33086,Staphylococcus aureus,Positive
1991,dbAMP_16057,Staphylococcus epidermidis,Positive
1992,dbAMP_19277,Enterococcus faecalis,Positive
1993,18814.0,Salmonella enterica,Positive
1994,dbAMP_27107,Salmonella enterica,Positive
1995,dbAMP_16745,Staphylococcus aureus,Positive
1996,21112.0,Staphylococcus aureus,Positive
1997,dbAMP_19268,Salmonella enterica,Positive
1998,dbAMP_09711,Staphylococcus aureus,Positive
1999,19673.0,Enterobacter cloacae,Positive
2000,dbAMP_27532,Cryptococcus neoformans,Positive
2001,dbAMP_17750,Escherichia coli,Positive
2002,dbAMP_16522,Pseudomonas aeruginosa,Positive
2003,dbAMP_22843,Staphylococcus aureus,Positive
2004,18754.0,Escherichia coli,Positive
2005,dbAMP_20399,Pseudomonas aeruginosa,Positive
2006,dbAMP_24418,Pseudomonas aeruginosa,Positive
2007,dbAMP_03793,Pseudomonas aeruginosa,Positive
2008,dbAMP_18152,Klebsiella pneumoniae,Positive
2009,2020.0,Escherichia coli,Positive
2010,dbAMP_18140,Acinetobacter baumannii,Positive
2011,dbAMP_04605,Staphylococcus epidermidis,Positive
2012,dbAMP_02329,Staphylococcus aureus,Positive
2013,DRAMP18489,Bacillus subtilis,Positive
2014,dbAMP_20546,Candida parapsilosis,Positive
2015,dbAMP_23624,Bacillus subtilis,Positive
2016,dbAMP_03671,Escherichia coli,Positive
2017,dbAMP_21119,Bacillus cereus,Positive
2018,dbAMP_02209,Klebsiella pneumoniae,Positive
2019,dbAMP_16028,Bacillus subtilis,Positive
2020,20963.0,Pseudomonas aeruginosa,Positive
2021,DRAMP03922,Acinetobacter baumannii,Positive
2022,dbAMP_19320,Escherichia coli,Positive
2023,18341.0,Acinetobacter baumannii,Positive
2024,dbAMP_19400,Staphylococcus aureus,Positive
2025,17397.0,Pseudomonas aeruginosa,Positive
2026,dbAMP_23971,Pseudomonas aeruginosa,Positive
2027,dbAMP_34309,Escherichia coli,Positive
2028,dbAMP_33018,Escherichia coli,Positive
2029,dbAMP_31135,Staphylococcus aureus,Positive
2030,18657.0,Bacillus subtilis,Positive
2031,dbAMP_33787,Candida albicans,Positive
2032,4999.0,Salmonella enterica,Positive
2033,dbAMP_16531,Enterobacter cloacae,Positive
2034,dbAMP_17421,Staphylococcus aureus,Positive
2035,dbAMP_03682,Pseudomonas aeruginosa,Positive
2036,dbAMP_04735,Candida albicans,Positive
2037,dbAMP_24145,Escherichia coli,Positive
2038,dbAMP_14898,Klebsiella pneumoniae,Positive
2039,dbAMP_12049,Escherichia coli,Positive
2040,dbAMP_22695,Bacillus subtilis,Positive
2041,dbAMP_19286,Escherichia coli,Positive
2042,dbAMP_31709,Escherichia coli,Positive
2043,dbAMP_19263,Salmonella enterica,Positive
2044,dbAMP_00973,Staphylococcus aureus,Positive
2045,18128.0,Pseudomonas aeruginosa,Positive
2046,dbAMP_15913,Pseudomonas aeruginosa,Positive
2047,7041.0,Pseudomonas aeruginosa,Positive
2048,dbAMP_15827,Escherichia coli,Positive
2049,dbAMP_02669,Escherichia coli,Positive
2050,21788.0,Staphylococcus aureus,Positive
2051,dbAMP_22081,Bacillus subtilis,Positive
2052,21313.0,Staphylococcus aureus,Positive
2053,19702.0,Enterobacter cloacae,Positive
2054,dbAMP_24012,Staphylococcus aureus,Positive
2055,dbAMP_15702,Escherichia coli,Positive
2056,dbAMP_27353,Staphylococcus aureus,Positive
2057,dbAMP_23636,Staphylococcus aureus,Positive
2058,dbAMP_15781,Candida albicans,Positive
2059,dbAMP_20420,Pseudomonas aeruginosa,Positive
2060,dbAMP_16083,Escherichia coli,Positive
2061,dbAMP_02992,Staphylococcus aureus,Positive
2062,dbAMP_19595,Candida albicans,Positive
2063,dbAMP_17474,Bacillus subtilis,Positive
2064,dbAMP_02848,Staphylococcus aureus,Positive
2065,dbAMP_32287,Enterococcus faecalis,Positive
2066,dbAMP_19213,Escherichia coli,Positive
2067,21719.0,Enterococcus faecalis,Positive
2068,dbAMP_21769,Staphylococcus aureus,Positive
2069,19696.0,Escherichia coli,Positive
2070,dbAMP_22694,Bacillus subtilis,Positive
2071,dbAMP_17573,Escherichia coli,Positive
2072,dbAMP_22745,Klebsiella pneumoniae,Positive
2073,dbAMP_27101,Enterococcus faecalis,Positive
2074,dbAMP_18834,Escherichia coli,Positive
2075,dbAMP_23934,Enterococcus faecalis,Positive
2076,dbAMP_17780,Escherichia coli,Positive
2077,dbAMP_21410,Escherichia coli,Positive
2078,20890.0,Staphylococcus aureus,Positive
2079,dbAMP_20429,Staphylococcus aureus,Positive
2080,dbAMP_17442,Escherichia coli,Positive
2081,DRAMP01842,Escherichia coli,Positive
2082,dbAMP_21060,Candida albicans,Positive
2083,dbAMP_31631,Candida albicans,Positive
2084,19370.0,Klebsiella pneumoniae,Positive
2085,dbAMP_23560,Staphylococcus aureus,Positive
2086,10381.0,Staphylococcus epidermidis,Positive
2087,dbAMP_17005,Salmonella enterica,Positive
2088,dbAMP_21461,Klebsiella pneumoniae,Positive
2089,dbAMP_02617,Staphylococcus aureus,Positive
2090,dbAMP_18259,Escherichia coli,Positive
2091,19206.0,Escherichia coli,Positive
2092,dbAMP_22798,Pseudomonas aeruginosa,Positive
2093,18816.0,Salmonella enterica,Positive
2094,19913.0,Acinetobacter baumannii,Positive
2095,dbAMP_19306,Escherichia coli,Positive
2096,DRAMP02331,Candida albicans,Positive
2097,dbAMP_19977,Candida albicans,Positive
2098,DRAMP02331,Klebsiella pneumoniae,Positive
2099,dbAMP_15873,Staphylococcus epidermidis,Positive
2100,dbAMP_22745,Micrococcus luteus,Positive
2101,dbAMP_16280,Bacillus megaterium,Positive
2102,dbAMP_10467,Escherichia coli,Positive
2103,dbAMP_17138,Staphylococcus aureus,Positive
2104,dbAMP_15862,Staphylococcus aureus,Positive
2105,dbAMP_21721,Staphylococcus aureus,Positive
2106,17612.0,Escherichia coli,Positive
2107,dbAMP_21171,Staphylococcus aureus,Positive
2108,dbAMP_17289,Pseudomonas aeruginosa,Positive
2109,dbAMP_33352,Candida albicans,Positive
2110,dbAMP_17480,Klebsiella pneumoniae,Positive
2111,18818.0,Staphylococcus epidermidis,Positive
2112,dbAMP_21808,Escherichia coli,Positive
2113,dbAMP_18790,Pseudomonas aeruginosa,Positive
2114,DRAMP02952,Pseudomonas aeruginosa,Positive
2115,DRAMP02245,Escherichia coli,Positive
2116,dbAMP_09936,Escherichia coli,Positive
2117,dbAMP_23524,Bacillus subtilis,Positive
2118,dbAMP_16007,Pseudomonas aeruginosa,Positive
2119,dbAMP_18828,Pseudomonas aeruginosa,Positive
2120,dbAMP_01690,Escherichia coli,Positive
2121,dbAMP_02522,Escherichia coli,Positive
2122,dbAMP_22018,Escherichia coli,Positive
2123,dbAMP_03753,Staphylococcus aureus,Positive
2124,21536.0,Bacillus subtilis,Positive
2125,dbAMP_18306,Candida albicans,Positive
2126,dbAMP_03528,Candida albicans,Positive
2127,dbAMP_34040,Salmonella enterica,Positive
2128,dbAMP_21117,Candida albicans,Positive
2129,dbAMP_18025,Acinetobacter baumannii,Positive
2130,dbAMP_27656,Acinetobacter baumannii,Positive
2131,dbAMP_33207,Candida albicans,Positive
2132,dbAMP_23523,Bacillus subtilis,Positive
2133,dbAMP_16280,Escherichia coli,Positive
2134,dbAMP_22189,Staphylococcus aureus,Positive
2135,dbAMP_16587,Escherichia coli,Positive
2136,dbAMP_03474,Escherichia coli,Positive
2137,20576.0,Pseudomonas aeruginosa,Positive
2138,dbAMP_25009,Candida parapsilosis,Positive
2139,dbAMP_33109,Acinetobacter baumannii,Positive
2140,dbAMP_33881,Escherichia coli,Positive
2141,dbAMP_31963,Bacillus cereus,Positive
2142,dbAMP_33681,Bacillus subtilis,Positive
2143,dbAMP_34589,Candida albicans,Positive
2144,19612.0,Escherichia coli,Positive
2145,dbAMP_03765,Klebsiella pneumoniae,Positive
2146,dbAMP_33843,Staphylococcus aureus,Positive
2147,dbAMP_17580,Bacillus subtilis,Positive
2148,dbAMP_31636,Pseudomonas aeruginosa,Positive
2149,dbAMP_17108,Escherichia coli,Positive
2150,dbAMP_21977,Pseudomonas aeruginosa,Positive
2151,dbAMP_16494,Staphylococcus epidermidis,Positive
2152,dbAMP_14830,Listeria monocytogenes,Positive
2153,dbAMP_33107,Escherichia coli,Positive
2154,dbAMP_22629,Escherichia coli,Positive
2155,dbAMP_16387,Staphylococcus epidermidis,Positive
2156,dbAMP_21770,Escherichia coli,Positive
2157,dbAMP_19135,Escherichia coli,Positive
2158,dbAMP_23931,Escherichia coli,Positive
2159,dbAMP_31190,Bacillus subtilis,Positive
2160,dbAMP_19028,Acinetobacter baumannii,Positive
2161,dbAMP_22010,Pseudomonas aeruginosa,Positive
2162,dbAMP_14891,Staphylococcus epidermidis,Positive
2163,dbAMP_18155,Acinetobacter baumannii,Positive
2164,dbAMP_18993,Staphylococcus aureus,Positive
2165,dbAMP_18039,Escherichia coli,Positive
2166,dbAMP_17438,Pseudomonas aeruginosa,Positive
2167,dbAMP_18407,Escherichia coli,Positive
2168,dbAMP_22284,Staphylococcus aureus,Positive
2169,dbAMP_19028,Staphylococcus epidermidis,Positive
2170,4493.0,Staphylococcus epidermidis,Positive
2171,dbAMP_02290,Escherichia coli,Positive
2172,dbAMP_02200,Escherichia coli,Positive
2173,dbAMP_25440,Escherichia coli,Positive
2174,dbAMP_01958,Klebsiella pneumoniae,Positive
2175,21866.0,Escherichia coli,Positive
2176,dbAMP_21205,Escherichia coli,Positive
2177,dbAMP_22900,Staphylococcus epidermidis,Positive
2178,dbAMP_16013,Staphylococcus aureus,Positive
2179,dbAMP_15726,Escherichia coli,Positive
2180,dbAMP_00403,Staphylococcus aureus,Positive
2181,dbAMP_24376,Salmonella enterica,Positive
2182,dbAMP_24985,Candida albicans,Positive
2183,dbAMP_33244,Staphylococcus aureus,Positive
2184,dbAMP_21192,Escherichia coli,Positive
2185,dbAMP_02937,Klebsiella pneumoniae,Positive
2186,dbAMP_16182,Escherichia coli,Positive
2187,dbAMP_24644,Bacillus subtilis,Positive
2188,dbAMP_20659,Klebsiella pneumoniae,Positive
2189,dbAMP_21832,Escherichia coli,Positive
2190,20272.0,Escherichia coli,Positive
2191,dbAMP_05488,Escherichia coli,Positive
2192,dbAMP_16731,Pseudomonas aeruginosa,Positive
2193,dbAMP_27346,Micrococcus luteus,Positive
2194,22379.0,Escherichia coli,Positive
2195,dbAMP_20469,Escherichia coli,Positive
2196,22293.0,Escherichia coli,Positive
2197,dbAMP_31894,Micrococcus luteus,Positive
2198,dbAMP_19799,Staphylococcus aureus,Positive
2199,dbAMP_20658,Enterococcus faecium,Positive
2200,dbAMP_17643,Bacillus subtilis,Positive
2201,dbAMP_09734,Enterococcus faecalis,Positive
2202,dbAMP_28794,Enterococcus faecalis,Positive
2203,21981.0,Pseudomonas aeruginosa,Positive
2204,dbAMP_05155,Pseudomonas aeruginosa,Positive
2205,dbAMP_24279,Enterococcus faecium,Positive
2206,dbAMP_18154,Salmonella enterica,Positive
2207,dbAMP_33006,Staphylococcus epidermidis,Positive
2208,dbAMP_27542,Escherichia coli,Positive
2209,DRAMP03278,Staphylococcus aureus,Positive
2210,dbAMP_21704,Escherichia coli,Positive
2211,dbAMP_27116,Pseudomonas aeruginosa,Positive
2212,dbAMP_32553,Pseudomonas aeruginosa,Positive
2213,DRAMP03922,Staphylococcus aureus,Positive
2214,dbAMP_23461,Bacillus subtilis,Positive
2215,dbAMP_31648,Klebsiella pneumoniae,Positive
2216,dbAMP_17442,Pseudomonas aeruginosa,Positive
2217,18331.0,Bacillus subtilis,Positive
2218,20062.0,Staphylococcus aureus,Positive
2219,dbAMP_22837,Candida albicans,Positive
2220,dbAMP_00756,Staphylococcus aureus,Positive
2221,dbAMP_22479,Candida albicans,Positive
2222,19486.0,Bacillus cereus,Positive
2223,dbAMP_02867,Pseudomonas aeruginosa,Positive
2224,dbAMP_20305,Klebsiella pneumoniae,Positive
2225,dbAMP_27638,Klebsiella pneumoniae,Positive
2226,dbAMP_18100,Staphylococcus aureus,Positive
2227,dbAMP_19372,Micrococcus luteus,Positive
2228,dbAMP_18747,Escherichia coli,Positive
2229,dbAMP_16055,Salmonella enterica,Positive
2230,19555.0,Salmonella enterica,Positive
2231,17184.0,Acinetobacter baumannii,Positive
2232,dbAMP_14783,Pseudomonas aeruginosa,Positive
2233,dbAMP_23939,Salmonella enterica,Positive
2234,dbAMP_17980,Staphylococcus epidermidis,Positive
2235,dbAMP_17578,Escherichia coli,Positive
2236,dbAMP_17140,Pseudomonas aeruginosa,Positive
2237,DRAMP01610,Staphylococcus epidermidis,Positive
2238,20820.0,Enterococcus faecalis,Positive
2239,20186.0,Staphylococcus aureus,Positive
2240,dbAMP_27464,Escherichia coli,Positive
2241,dbAMP_17024,Pseudomonas aeruginosa,Positive
2242,dbAMP_21999,Staphylococcus aureus,Positive
2243,dbAMP_19297,Salmonella enterica,Positive
2244,dbAMP_22729,Micrococcus luteus,Positive
2245,dbAMP_11398,Candida albicans,Positive
2246,dbAMP_00600,Micrococcus luteus,Positive
2247,dbAMP_01658,Staphylococcus aureus,Positive
2248,dbAMP_15896,Enterococcus faecalis,Positive
2249,dbAMP_33975,Escherichia coli,Positive
2250,dbAMP_03296,Staphylococcus aureus,Positive
2251,dbAMP_03695,Enterobacter cloacae,Positive
2252,dbAMP_23526,Staphylococcus aureus,Positive
2253,dbAMP_20349,Pseudomonas aeruginosa,Positive
2254,dbAMP_19779,Escherichia coli,Positive
2255,dbAMP_20326,Staphylococcus epidermidis,Positive
2256,dbAMP_23102,Escherichia coli,Positive
2257,dbAMP_18988,Staphylococcus aureus,Positive
2258,dbAMP_16094,Acinetobacter baumannii,Positive
2259,dbAMP_31178,Klebsiella pneumoniae,Positive
2260,5135.0,Staphylococcus epidermidis,Positive
2261,dbAMP_24464,Candida albicans,Positive
2262,dbAMP_15851,Klebsiella pneumoniae,Positive
2263,dbAMP_16129,Enterobacter cloacae,Positive
2264,dbAMP_23999,Staphylococcus aureus,Positive
2265,22106.0,Listeria monocytogenes,Positive
2266,20571.0,Staphylococcus aureus,Positive
2267,dbAMP_20657,Staphylococcus aureus,Positive
2268,dbAMP_04074,Bacillus subtilis,Positive
2269,dbAMP_23991,Candida albicans,Positive
2270,dbAMP_21608,Staphylococcus aureus,Positive
2271,dbAMP_17115,Staphylococcus aureus,Positive
2272,dbAMP_21098,Escherichia coli,Positive
2273,dbAMP_15761,Salmonella enterica,Positive
2274,683.0,Candida albicans,Positive
2275,dbAMP_14794,Escherichia coli,Positive
2276,dbAMP_31862,Escherichia coli,Positive
2277,dbAMP_27429,Staphylococcus aureus,Positive
2278,21672.0,Staphylococcus aureus,Positive
2279,20964.0,Pseudomonas aeruginosa,Positive
2280,dbAMP_02441,Enterococcus faecalis,Positive
2281,dbAMP_15832,Pseudomonas aeruginosa,Positive
2282,dbAMP_15812,Staphylococcus aureus,Positive
2283,dbAMP_27603,Candida albicans,Positive
2284,dbAMP_16022,Pseudomonas aeruginosa,Positive
2285,6470.0,Staphylococcus epidermidis,Positive
2286,dbAMP_11986,Candida albicans,Positive
2287,19637.0,Escherichia coli,Positive
2288,dbAMP_18729,Salmonella enterica,Positive
2289,dbAMP_17669,Bacillus subtilis,Positive
2290,dbAMP_10571,Enterococcus faecalis,Positive
2291,dbAMP_21122,Staphylococcus epidermidis,Positive
2292,DRAMP03075,Escherichia coli,Positive
2293,dbAMP_33075,Bacillus cereus,Positive
2294,dbAMP_16893,Escherichia coli,Positive
2295,dbAMP_20560,Pseudomonas aeruginosa,Positive
2296,21499.0,Staphylococcus aureus,Positive
2297,18824.0,Staphylococcus aureus,Positive
2298,dbAMP_20282,Escherichia coli,Positive
2299,dbAMP_17063,Staphylococcus aureus,Positive
2300,dbAMP_21723,Staphylococcus aureus,Positive
2301,dbAMP_05798,Pseudomonas aeruginosa,Positive
2302,dbAMP_27231,Escherichia coli,Positive
2303,dbAMP_14888,Bacillus subtilis,Positive
2304,dbAMP_18050,Staphylococcus aureus,Positive
2305,dbAMP_04530,Staphylococcus epidermidis,Positive
2306,20293.0,Pseudomonas aeruginosa,Positive
2307,dbAMP_10842,Salmonella enterica,Positive
2308,17407.0,Staphylococcus aureus,Positive
2309,dbAMP_21229,Bacillus subtilis,Positive
2310,dbAMP_25380,Bacillus subtilis,Positive
2311,20083.0,Klebsiella pneumoniae,Positive
2312,18043.0,Bacillus subtilis,Positive
2313,dbAMP_23629,Acinetobacter baumannii,Positive
2314,dbAMP_19222,Acinetobacter baumannii,Positive
2315,dbAMP_16389,Escherichia coli,Positive
2316,dbAMP_23128,Staphylococcus epidermidis,Positive
2317,dbAMP_14886,Bacillus subtilis,Positive
2318,dbAMP_16245,Staphylococcus aureus,Positive
2319,dbAMP_16311,Staphylococcus epidermidis,Positive
2320,dbAMP_23098,Enterococcus faecium,Positive
2321,19489.0,Enterococcus faecalis,Positive
2322,19705.0,Pseudomonas aeruginosa,Positive
2323,dbAMP_03696,Bacillus megaterium,Positive
2324,dbAMP_31695,Staphylococcus aureus,Positive
2325,dbAMP_13954,Enterobacter cloacae,Positive
2326,dbAMP_05530,Candida albicans,Positive
2327,dbAMP_22041,Bacillus subtilis,Positive
2328,dbAMP_15455,Escherichia coli,Positive
2329,dbAMP_18668,Escherichia coli,Positive
2330,dbAMP_18673,Escherichia coli,Positive
2331,dbAMP_15962,Enterobacter cloacae,Positive
2332,dbAMP_27234,Bacillus subtilis,Positive
2333,dbAMP_23923,Enterococcus faecalis,Positive
2334,7074.0,Escherichia coli,Positive
2335,dbAMP_28183,Micrococcus luteus,Positive
2336,dbAMP_23938,Staphylococcus epidermidis,Positive
2337,dbAMP_19109,Acinetobacter baumannii,Positive
2338,dbAMP_16759,Enterococcus faecium,Positive
2339,dbAMP_27094,Bacillus cereus,Positive
2340,dbAMP_14853,Acinetobacter baumannii,Positive
2341,dbAMP_01690,Candida albicans,Positive
2342,21448.0,Staphylococcus aureus,Positive
2343,dbAMP_19296,Enterobacter cloacae,Positive
2344,dbAMP_19034,Escherichia coli,Positive
2345,dbAMP_02078,Escherichia coli,Positive
2346,693.0,Bacillus subtilis,Positive
2347,dbAMP_04602,Pseudomonas aeruginosa,Positive
2348,dbAMP_14879,Staphylococcus aureus,Positive
2349,dbAMP_14867,Pseudomonas aeruginosa,Positive
2350,dbAMP_17475,Escherichia coli,Positive
2351,20840.0,Candida parapsilosis,Positive
2352,20503.0,Escherichia coli,Positive
2353,dbAMP_16264,Escherichia coli,Positive
2354,20504.0,Staphylococcus aureus,Positive
2355,20629.0,Salmonella enterica,Positive
2356,19903.0,Escherichia coli,Positive
2357,dbAMP_31655,Pseudomonas aeruginosa,Positive
2358,dbAMP_22702,Staphylococcus aureus,Positive
2359,dbAMP_02165,Escherichia coli,Positive
2360,5349.0,Staphylococcus aureus,Positive
2361,17802.0,Pseudomonas aeruginosa,Positive
2362,dbAMP_04604,Bacillus subtilis,Positive
2363,DRAMP02397,Staphylococcus aureus,Positive
2364,dbAMP_18232,Staphylococcus epidermidis,Positive
2365,dbAMP_15774,Micrococcus luteus,Positive
2366,22345.0,Klebsiella pneumoniae,Positive
2367,dbAMP_02679,Staphylococcus aureus,Positive
2368,dbAMP_23937,Enterococcus faecalis,Positive
2369,dbAMP_22797,Bacillus subtilis,Positive
2370,dbAMP_19167,Bacillus subtilis,Positive
2371,dbAMP_24000,Pseudomonas aeruginosa,Positive
2372,dbAMP_17586,Pseudomonas aeruginosa,Positive
2373,dbAMP_00388,Escherichia coli,Positive
2374,dbAMP_04305,Escherichia coli,Positive
2375,dbAMP_20475,Klebsiella pneumoniae,Positive
2376,dbAMP_23898,Candida albicans,Positive
2377,21648.0,Escherichia coli,Positive
2378,dbAMP_23998,Staphylococcus aureus,Positive
2379,dbAMP_19242,Salmonella enterica,Positive
2380,dbAMP_31180,Staphylococcus aureus,Positive
2381,dbAMP_16430,Pseudomonas aeruginosa,Positive
2382,dbAMP_04582,Micrococcus luteus,Positive
2383,dbAMP_23615,Escherichia coli,Positive
2384,17603.0,Staphylococcus aureus,Positive
2385,dbAMP_14791,Bacillus megaterium,Positive
2386,22241.0,Escherichia coli,Positive
2387,dbAMP_01794,Escherichia coli,Positive
2388,dbAMP_18219,Pseudomonas aeruginosa,Positive
2389,dbAMP_28617,Micrococcus luteus,Positive
2390,dbAMP_33140,Staphylococcus aureus,Positive
2391,dbAMP_17221,Escherichia coli,Positive
2392,21858.0,Escherichia coli,Positive
2393,dbAMP_16248,Staphylococcus aureus,Positive
2394,dbAMP_33017,Escherichia coli,Positive
2395,dbAMP_34130,Staphylococcus aureus,Positive
2396,dbAMP_17158,Escherichia coli,Positive
2397,dbAMP_28831,Pseudomonas aeruginosa,Positive
2398,dbAMP_17122,Bacillus subtilis,Positive
2399,20059.0,Klebsiella pneumoniae,Positive
2400,dbAMP_21894,Staphylococcus aureus,Positive
2401,dbAMP_02590,Enterococcus faecalis,Positive
2402,21318.0,Pseudomonas aeruginosa,Positive
2403,20610.0,Pseudomonas aeruginosa,Positive
2404,dbAMP_25443,Enterococcus faecalis,Positive
2405,dbAMP_14814,Staphylococcus aureus,Positive
2406,dbAMP_16269,Pseudomonas aeruginosa,Positive
2407,dbAMP_03628,Staphylococcus aureus,Positive
2408,dbAMP_23890,Staphylococcus aureus,Positive
2409,18658.0,Staphylococcus aureus,Positive
2410,dbAMP_16156,Staphylococcus aureus,Positive
2411,dbAMP_33783,Klebsiella pneumoniae,Positive
2412,dbAMP_01840,Pseudomonas aeruginosa,Positive
2413,dbAMP_18970,Candida albicans,Positive
2414,12113.0,Escherichia coli,Positive
2415,dbAMP_16634,Candida albicans,Positive
2416,dbAMP_18430,Escherichia coli,Positive
2417,19635.0,Escherichia coli,Positive
2418,dbAMP_22042,Bacillus subtilis,Positive
2419,dbAMP_19780,Pseudomonas aeruginosa,Positive
2420,dbAMP_27110,Escherichia coli,Positive
2421,dbAMP_18942,Escherichia coli,Positive
2422,dbAMP_33075,Salmonella enterica,Positive
2423,17509.0,Klebsiella pneumoniae,Positive
2424,dbAMP_20253,Staphylococcus aureus,Positive
2425,dbAMP_03963,Micrococcus luteus,Positive
2426,dbAMP_03794,Enterobacter cloacae,Positive
2427,dbAMP_18209,Escherichia coli,Positive
2428,dbAMP_22069,Staphylococcus aureus,Positive
2429,dbAMP_15831,Pseudomonas aeruginosa,Positive
2430,dbAMP_03218,Candida albicans,Positive
2431,dbAMP_09743,Enterococcus faecium,Positive
2432,dbAMP_01910,Escherichia coli,Positive
2433,dbAMP_03442,Escherichia coli,Positive
2434,12461.0,Staphylococcus aureus,Positive
2435,DRAMP02965,Cryptococcus neoformans,Positive
2436,dbAMP_04339,Pseudomonas aeruginosa,Positive
2437,dbAMP_24416,Micrococcus luteus,Positive
2438,19946.0,Escherichia coli,Positive
2439,dbAMP_16278,Staphylococcus epidermidis,Positive
2440,dbAMP_33302,Staphylococcus aureus,Positive
2441,dbAMP_31969,Bacillus cereus,Positive
2442,dbAMP_20501,Staphylococcus epidermidis,Positive
2443,dbAMP_16742,Candida albicans,Positive
2444,19706.0,Enterobacter cloacae,Positive
2445,20275.0,Enterococcus faecium,Positive
2446,DRAMP03090,Pseudomonas aeruginosa,Positive
2447,dbAMP_31342,Candida albicans,Positive
2448,20501.0,Staphylococcus aureus,Positive
2449,dbAMP_22638,Staphylococcus epidermidis,Positive
2450,21983.0,Bacillus subtilis,Positive
2451,dbAMP_10834,Staphylococcus epidermidis,Positive
2452,dbAMP_27094,Pseudomonas aeruginosa,Positive
2453,17449.0,Staphylococcus aureus,Positive
2454,dbAMP_33025,Acinetobacter baumannii,Positive
2455,dbAMP_23037,Staphylococcus aureus,Positive
2456,dbAMP_23259,Bacillus subtilis,Positive
2457,dbAMP_10397,Escherichia coli,Positive
2458,dbAMP_21233,Acinetobacter baumannii,Positive
2459,2162.0,Bacillus subtilis,Positive
2460,dbAMP_24822,Candida albicans,Positive
2461,22325.0,Staphylococcus epidermidis,Positive
2462,dbAMP_18522,Acinetobacter baumannii,Positive
2463,dbAMP_17032,Pseudomonas aeruginosa,Positive
2464,dbAMP_33592,Salmonella enterica,Positive
2465,18367.0,Salmonella enterica,Positive
2466,dbAMP_33079,Pseudomonas aeruginosa,Positive
2467,dbAMP_31637,Pseudomonas aeruginosa,Positive
2468,dbAMP_03604,Candida albicans,Positive
2469,dbAMP_31646,Salmonella enterica,Positive
2470,dbAMP_23757,Staphylococcus aureus,Positive
2471,dbAMP_25115,Staphylococcus epidermidis,Positive
2472,dbAMP_19834,Salmonella enterica,Positive
2473,20345.0,Staphylococcus aureus,Positive
2474,dbAMP_21171,Listeria monocytogenes,Positive
2475,DRAMP03405,Pseudomonas aeruginosa,Positive
2476,dbAMP_01625,Escherichia coli,Positive
2477,dbAMP_16545,Escherichia coli,Positive
2478,dbAMP_17983,Staphylococcus aureus,Positive
2479,20171.0,Bacillus subtilis,Positive
2480,dbAMP_33682,Pseudomonas aeruginosa,Positive
2481,DRAMP02473,Pseudomonas aeruginosa,Positive
2482,dbAMP_16168,Pseudomonas aeruginosa,Positive
2483,dbAMP_18218,Bacillus cereus,Positive
2484,dbAMP_27425,Salmonella enterica,Positive
2485,dbAMP_16056,Escherichia coli,Positive
2486,DRAMP03908,Escherichia coli,Positive
2487,dbAMP_33016,Pseudomonas aeruginosa,Positive
2488,dbAMP_31690,Staphylococcus epidermidis,Positive
2489,dbAMP_23135,Cryptococcus neoformans,Positive
2490,dbAMP_16564,Escherichia coli,Positive
2491,dbAMP_23099,Salmonella enterica,Positive
2492,20544.0,Listeria monocytogenes,Positive
2493,dbAMP_16236,Salmonella enterica,Positive
2494,dbAMP_22682,Pseudomonas aeruginosa,Positive
2495,dbAMP_21293,Escherichia coli,Positive
2496,17389.0,Klebsiella pneumoniae,Positive
2497,dbAMP_27305,Escherichia coli,Positive
2498,2020.0,Acinetobacter baumannii,Positive
2499,dbAMP_22895,Escherichia coli,Positive
2500,22218.0,Staphylococcus aureus,Positive
2501,dbAMP_25010,Candida parapsilosis,Positive
2502,DRAMP03924,Bacillus megaterium,Positive
2503,dbAMP_18526,Salmonella enterica,Positive
2504,dbAMP_14885,Escherichia coli,Positive
2505,21534.0,Bacillus subtilis,Positive
2506,dbAMP_03851,Klebsiella pneumoniae,Positive
2507,dbAMP_23418,Staphylococcus aureus,Positive
2508,dbAMP_31816,Staphylococcus aureus,Positive
2509,dbAMP_15969,Escherichia coli,Positive
2510,dbAMP_05868,Staphylococcus aureus,Positive
2511,dbAMP_27659,Escherichia coli,Positive
2512,dbAMP_16728,Pseudomonas aeruginosa,Positive
2513,dbAMP_03436,Staphylococcus aureus,Positive
2514,dbAMP_03458,Candida albicans,Positive
2515,dbAMP_15861,Bacillus subtilis,Positive
2516,dbAMP_33269,Staphylococcus aureus,Positive
2517,dbAMP_27306,Acinetobacter baumannii,Positive
2518,dbAMP_17538,Staphylococcus epidermidis,Positive
2519,18637.0,Pseudomonas aeruginosa,Positive
2520,dbAMP_27087,Staphylococcus epidermidis,Positive
2521,dbAMP_34043,Escherichia coli,Positive
2522,dbAMP_04472,Staphylococcus aureus,Positive
2523,dbAMP_20449,Bacillus subtilis,Positive
2524,dbAMP_15890,Pseudomonas aeruginosa,Positive
2525,20056.0,Staphylococcus epidermidis,Positive
2526,dbAMP_02533,Enterococcus faecalis,Positive
2527,dbAMP_19260,Enterococcus faecalis,Positive
2528,18130.0,Staphylococcus aureus,Positive
2529,3343.0,Acinetobacter baumannii,Positive
2530,dbAMP_22163,Pseudomonas aeruginosa,Positive
2531,dbAMP_31332,Bacillus cereus,Positive
2532,dbAMP_04227,Bacillus cereus,Positive
2533,20826.0,Listeria monocytogenes,Positive
2534,dbAMP_33016,Escherichia coli,Positive
2535,20057.0,Bacillus subtilis,Positive
2536,dbAMP_17569,Escherichia coli,Positive
2537,dbAMP_16064,Pseudomonas aeruginosa,Positive
2538,dbAMP_23638,Escherichia coli,Positive
2539,dbAMP_05160,Pseudomonas aeruginosa,Positive
2540,dbAMP_19033,Bacillus subtilis,Positive
2541,dbAMP_23943,Enterococcus faecalis,Positive
2542,dbAMP_02062,Enterococcus faecium,Positive
2543,dbAMP_21543,Escherichia coli,Positive
2544,dbAMP_04076,Bacillus subtilis,Positive
2545,dbAMP_23917,Escherichia coli,Positive
2546,19120.0,Candida albicans,Positive
2547,20166.0,Enterobacter cloacae,Positive
2548,20381.0,Escherichia coli,Positive
2549,dbAMP_17342,Staphylococcus aureus,Positive
2550,dbAMP_20537,Enterococcus faecium,Positive
2551,dbAMP_03351,Bacillus megaterium,Positive
2552,19896.0,Acinetobacter baumannii,Positive
2553,dbAMP_18100,Escherichia coli,Positive
2554,20347.0,Staphylococcus epidermidis,Positive
2555,dbAMP_14825,Salmonella enterica,Positive
2556,dbAMP_24757,Listeria monocytogenes,Positive
2557,dbAMP_04606,Staphylococcus epidermidis,Positive
2558,dbAMP_03242,Micrococcus luteus,Positive
2559,dbAMP_16172,Escherichia coli,Positive
2560,dbAMP_23968,Enterococcus faecium,Positive
2561,536.0,Pseudomonas aeruginosa,Positive
2562,536.0,Bacillus subtilis,Positive
2563,dbAMP_23682,Bacillus subtilis,Positive
2564,20502.0,Bacillus subtilis,Positive
2565,DRAMP20787,Micrococcus luteus,Positive
2566,22087.0,Staphylococcus aureus,Positive
2567,dbAMP_24046,Bacillus subtilis,Positive
2568,17427.0,Acinetobacter baumannii,Positive
2569,18047.0,Bacillus subtilis,Positive
2570,dbAMP_14835,Enterococcus faecalis,Positive
2571,dbAMP_22690,Bacillus subtilis,Positive
2572,dbAMP_33347,Staphylococcus aureus,Positive
2573,dbAMP_05477,Klebsiella pneumoniae,Positive
2574,dbAMP_10614,Candida albicans,Positive
2575,dbAMP_15878,Klebsiella pneumoniae,Positive
2576,dbAMP_31773,Cryptococcus neoformans,Positive
2577,7058.0,Staphylococcus aureus,Positive
2578,19942.0,Staphylococcus epidermidis,Positive
2579,dbAMP_21853,Pseudomonas aeruginosa,Positive
2580,dbAMP_15963,Pseudomonas aeruginosa,Positive
2581,dbAMP_22946,Bacillus subtilis,Positive
2582,dbAMP_05192,Escherichia coli,Positive
2583,dbAMP_21301,Escherichia coli,Positive
2584,dbAMP_16523,Pseudomonas aeruginosa,Positive
2585,dbAMP_33113,Staphylococcus aureus,Positive
2586,dbAMP_24032,Escherichia coli,Positive
2587,dbAMP_23991,Staphylococcus aureus,Positive
2588,dbAMP_18085,Bacillus megaterium,Positive
2589,dbAMP_05400,Pseudomonas aeruginosa,Positive
2590,dbAMP_22790,Staphylococcus epidermidis,Positive
2591,dbAMP_23100,Pseudomonas aeruginosa,Positive
2592,7141.0,Bacillus cereus,Positive
2593,dbAMP_03861,Pseudomonas aeruginosa,Positive
2594,dbAMP_02073,Staphylococcus aureus,Positive
2595,dbAMP_03049,Enterobacter cloacae,Positive
2596,20159.0,Klebsiella pneumoniae,Positive
2597,DRAMP02473,Bacillus subtilis,Positive
2598,dbAMP_33079,Candida albicans,Positive
2599,dbAMP_31182,Enterococcus faecium,Positive
2600,8921.0,Escherichia coli,Positive
2601,19514.0,Escherichia coli,Positive
2602,7386.0,Klebsiella pneumoniae,Positive
2603,2854.0,Acinetobacter baumannii,Positive
2604,dbAMP_20281,Pseudomonas aeruginosa,Positive
2605,19683.0,Escherichia coli,Positive
2606,dbAMP_23831,Staphylococcus aureus,Positive
2607,dbAMP_18872,Pseudomonas aeruginosa,Positive
2608,dbAMP_32946,Bacillus subtilis,Positive
2609,dbAMP_19441,Escherichia coli,Positive
2610,dbAMP_14845,Staphylococcus epidermidis,Positive
2611,dbAMP_02370,Staphylococcus aureus,Positive
2612,dbAMP_31805,Candida albicans,Positive
2613,dbAMP_22138,Escherichia coli,Positive
2614,dbAMP_05478,Candida albicans,Positive
2615,dbAMP_18992,Escherichia coli,Positive
2616,dbAMP_16903,Enterococcus faecalis,Positive
2617,dbAMP_02162,Staphylococcus aureus,Positive
2618,dbAMP_32473,Bacillus subtilis,Positive
2619,dbAMP_28740,Pseudomonas aeruginosa,Positive
2620,17470.0,Acinetobacter baumannii,Positive
2621,dbAMP_00046,Candida albicans,Positive
2622,5243.0,Salmonella enterica,Positive
2623,340.0,Enterococcus faecalis,Positive
2624,dbAMP_25422,Escherichia coli,Positive
2625,dbAMP_06086,Staphylococcus aureus,Positive
2626,dbAMP_04958,Micrococcus luteus,Positive
2627,dbAMP_19531,Escherichia coli,Positive
2628,dbAMP_16305,Bacillus subtilis,Positive
2629,dbAMP_19217,Escherichia coli,Positive
2630,dbAMP_16053,Staphylococcus epidermidis,Positive
2631,dbAMP_20659,Enterococcus faecium,Positive
2632,4966.0,Staphylococcus aureus,Positive
2633,dbAMP_20865,Salmonella enterica,Positive
2634,dbAMP_16787,Staphylococcus aureus,Positive
2635,dbAMP_04582,Escherichia coli,Positive
2636,dbAMP_16760,Escherichia coli,Positive
2637,dbAMP_21406,Escherichia coli,Positive
2638,17525.0,Staphylococcus aureus,Positive
2639,dbAMP_14899,Staphylococcus aureus,Positive
2640,5349.0,Staphylococcus epidermidis,Positive
2641,dbAMP_16437,Salmonella enterica,Positive
2642,dbAMP_27662,Acinetobacter baumannii,Positive
2643,18084.0,Escherichia coli,Positive
2644,19698.0,Escherichia coli,Positive
2645,dbAMP_18528,Escherichia coli,Positive
2646,17514.0,Pseudomonas aeruginosa,Positive
2647,dbAMP_19167,Pseudomonas aeruginosa,Positive
2648,dbAMP_21107,Klebsiella pneumoniae,Positive
2649,20889.0,Listeria monocytogenes,Positive
2650,dbAMP_23887,Escherichia coli,Positive
2651,dbAMP_17577,Pseudomonas aeruginosa,Positive
2652,dbAMP_18097,Staphylococcus epidermidis,Positive
2653,22102.0,Listeria monocytogenes,Positive
2654,dbAMP_18142,Acinetobacter baumannii,Positive
2655,19672.0,Enterobacter cloacae,Positive
2656,dbAMP_19303,Enterococcus faecalis,Positive
2657,dbAMP_23366,Escherichia coli,Positive
2658,dbAMP_19097,Bacillus subtilis,Positive
2659,dbAMP_00214,Enterococcus faecium,Positive
2660,DRAMP01097,Pseudomonas aeruginosa,Positive
2661,dbAMP_25343,Escherichia coli,Positive
2662,dbAMP_22651,Escherichia coli,Positive
2663,dbAMP_22399,Escherichia coli,Positive
2664,dbAMP_24144,Escherichia coli,Positive
2665,DRAMP02412,Escherichia coli,Positive
2666,dbAMP_11985,Escherichia coli,Positive
2667,dbAMP_19809,Salmonella enterica,Positive
2668,dbAMP_10500,Escherichia coli,Positive
2669,dbAMP_33598,Candida parapsilosis,Positive
2670,19996.0,Staphylococcus aureus,Positive
2671,20840.0,Salmonella enterica,Positive
2672,21736.0,Candida albicans,Positive
2673,dbAMP_22565,Staphylococcus epidermidis,Positive
2674,dbAMP_10836,Listeria monocytogenes,Positive
2675,dbAMP_17526,Escherichia coli,Positive
2676,dbAMP_10838,Micrococcus luteus,Positive
2677,dbAMP_33079,Klebsiella pneumoniae,Positive
2678,dbAMP_23720,Bacillus megaterium,Positive
2679,dbAMP_18677,Escherichia coli,Positive
2680,dbAMP_22079,Pseudomonas aeruginosa,Positive
2681,19514.0,Klebsiella pneumoniae,Positive
2682,dbAMP_18899,Bacillus subtilis,Positive
2683,dbAMP_10341,Escherichia coli,Positive
2684,dbAMP_16156,Bacillus subtilis,Positive
2685,dbAMP_05478,Enterococcus faecalis,Positive
2686,19702.0,Bacillus subtilis,Positive
2687,dbAMP_04076,Escherichia coli,Positive
2688,dbAMP_05874,Staphylococcus aureus,Positive
2689,20826.0,Pseudomonas aeruginosa,Positive
2690,dbAMP_23919,Candida albicans,Positive
2691,dbAMP_24000,Acinetobacter baumannii,Positive
2692,dbAMP_23691,Listeria monocytogenes,Positive
2693,dbAMP_02641,Escherichia coli,Positive
2694,dbAMP_16120,Listeria monocytogenes,Positive
2695,22321.0,Staphylococcus epidermidis,Positive
2696,dbAMP_20771,Enterococcus faecalis,Positive
2697,dbAMP_16759,Staphylococcus aureus,Positive
2698,dbAMP_03651,Micrococcus luteus,Positive
2699,dbAMP_27107,Pseudomonas aeruginosa,Positive
2700,dbAMP_27091,Listeria monocytogenes,Positive
2701,dbAMP_16236,Escherichia coli,Positive
2702,dbAMP_00407,Staphylococcus epidermidis,Positive
2703,dbAMP_16023,Escherichia coli,Positive
2704,21627.0,Escherichia coli,Positive
2705,dbAMP_18150,Acinetobacter baumannii,Positive
2706,dbAMP_21082,Salmonella enterica,Positive
2707,dbAMP_03851,Salmonella enterica,Positive
2708,dbAMP_16038,Escherichia coli,Positive
2709,dbAMP_20120,Escherichia coli,Positive
2710,dbAMP_28785,Staphylococcus aureus,Positive
2711,dbAMP_21541,Staphylococcus aureus,Positive
2712,dbAMP_19373,Salmonella enterica,Positive
2713,7041.0,Salmonella enterica,Positive
2714,dbAMP_14830,Escherichia coli,Positive
2715,18789.0,Cryptococcus neoformans,Positive
2716,dbAMP_21082,Klebsiella pneumoniae,Positive
2717,dbAMP_19814,Acinetobacter baumannii,Positive
2718,dbAMP_14704,Escherichia coli,Positive
2719,dbAMP_05477,Candida parapsilosis,Positive
2720,dbAMP_24306,Staphylococcus aureus,Positive
2721,3807.0,Listeria monocytogenes,Positive
2722,dbAMP_04477,Escherichia coli,Positive
2723,dbAMP_19128,Pseudomonas aeruginosa,Positive
2724,dbAMP_17435,Escherichia coli,Positive
2725,dbAMP_19294,Micrococcus luteus,Positive
2726,dbAMP_15989,Escherichia coli,Positive
2727,dbAMP_06085,Klebsiella pneumoniae,Positive
2728,1026.0,Bacillus megaterium,Positive
2729,dbAMP_17498,Pseudomonas aeruginosa,Positive
2730,dbAMP_22428,Salmonella enterica,Positive
2731,dbAMP_19431,Staphylococcus aureus,Positive
2732,dbAMP_05204,Pseudomonas aeruginosa,Positive
2733,dbAMP_27500,Candida albicans,Positive
2734,dbAMP_22424,Escherichia coli,Positive
2735,dbAMP_33786,Escherichia coli,Positive
2736,dbAMP_19236,Bacillus megaterium,Positive
2737,dbAMP_18790,Bacillus subtilis,Positive
2738,dbAMP_32997,Bacillus subtilis,Positive
2739,17454.0,Pseudomonas aeruginosa,Positive
2740,dbAMP_22472,Staphylococcus aureus,Positive
2741,dbAMP_12051,Escherichia coli,Positive
2742,dbAMP_25211,Escherichia coli,Positive
2743,19555.0,Escherichia coli,Positive
2744,dbAMP_23958,Staphylococcus aureus,Positive
2745,dbAMP_33593,Acinetobacter baumannii,Positive
2746,dbAMP_03079,Pseudomonas aeruginosa,Positive
2747,dbAMP_04719,Pseudomonas aeruginosa,Positive
2748,dbAMP_17497,Listeria monocytogenes,Positive
2749,dbAMP_23112,Candida albicans,Positive
2750,dbAMP_04450,Escherichia coli,Positive
2751,dbAMP_03444,Escherichia coli,Positive
2752,20772.0,Klebsiella pneumoniae,Positive
2753,dbAMP_32940,Staphylococcus aureus,Positive
2754,dbAMP_24520,Staphylococcus aureus,Positive
2755,dbAMP_17220,Staphylococcus aureus,Positive
2756,DRAMP03877,Escherichia coli,Positive
2757,dbAMP_02996,Escherichia coli,Positive
2758,dbAMP_18785,Staphylococcus epidermidis,Positive
2759,17350.0,Escherichia coli,Positive
2760,dbAMP_23727,Pseudomonas aeruginosa,Positive
2761,19110.0,Candida albicans,Positive
2762,dbAMP_00419,Escherichia coli,Positive
2763,18510.0,Salmonella enterica,Positive
2764,dbAMP_03613,Enterococcus faecalis,Positive
2765,17218.0,Escherichia coli,Positive
2766,dbAMP_23261,Staphylococcus aureus,Positive
2767,dbAMP_03706,Escherichia coli,Positive
2768,21983.0,Pseudomonas aeruginosa,Positive
2769,dbAMP_28833,Pseudomonas aeruginosa,Positive
2770,DRAMP04665,Escherichia coli,Positive
2771,22105.0,Staphylococcus aureus,Positive
2772,dbAMP_00473,Escherichia coli,Positive
2773,dbAMP_18888,Acinetobacter baumannii,Positive
2774,dbAMP_18792,Salmonella enterica,Positive
2775,dbAMP_01697,Candida albicans,Positive
2776,dbAMP_23298,Escherichia coli,Positive
2777,dbAMP_01700,Candida albicans,Positive
2778,dbAMP_19605,Pseudomonas aeruginosa,Positive
2779,dbAMP_18790,Staphylococcus epidermidis,Positive
2780,dbAMP_18927,Bacillus subtilis,Positive
2781,dbAMP_16326,Bacillus subtilis,Positive
2782,dbAMP_15970,Escherichia coli,Positive
2783,20341.0,Acinetobacter baumannii,Positive
2784,dbAMP_24818,Pseudomonas aeruginosa,Positive
2785,dbAMP_14795,Escherichia coli,Positive
2786,11932.0,Pseudomonas aeruginosa,Positive
2787,22099.0,Enterococcus faecalis,Positive
2788,dbAMP_19732,Pseudomonas aeruginosa,Positive
2789,dbAMP_24672,Escherichia coli,Positive
2790,dbAMP_10962,Pseudomonas aeruginosa,Positive
2791,dbAMP_22891,Pseudomonas aeruginosa,Positive
2792,dbAMP_02193,Escherichia coli,Positive
2793,dbAMP_04749,Escherichia coli,Positive
2794,dbAMP_34239,Escherichia coli,Positive
2795,904.0,Listeria monocytogenes,Positive
2796,dbAMP_04812,Escherichia coli,Positive
2797,dbAMP_25298,Pseudomonas aeruginosa,Positive
2798,7041.0,Acinetobacter baumannii,Positive
2799,dbAMP_21719,Pseudomonas aeruginosa,Positive
2800,19686.0,Staphylococcus aureus,Positive
2801,dbAMP_10481,Pseudomonas aeruginosa,Positive
2802,dbAMP_27347,Escherichia coli,Positive
2803,dbAMP_18587,Pseudomonas aeruginosa,Positive
2804,dbAMP_23719,Staphylococcus aureus,Positive
2805,19551.0,Staphylococcus epidermidis,Positive
2806,dbAMP_01186,Escherichia coli,Positive
2807,dbAMP_16388,Staphylococcus epidermidis,Positive
2808,dbAMP_23943,Salmonella enterica,Positive
2809,dbAMP_19528,Staphylococcus aureus,Positive
2810,dbAMP_14912,Bacillus subtilis,Positive
2811,dbAMP_19296,Escherichia coli,Positive
2812,dbAMP_16913,Acinetobacter baumannii,Positive
2813,dbAMP_20375,Staphylococcus aureus,Positive
2814,dbAMP_16281,Acinetobacter baumannii,Positive
2815,dbAMP_15974,Escherichia coli,Positive
2816,dbAMP_14823,Staphylococcus epidermidis,Positive
2817,20147.0,Staphylococcus aureus,Positive
2818,dbAMP_03871,Micrococcus luteus,Positive
2819,dbAMP_19197,Pseudomonas aeruginosa,Positive
2820,dbAMP_19826,Candida albicans,Positive
2821,dbAMP_19537,Staphylococcus aureus,Positive
2822,dbAMP_04577,Bacillus subtilis,Positive
2823,dbAMP_04606,Pseudomonas aeruginosa,Positive
2824,dbAMP_11970,Candida albicans,Positive
2825,dbAMP_17456,Bacillus subtilis,Positive
2826,dbAMP_09881,Bacillus subtilis,Positive
2827,dbAMP_22875,Pseudomonas aeruginosa,Positive
2828,dbAMP_19297,Candida albicans,Positive
2829,dbAMP_22652,Escherichia coli,Positive
2830,dbAMP_18823,Staphylococcus aureus,Positive
2831,dbAMP_24418,Staphylococcus aureus,Positive
2832,20278.0,Enterococcus faecium,Positive
2833,dbAMP_27656,Pseudomonas aeruginosa,Positive
2834,dbAMP_16904,Staphylococcus aureus,Positive
2835,dbAMP_10721,Escherichia coli,Positive
2836,dbAMP_33031,Escherichia coli,Positive
2837,18235.0,Escherichia coli,Positive
2838,dbAMP_23816,Candida albicans,Positive
2839,dbAMP_20672,Candida albicans,Positive
2840,21884.0,Staphylococcus aureus,Positive
2841,dbAMP_33226,Staphylococcus aureus,Positive
2842,dbAMP_16431,Bacillus subtilis,Positive
2843,dbAMP_18030,Acinetobacter baumannii,Positive
2844,dbAMP_16145,Escherichia coli,Positive
2845,dbAMP_02996,Salmonella enterica,Positive
2846,dbAMP_18151,Pseudomonas aeruginosa,Positive
2847,dbAMP_33103,Staphylococcus aureus,Positive
2848,dbAMP_20716,Escherichia coli,Positive
2849,18044.0,Bacillus subtilis,Positive
2850,dbAMP_15784,Candida albicans,Positive
2851,dbAMP_23966,Escherichia coli,Positive
2852,dbAMP_02663,Staphylococcus aureus,Positive
2853,dbAMP_11855,Bacillus subtilis,Positive
2854,dbAMP_27351,Micrococcus luteus,Positive
2855,dbAMP_18013,Escherichia coli,Positive
2856,dbAMP_34588,Pseudomonas aeruginosa,Positive
2857,dbAMP_18437,Candida albicans,Positive
2858,dbAMP_13325,Klebsiella pneumoniae,Positive
2859,dbAMP_27419,Candida albicans,Positive
2860,dbAMP_01879,Bacillus cereus,Positive
2861,dbAMP_21965,Escherichia coli,Positive
2862,dbAMP_22119,Klebsiella pneumoniae,Positive
2863,dbAMP_15873,Enterococcus faecalis,Positive
2864,dbAMP_14783,Staphylococcus aureus,Positive
2865,dbAMP_27302,Pseudomonas aeruginosa,Positive
2866,dbAMP_17480,Acinetobacter baumannii,Positive
2867,20075.0,Staphylococcus aureus,Positive
2868,dbAMP_19660,Escherichia coli,Positive
2869,dbAMP_27346,Bacillus megaterium,Positive
2870,dbAMP_12191,Staphylococcus aureus,Positive
2871,dbAMP_17383,Escherichia coli,Positive
2872,dbAMP_15991,Escherichia coli,Positive
2873,dbAMP_19732,Staphylococcus epidermidis,Positive
2874,dbAMP_02182,Bacillus subtilis,Positive
2875,dbAMP_00235,Enterobacter cloacae,Positive
2876,dbAMP_05955,Bacillus megaterium,Positive
2877,22102.0,Enterococcus faecalis,Positive
2878,dbAMP_04720,Bacillus subtilis,Positive
2879,dbAMP_23129,Staphylococcus epidermidis,Positive
2880,dbAMP_18445,Listeria monocytogenes,Positive
2881,dbAMP_21525,Escherichia coli,Positive
2882,dbAMP_15964,Pseudomonas aeruginosa,Positive
2883,6855.0,Escherichia coli,Positive
2884,dbAMP_00235,Enterococcus faecalis,Positive
2885,dbAMP_14731,Enterococcus faecalis,Positive
2886,21878.0,Acinetobacter baumannii,Positive
2887,dbAMP_19599,Pseudomonas aeruginosa,Positive
2888,dbAMP_23164,Staphylococcus aureus,Positive
2889,19947.0,Staphylococcus aureus,Positive
2890,dbAMP_15864,Pseudomonas aeruginosa,Positive
2891,dbAMP_22758,Micrococcus luteus,Positive
2892,dbAMP_05782,Candida albicans,Positive
2893,dbAMP_19551,Escherichia coli,Positive
2894,dbAMP_17890,Escherichia coli,Positive
2895,17407.0,Pseudomonas aeruginosa,Positive
2896,dbAMP_19174,Candida parapsilosis,Positive
2897,21486.0,Escherichia coli,Positive
2898,dbAMP_17577,Staphylococcus aureus,Positive
2899,20179.0,Bacillus subtilis,Positive
2900,dbAMP_18833,Escherichia coli,Positive
2901,dbAMP_16050,Staphylococcus aureus,Positive
2902,dbAMP_20468,Escherichia coli,Positive
2903,dbAMP_16417,Escherichia coli,Positive
2904,dbAMP_27845,Micrococcus luteus,Positive
2905,dbAMP_17792,Pseudomonas aeruginosa,Positive
2906,dbAMP_03696,Enterobacter cloacae,Positive
2907,dbAMP_02515,Staphylococcus aureus,Positive
2908,dbAMP_20658,Staphylococcus aureus,Positive
2909,dbAMP_20866,Pseudomonas aeruginosa,Positive
2910,dbAMP_24566,Escherichia coli,Positive
2911,dbAMP_10980,Enterobacter cloacae,Positive
2912,dbAMP_19308,Escherichia coli,Positive
2913,dbAMP_21407,Salmonella enterica,Positive
2914,dbAMP_15922,Bacillus subtilis,Positive
2915,17720.0,Acinetobacter baumannii,Positive
2916,dbAMP_24979,Candida albicans,Positive
2917,dbAMP_22079,Candida albicans,Positive
2918,dbAMP_21826,Bacillus subtilis,Positive
2919,dbAMP_23931,Salmonella enterica,Positive
2920,dbAMP_01474,Salmonella enterica,Positive
2921,dbAMP_16032,Staphylococcus epidermidis,Positive
2922,dbAMP_00058,Pseudomonas aeruginosa,Positive
2923,dbAMP_23691,Enterococcus faecalis,Positive
2924,DRAMP02923,Klebsiella pneumoniae,Positive
2925,dbAMP_18218,Enterococcus faecalis,Positive
2926,dbAMP_09743,Staphylococcus aureus,Positive
2927,19196.0,Acinetobacter baumannii,Positive
2928,dbAMP_16523,Enterococcus faecium,Positive
2929,dbAMP_19309,Staphylococcus aureus,Positive
2930,dbAMP_17490,Salmonella enterica,Positive
2931,dbAMP_00917,Bacillus subtilis,Positive
2932,dbAMP_33102,Staphylococcus aureus,Positive
2933,4761.0,Micrococcus luteus,Positive
2934,dbAMP_03291,Enterococcus faecalis,Positive
2935,DRAMP02391,Enterococcus faecium,Positive
2936,dbAMP_24638,Bacillus subtilis,Positive
2937,dbAMP_04932,Pseudomonas aeruginosa,Positive
2938,18787.0,Escherichia coli,Positive
2939,22161.0,Klebsiella pneumoniae,Positive
2940,20542.0,Pseudomonas aeruginosa,Positive
2941,dbAMP_11129,Bacillus subtilis,Positive
2942,19923.0,Escherichia coli,Positive
2943,dbAMP_18586,Cryptococcus neoformans,Positive
2944,dbAMP_19248,Pseudomonas aeruginosa,Positive
2945,dbAMP_28434,Staphylococcus epidermidis,Positive
2946,dbAMP_20454,Candida albicans,Positive
2947,18602.0,Micrococcus luteus,Positive
2948,19487.0,Bacillus cereus,Positive
2949,dbAMP_19423,Acinetobacter baumannii,Positive
2950,21528.0,Escherichia coli,Positive
2951,dbAMP_18517,Escherichia coli,Positive
2952,dbAMP_24599,Bacillus subtilis,Positive
2953,dbAMP_33301,Staphylococcus epidermidis,Positive
2954,dbAMP_03675,Escherichia coli,Positive
2955,dbAMP_05478,Salmonella enterica,Positive
2956,dbAMP_21111,Klebsiella pneumoniae,Positive
2957,dbAMP_15991,Staphylococcus aureus,Positive
2958,12761.0,Escherichia coli,Positive
2959,dbAMP_23258,Escherichia coli,Positive
2960,22378.0,Escherichia coli,Positive
2961,dbAMP_00360,Staphylococcus aureus,Positive
2962,dbAMP_01714,Pseudomonas aeruginosa,Positive
2963,dbAMP_17506,Escherichia coli,Positive
2964,dbAMP_22019,Bacillus subtilis,Positive
2965,DRAMP20776,Escherichia coli,Positive
2966,dbAMP_25875,Enterococcus faecalis,Positive
2967,dbAMP_01616,Bacillus subtilis,Positive
2968,dbAMP_16909,Acinetobacter baumannii,Positive
2969,dbAMP_14796,Bacillus megaterium,Positive
2970,dbAMP_01017,Candida albicans,Positive
2971,dbAMP_17939,Enterococcus faecalis,Positive
2972,dbAMP_17580,Pseudomonas aeruginosa,Positive
2973,dbAMP_18926,Bacillus subtilis,Positive
2974,dbAMP_22683,Staphylococcus aureus,Positive
2975,dbAMP_10572,Pseudomonas aeruginosa,Positive
2976,22027.0,Escherichia coli,Positive
2977,dbAMP_19780,Escherichia coli,Positive
2978,dbAMP_10300,Escherichia coli,Positive
2979,dbAMP_16146,Bacillus subtilis,Positive
2980,dbAMP_16333,Pseudomonas aeruginosa,Positive
2981,dbAMP_32307,Escherichia coli,Positive
2982,dbAMP_16077,Escherichia coli,Positive
2983,20839.0,Escherichia coli,Positive
2984,dbAMP_00316,Escherichia coli,Positive
2985,dbAMP_17197,Staphylococcus epidermidis,Positive
2986,dbAMP_17131,Pseudomonas aeruginosa,Positive
2987,dbAMP_18586,Staphylococcus aureus,Positive
2988,dbAMP_21058,Klebsiella pneumoniae,Positive
2989,759.0,Enterococcus faecalis,Positive
2990,dbAMP_19605,Escherichia coli,Positive
2991,dbAMP_17055,Candida albicans,Positive
2992,17309.0,Escherichia coli,Positive
2993,dbAMP_04362,Escherichia coli,Positive
2994,dbAMP_13325,Acinetobacter baumannii,Positive
2995,dbAMP_18241,Klebsiella pneumoniae,Positive
2996,dbAMP_16161,Enterococcus faecalis,Positive
2997,dbAMP_00235,Staphylococcus aureus,Positive
2998,19929.0,Klebsiella pneumoniae,Positive
2999,dbAMP_19725,Pseudomonas aeruginosa,Positive
3000,dbAMP_16551,Pseudomonas aeruginosa,Positive
3001,dbAMP_22621,Enterococcus faecalis,Positive
3002,dbAMP_05060,Pseudomonas aeruginosa,Positive
3003,DRAMP20944,Candida albicans,Positive
3004,dbAMP_33086,Salmonella enterica,Positive
3005,dbAMP_01968,Staphylococcus aureus,Positive
3006,dbAMP_16883,Staphylococcus aureus,Positive
3007,dbAMP_22166,Pseudomonas aeruginosa,Positive
3008,dbAMP_21228,Klebsiella pneumoniae,Positive
3009,dbAMP_24894,Pseudomonas aeruginosa,Positive
3010,dbAMP_31190,Salmonella enterica,Positive
3011,dbAMP_22695,Escherichia coli,Positive
3012,dbAMP_14726,Pseudomonas aeruginosa,Positive
3013,22053.0,Pseudomonas aeruginosa,Positive
3014,dbAMP_31444,Escherichia coli,Positive
3015,dbAMP_18825,Staphylococcus aureus,Positive
3016,dbAMP_22883,Pseudomonas aeruginosa,Positive
3017,5368.0,Escherichia coli,Positive
3018,5368.0,Staphylococcus epidermidis,Positive
3019,dbAMP_28738,Pseudomonas aeruginosa,Positive
3020,dbAMP_20537,Enterococcus faecalis,Positive
3021,dbAMP_20675,Escherichia coli,Positive
3022,20574.0,Bacillus cereus,Positive
3023,dbAMP_16924,Escherichia coli,Positive
3024,dbAMP_19264,Escherichia coli,Positive
3025,dbAMP_24563,Klebsiella pneumoniae,Positive
3026,dbAMP_27094,Staphylococcus aureus,Positive
3027,dbAMP_00283,Listeria monocytogenes,Positive
3028,dbAMP_24553,Escherichia coli,Positive
3029,dbAMP_15897,Enterococcus faecalis,Positive
3030,dbAMP_02533,Klebsiella pneumoniae,Positive
3031,dbAMP_33191,Staphylococcus aureus,Positive
3032,DRAMP03922,Escherichia coli,Positive
3033,17412.0,Escherichia coli,Positive
3034,dbAMP_17450,Enterococcus faecalis,Positive
3035,dbAMP_23968,Acinetobacter baumannii,Positive
3036,20826.0,Salmonella enterica,Positive
3037,dbAMP_19027,Staphylococcus aureus,Positive
3038,dbAMP_24876,Bacillus subtilis,Positive
3039,21512.0,Escherichia coli,Positive
3040,dbAMP_22966,Salmonella enterica,Positive
3041,19611.0,Staphylococcus aureus,Positive
3042,dbAMP_24045,Staphylococcus aureus,Positive
3043,dbAMP_27926,Staphylococcus aureus,Positive
3044,dbAMP_17898,Bacillus megaterium,Positive
3045,dbAMP_23632,Acinetobacter baumannii,Positive
3046,dbAMP_15807,Escherichia coli,Positive
3047,dbAMP_22152,Staphylococcus aureus,Positive
3048,dbAMP_21310,Pseudomonas aeruginosa,Positive
3049,dbAMP_05400,Staphylococcus aureus,Positive
3050,dbAMP_17930,Escherichia coli,Positive
3051,dbAMP_04748,Staphylococcus aureus,Positive
3052,dbAMP_16633,Cryptococcus neoformans,Positive
3053,dbAMP_20285,Staphylococcus epidermidis,Positive
3054,dbAMP_28830,Escherichia coli,Positive
3055,dbAMP_14848,Salmonella enterica,Positive
3056,21410.0,Escherichia coli,Positive
3057,20983.0,Staphylococcus aureus,Positive
3058,dbAMP_17441,Bacillus subtilis,Positive
3059,dbAMP_16050,Candida albicans,Positive
3060,dbAMP_06085,Escherichia coli,Positive
3061,dbAMP_20432,Staphylococcus aureus,Positive
3062,21659.0,Escherichia coli,Positive
3063,dbAMP_18058,Pseudomonas aeruginosa,Positive
3064,dbAMP_24946,Pseudomonas aeruginosa,Positive
3065,dbAMP_18233,Salmonella enterica,Positive
3066,dbAMP_16731,Escherichia coli,Positive
3067,dbAMP_10341,Bacillus subtilis,Positive
3068,dbAMP_22565,Staphylococcus aureus,Positive
3069,dbAMP_20119,Acinetobacter baumannii,Positive
3070,dbAMP_16001,Bacillus subtilis,Positive
3071,dbAMP_23281,Enterococcus faecalis,Positive
3072,9584.0,Pseudomonas aeruginosa,Positive
3073,dbAMP_18878,Staphylococcus aureus,Positive
3074,dbAMP_10808,Staphylococcus aureus,Positive
3075,19818.0,Enterococcus faecium,Positive
3076,17603.0,Salmonella enterica,Positive
3077,dbAMP_12344,Escherichia coli,Positive
3078,dbAMP_03483,Escherichia coli,Positive
3079,21174.0,Staphylococcus aureus,Positive
3080,dbAMP_11190,Bacillus subtilis,Positive
3081,dbAMP_02878,Escherichia coli,Positive
3082,dbAMP_01052,Escherichia coli,Positive
3083,dbAMP_14910,Escherichia coli,Positive
3084,21502.0,Escherichia coli,Positive
3085,dbAMP_22818,Pseudomonas aeruginosa,Positive
3086,dbAMP_20716,Staphylococcus epidermidis,Positive
3087,dbAMP_17429,Escherichia coli,Positive
3088,dbAMP_14717,Staphylococcus aureus,Positive
3089,dbAMP_02667,Bacillus subtilis,Positive
3090,dbAMP_21393,Escherichia coli,Positive
3091,19216.0,Enterococcus faecium,Positive
3092,dbAMP_16661,Micrococcus luteus,Positive
3093,dbAMP_17455,Pseudomonas aeruginosa,Positive
3094,19862.0,Bacillus subtilis,Positive
3095,dbAMP_14797,Staphylococcus aureus,Positive
3096,dbAMP_11232,Pseudomonas aeruginosa,Positive
3097,dbAMP_20658,Escherichia coli,Positive
3098,dbAMP_21369,Pseudomonas aeruginosa,Positive
3099,20010.0,Staphylococcus aureus,Positive
3100,2334.0,Staphylococcus aureus,Positive
3101,dbAMP_21148,Bacillus cereus,Positive
3102,DRAMP02349,Salmonella enterica,Positive
3103,dbAMP_10543,Candida albicans,Positive
3104,dbAMP_04415,Bacillus subtilis,Positive
3105,21172.0,Pseudomonas aeruginosa,Positive
3106,dbAMP_16882,Escherichia coli,Positive
3107,dbAMP_16770,Staphylococcus epidermidis,Positive
3108,dbAMP_22482,Bacillus subtilis,Positive
3109,dbAMP_14892,Klebsiella pneumoniae,Positive
3110,dbAMP_20421,Staphylococcus aureus,Positive
3111,dbAMP_27302,Klebsiella pneumoniae,Positive
3112,dbAMP_05788,Escherichia coli,Positive
3113,dbAMP_02250,Bacillus subtilis,Positive
3114,dbAMP_24329,Escherichia coli,Positive
3115,dbAMP_32541,Escherichia coli,Positive
3116,dbAMP_33984,Staphylococcus aureus,Positive
3117,dbAMP_15872,Bacillus subtilis,Positive
3118,dbAMP_22285,Bacillus cereus,Positive
3119,dbAMP_02937,Pseudomonas aeruginosa,Positive
3120,dbAMP_24273,Listeria monocytogenes,Positive
3121,dbAMP_27641,Candida albicans,Positive
3122,dbAMP_12178,Staphylococcus aureus,Positive
3123,dbAMP_22890,Pseudomonas aeruginosa,Positive
3124,DRAMP02391,Staphylococcus aureus,Positive
3125,dbAMP_17899,Bacillus megaterium,Positive
3126,dbAMP_16043,Micrococcus luteus,Positive
3127,dbAMP_14714,Escherichia coli,Positive
3128,dbAMP_22684,Pseudomonas aeruginosa,Positive
3129,dbAMP_21399,Micrococcus luteus,Positive
3130,20954.0,Escherichia coli,Positive
3131,dbAMP_22830,Enterococcus faecium,Positive
3132,dbAMP_20499,Staphylococcus epidermidis,Positive
3133,dbAMP_33110,Pseudomonas aeruginosa,Positive
3134,dbAMP_25012,Pseudomonas aeruginosa,Positive
3135,dbAMP_09730,Escherichia coli,Positive
3136,dbAMP_17500,Escherichia coli,Positive
3137,dbAMP_05497,Pseudomonas aeruginosa,Positive
3138,dbAMP_19305,Salmonella enterica,Positive
3139,dbAMP_17046,Escherichia coli,Positive
3140,dbAMP_22749,Micrococcus luteus,Positive
3141,dbAMP_31994,Staphylococcus aureus,Positive
3142,20012.0,Bacillus cereus,Positive
3143,dbAMP_20426,Staphylococcus aureus,Positive
3144,14387.0,Candida albicans,Positive
3145,dbAMP_22707,Escherichia coli,Positive
3146,22284.0,Salmonella enterica,Positive
3147,dbAMP_02030,Staphylococcus aureus,Positive
3148,dbAMP_24751,Pseudomonas aeruginosa,Positive
3149,18250.0,Listeria monocytogenes,Positive
3150,dbAMP_09904,Escherichia coli,Positive
3151,dbAMP_32950,Bacillus subtilis,Positive
3152,dbAMP_16272,Pseudomonas aeruginosa,Positive
3153,19646.0,Candida albicans,Positive
3154,dbAMP_02042,Enterobacter cloacae,Positive
3155,dbAMP_27660,Staphylococcus aureus,Positive
3156,dbAMP_05265,Pseudomonas aeruginosa,Positive
3157,dbAMP_09935,Micrococcus luteus,Positive
3158,dbAMP_02710,Listeria monocytogenes,Positive
3159,dbAMP_22718,Candida albicans,Positive
3160,dbAMP_20511,Staphylococcus aureus,Positive
3161,dbAMP_00381,Enterococcus faecalis,Positive
3162,dbAMP_19292,Candida albicans,Positive
3163,22292.0,Escherichia coli,Positive
3164,dbAMP_24333,Escherichia coli,Positive
3165,dbAMP_03407,Escherichia coli,Positive
3166,dbAMP_33605,Candida parapsilosis,Positive
3167,dbAMP_17465,Acinetobacter baumannii,Positive
3168,dbAMP_05530,Listeria monocytogenes,Positive
3169,22375.0,Acinetobacter baumannii,Positive
3170,dbAMP_34014,Escherichia coli,Positive
3171,dbAMP_18143,Escherichia coli,Positive
3172,7041.0,Staphylococcus aureus,Positive
3173,18069.0,Escherichia coli,Positive
3174,20889.0,Enterococcus faecalis,Positive
3175,dbAMP_17481,Escherichia coli,Positive
3176,dbAMP_25417,Salmonella enterica,Positive
3177,dbAMP_21907,Staphylococcus aureus,Positive
3178,759.0,Bacillus subtilis,Positive
3179,20214.0,Acinetobacter baumannii,Positive
3180,dbAMP_19257,Staphylococcus aureus,Positive
3181,dbAMP_23283,Staphylococcus aureus,Positive
3182,19124.0,Staphylococcus aureus,Positive
3183,dbAMP_33144,Staphylococcus aureus,Positive
3184,dbAMP_19292,Escherichia coli,Positive
3185,dbAMP_33234,Staphylococcus aureus,Positive
3186,DRAMP02965,Candida albicans,Positive
3187,dbAMP_02663,Escherichia coli,Positive
3188,dbAMP_33683,Klebsiella pneumoniae,Positive
3189,dbAMP_18586,Pseudomonas aeruginosa,Positive
3190,dbAMP_05455,Staphylococcus aureus,Positive
3191,19076.0,Bacillus subtilis,Positive
3192,dbAMP_18142,Salmonella enterica,Positive
3193,dbAMP_21494,Micrococcus luteus,Positive
3194,dbAMP_02247,Staphylococcus epidermidis,Positive
3195,dbAMP_27233,Bacillus subtilis,Positive
3196,dbAMP_04051,Staphylococcus aureus,Positive
3197,dbAMP_18024,Staphylococcus epidermidis,Positive
3198,dbAMP_04701,Escherichia coli,Positive
3199,20020.0,Bacillus subtilis,Positive
3200,dbAMP_19217,Staphylococcus aureus,Positive
3201,18325.0,Enterobacter cloacae,Positive
3202,dbAMP_19552,Escherichia coli,Positive
3203,dbAMP_01689,Escherichia coli,Positive
3204,21892.0,Acinetobacter baumannii,Positive
3205,dbAMP_23080,Bacillus subtilis,Positive
3206,dbAMP_21230,Acinetobacter baumannii,Positive
3207,dbAMP_20387,Pseudomonas aeruginosa,Positive
3208,21502.0,Staphylococcus aureus,Positive
3209,dbAMP_11109,Staphylococcus epidermidis,Positive
3210,dbAMP_16260,Candida albicans,Positive
3211,dbAMP_16043,Escherichia coli,Positive
3212,dbAMP_18180,Escherichia coli,Positive
3213,693.0,Staphylococcus aureus,Positive
3214,dbAMP_10341,Staphylococcus aureus,Positive
3215,dbAMP_22701,Staphylococcus aureus,Positive
3216,dbAMP_25166,Klebsiella pneumoniae,Positive
3217,dbAMP_16232,Salmonella enterica,Positive
3218,19914.0,Acinetobacter baumannii,Positive
3219,dbAMP_22470,Bacillus megaterium,Positive
3220,dbAMP_10415,Candida albicans,Positive
3221,dbAMP_23929,Staphylococcus aureus,Positive
3222,dbAMP_20791,Staphylococcus epidermidis,Positive
3223,dbAMP_16397,Escherichia coli,Positive
3224,dbAMP_24002,Staphylococcus aureus,Positive
3225,DRAMP00204,Bacillus subtilis,Positive
3226,dbAMP_15852,Micrococcus luteus,Positive
3227,dbAMP_18055,Escherichia coli,Positive
3228,dbAMP_19528,Pseudomonas aeruginosa,Positive
3229,dbAMP_05139,Klebsiella pneumoniae,Positive
3230,dbAMP_14853,Pseudomonas aeruginosa,Positive
3231,dbAMP_24401,Pseudomonas aeruginosa,Positive
3232,dbAMP_19135,Staphylococcus aureus,Positive
3233,dbAMP_19263,Staphylococcus aureus,Positive
3234,dbAMP_31753,Escherichia coli,Positive
3235,dbAMP_16860,Micrococcus luteus,Positive
3236,18169.0,Bacillus subtilis,Positive
3237,dbAMP_16502,Pseudomonas aeruginosa,Positive
3238,dbAMP_06258,Enterococcus faecalis,Positive
3239,dbAMP_17122,Candida albicans,Positive
3240,dbAMP_21895,Bacillus subtilis,Positive
3241,dbAMP_33233,Staphylococcus aureus,Positive
3242,17529.0,Pseudomonas aeruginosa,Positive
3243,dbAMP_23519,Staphylococcus aureus,Positive
3244,dbAMP_16366,Candida parapsilosis,Positive
3245,dbAMP_21723,Pseudomonas aeruginosa,Positive
3246,dbAMP_24985,Staphylococcus aureus,Positive
3247,dbAMP_19551,Pseudomonas aeruginosa,Positive
3248,19640.0,Acinetobacter baumannii,Positive
3249,dbAMP_18441,Enterococcus faecalis,Positive
3250,dbAMP_25425,Enterococcus faecalis,Positive
3251,dbAMP_28208,Bacillus subtilis,Positive
3252,21875.0,Acinetobacter baumannii,Positive
3253,dbAMP_11304,Bacillus subtilis,Positive
3254,21537.0,Acinetobacter baumannii,Positive
3255,dbAMP_20757,Staphylococcus aureus,Positive
3256,dbAMP_23311,Salmonella enterica,Positive
3257,dbAMP_33086,Klebsiella pneumoniae,Positive
3258,dbAMP_22145,Escherichia coli,Positive
3259,dbAMP_21958,Escherichia coli,Positive
3260,dbAMP_32459,Bacillus subtilis,Positive
3261,20370.0,Salmonella enterica,Positive
3262,22160.0,Pseudomonas aeruginosa,Positive
3263,dbAMP_03584,Candida albicans,Positive
3264,dbAMP_03523,Pseudomonas aeruginosa,Positive
3265,dbAMP_22028,Escherichia coli,Positive
3266,18130.0,Pseudomonas aeruginosa,Positive
3267,dbAMP_20741,Escherichia coli,Positive
3268,dbAMP_23636,Staphylococcus epidermidis,Positive
3269,dbAMP_24418,Escherichia coli,Positive
3270,dbAMP_02597,Escherichia coli,Positive
3271,dbAMP_31180,Enterobacter cloacae,Positive
3272,dbAMP_18116,Staphylococcus aureus,Positive
3273,dbAMP_27232,Pseudomonas aeruginosa,Positive
3274,22372.0,Pseudomonas aeruginosa,Positive
3275,dbAMP_17411,Staphylococcus aureus,Positive
3276,dbAMP_24364,Pseudomonas aeruginosa,Positive
3277,20855.0,Enterococcus faecalis,Positive
3278,dbAMP_31809,Escherichia coli,Positive
3279,20184.0,Staphylococcus aureus,Positive
3280,6751.0,Pseudomonas aeruginosa,Positive
3281,dbAMP_33603,Candida parapsilosis,Positive
3282,dbAMP_23229,Escherichia coli,Positive
3283,dbAMP_10339,Escherichia coli,Positive
3284,dbAMP_22479,Escherichia coli,Positive
3285,dbAMP_19124,Listeria monocytogenes,Positive
3286,dbAMP_16054,Pseudomonas aeruginosa,Positive
3287,18164.0,Staphylococcus aureus,Positive
3288,dbAMP_03807,Micrococcus luteus,Positive
3289,dbAMP_15862,Bacillus subtilis,Positive
3290,dbAMP_34583,Candida albicans,Positive
3291,dbAMP_20734,Escherichia coli,Positive
3292,dbAMP_16753,Bacillus subtilis,Positive
3293,dbAMP_14928,Escherichia coli,Positive
3294,dbAMP_16368,Staphylococcus epidermidis,Positive
3295,dbAMP_03447,Acinetobacter baumannii,Positive
3296,dbAMP_20784,Escherichia coli,Positive
3297,dbAMP_23160,Enterococcus faecium,Positive
3298,dbAMP_25089,Staphylococcus epidermidis,Positive
3299,dbAMP_27426,Staphylococcus aureus,Positive
3300,dbAMP_23310,Escherichia coli,Positive
3301,dbAMP_34233,Staphylococcus aureus,Positive
3302,dbAMP_12286,Listeria monocytogenes,Positive
3303,dbAMP_23936,Enterococcus faecalis,Positive
3304,19828.0,Enterococcus faecium,Positive
3305,19369.0,Escherichia coli,Positive
3306,dbAMP_25194,Micrococcus luteus,Positive
3307,dbAMP_21638,Staphylococcus aureus,Positive
3308,dbAMP_15970,Bacillus megaterium,Positive
3309,dbAMP_31310,Escherichia coli,Positive
3310,dbAMP_32307,Klebsiella pneumoniae,Positive
3311,dbAMP_33120,Bacillus cereus,Positive
3312,dbAMP_15796,Pseudomonas aeruginosa,Positive
3313,dbAMP_18405,Candida parapsilosis,Positive
3314,dbAMP_02200,Staphylococcus aureus,Positive
3315,910.0,Escherichia coli,Positive
3316,dbAMP_02441,Micrococcus luteus,Positive
3317,dbAMP_33692,Enterococcus faecalis,Positive
3318,dbAMP_15997,Pseudomonas aeruginosa,Positive
3319,21499.0,Klebsiella pneumoniae,Positive
3320,dbAMP_02087,Bacillus subtilis,Positive
3321,21726.0,Bacillus subtilis,Positive
3322,dbAMP_05507,Escherichia coli,Positive
3323,dbAMP_10501,Pseudomonas aeruginosa,Positive
3324,dbAMP_14883,Salmonella enterica,Positive
3325,dbAMP_02642,Acinetobacter baumannii,Positive
3326,dbAMP_01142,Candida albicans,Positive
3327,dbAMP_15752,Pseudomonas aeruginosa,Positive
3328,dbAMP_18180,Pseudomonas aeruginosa,Positive
3329,dbAMP_33593,Salmonella enterica,Positive
3330,dbAMP_18528,Pseudomonas aeruginosa,Positive
3331,dbAMP_17959,Candida albicans,Positive
3332,dbAMP_19247,Escherichia coli,Positive
3333,dbAMP_22931,Candida albicans,Positive
3334,dbAMP_17793,Staphylococcus aureus,Positive
3335,22317.0,Enterococcus faecalis,Positive
3336,dbAMP_17031,Escherichia coli,Positive
3337,dbAMP_33204,Staphylococcus aureus,Positive
3338,18276.0,Pseudomonas aeruginosa,Positive
3339,dbAMP_05400,Bacillus subtilis,Positive
3340,dbAMP_33577,Candida albicans,Positive
3341,dbAMP_09839,Salmonella enterica,Positive
3342,19676.0,Acinetobacter baumannii,Positive
3343,20147.0,Escherichia coli,Positive
3344,17724.0,Pseudomonas aeruginosa,Positive
3345,dbAMP_19024,Staphylococcus aureus,Positive
3346,dbAMP_03075,Escherichia coli,Positive
3347,dbAMP_21458,Micrococcus luteus,Positive
3348,dbAMP_22800,Escherichia coli,Positive
3349,dbAMP_19322,Pseudomonas aeruginosa,Positive
3350,22217.0,Pseudomonas aeruginosa,Positive
3351,dbAMP_33224,Candida albicans,Positive
3352,dbAMP_21823,Escherichia coli,Positive
3353,dbAMP_01871,Escherichia coli,Positive
3354,dbAMP_14893,Klebsiella pneumoniae,Positive
3355,dbAMP_18786,Staphylococcus epidermidis,Positive
3356,dbAMP_14930,Bacillus subtilis,Positive
3357,dbAMP_15959,Micrococcus luteus,Positive
3358,dbAMP_19598,Escherichia coli,Positive
3359,dbAMP_18209,Staphylococcus aureus,Positive
3360,dbAMP_02111,Enterococcus faecalis,Positive
3361,dbAMP_23593,Escherichia coli,Positive
3362,dbAMP_16369,Salmonella enterica,Positive
3363,20842.0,Listeria monocytogenes,Positive
3364,dbAMP_21042,Pseudomonas aeruginosa,Positive
3365,19890.0,Acinetobacter baumannii,Positive
3366,dbAMP_16036,Staphylococcus aureus,Positive
3367,19642.0,Staphylococcus aureus,Positive
3368,dbAMP_18620,Escherichia coli,Positive
3369,dbAMP_22703,Staphylococcus aureus,Positive
3370,dbAMP_16054,Bacillus subtilis,Positive
3371,dbAMP_24032,Pseudomonas aeruginosa,Positive
3372,dbAMP_19641,Pseudomonas aeruginosa,Positive
3373,DRAMP00074,Bacillus cereus,Positive
3374,dbAMP_16155,Staphylococcus epidermidis,Positive
3375,dbAMP_24214,Bacillus subtilis,Positive
3376,dbAMP_16007,Acinetobacter baumannii,Positive
3377,dbAMP_17634,Staphylococcus aureus,Positive
3378,dbAMP_10839,Pseudomonas aeruginosa,Positive
3379,dbAMP_24835,Escherichia coli,Positive
3380,dbAMP_15898,Staphylococcus aureus,Positive
3381,dbAMP_22634,Staphylococcus aureus,Positive
3382,dbAMP_22400,Salmonella enterica,Positive
3383,dbAMP_19229,Pseudomonas aeruginosa,Positive
3384,dbAMP_21042,Staphylococcus aureus,Positive
3385,dbAMP_16127,Listeria monocytogenes,Positive
3386,dbAMP_14617,Staphylococcus aureus,Positive
3387,dbAMP_23327,Staphylococcus aureus,Positive
3388,19501.0,Escherichia coli,Positive
3389,17242.0,Pseudomonas aeruginosa,Positive
3390,dbAMP_03307,Staphylococcus aureus,Positive
3391,dbAMP_33595,Bacillus subtilis,Positive
3392,dbAMP_34369,Staphylococcus aureus,Positive
3393,DRAMP03472,Bacillus subtilis,Positive
3394,dbAMP_21127,Pseudomonas aeruginosa,Positive
3395,dbAMP_18259,Staphylococcus aureus,Positive
3396,dbAMP_23079,Staphylococcus aureus,Positive
3397,dbAMP_15832,Bacillus subtilis,Positive
3398,dbAMP_22882,Candida albicans,Positive
3399,dbAMP_31341,Cryptococcus neoformans,Positive
3400,dbAMP_16427,Bacillus subtilis,Positive
3401,dbAMP_24137,Escherichia coli,Positive
3402,dbAMP_17327,Pseudomonas aeruginosa,Positive
3403,9494.0,Pseudomonas aeruginosa,Positive
3404,dbAMP_17823,Staphylococcus aureus,Positive
3405,dbAMP_04667,Staphylococcus epidermidis,Positive
3406,dbAMP_14898,Staphylococcus epidermidis,Positive
3407,dbAMP_21228,Bacillus subtilis,Positive
3408,20253.0,Staphylococcus aureus,Positive
3409,dbAMP_22042,Escherichia coli,Positive
3410,dbAMP_00259,Staphylococcus aureus,Positive
3411,dbAMP_10429,Escherichia coli,Positive
3412,dbAMP_34221,Escherichia coli,Positive
3413,dbAMP_24416,Escherichia coli,Positive
3414,dbAMP_20778,Staphylococcus epidermidis,Positive
3415,dbAMP_23523,Micrococcus luteus,Positive
3416,dbAMP_22975,Staphylococcus aureus,Positive
3417,3343.0,Escherichia coli,Positive
3418,18855.0,Candida albicans,Positive
3419,dbAMP_10598,Bacillus subtilis,Positive
3420,20584.0,Listeria monocytogenes,Positive
3421,dbAMP_03218,Bacillus subtilis,Positive
3422,dbAMP_27110,Acinetobacter baumannii,Positive
3423,dbAMP_22739,Micrococcus luteus,Positive
3424,dbAMP_05497,Staphylococcus aureus,Positive
3425,dbAMP_18225,Pseudomonas aeruginosa,Positive
3426,dbAMP_34587,Escherichia coli,Positive
3427,dbAMP_10172,Candida albicans,Positive
3428,dbAMP_21394,Staphylococcus aureus,Positive
3429,dbAMP_16046,Micrococcus luteus,Positive
3430,dbAMP_04656,Escherichia coli,Positive
3431,dbAMP_04804,Staphylococcus aureus,Positive
3432,dbAMP_15802,Bacillus subtilis,Positive
3433,dbAMP_23993,Staphylococcus epidermidis,Positive
3434,dbAMP_20132,Micrococcus luteus,Positive
3435,dbAMP_03394,Candida albicans,Positive
3436,dbAMP_28434,Salmonella enterica,Positive
3437,dbAMP_11190,Micrococcus luteus,Positive
3438,17427.0,Cryptococcus neoformans,Positive
3439,dbAMP_25115,Staphylococcus aureus,Positive
3440,dbAMP_24553,Bacillus subtilis,Positive
3441,dbAMP_25025,Escherichia coli,Positive
3442,3365.0,Staphylococcus aureus,Positive
3443,dbAMP_16389,Salmonella enterica,Positive
3444,dbAMP_14883,Klebsiella pneumoniae,Positive
3445,dbAMP_27618,Escherichia coli,Positive
3446,dbAMP_00235,Candida albicans,Positive
3447,dbAMP_16523,Escherichia coli,Positive
3448,dbAMP_28342,Pseudomonas aeruginosa,Positive
3449,22024.0,Escherichia coli,Positive
3450,dbAMP_19166,Bacillus subtilis,Positive
3451,dbAMP_27088,Escherichia coli,Positive
3452,20932.0,Acinetobacter baumannii,Positive
3453,dbAMP_23666,Staphylococcus aureus,Positive
3454,dbAMP_21853,Salmonella enterica,Positive
3455,dbAMP_11661,Candida albicans,Positive
3456,dbAMP_16408,Escherichia coli,Positive
3457,21579.0,Escherichia coli,Positive
3458,dbAMP_04369,Bacillus megaterium,Positive
3459,20574.0,Enterococcus faecium,Positive
3460,dbAMP_14884,Pseudomonas aeruginosa,Positive
3461,dbAMP_16311,Bacillus subtilis,Positive
3462,dbAMP_16503,Escherichia coli,Positive
3463,DRAMP04167,Candida albicans,Positive
3464,dbAMP_17115,Pseudomonas aeruginosa,Positive
3465,dbAMP_22035,Escherichia coli,Positive
3466,dbAMP_33594,Staphylococcus aureus,Positive
3467,21512.0,Klebsiella pneumoniae,Positive
3468,dbAMP_18405,Staphylococcus epidermidis,Positive
3469,dbAMP_15762,Staphylococcus epidermidis,Positive
3470,DRAMP04170,Staphylococcus aureus,Positive
3471,dbAMP_23281,Enterococcus faecium,Positive
3472,dbAMP_27239,Pseudomonas aeruginosa,Positive
3473,dbAMP_19297,Escherichia coli,Positive
3474,DRAMP20934,Escherichia coli,Positive
3475,dbAMP_18257,Pseudomonas aeruginosa,Positive
3476,18048.0,Bacillus subtilis,Positive
3477,dbAMP_09734,Enterobacter cloacae,Positive
3478,dbAMP_27149,Acinetobacter baumannii,Positive
3479,dbAMP_23143,Salmonella enterica,Positive
3480,dbAMP_02094,Enterococcus faecalis,Positive
3481,dbAMP_20413,Staphylococcus aureus,Positive
3482,20579.0,Pseudomonas aeruginosa,Positive
3483,764.0,Salmonella enterica,Positive
3484,dbAMP_16179,Staphylococcus aureus,Positive
3485,dbAMP_19286,Pseudomonas aeruginosa,Positive
3486,dbAMP_18522,Klebsiella pneumoniae,Positive
3487,dbAMP_16326,Escherichia coli,Positive
3488,dbAMP_16502,Staphylococcus aureus,Positive
3489,17821.0,Bacillus subtilis,Positive
3490,DRAMP03923,Escherichia coli,Positive
3491,dbAMP_05113,Klebsiella pneumoniae,Positive
3492,dbAMP_03867,Escherichia coli,Positive
3493,3365.0,Pseudomonas aeruginosa,Positive
3494,dbAMP_16266,Pseudomonas aeruginosa,Positive
3495,21446.0,Staphylococcus aureus,Positive
3496,18824.0,Escherichia coli,Positive
3497,22096.0,Bacillus subtilis,Positive
3498,dbAMP_23691,Bacillus cereus,Positive
3499,dbAMP_23036,Staphylococcus epidermidis,Positive
3500,dbAMP_11019,Salmonella enterica,Positive
3501,dbAMP_18952,Acinetobacter baumannii,Positive
3502,dbAMP_18653,Pseudomonas aeruginosa,Positive
3503,dbAMP_18936,Salmonella enterica,Positive
3504,dbAMP_16004,Staphylococcus aureus,Positive
3505,dbAMP_22479,Enterobacter cloacae,Positive
3506,dbAMP_11136,Salmonella enterica,Positive
3507,dbAMP_14827,Pseudomonas aeruginosa,Positive
3508,21737.0,Pseudomonas aeruginosa,Positive
3509,dbAMP_25152,Bacillus subtilis,Positive
3510,19909.0,Acinetobacter baumannii,Positive
3511,21949.0,Acinetobacter baumannii,Positive
3512,dbAMP_27113,Escherichia coli,Positive
3513,dbAMP_17750,Bacillus subtilis,Positive
3514,20056.0,Enterococcus faecalis,Positive
3515,dbAMP_22967,Staphylococcus epidermidis,Positive
3516,20837.0,Staphylococcus epidermidis,Positive
3517,dbAMP_02797,Candida albicans,Positive
3518,dbAMP_16432,Enterococcus faecalis,Positive
3519,dbAMP_21605,Micrococcus luteus,Positive
3520,dbAMP_21206,Escherichia coli,Positive
3521,dbAMP_00046,Staphylococcus aureus,Positive
3522,19246.0,Staphylococcus aureus,Positive
3523,dbAMP_27313,Staphylococcus aureus,Positive
3524,dbAMP_18947,Pseudomonas aeruginosa,Positive
3525,dbAMP_17996,Pseudomonas aeruginosa,Positive
3526,dbAMP_31202,Staphylococcus aureus,Positive
3527,dbAMP_31810,Escherichia coli,Positive
3528,dbAMP_17751,Staphylococcus aureus,Positive
3529,dbAMP_27091,Staphylococcus aureus,Positive
3530,dbAMP_03658,Bacillus cereus,Positive
3531,dbAMP_16786,Staphylococcus aureus,Positive
3532,dbAMP_05260,Pseudomonas aeruginosa,Positive
3533,20173.0,Escherichia coli,Positive
3534,dbAMP_20502,Micrococcus luteus,Positive
3535,DRAMP02361,Staphylococcus epidermidis,Positive
3536,dbAMP_22901,Staphylococcus epidermidis,Positive
3537,dbAMP_16172,Bacillus subtilis,Positive
3538,dbAMP_24034,Staphylococcus aureus,Positive
3539,dbAMP_05798,Enterococcus faecalis,Positive
3540,dbAMP_23694,Bacillus subtilis,Positive
3541,18517.0,Salmonella enterica,Positive
3542,dbAMP_03529,Escherichia coli,Positive
3543,21173.0,Escherichia coli,Positive
3544,dbAMP_00313,Staphylococcus epidermidis,Positive
3545,12761.0,Salmonella enterica,Positive
3546,dbAMP_16501,Pseudomonas aeruginosa,Positive
3547,dbAMP_14730,Pseudomonas aeruginosa,Positive
3548,dbAMP_25422,Salmonella enterica,Positive
3549,19494.0,Klebsiella pneumoniae,Positive
3550,dbAMP_31331,Escherichia coli,Positive
3551,dbAMP_04603,Salmonella enterica,Positive
3552,20501.0,Acinetobacter baumannii,Positive
3553,dbAMP_23917,Staphylococcus aureus,Positive
3554,dbAMP_31776,Salmonella enterica,Positive
3555,dbAMP_10971,Staphylococcus aureus,Positive
3556,dbAMP_24169,Staphylococcus aureus,Positive
3557,dbAMP_02310,Micrococcus luteus,Positive
3558,dbAMP_01714,Enterobacter cloacae,Positive
3559,dbAMP_19320,Listeria monocytogenes,Positive
3560,dbAMP_21368,Pseudomonas aeruginosa,Positive
3561,dbAMP_17986,Staphylococcus aureus,Positive
3562,dbAMP_27419,Pseudomonas aeruginosa,Positive
3563,dbAMP_22138,Cryptococcus neoformans,Positive
3564,dbAMP_15829,Candida albicans,Positive
3565,dbAMP_22143,Candida albicans,Positive
3566,dbAMP_22617,Bacillus megaterium,Positive
3567,dbAMP_20394,Staphylococcus aureus,Positive
3568,17879.0,Escherichia coli,Positive
3569,dbAMP_23393,Escherichia coli,Positive
3570,dbAMP_16245,Bacillus subtilis,Positive
3571,dbAMP_05268,Staphylococcus aureus,Positive
3572,20827.0,Pseudomonas aeruginosa,Positive
3573,dbAMP_32365,Bacillus megaterium,Positive
3574,21657.0,Escherichia coli,Positive
3575,dbAMP_17465,Cryptococcus neoformans,Positive
3576,12761.0,Enterococcus faecium,Positive
3577,dbAMP_14773,Klebsiella pneumoniae,Positive
3578,dbAMP_14884,Micrococcus luteus,Positive
3579,dbAMP_03451,Staphylococcus aureus,Positive
3580,dbAMP_16911,Acinetobacter baumannii,Positive
3581,dbAMP_23037,Pseudomonas aeruginosa,Positive
3582,dbAMP_05868,Bacillus subtilis,Positive
3583,17818.0,Micrococcus luteus,Positive
3584,dbAMP_27604,Escherichia coli,Positive
3585,20205.0,Escherichia coli,Positive
3586,dbAMP_16027,Escherichia coli,Positive
3587,dbAMP_24294,Bacillus cereus,Positive
3588,dbAMP_18705,Cryptococcus neoformans,Positive
3589,dbAMP_33101,Bacillus subtilis,Positive
3590,dbAMP_27231,Staphylococcus epidermidis,Positive
3591,DRAMP18495,Listeria monocytogenes,Positive
3592,dbAMP_03065,Staphylococcus aureus,Positive
3593,dbAMP_17582,Candida albicans,Positive
3594,dbAMP_16913,Escherichia coli,Positive
3595,dbAMP_18447,Listeria monocytogenes,Positive
3596,dbAMP_23037,Staphylococcus epidermidis,Positive
3597,dbAMP_23260,Enterococcus faecium,Positive
3598,dbAMP_32390,Candida albicans,Positive
3599,dbAMP_23108,Escherichia coli,Positive
3600,dbAMP_14717,Enterococcus faecalis,Positive
3601,dbAMP_24952,Bacillus subtilis,Positive
3602,dbAMP_03663,Klebsiella pneumoniae,Positive
3603,DRAMP20787,Acinetobacter baumannii,Positive
3604,DRAMP02965,Pseudomonas aeruginosa,Positive
3605,dbAMP_16023,Acinetobacter baumannii,Positive
3606,22372.0,Micrococcus luteus,Positive
3607,dbAMP_22679,Pseudomonas aeruginosa,Positive
3608,dbAMP_20865,Staphylococcus epidermidis,Positive
3609,dbAMP_16045,Escherichia coli,Positive
3610,dbAMP_01975,Bacillus megaterium,Positive
3611,dbAMP_14885,Pseudomonas aeruginosa,Positive
3612,dbAMP_28303,Staphylococcus aureus,Positive
3613,18130.0,Staphylococcus epidermidis,Positive
3614,dbAMP_22592,Staphylococcus epidermidis,Positive
3615,dbAMP_22684,Staphylococcus aureus,Positive
3616,dbAMP_27649,Micrococcus luteus,Positive
3617,dbAMP_16861,Micrococcus luteus,Positive
3618,dbAMP_03054,Staphylococcus aureus,Positive
3619,dbAMP_34587,Bacillus subtilis,Positive
3620,dbAMP_16056,Staphylococcus aureus,Positive
3621,dbAMP_22814,Staphylococcus aureus,Positive
3622,dbAMP_18847,Pseudomonas aeruginosa,Positive
3623,dbAMP_09746,Escherichia coli,Positive
3624,dbAMP_00235,Staphylococcus epidermidis,Positive
3625,dbAMP_23608,Staphylococcus aureus,Positive
3626,6804.0,Klebsiella pneumoniae,Positive
3627,dbAMP_14901,Escherichia coli,Positive
3628,17241.0,Pseudomonas aeruginosa,Positive
3629,dbAMP_21035,Klebsiella pneumoniae,Positive
3630,dbAMP_16142,Staphylococcus epidermidis,Positive
3631,dbAMP_04079,Staphylococcus aureus,Positive
3632,dbAMP_21890,Bacillus subtilis,Positive
3633,dbAMP_17442,Cryptococcus neoformans,Positive
3634,dbAMP_02096,Enterococcus faecalis,Positive
3635,18818.0,Escherichia coli,Positive
3636,dbAMP_22007,Staphylococcus aureus,Positive
3637,dbAMP_04635,Escherichia coli,Positive
3638,dbAMP_16133,Bacillus cereus,Positive
3639,dbAMP_22783,Escherichia coli,Positive
3640,dbAMP_22508,Staphylococcus aureus,Positive
3641,dbAMP_14782,Pseudomonas aeruginosa,Positive
3642,dbAMP_16325,Salmonella enterica,Positive
3643,dbAMP_18214,Staphylococcus aureus,Positive
3644,dbAMP_33710,Staphylococcus aureus,Positive
3645,19615.0,Bacillus subtilis,Positive
3646,dbAMP_16266,Escherichia coli,Positive
3647,22020.0,Bacillus subtilis,Positive
3648,dbAMP_22167,Pseudomonas aeruginosa,Positive
3649,dbAMP_15851,Staphylococcus aureus,Positive
3650,DRAMP18712,Staphylococcus aureus,Positive
3651,dbAMP_18769,Listeria monocytogenes,Positive
3652,dbAMP_17211,Staphylococcus aureus,Positive
3653,dbAMP_15980,Staphylococcus aureus,Positive
3654,dbAMP_21896,Salmonella enterica,Positive
3655,dbAMP_05516,Escherichia coli,Positive
3656,dbAMP_31865,Escherichia coli,Positive
3657,dbAMP_02996,Staphylococcus aureus,Positive
3658,dbAMP_05221,Escherichia coli,Positive
3659,dbAMP_19242,Escherichia coli,Positive
3660,dbAMP_21258,Pseudomonas aeruginosa,Positive
3661,dbAMP_17573,Bacillus subtilis,Positive
3662,dbAMP_17520,Escherichia coli,Positive
3663,dbAMP_19166,Escherichia coli,Positive
3664,dbAMP_15958,Cryptococcus neoformans,Positive
3665,dbAMP_25359,Micrococcus luteus,Positive
3666,dbAMP_22741,Micrococcus luteus,Positive
3667,dbAMP_16280,Staphylococcus aureus,Positive
3668,dbAMP_23762,Klebsiella pneumoniae,Positive
3669,dbAMP_19661,Staphylococcus aureus,Positive
3670,dbAMP_22940,Staphylococcus aureus,Positive
3671,dbAMP_20819,Bacillus subtilis,Positive
3672,dbAMP_15894,Enterococcus faecium,Positive
3673,dbAMP_00429,Staphylococcus aureus,Positive
3674,dbAMP_15962,Staphylococcus epidermidis,Positive
3675,dbAMP_03078,Staphylococcus aureus,Positive
3676,20614.0,Klebsiella pneumoniae,Positive
3677,dbAMP_22529,Pseudomonas aeruginosa,Positive
3678,22217.0,Escherichia coli,Positive
3679,dbAMP_21082,Enterococcus faecalis,Positive
3680,dbAMP_31643,Klebsiella pneumoniae,Positive
3681,dbAMP_03750,Staphylococcus aureus,Positive
3682,dbAMP_04390,Bacillus subtilis,Positive
3683,dbAMP_27532,Listeria monocytogenes,Positive
3684,dbAMP_05531,Pseudomonas aeruginosa,Positive
3685,dbAMP_14895,Staphylococcus epidermidis,Positive
3686,dbAMP_10978,Escherichia coli,Positive
3687,dbAMP_18835,Escherichia coli,Positive
3688,dbAMP_18876,Listeria monocytogenes,Positive
3689,dbAMP_25213,Escherichia coli,Positive
3690,dbAMP_27113,Staphylococcus aureus,Positive
3691,dbAMP_22698,Escherichia coli,Positive
3692,dbAMP_31816,Escherichia coli,Positive
3693,dbAMP_17046,Pseudomonas aeruginosa,Positive
3694,dbAMP_01727,Enterococcus faecium,Positive
3695,dbAMP_17506,Pseudomonas aeruginosa,Positive
3696,dbAMP_02553,Micrococcus luteus,Positive
3697,dbAMP_33299,Staphylococcus aureus,Positive
3698,dbAMP_24301,Staphylococcus aureus,Positive
3699,dbAMP_17292,Pseudomonas aeruginosa,Positive
3700,dbAMP_17441,Escherichia coli,Positive
3701,dbAMP_33104,Acinetobacter baumannii,Positive
3702,dbAMP_24873,Staphylococcus aureus,Positive
3703,dbAMP_17200,Listeria monocytogenes,Positive
3704,dbAMP_16711,Bacillus subtilis,Positive
3705,dbAMP_17205,Staphylococcus aureus,Positive
3706,dbAMP_01759,Staphylococcus aureus,Positive
3707,20605.0,Acinetobacter baumannii,Positive
3708,DRAMP18660,Bacillus subtilis,Positive
3709,dbAMP_16408,Candida albicans,Positive
3710,dbAMP_21276,Staphylococcus aureus,Positive
3711,dbAMP_03680,Klebsiella pneumoniae,Positive
3712,dbAMP_17573,Staphylococcus aureus,Positive
3713,20890.0,Listeria monocytogenes,Positive
3714,dbAMP_03188,Staphylococcus aureus,Positive
3715,dbAMP_33010,Staphylococcus epidermidis,Positive
3716,dbAMP_02087,Candida albicans,Positive
3717,dbAMP_23372,Staphylococcus aureus,Positive
3718,dbAMP_09658,Staphylococcus aureus,Positive
3719,dbAMP_14731,Staphylococcus aureus,Positive
3720,8681.0,Escherichia coli,Positive
3721,dbAMP_27494,Staphylococcus aureus,Positive
3722,dbAMP_24657,Bacillus subtilis,Positive
3723,18893.0,Staphylococcus epidermidis,Positive
3724,dbAMP_22698,Candida albicans,Positive
3725,dbAMP_22614,Escherichia coli,Positive
3726,dbAMP_14797,Bacillus subtilis,Positive
3727,dbAMP_19319,Pseudomonas aeruginosa,Positive
3728,dbAMP_05478,Listeria monocytogenes,Positive
3729,dbAMP_04761,Bacillus cereus,Positive
3730,dbAMP_05516,Staphylococcus epidermidis,Positive
3731,dbAMP_24489,Pseudomonas aeruginosa,Positive
3732,dbAMP_05500,Escherichia coli,Positive
3733,dbAMP_21288,Escherichia coli,Positive
3734,dbAMP_10842,Bacillus subtilis,Positive
3735,19924.0,Escherichia coli,Positive
3736,dbAMP_17230,Staphylococcus aureus,Positive
3737,dbAMP_03395,Staphylococcus aureus,Positive
3738,dbAMP_24792,Cryptococcus neoformans,Positive
3739,dbAMP_16053,Bacillus subtilis,Positive
3740,dbAMP_18453,Listeria monocytogenes,Positive
3741,3241.0,Staphylococcus aureus,Positive
3742,dbAMP_16903,Klebsiella pneumoniae,Positive
3743,10154.0,Staphylococcus aureus,Positive
3744,dbAMP_00400,Escherichia coli,Positive
3745,6841.0,Enterococcus faecalis,Positive
3746,dbAMP_19703,Escherichia coli,Positive
3747,dbAMP_01843,Escherichia coli,Positive
3748,21736.0,Staphylococcus aureus,Positive
3749,dbAMP_02021,Staphylococcus aureus,Positive
3750,dbAMP_23079,Escherichia coli,Positive
3751,dbAMP_16125,Enterobacter cloacae,Positive
3752,17239.0,Staphylococcus aureus,Positive
3753,dbAMP_17803,Staphylococcus aureus,Positive
3754,dbAMP_19104,Klebsiella pneumoniae,Positive
3755,dbAMP_00381,Staphylococcus aureus,Positive
3756,dbAMP_05205,Acinetobacter baumannii,Positive
3757,dbAMP_20866,Staphylococcus epidermidis,Positive
3758,dbAMP_17141,Klebsiella pneumoniae,Positive
3759,dbAMP_27419,Staphylococcus aureus,Positive
3760,dbAMP_31812,Escherichia coli,Positive
3761,14868.0,Staphylococcus aureus,Positive
3762,dbAMP_24775,Staphylococcus aureus,Positive
3763,dbAMP_33254,Pseudomonas aeruginosa,Positive
3764,dbAMP_19152,Staphylococcus epidermidis,Positive
3765,18982.0,Escherichia coli,Positive
3766,DRAMP18487,Pseudomonas aeruginosa,Positive
3767,dbAMP_27618,Salmonella enterica,Positive
3768,dbAMP_16046,Pseudomonas aeruginosa,Positive
3769,dbAMP_19427,Escherichia coli,Positive
3770,dbAMP_17519,Pseudomonas aeruginosa,Positive
3771,22104.0,Staphylococcus aureus,Positive
3772,dbAMP_21599,Staphylococcus aureus,Positive
3773,19939.0,Staphylococcus aureus,Positive
3774,19700.0,Escherichia coli,Positive
3775,dbAMP_17470,Pseudomonas aeruginosa,Positive
3776,dbAMP_27534,Salmonella enterica,Positive
3777,dbAMP_27607,Candida albicans,Positive
3778,20042.0,Bacillus subtilis,Positive
3779,21503.0,Bacillus cereus,Positive
3780,dbAMP_03758,Staphylococcus aureus,Positive
3781,dbAMP_05497,Klebsiella pneumoniae,Positive
3782,dbAMP_16164,Staphylococcus aureus,Positive
3783,dbAMP_10324,Pseudomonas aeruginosa,Positive
3784,dbAMP_33008,Staphylococcus epidermidis,Positive
3785,dbAMP_17681,Bacillus subtilis,Positive
3786,dbAMP_24166,Micrococcus luteus,Positive
3787,17242.0,Acinetobacter baumannii,Positive
3788,DRAMP03923,Staphylococcus aureus,Positive
3789,20818.0,Staphylococcus aureus,Positive
3790,22061.0,Acinetobacter baumannii,Positive
3791,dbAMP_19104,Escherichia coli,Positive
3792,dbAMP_03838,Pseudomonas aeruginosa,Positive
3793,dbAMP_20098,Staphylococcus epidermidis,Positive
3794,dbAMP_17440,Escherichia coli,Positive
3795,dbAMP_09743,Escherichia coli,Positive
3796,dbAMP_31709,Candida parapsilosis,Positive
3797,dbAMP_18767,Acinetobacter baumannii,Positive
3798,dbAMP_17462,Bacillus subtilis,Positive
3799,dbAMP_22645,Staphylococcus aureus,Positive
3800,20936.0,Escherichia coli,Positive
3801,20834.0,Enterococcus faecalis,Positive
3802,dbAMP_18183,Staphylococcus epidermidis,Positive
3803,dbAMP_21023,Klebsiella pneumoniae,Positive
3804,dbAMP_14845,Listeria monocytogenes,Positive
3805,dbAMP_04674,Staphylococcus aureus,Positive
3806,dbAMP_15924,Klebsiella pneumoniae,Positive
3807,dbAMP_25360,Bacillus subtilis,Positive
3808,dbAMP_17722,Staphylococcus aureus,Positive
3809,dbAMP_23629,Enterococcus faecium,Positive
3810,dbAMP_04603,Pseudomonas aeruginosa,Positive
3811,dbAMP_19296,Bacillus subtilis,Positive
3812,20081.0,Staphylococcus epidermidis,Positive
3813,20214.0,Staphylococcus aureus,Positive
3814,dbAMP_22638,Escherichia coli,Positive
3815,dbAMP_02189,Staphylococcus aureus,Positive
3816,dbAMP_16221,Escherichia coli,Positive
3817,dbAMP_16522,Enterococcus faecium,Positive
3818,dbAMP_04674,Listeria monocytogenes,Positive
3819,dbAMP_18064,Escherichia coli,Positive
3820,dbAMP_32933,Staphylococcus aureus,Positive
3821,dbAMP_17815,Salmonella enterica,Positive
3822,dbAMP_16260,Salmonella enterica,Positive
3823,dbAMP_02036,Candida albicans,Positive
3824,2162.0,Escherichia coli,Positive
3825,dbAMP_19236,Pseudomonas aeruginosa,Positive
3826,dbAMP_11067,Candida albicans,Positive
3827,dbAMP_18785,Pseudomonas aeruginosa,Positive
3828,dbAMP_28342,Escherichia coli,Positive
3829,19698.0,Bacillus subtilis,Positive
3830,dbAMP_12184,Pseudomonas aeruginosa,Positive
3831,dbAMP_18045,Klebsiella pneumoniae,Positive
3832,693.0,Escherichia coli,Positive
3833,dbAMP_00619,Micrococcus luteus,Positive
3834,dbAMP_02946,Staphylococcus aureus,Positive
3835,dbAMP_22885,Escherichia coli,Positive
3836,dbAMP_25440,Pseudomonas aeruginosa,Positive
3837,dbAMP_32938,Escherichia coli,Positive
3838,dbAMP_17724,Escherichia coli,Positive
3839,19943.0,Staphylococcus epidermidis,Positive
3840,dbAMP_33106,Acinetobacter baumannii,Positive
3841,dbAMP_16494,Escherichia coli,Positive
3842,18250.0,Escherichia coli,Positive
3843,17530.0,Staphylococcus aureus,Positive
3844,1755.0,Pseudomonas aeruginosa,Positive
3845,dbAMP_15976,Staphylococcus aureus,Positive
3846,21552.0,Enterococcus faecalis,Positive
3847,dbAMP_23468,Escherichia coli,Positive
3848,21004.0,Acinetobacter baumannii,Positive
3849,19896.0,Staphylococcus aureus,Positive
3850,DRAMP00074,Listeria monocytogenes,Positive
3851,DRAMP21083,Escherichia coli,Positive
3852,dbAMP_33015,Bacillus subtilis,Positive
3853,1026.0,Bacillus subtilis,Positive
3854,dbAMP_17479,Escherichia coli,Positive
3855,dbAMP_16728,Staphylococcus aureus,Positive
3856,dbAMP_02009,Staphylococcus aureus,Positive
3857,dbAMP_15830,Pseudomonas aeruginosa,Positive
3858,20827.0,Enterococcus faecalis,Positive
3859,dbAMP_17190,Staphylococcus epidermidis,Positive
3860,dbAMP_15954,Staphylococcus epidermidis,Positive
3861,dbAMP_16506,Staphylococcus aureus,Positive
3862,22061.0,Escherichia coli,Positive
3863,dbAMP_01611,Escherichia coli,Positive
3864,dbAMP_09742,Escherichia coli,Positive
3865,dbAMP_11923,Staphylococcus aureus,Positive
3866,dbAMP_15916,Candida albicans,Positive
3867,21411.0,Enterococcus faecalis,Positive
3868,22372.0,Staphylococcus aureus,Positive
3869,dbAMP_31653,Staphylococcus aureus,Positive
3870,dbAMP_20437,Staphylococcus aureus,Positive
3871,dbAMP_16369,Pseudomonas aeruginosa,Positive
3872,dbAMP_17347,Candida albicans,Positive
3873,dbAMP_21396,Staphylococcus aureus,Positive
3874,dbAMP_16146,Staphylococcus epidermidis,Positive
3875,dbAMP_06085,Salmonella enterica,Positive
3876,20856.0,Staphylococcus epidermidis,Positive
3877,dbAMP_02223,Escherichia coli,Positive
3878,17424.0,Klebsiella pneumoniae,Positive
3879,dbAMP_05281,Enterococcus faecalis,Positive
3880,dbAMP_00079,Pseudomonas aeruginosa,Positive
3881,dbAMP_18142,Escherichia coli,Positive
3882,dbAMP_22133,Candida albicans,Positive
3883,dbAMP_14882,Escherichia coli,Positive
3884,dbAMP_27427,Acinetobacter baumannii,Positive
3885,18175.0,Klebsiella pneumoniae,Positive
3886,dbAMP_02672,Staphylococcus aureus,Positive
3887,18104.0,Micrococcus luteus,Positive
3888,dbAMP_16417,Pseudomonas aeruginosa,Positive
3889,dbAMP_33015,Pseudomonas aeruginosa,Positive
3890,dbAMP_17591,Staphylococcus aureus,Positive
3891,dbAMP_20538,Micrococcus luteus,Positive
3892,dbAMP_27370,Enterobacter cloacae,Positive
3893,dbAMP_15898,Pseudomonas aeruginosa,Positive
3894,dbAMP_16043,Staphylococcus aureus,Positive
3895,dbAMP_24673,Escherichia coli,Positive
3896,dbAMP_24044,Pseudomonas aeruginosa,Positive
3897,21922.0,Staphylococcus epidermidis,Positive
3898,dbAMP_22691,Staphylococcus aureus,Positive
3899,dbAMP_16545,Staphylococcus epidermidis,Positive
3900,dbAMP_34114,Escherichia coli,Positive
3901,dbAMP_22889,Escherichia coli,Positive
3902,21876.0,Acinetobacter baumannii,Positive
3903,dbAMP_02554,Bacillus megaterium,Positive
3904,dbAMP_20463,Escherichia coli,Positive
3905,20834.0,Staphylococcus aureus,Positive
3906,dbAMP_02994,Pseudomonas aeruginosa,Positive
3907,5368.0,Klebsiella pneumoniae,Positive
3908,dbAMP_22011,Candida albicans,Positive
3909,20966.0,Staphylococcus aureus,Positive
3910,dbAMP_24816,Escherichia coli,Positive
3911,dbAMP_21941,Escherichia coli,Positive
3912,dbAMP_33376,Listeria monocytogenes,Positive
3913,dbAMP_12049,Bacillus subtilis,Positive
3914,dbAMP_21189,Escherichia coli,Positive
3915,20515.0,Salmonella enterica,Positive
3916,dbAMP_25105,Bacillus subtilis,Positive
3917,dbAMP_16908,Listeria monocytogenes,Positive
3918,dbAMP_27686,Bacillus subtilis,Positive
3919,dbAMP_05512,Bacillus subtilis,Positive
3920,dbAMP_16038,Pseudomonas aeruginosa,Positive
3921,dbAMP_17583,Staphylococcus aureus,Positive
3922,dbAMP_18017,Escherichia coli,Positive
3923,dbAMP_31806,Candida albicans,Positive
3924,18747.0,Staphylococcus aureus,Positive
3925,dbAMP_05516,Acinetobacter baumannii,Positive
3926,19947.0,Staphylococcus epidermidis,Positive
3927,DRAMP01775,Bacillus megaterium,Positive
3928,21531.0,Klebsiella pneumoniae,Positive
3929,dbAMP_32883,Candida albicans,Positive
3930,DRAMP21258,Bacillus megaterium,Positive
3931,4134.0,Staphylococcus aureus,Positive
3932,dbAMP_15759,Staphylococcus epidermidis,Positive
3933,dbAMP_10566,Pseudomonas aeruginosa,Positive
3934,17406.0,Escherichia coli,Positive
3935,dbAMP_18782,Escherichia coli,Positive
3936,dbAMP_31352,Pseudomonas aeruginosa,Positive
3937,dbAMP_19774,Pseudomonas aeruginosa,Positive
3938,dbAMP_20519,Staphylococcus aureus,Positive
3939,dbAMP_10584,Pseudomonas aeruginosa,Positive
3940,dbAMP_27313,Enterococcus faecalis,Positive
3941,2302.0,Cryptococcus neoformans,Positive
3942,20083.0,Acinetobacter baumannii,Positive
3943,dbAMP_01591,Pseudomonas aeruginosa,Positive
3944,20583.0,Listeria monocytogenes,Positive
3945,dbAMP_22975,Pseudomonas aeruginosa,Positive
3946,dbAMP_17228,Staphylococcus aureus,Positive
3947,dbAMP_24916,Staphylococcus aureus,Positive
3948,dbAMP_27500,Enterococcus faecalis,Positive
3949,dbAMP_05947,Listeria monocytogenes,Positive
3950,dbAMP_20342,Pseudomonas aeruginosa,Positive
3951,dbAMP_17426,Staphylococcus aureus,Positive
3952,dbAMP_24009,Escherichia coli,Positive
3953,10154.0,Escherichia coli,Positive
3954,dbAMP_03800,Escherichia coli,Positive
3955,dbAMP_28738,Staphylococcus epidermidis,Positive
3956,dbAMP_17325,Escherichia coli,Positive
3957,dbAMP_21277,Escherichia coli,Positive
3958,21830.0,Pseudomonas aeruginosa,Positive
3959,dbAMP_14775,Escherichia coli,Positive
3960,dbAMP_05766,Bacillus subtilis,Positive
3961,dbAMP_04006,Candida albicans,Positive
3962,dbAMP_03851,Candida albicans,Positive
3963,dbAMP_02570,Staphylococcus epidermidis,Positive
3964,dbAMP_27087,Klebsiella pneumoniae,Positive
3965,dbAMP_01733,Candida albicans,Positive
3966,dbAMP_03658,Klebsiella pneumoniae,Positive
3967,4203.0,Escherichia coli,Positive
3968,dbAMP_17321,Escherichia coli,Positive
3969,dbAMP_05516,Enterococcus faecium,Positive
3970,18656.0,Bacillus subtilis,Positive
3971,18747.0,Escherichia coli,Positive
3972,2302.0,Candida albicans,Positive
3973,3807.0,Pseudomonas aeruginosa,Positive
3974,dbAMP_20341,Klebsiella pneumoniae,Positive
3975,19641.0,Pseudomonas aeruginosa,Positive
3976,19243.0,Salmonella enterica,Positive
3977,dbAMP_15997,Acinetobacter baumannii,Positive
3978,dbAMP_03067,Staphylococcus aureus,Positive
3979,dbAMP_15765,Staphylococcus aureus,Positive
3980,dbAMP_19234,Candida albicans,Positive
3981,DRAMP18660,Micrococcus luteus,Positive
3982,dbAMP_00600,Escherichia coli,Positive
3983,dbAMP_17893,Escherichia coli,Positive
3984,dbAMP_04263,Pseudomonas aeruginosa,Positive
3985,dbAMP_10535,Escherichia coli,Positive
3986,dbAMP_11116,Staphylococcus epidermidis,Positive
3987,DRAMP01844,Klebsiella pneumoniae,Positive
3988,dbAMP_18228,Micrococcus luteus,Positive
3989,dbAMP_18045,Pseudomonas aeruginosa,Positive
3990,dbAMP_19170,Escherichia coli,Positive
3991,dbAMP_03584,Klebsiella pneumoniae,Positive
3992,20845.0,Candida albicans,Positive
3993,dbAMP_19265,Salmonella enterica,Positive
3994,dbAMP_18379,Pseudomonas aeruginosa,Positive
3995,22280.0,Bacillus megaterium,Positive
3996,dbAMP_27534,Bacillus subtilis,Positive
3997,3116.0,Candida albicans,Positive
3998,dbAMP_21394,Staphylococcus epidermidis,Positive
3999,dbAMP_16155,Pseudomonas aeruginosa,Positive
4000,DRAMP18489,Staphylococcus aureus,Positive
4001,dbAMP_23638,Acinetobacter baumannii,Positive
4002,dbAMP_22019,Escherichia coli,Positive
4003,20450.0,Salmonella enterica,Positive
4004,19991.0,Staphylococcus aureus,Positive
4005,dbAMP_23915,Staphylococcus aureus,Positive
4006,dbAMP_23146,Pseudomonas aeruginosa,Positive
4007,dbAMP_01911,Pseudomonas aeruginosa,Positive
4008,dbAMP_02583,Staphylococcus aureus,Positive
4009,19912.0,Acinetobacter baumannii,Positive
4010,dbAMP_00313,Salmonella enterica,Positive
4011,20579.0,Klebsiella pneumoniae,Positive
4012,dbAMP_23073,Bacillus megaterium,Positive
4013,dbAMP_18511,Acinetobacter baumannii,Positive
4014,dbAMP_19411,Escherichia coli,Positive
4015,904.0,Klebsiella pneumoniae,Positive
4016,dbAMP_34132,Staphylococcus aureus,Positive
4017,dbAMP_31137,Escherichia coli,Positive
4018,dbAMP_15790,Escherichia coli,Positive
4019,18818.0,Enterococcus faecalis,Positive
4020,dbAMP_22529,Staphylococcus aureus,Positive
4021,dbAMP_21922,Staphylococcus aureus,Positive
4022,dbAMP_18048,Staphylococcus epidermidis,Positive
4023,dbAMP_25013,Acinetobacter baumannii,Positive
4024,21410.0,Pseudomonas aeruginosa,Positive
4025,dbAMP_18105,Pseudomonas aeruginosa,Positive
4026,dbAMP_02777,Bacillus subtilis,Positive
4027,dbAMP_17983,Bacillus subtilis,Positive
4028,17384.0,Candida albicans,Positive
4029,dbAMP_15807,Staphylococcus epidermidis,Positive
4030,dbAMP_25403,Staphylococcus aureus,Positive
4031,dbAMP_22137,Candida albicans,Positive
4032,18821.0,Enterococcus faecalis,Positive
4033,dbAMP_19604,Escherichia coli,Positive
4034,dbAMP_10415,Staphylococcus aureus,Positive
4035,dbAMP_19189,Escherichia coli,Positive
4036,dbAMP_02777,Salmonella enterica,Positive
4037,dbAMP_23287,Escherichia coli,Positive
4038,dbAMP_18812,Escherichia coli,Positive
4039,763.0,Staphylococcus epidermidis,Positive
4040,dbAMP_21734,Candida albicans,Positive
4041,dbAMP_14881,Staphylococcus aureus,Positive
4042,dbAMP_24043,Staphylococcus aureus,Positive
4043,dbAMP_23507,Staphylococcus aureus,Positive
4044,dbAMP_02617,Klebsiella pneumoniae,Positive
4045,dbAMP_17577,Salmonella enterica,Positive
4046,dbAMP_15956,Cryptococcus neoformans,Positive
4047,dbAMP_22171,Pseudomonas aeruginosa,Positive
4048,dbAMP_23720,Acinetobacter baumannii,Positive
4049,dbAMP_27064,Salmonella enterica,Positive
4050,10347.0,Escherichia coli,Positive
4051,dbAMP_23268,Escherichia coli,Positive
4052,dbAMP_23463,Escherichia coli,Positive
4053,dbAMP_18193,Staphylococcus aureus,Positive
4054,dbAMP_22620,Pseudomonas aeruginosa,Positive
4055,dbAMP_16053,Pseudomonas aeruginosa,Positive
4056,dbAMP_15962,Staphylococcus aureus,Positive
4057,19616.0,Pseudomonas aeruginosa,Positive
4058,dbAMP_19170,Staphylococcus aureus,Positive
4059,20177.0,Escherichia coli,Positive
4060,20646.0,Escherichia coli,Positive
4061,dbAMP_21120,Escherichia coli,Positive
4062,dbAMP_15830,Micrococcus luteus,Positive
4063,dbAMP_15864,Staphylococcus aureus,Positive
4064,dbAMP_03640,Staphylococcus epidermidis,Positive
4065,dbAMP_28183,Pseudomonas aeruginosa,Positive
4066,dbAMP_21120,Candida albicans,Positive
4067,dbAMP_16728,Klebsiella pneumoniae,Positive
4068,dbAMP_16222,Staphylococcus epidermidis,Positive
4069,20791.0,Pseudomonas aeruginosa,Positive
4070,dbAMP_02129,Staphylococcus aureus,Positive
4071,DRAMP03877,Staphylococcus aureus,Positive
4072,19929.0,Acinetobacter baumannii,Positive
4073,dbAMP_04634,Staphylococcus aureus,Positive
4074,18324.0,Escherichia coli,Positive
4075,19293.0,Escherichia coli,Positive
4076,20043.0,Staphylococcus aureus,Positive
4077,dbAMP_15875,Acinetobacter baumannii,Positive
4078,dbAMP_20672,Staphylococcus aureus,Positive
4079,dbAMP_20728,Escherichia coli,Positive
4080,21078.0,Salmonella enterica,Positive
4081,20967.0,Escherichia coli,Positive
4082,18985.0,Enterococcus faecalis,Positive
4083,dbAMP_01952,Staphylococcus epidermidis,Positive
4084,dbAMP_05517,Staphylococcus aureus,Positive
4085,dbAMP_33594,Bacillus cereus,Positive
4086,dbAMP_16388,Staphylococcus aureus,Positive
4087,19291.0,Escherichia coli,Positive
4088,21164.0,Escherichia coli,Positive
4089,dbAMP_22967,Bacillus subtilis,Positive
4090,21253.0,Enterococcus faecium,Positive
4091,dbAMP_12244,Escherichia coli,Positive
4092,dbAMP_16152,Bacillus subtilis,Positive
4093,dbAMP_25173,Micrococcus luteus,Positive
4094,18599.0,Micrococcus luteus,Positive
4095,dbAMP_18899,Escherichia coli,Positive
4096,DRAMP02349,Staphylococcus aureus,Positive
4097,dbAMP_04249,Escherichia coli,Positive
4098,dbAMP_16082,Pseudomonas aeruginosa,Positive
4099,dbAMP_14795,Pseudomonas aeruginosa,Positive
4100,dbAMP_33993,Acinetobacter baumannii,Positive
4101,dbAMP_33993,Klebsiella pneumoniae,Positive
4102,dbAMP_27110,Enterococcus faecalis,Positive
4103,dbAMP_27500,Staphylococcus aureus,Positive
4104,dbAMP_02837,Candida albicans,Positive
4105,dbAMP_19789,Escherichia coli,Positive
4106,dbAMP_21400,Klebsiella pneumoniae,Positive
4107,16168.0,Bacillus megaterium,Positive
4108,dbAMP_10429,Candida albicans,Positive
4109,19148.0,Bacillus subtilis,Positive
4110,dbAMP_17892,Escherichia coli,Positive
4111,dbAMP_10305,Escherichia coli,Positive
4112,dbAMP_21670,Escherichia coli,Positive
4113,dbAMP_05530,Enterobacter cloacae,Positive
4114,dbAMP_23934,Staphylococcus aureus,Positive
4115,dbAMP_17410,Escherichia coli,Positive
4116,dbAMP_19303,Pseudomonas aeruginosa,Positive
4117,dbAMP_10482,Escherichia coli,Positive
4118,dbAMP_21027,Bacillus subtilis,Positive
4119,dbAMP_17980,Pseudomonas aeruginosa,Positive
4120,dbAMP_20534,Staphylococcus aureus,Positive
4121,dbAMP_04754,Bacillus subtilis,Positive
4122,dbAMP_02251,Enterococcus faecalis,Positive
4123,dbAMP_24145,Staphylococcus aureus,Positive
4124,dbAMP_18431,Pseudomonas aeruginosa,Positive
4125,1026.0,Staphylococcus aureus,Positive
4126,dbAMP_04842,Staphylococcus aureus,Positive
4127,dbAMP_18049,Staphylococcus epidermidis,Positive
4128,dbAMP_16373,Salmonella enterica,Positive
4129,dbAMP_22627,Escherichia coli,Positive
4130,dbAMP_17989,Klebsiella pneumoniae,Positive
4131,dbAMP_21080,Staphylococcus aureus,Positive
4132,dbAMP_20675,Staphylococcus aureus,Positive
4133,dbAMP_02310,Pseudomonas aeruginosa,Positive
4134,20173.0,Staphylococcus aureus,Positive
4135,8830.0,Pseudomonas aeruginosa,Positive
4136,dbAMP_24674,Staphylococcus aureus,Positive
4137,dbAMP_16141,Staphylococcus aureus,Positive
4138,21849.0,Escherichia coli,Positive
4139,17449.0,Pseudomonas aeruginosa,Positive
4140,dbAMP_09658,Escherichia coli,Positive
4141,dbAMP_02597,Pseudomonas aeruginosa,Positive
4142,20067.0,Bacillus megaterium,Positive
4143,DRAMP01844,Pseudomonas aeruginosa,Positive
4144,dbAMP_33105,Escherichia coli,Positive
4145,18815.0,Staphylococcus epidermidis,Positive
4146,dbAMP_19268,Acinetobacter baumannii,Positive
4147,dbAMP_03401,Staphylococcus epidermidis,Positive
4148,1004.0,Acinetobacter baumannii,Positive
4149,20504.0,Pseudomonas aeruginosa,Positive
4150,dbAMP_27534,Pseudomonas aeruginosa,Positive
4151,dbAMP_02777,Enterobacter cloacae,Positive
4152,dbAMP_19296,Micrococcus luteus,Positive
4153,dbAMP_23260,Bacillus cereus,Positive
4154,dbAMP_27429,Pseudomonas aeruginosa,Positive
4155,5135.0,Micrococcus luteus,Positive
4156,18818.0,Pseudomonas aeruginosa,Positive
4157,dbAMP_02051,Enterobacter cloacae,Positive
4158,19942.0,Staphylococcus aureus,Positive
4159,dbAMP_23759,Escherichia coli,Positive
4160,20311.0,Acinetobacter baumannii,Positive
4161,6755.0,Escherichia coli,Positive
4162,20267.0,Staphylococcus aureus,Positive
4163,dbAMP_04787,Escherichia coli,Positive
4164,dbAMP_16257,Candida parapsilosis,Positive
4165,dbAMP_18187,Escherichia coli,Positive
4166,dbAMP_27425,Pseudomonas aeruginosa,Positive
4167,dbAMP_23108,Salmonella enterica,Positive
4168,19830.0,Enterococcus faecalis,Positive
4169,dbAMP_31801,Pseudomonas aeruginosa,Positive
4170,19616.0,Staphylococcus epidermidis,Positive
4171,18813.0,Pseudomonas aeruginosa,Positive
4172,dbAMP_33230,Candida albicans,Positive
4173,dbAMP_02087,Staphylococcus aureus,Positive
4174,dbAMP_17456,Cryptococcus neoformans,Positive
4175,dbAMP_21271,Escherichia coli,Positive
4176,3382.0,Staphylococcus aureus,Positive
4177,20543.0,Staphylococcus epidermidis,Positive
4178,dbAMP_25211,Staphylococcus aureus,Positive
4179,dbAMP_01722,Staphylococcus aureus,Positive
4180,20952.0,Staphylococcus aureus,Positive
4181,dbAMP_18946,Escherichia coli,Positive
4182,dbAMP_18127,Escherichia coli,Positive
4183,dbAMP_17131,Bacillus cereus,Positive
4184,dbAMP_34583,Staphylococcus epidermidis,Positive
4185,19200.0,Staphylococcus aureus,Positive
4186,dbAMP_27233,Staphylococcus aureus,Positive
4187,dbAMP_15857,Acinetobacter baumannii,Positive
4188,dbAMP_22499,Escherichia coli,Positive
4189,18042.0,Salmonella enterica,Positive
4190,19949.0,Staphylococcus aureus,Positive
4191,dbAMP_24044,Enterobacter cloacae,Positive
4192,dbAMP_17429,Micrococcus luteus,Positive
4193,dbAMP_18241,Staphylococcus aureus,Positive
4194,dbAMP_23542,Staphylococcus aureus,Positive
4195,dbAMP_17779,Bacillus subtilis,Positive
4196,dbAMP_18405,Candida albicans,Positive
4197,dbAMP_18956,Acinetobacter baumannii,Positive
4198,20249.0,Staphylococcus aureus,Positive
4199,dbAMP_19692,Bacillus subtilis,Positive
4200,dbAMP_19124,Micrococcus luteus,Positive
4201,dbAMP_18975,Staphylococcus aureus,Positive
4202,775.0,Staphylococcus epidermidis,Positive
4203,dbAMP_21519,Pseudomonas aeruginosa,Positive
4204,dbAMP_18097,Enterococcus faecalis,Positive
4205,dbAMP_19046,Enterococcus faecium,Positive
4206,21116.0,Staphylococcus aureus,Positive
4207,dbAMP_19262,Escherichia coli,Positive
4208,dbAMP_17148,Acinetobacter baumannii,Positive
4209,dbAMP_00058,Staphylococcus aureus,Positive
4210,dbAMP_14875,Escherichia coli,Positive
4211,dbAMP_16915,Escherichia coli,Positive
4212,20346.0,Staphylococcus aureus,Positive
4213,21628.0,Salmonella enterica,Positive
4214,DRAMP01431,Escherichia coli,Positive
4215,22363.0,Staphylococcus aureus,Positive
4216,dbAMP_27583,Escherichia coli,Positive
4217,dbAMP_21132,Salmonella enterica,Positive
4218,dbAMP_03793,Listeria monocytogenes,Positive
4219,dbAMP_19044,Bacillus subtilis,Positive
4220,260.0,Escherichia coli,Positive
4221,dbAMP_02133,Bacillus subtilis,Positive
4222,21628.0,Pseudomonas aeruginosa,Positive
4223,dbAMP_21946,Escherichia coli,Positive
4224,dbAMP_22975,Bacillus subtilis,Positive
4225,dbAMP_18979,Cryptococcus neoformans,Positive
4226,dbAMP_02106,Bacillus cereus,Positive
4227,20578.0,Staphylococcus aureus,Positive
4228,20159.0,Acinetobacter baumannii,Positive
4229,dbAMP_17396,Staphylococcus aureus,Positive
4230,dbAMP_18727,Candida albicans,Positive
4231,dbAMP_18941,Escherichia coli,Positive
4232,dbAMP_24343,Escherichia coli,Positive
4233,dbAMP_18226,Enterococcus faecium,Positive
4234,22328.0,Staphylococcus epidermidis,Positive
4235,dbAMP_15551,Bacillus subtilis,Positive
4236,dbAMP_18519,Acinetobacter baumannii,Positive
4237,dbAMP_24391,Escherichia coli,Positive
4238,dbAMP_18765,Salmonella enterica,Positive
4239,dbAMP_05206,Bacillus subtilis,Positive
4240,dbAMP_21130,Listeria monocytogenes,Positive
4241,dbAMP_09813,Salmonella enterica,Positive
4242,dbAMP_03869,Escherichia coli,Positive
4243,dbAMP_27532,Candida albicans,Positive
4244,5243.0,Candida albicans,Positive
4245,dbAMP_33117,Staphylococcus aureus,Positive
4246,dbAMP_21462,Candida albicans,Positive
4247,dbAMP_18972,Staphylococcus aureus,Positive
4248,dbAMP_02370,Bacillus cereus,Positive
4249,17516.0,Staphylococcus aureus,Positive
4250,16958.0,Staphylococcus epidermidis,Positive
4251,dbAMP_18232,Salmonella enterica,Positive
4252,dbAMP_23539,Escherichia coli,Positive
4253,dbAMP_05386,Staphylococcus aureus,Positive
4254,dbAMP_21132,Pseudomonas aeruginosa,Positive
4255,dbAMP_00759,Escherichia coli,Positive
4256,dbAMP_25388,Escherichia coli,Positive
4257,dbAMP_17567,Staphylococcus aureus,Positive
4258,19945.0,Staphylococcus aureus,Positive
4259,19685.0,Enterobacter cloacae,Positive
4260,dbAMP_24868,Enterococcus faecalis,Positive
4261,dbAMP_10535,Pseudomonas aeruginosa,Positive
4262,dbAMP_21979,Staphylococcus aureus,Positive
4263,19486.0,Enterobacter cloacae,Positive
4264,dbAMP_17459,Staphylococcus aureus,Positive
4265,DRAMP02925,Pseudomonas aeruginosa,Positive
4266,dbAMP_05507,Staphylococcus aureus,Positive
4267,dbAMP_23897,Escherichia coli,Positive
4268,dbAMP_22085,Micrococcus luteus,Positive
4269,20325.0,Escherichia coli,Positive
4270,dbAMP_04774,Staphylococcus aureus,Positive
4271,dbAMP_17666,Micrococcus luteus,Positive
4272,dbAMP_15857,Candida albicans,Positive
4273,dbAMP_16546,Escherichia coli,Positive
4274,dbAMP_19282,Staphylococcus aureus,Positive
4275,dbAMP_31802,Candida albicans,Positive
4276,dbAMP_03344,Staphylococcus aureus,Positive
4277,dbAMP_17572,Escherichia coli,Positive
4278,dbAMP_14842,Escherichia coli,Positive
4279,dbAMP_02879,Candida albicans,Positive
4280,dbAMP_31304,Pseudomonas aeruginosa,Positive
4281,21114.0,Escherichia coli,Positive
4282,dbAMP_23630,Enterococcus faecium,Positive
4283,17852.0,Staphylococcus aureus,Positive
4284,dbAMP_01910,Enterococcus faecalis,Positive
4285,dbAMP_27641,Staphylococcus aureus,Positive
4286,dbAMP_17121,Candida albicans,Positive
4287,dbAMP_19022,Staphylococcus aureus,Positive
4288,dbAMP_19697,Pseudomonas aeruginosa,Positive
4289,dbAMP_16104,Staphylococcus epidermidis,Positive
4290,19777.0,Staphylococcus aureus,Positive
4291,dbAMP_24876,Salmonella enterica,Positive
4292,dbAMP_20323,Staphylococcus aureus,Positive
4293,dbAMP_02042,Candida albicans,Positive
4294,dbAMP_04821,Micrococcus luteus,Positive
4295,dbAMP_21916,Bacillus subtilis,Positive
4296,dbAMP_15829,Staphylococcus aureus,Positive
4297,dbAMP_21292,Pseudomonas aeruginosa,Positive
4298,19701.0,Bacillus subtilis,Positive
4299,dbAMP_21273,Pseudomonas aeruginosa,Positive
4300,dbAMP_19128,Staphylococcus aureus,Positive
4301,dbAMP_15914,Escherichia coli,Positive
4302,20930.0,Pseudomonas aeruginosa,Positive
4303,dbAMP_22481,Bacillus subtilis,Positive
4304,dbAMP_32819,Candida albicans,Positive
4305,dbAMP_20455,Escherichia coli,Positive
4306,19293.0,Staphylococcus aureus,Positive
4307,dbAMP_33139,Escherichia coli,Positive
4308,dbAMP_19788,Escherichia coli,Positive
4309,dbAMP_16142,Escherichia coli,Positive
4310,dbAMP_03658,Micrococcus luteus,Positive
4311,dbAMP_14731,Pseudomonas aeruginosa,Positive
4312,18830.0,Pseudomonas aeruginosa,Positive
4313,dbAMP_16884,Escherichia coli,Positive
4314,dbAMP_02106,Staphylococcus aureus,Positive
4315,dbAMP_16524,Staphylococcus aureus,Positive
4316,dbAMP_18519,Staphylococcus aureus,Positive
4317,17455.0,Cryptococcus neoformans,Positive
4318,dbAMP_34147,Staphylococcus aureus,Positive
4319,dbAMP_18157,Escherichia coli,Positive
4320,dbAMP_23934,Escherichia coli,Positive
4321,dbAMP_14788,Bacillus subtilis,Positive
4322,dbAMP_05798,Escherichia coli,Positive
4323,dbAMP_00079,Candida albicans,Positive
4324,dbAMP_01881,Staphylococcus aureus,Positive
4325,dbAMP_25173,Bacillus subtilis,Positive
4326,dbAMP_19666,Pseudomonas aeruginosa,Positive
4327,dbAMP_33140,Salmonella enterica,Positive
4328,20292.0,Escherichia coli,Positive
4329,dbAMP_20271,Staphylococcus aureus,Positive
4330,dbAMP_00387,Escherichia coli,Positive
4331,dbAMP_01501,Escherichia coli,Positive
4332,dbAMP_16148,Staphylococcus aureus,Positive
4333,20826.0,Bacillus subtilis,Positive
4334,21188.0,Bacillus cereus,Positive
4335,dbAMP_16246,Escherichia coli,Positive
4336,dbAMP_19109,Bacillus subtilis,Positive
4337,682.0,Candida albicans,Positive
4338,dbAMP_24166,Escherichia coli,Positive
4339,dbAMP_04475,Escherichia coli,Positive
4340,dbAMP_16587,Pseudomonas aeruginosa,Positive
4341,dbAMP_18049,Staphylococcus aureus,Positive
4342,dbAMP_16023,Klebsiella pneumoniae,Positive
4343,dbAMP_17327,Staphylococcus aureus,Positive
4344,dbAMP_17574,Staphylococcus aureus,Positive
4345,dbAMP_18100,Enterococcus faecalis,Positive
4346,dbAMP_24489,Klebsiella pneumoniae,Positive
4347,dbAMP_20567,Bacillus subtilis,Positive
4348,dbAMP_21141,Staphylococcus aureus,Positive
4349,dbAMP_19124,Staphylococcus aureus,Positive
4350,17796.0,Pseudomonas aeruginosa,Positive
4351,dbAMP_16054,Escherichia coli,Positive
4352,dbAMP_18525,Salmonella enterica,Positive
4353,dbAMP_17583,Bacillus subtilis,Positive
4354,dbAMP_24820,Escherichia coli,Positive
4355,20056.0,Pseudomonas aeruginosa,Positive
4356,dbAMP_33337,Staphylococcus aureus,Positive
4357,dbAMP_01731,Staphylococcus aureus,Positive
4358,dbAMP_21470,Micrococcus luteus,Positive
4359,20007.0,Staphylococcus aureus,Positive
4360,dbAMP_16749,Salmonella enterica,Positive
4361,dbAMP_21898,Staphylococcus aureus,Positive
4362,20169.0,Enterobacter cloacae,Positive
4363,dbAMP_16214,Salmonella enterica,Positive
4364,dbAMP_25305,Pseudomonas aeruginosa,Positive
4365,22050.0,Pseudomonas aeruginosa,Positive
4366,dbAMP_23164,Enterococcus faecalis,Positive
4367,dbAMP_32287,Staphylococcus aureus,Positive
4368,dbAMP_23100,Salmonella enterica,Positive
4369,dbAMP_34107,Escherichia coli,Positive
4370,20329.0,Escherichia coli,Positive
4371,19926.0,Escherichia coli,Positive
4372,dbAMP_28848,Klebsiella pneumoniae,Positive
4373,dbAMP_20657,Escherichia coli,Positive
4374,dbAMP_19779,Staphylococcus aureus,Positive
4375,dbAMP_16904,Pseudomonas aeruginosa,Positive
4376,dbAMP_32948,Escherichia coli,Positive
4377,dbAMP_04701,Staphylococcus epidermidis,Positive
4378,dbAMP_16582,Pseudomonas aeruginosa,Positive
4379,dbAMP_20657,Candida albicans,Positive
4380,dbAMP_33291,Staphylococcus aureus,Positive
4381,dbAMP_02060,Candida albicans,Positive
4382,dbAMP_04604,Staphylococcus epidermidis,Positive
4383,dbAMP_23312,Pseudomonas aeruginosa,Positive
4384,dbAMP_16219,Staphylococcus epidermidis,Positive
4385,dbAMP_10427,Candida albicans,Positive
4386,dbAMP_16881,Escherichia coli,Positive
4387,dbAMP_33096,Staphylococcus epidermidis,Positive
4388,19234.0,Staphylococcus aureus,Positive
4389,dbAMP_19834,Pseudomonas aeruginosa,Positive
4390,20542.0,Acinetobacter baumannii,Positive
4391,dbAMP_21977,Staphylococcus aureus,Positive
4392,18636.0,Candida albicans,Positive
4393,dbAMP_14827,Staphylococcus aureus,Positive
4394,22025.0,Escherichia coli,Positive
4395,dbAMP_17983,Klebsiella pneumoniae,Positive
4396,dbAMP_18527,Escherichia coli,Positive
4397,dbAMP_11856,Staphylococcus aureus,Positive
4398,dbAMP_21884,Pseudomonas aeruginosa,Positive
4399,dbAMP_18864,Pseudomonas aeruginosa,Positive
4400,dbAMP_24868,Staphylococcus aureus,Positive
4401,19776.0,Escherichia coli,Positive
4402,dbAMP_19737,Salmonella enterica,Positive
4403,dbAMP_21399,Staphylococcus aureus,Positive
4404,dbAMP_00217,Staphylococcus epidermidis,Positive
4405,21722.0,Klebsiella pneumoniae,Positive
4406,21165.0,Pseudomonas aeruginosa,Positive
4407,dbAMP_03760,Salmonella enterica,Positive
4408,dbAMP_21028,Bacillus subtilis,Positive
4409,dbAMP_16503,Cryptococcus neoformans,Positive
4410,dbAMP_03573,Bacillus subtilis,Positive
4411,dbAMP_15897,Escherichia coli,Positive
4412,20182.0,Staphylococcus aureus,Positive
4413,dbAMP_18407,Staphylococcus aureus,Positive
4414,dbAMP_03204,Candida albicans,Positive
4415,dbAMP_17028,Escherichia coli,Positive
4416,dbAMP_19806,Escherichia coli,Positive
4417,dbAMP_19253,Escherichia coli,Positive
4418,dbAMP_16102,Bacillus subtilis,Positive
4419,dbAMP_21091,Candida albicans,Positive
4420,dbAMP_02583,Escherichia coli,Positive
4421,20772.0,Salmonella enterica,Positive
4422,dbAMP_25277,Staphylococcus epidermidis,Positive
4423,dbAMP_02445,Staphylococcus epidermidis,Positive
4424,dbAMP_22889,Acinetobacter baumannii,Positive
4425,dbAMP_04167,Pseudomonas aeruginosa,Positive
4426,dbAMP_10584,Salmonella enterica,Positive
4427,18510.0,Escherichia coli,Positive
4428,dbAMP_28744,Escherichia coli,Positive
4429,dbAMP_20530,Staphylococcus aureus,Positive
4430,19520.0,Escherichia coli,Positive
4431,dbAMP_33104,Klebsiella pneumoniae,Positive
4432,dbAMP_15897,Enterococcus faecium,Positive
4433,2513.0,Staphylococcus aureus,Positive
4434,dbAMP_14909,Escherichia coli,Positive
4435,20078.0,Pseudomonas aeruginosa,Positive
4436,dbAMP_33101,Staphylococcus aureus,Positive
4437,18174.0,Klebsiella pneumoniae,Positive
4438,dbAMP_17141,Pseudomonas aeruginosa,Positive
4439,dbAMP_03322,Micrococcus luteus,Positive
4440,20173.0,Klebsiella pneumoniae,Positive
4441,dbAMP_03447,Staphylococcus aureus,Positive
4442,dbAMP_10403,Enterococcus faecalis,Positive
4443,dbAMP_23146,Klebsiella pneumoniae,Positive
4444,dbAMP_12013,Staphylococcus epidermidis,Positive
4445,dbAMP_20674,Pseudomonas aeruginosa,Positive
4446,dbAMP_33110,Acinetobacter baumannii,Positive
4447,dbAMP_02129,Micrococcus luteus,Positive
4448,18045.0,Klebsiella pneumoniae,Positive
4449,dbAMP_14721,Staphylococcus epidermidis,Positive
4450,dbAMP_31185,Escherichia coli,Positive
4451,dbAMP_12103,Staphylococcus aureus,Positive
4452,dbAMP_01917,Staphylococcus aureus,Positive
4453,dbAMP_32471,Bacillus subtilis,Positive
4454,dbAMP_14926,Escherichia coli,Positive
4455,dbAMP_23167,Escherichia coli,Positive
4456,dbAMP_01671,Escherichia coli,Positive
4457,dbAMP_15960,Escherichia coli,Positive
4458,dbAMP_27407,Staphylococcus aureus,Positive
4459,dbAMP_27580,Escherichia coli,Positive
4460,dbAMP_33233,Pseudomonas aeruginosa,Positive
4461,dbAMP_15741,Escherichia coli,Positive
4462,19668.0,Acinetobacter baumannii,Positive
4463,dbAMP_19262,Staphylococcus epidermidis,Positive
4464,dbAMP_24301,Salmonella enterica,Positive
4465,1687.0,Acinetobacter baumannii,Positive
4466,dbAMP_17349,Escherichia coli,Positive
4467,dbAMP_03091,Escherichia coli,Positive
4468,dbAMP_24572,Escherichia coli,Positive
4469,dbAMP_27087,Pseudomonas aeruginosa,Positive
4470,dbAMP_25249,Bacillus subtilis,Positive
4471,dbAMP_18822,Escherichia coli,Positive
4472,20842.0,Pseudomonas aeruginosa,Positive
4473,20318.0,Escherichia coli,Positive
4474,dbAMP_10571,Candida albicans,Positive
4475,dbAMP_04212,Escherichia coli,Positive
4476,dbAMP_32886,Candida parapsilosis,Positive
4477,21848.0,Escherichia coli,Positive
4478,1755.0,Salmonella enterica,Positive
4479,dbAMP_19697,Enterococcus faecalis,Positive
4480,dbAMP_19745,Bacillus subtilis,Positive
4481,dbAMP_15770,Pseudomonas aeruginosa,Positive
4482,21884.0,Escherichia coli,Positive
4483,dbAMP_17733,Pseudomonas aeruginosa,Positive
4484,dbAMP_11730,Listeria monocytogenes,Positive
4485,22036.0,Escherichia coli,Positive
4486,dbAMP_25309,Escherichia coli,Positive
4487,dbAMP_21974,Escherichia coli,Positive
4488,dbAMP_31631,Staphylococcus aureus,Positive
4489,22247.0,Acinetobacter baumannii,Positive
4490,dbAMP_33079,Salmonella enterica,Positive
4491,dbAMP_00032,Salmonella enterica,Positive
4492,dbAMP_22902,Bacillus subtilis,Positive
4493,dbAMP_19748,Escherichia coli,Positive
4494,19520.0,Salmonella enterica,Positive
4495,dbAMP_10100,Klebsiella pneumoniae,Positive
4496,dbAMP_34004,Staphylococcus aureus,Positive
4497,dbAMP_10595,Pseudomonas aeruginosa,Positive
4498,dbAMP_19047,Salmonella enterica,Positive
4499,dbAMP_11986,Bacillus subtilis,Positive
4500,dbAMP_01954,Candida albicans,Positive
4501,dbAMP_22024,Escherichia coli,Positive
4502,dbAMP_24792,Enterococcus faecium,Positive
4503,dbAMP_17115,Cryptococcus neoformans,Positive
4504,20349.0,Pseudomonas aeruginosa,Positive
4505,dbAMP_15894,Pseudomonas aeruginosa,Positive
4506,22344.0,Klebsiella pneumoniae,Positive
4507,20504.0,Escherichia coli,Positive
4508,dbAMP_23183,Staphylococcus aureus,Positive
4509,dbAMP_32890,Staphylococcus aureus,Positive
4510,dbAMP_02189,Candida parapsilosis,Positive
4511,dbAMP_21925,Escherichia coli,Positive
4512,dbAMP_02551,Staphylococcus aureus,Positive
4513,dbAMP_02847,Escherichia coli,Positive
4514,dbAMP_19309,Bacillus cereus,Positive
4515,dbAMP_16074,Bacillus subtilis,Positive
4516,dbAMP_24563,Pseudomonas aeruginosa,Positive
4517,dbAMP_05257,Cryptococcus neoformans,Positive
4518,dbAMP_14617,Cryptococcus neoformans,Positive
4519,dbAMP_02419,Bacillus subtilis,Positive
4520,dbAMP_20868,Salmonella enterica,Positive
4521,dbAMP_24563,Salmonella enterica,Positive
4522,dbAMP_12244,Cryptococcus neoformans,Positive
4523,dbAMP_23752,Escherichia coli,Positive
4524,20171.0,Klebsiella pneumoniae,Positive
4525,dbAMP_03646,Escherichia coli,Positive
4526,19679.0,Klebsiella pneumoniae,Positive
4527,dbAMP_16121,Enterobacter cloacae,Positive
4528,dbAMP_26141,Escherichia coli,Positive
4529,dbAMP_25084,Escherichia coli,Positive
4530,dbAMP_05204,Bacillus subtilis,Positive
4531,dbAMP_14830,Enterococcus faecalis,Positive
4532,22279.0,Pseudomonas aeruginosa,Positive
4533,dbAMP_20754,Candida albicans,Positive
4534,dbAMP_24673,Candida albicans,Positive
4535,dbAMP_18438,Escherichia coli,Positive
4536,dbAMP_23236,Staphylococcus aureus,Positive
4537,dbAMP_12052,Pseudomonas aeruginosa,Positive
4538,dbAMP_04825,Candida albicans,Positive
4539,dbAMP_15455,Klebsiella pneumoniae,Positive
4540,17516.0,Acinetobacter baumannii,Positive
4541,21981.0,Acinetobacter baumannii,Positive
4542,dbAMP_22472,Bacillus subtilis,Positive
4543,dbAMP_05060,Klebsiella pneumoniae,Positive
4544,dbAMP_18972,Bacillus subtilis,Positive
4545,dbAMP_17552,Escherichia coli,Positive
4546,dbAMP_19262,Pseudomonas aeruginosa,Positive
4547,dbAMP_24583,Escherichia coli,Positive
4548,dbAMP_04973,Klebsiella pneumoniae,Positive
4549,8829.0,Escherichia coli,Positive
4550,dbAMP_20782,Escherichia coli,Positive
4551,dbAMP_02645,Staphylococcus epidermidis,Positive
4552,dbAMP_18334,Candida parapsilosis,Positive
4553,dbAMP_13954,Escherichia coli,Positive
4554,dbAMP_16745,Pseudomonas aeruginosa,Positive
4555,19609.0,Bacillus subtilis,Positive
4556,17280.0,Escherichia coli,Positive
4557,dbAMP_03018,Pseudomonas aeruginosa,Positive
4558,dbAMP_17632,Staphylococcus aureus,Positive
4559,dbAMP_33592,Pseudomonas aeruginosa,Positive
4560,dbAMP_33021,Staphylococcus epidermidis,Positive
4561,20267.0,Listeria monocytogenes,Positive
4562,dbAMP_04804,Escherichia coli,Positive
4563,dbAMP_21815,Pseudomonas aeruginosa,Positive
4564,dbAMP_19389,Micrococcus luteus,Positive
4565,dbAMP_11110,Escherichia coli,Positive
4566,dbAMP_01094,Cryptococcus neoformans,Positive
4567,dbAMP_21024,Klebsiella pneumoniae,Positive
4568,dbAMP_16278,Candida albicans,Positive
4569,dbAMP_17459,Cryptococcus neoformans,Positive
4570,dbAMP_25218,Staphylococcus aureus,Positive
4571,dbAMP_04223,Candida albicans,Positive
4572,dbAMP_15784,Enterococcus faecalis,Positive
4573,20081.0,Staphylococcus aureus,Positive
4574,dbAMP_00388,Staphylococcus aureus,Positive
4575,dbAMP_33292,Staphylococcus aureus,Positive
4576,19485.0,Acinetobacter baumannii,Positive
4577,dbAMP_18407,Staphylococcus epidermidis,Positive
4578,dbAMP_05531,Escherichia coli,Positive
4579,19553.0,Salmonella enterica,Positive
4580,20501.0,Klebsiella pneumoniae,Positive
4581,17528.0,Pseudomonas aeruginosa,Positive
4582,20208.0,Staphylococcus aureus,Positive
4583,dbAMP_02999,Klebsiella pneumoniae,Positive
4584,dbAMP_17138,Enterococcus faecalis,Positive
4585,19355.0,Escherichia coli,Positive
4586,dbAMP_10653,Escherichia coli,Positive
4587,dbAMP_03451,Staphylococcus epidermidis,Positive
4588,dbAMP_05205,Pseudomonas aeruginosa,Positive
4589,dbAMP_18139,Acinetobacter baumannii,Positive
4590,dbAMP_22629,Staphylococcus aureus,Positive
4591,dbAMP_27231,Salmonella enterica,Positive
4592,21171.0,Enterococcus faecalis,Positive
4593,19486.0,Escherichia coli,Positive
4594,dbAMP_04814,Escherichia coli,Positive
4595,dbAMP_17102,Pseudomonas aeruginosa,Positive
4596,dbAMP_31186,Acinetobacter baumannii,Positive
4597,dbAMP_22756,Escherichia coli,Positive
4598,dbAMP_11294,Candida albicans,Positive
4599,dbAMP_19253,Pseudomonas aeruginosa,Positive
4600,DRAMP03797,Escherichia coli,Positive
4601,dbAMP_22813,Staphylococcus aureus,Positive
4602,20632.0,Salmonella enterica,Positive
4603,17389.0,Acinetobacter baumannii,Positive
4604,20145.0,Staphylococcus aureus,Positive
4605,10842.0,Escherichia coli,Positive
4606,19909.0,Enterobacter cloacae,Positive
4607,dbAMP_17462,Staphylococcus aureus,Positive
4608,dbAMP_24864,Candida albicans,Positive
4609,21318.0,Escherichia coli,Positive
4610,dbAMP_18159,Salmonella enterica,Positive
4611,dbAMP_21252,Staphylococcus aureus,Positive
4612,dbAMP_24499,Escherichia coli,Positive
4613,dbAMP_03891,Bacillus subtilis,Positive
4614,dbAMP_10706,Escherichia coli,Positive
4615,dbAMP_10653,Candida albicans,Positive
4616,dbAMP_31692,Escherichia coli,Positive
4617,dbAMP_05287,Listeria monocytogenes,Positive
4618,dbAMP_25208,Salmonella enterica,Positive
4619,dbAMP_19790,Candida albicans,Positive
4620,dbAMP_16183,Escherichia coli,Positive
4621,dbAMP_19247,Pseudomonas aeruginosa,Positive
4622,DRAMP18618,Bacillus subtilis,Positive
4623,dbAMP_21903,Bacillus subtilis,Positive
4624,22050.0,Escherichia coli,Positive
4625,18325.0,Bacillus subtilis,Positive
4626,dbAMP_33119,Escherichia coli,Positive
4627,dbAMP_15914,Candida albicans,Positive
4628,20771.0,Pseudomonas aeruginosa,Positive
4629,dbAMP_21978,Klebsiella pneumoniae,Positive
4630,dbAMP_15895,Enterococcus faecium,Positive
4631,dbAMP_17577,Listeria monocytogenes,Positive
4632,dbAMP_17579,Salmonella enterica,Positive
4633,21531.0,Bacillus subtilis,Positive
4634,dbAMP_31634,Salmonella enterica,Positive
4635,dbAMP_18148,Salmonella enterica,Positive
4636,dbAMP_15869,Enterococcus faecalis,Positive
4637,852.0,Bacillus megaterium,Positive
4638,dbAMP_23931,Pseudomonas aeruginosa,Positive
4639,20137.0,Staphylococcus aureus,Positive
4640,20646.0,Staphylococcus epidermidis,Positive
4641,DRAMP01214,Staphylococcus aureus,Positive
4642,dbAMP_03853,Cryptococcus neoformans,Positive
4643,683.0,Escherichia coli,Positive
4644,DRAMP04013,Bacillus megaterium,Positive
4645,dbAMP_21193,Staphylococcus aureus,Positive
4646,dbAMP_17507,Listeria monocytogenes,Positive
4647,dbAMP_23623,Bacillus subtilis,Positive
4648,dbAMP_27268,Bacillus subtilis,Positive
4649,dbAMP_11060,Staphylococcus aureus,Positive
4650,dbAMP_17063,Enterococcus faecalis,Positive
4651,dbAMP_23184,Staphylococcus epidermidis,Positive
4652,dbAMP_24802,Candida albicans,Positive
4653,dbAMP_04829,Escherichia coli,Positive
4654,dbAMP_16507,Escherichia coli,Positive
4655,dbAMP_10591,Candida albicans,Positive
4656,dbAMP_16501,Candida albicans,Positive
4657,dbAMP_32469,Bacillus subtilis,Positive
4658,dbAMP_17410,Candida albicans,Positive
4659,dbAMP_16155,Staphylococcus aureus,Positive
4660,dbAMP_28738,Acinetobacter baumannii,Positive
4661,19702.0,Pseudomonas aeruginosa,Positive
4662,21865.0,Escherichia coli,Positive
4663,dbAMP_02310,Salmonella enterica,Positive
4664,dbAMP_21897,Escherichia coli,Positive
4665,dbAMP_24419,Staphylococcus aureus,Positive
4666,dbAMP_14857,Pseudomonas aeruginosa,Positive
4667,dbAMP_22011,Escherichia coli,Positive
4668,dbAMP_17778,Enterococcus faecalis,Positive
4669,dbAMP_11116,Micrococcus luteus,Positive
4670,dbAMP_23135,Escherichia coli,Positive
4671,dbAMP_14776,Enterobacter cloacae,Positive
4672,dbAMP_27204,Staphylococcus aureus,Positive
4673,dbAMP_23342,Staphylococcus aureus,Positive
4674,dbAMP_16253,Bacillus subtilis,Positive
4675,18363.0,Pseudomonas aeruginosa,Positive
4676,dbAMP_18879,Escherichia coli,Positive
4677,dbAMP_02992,Escherichia coli,Positive
4678,17528.0,Staphylococcus aureus,Positive
4679,17308.0,Escherichia coli,Positive
4680,dbAMP_23730,Escherichia coli,Positive
4681,19690.0,Bacillus subtilis,Positive
4682,dbAMP_04606,Escherichia coli,Positive
4683,dbAMP_27426,Candida albicans,Positive
4684,dbAMP_18835,Staphylococcus aureus,Positive
4685,20855.0,Staphylococcus epidermidis,Positive
4686,dbAMP_18306,Candida parapsilosis,Positive
4687,21529.0,Escherichia coli,Positive
4688,dbAMP_25166,Staphylococcus epidermidis,Positive
4689,dbAMP_24273,Staphylococcus epidermidis,Positive
4690,21964.0,Staphylococcus aureus,Positive
4691,6468.0,Bacillus subtilis,Positive
4692,dbAMP_20250,Staphylococcus aureus,Positive
4693,dbAMP_15916,Escherichia coli,Positive
4694,dbAMP_23786,Escherichia coli,Positive
4695,DRAMP18495,Cryptococcus neoformans,Positive
4696,dbAMP_22138,Salmonella enterica,Positive
4697,dbAMP_22137,Staphylococcus aureus,Positive
4698,dbAMP_14726,Staphylococcus epidermidis,Positive
4699,dbAMP_18959,Staphylococcus aureus,Positive
4700,dbAMP_33176,Bacillus subtilis,Positive
4701,dbAMP_17347,Staphylococcus epidermidis,Positive
4702,dbAMP_18047,Enterococcus faecalis,Positive
4703,dbAMP_22037,Escherichia coli,Positive
4704,dbAMP_19038,Escherichia coli,Positive
4705,dbAMP_25429,Escherichia coli,Positive
4706,dbAMP_22622,Candida albicans,Positive
4707,dbAMP_17983,Enterococcus faecalis,Positive
4708,dbAMP_01844,Escherichia coli,Positive
4709,dbAMP_20781,Staphylococcus epidermidis,Positive
4710,dbAMP_23785,Staphylococcus aureus,Positive
4711,dbAMP_00236,Staphylococcus aureus,Positive
4712,20818.0,Enterococcus faecalis,Positive
4713,dbAMP_23918,Staphylococcus epidermidis,Positive
4714,dbAMP_04223,Escherichia coli,Positive
4715,dbAMP_25436,Escherichia coli,Positive
4716,dbAMP_01653,Escherichia coli,Positive
4717,dbAMP_22261,Staphylococcus aureus,Positive
4718,dbAMP_05455,Salmonella enterica,Positive
4719,dbAMP_22851,Bacillus subtilis,Positive
4720,dbAMP_33254,Escherichia coli,Positive
4721,dbAMP_16247,Staphylococcus aureus,Positive
4722,dbAMP_20496,Micrococcus luteus,Positive
4723,dbAMP_32933,Escherichia coli,Positive
4724,dbAMP_04821,Bacillus subtilis,Positive
4725,dbAMP_18855,Pseudomonas aeruginosa,Positive
4726,dbAMP_14817,Pseudomonas aeruginosa,Positive
4727,DRAMP01430,Candida albicans,Positive
4728,dbAMP_16178,Escherichia coli,Positive
4729,19640.0,Pseudomonas aeruginosa,Positive
4730,dbAMP_23231,Escherichia coli,Positive
4731,20934.0,Pseudomonas aeruginosa,Positive
4732,dbAMP_17454,Acinetobacter baumannii,Positive
4733,dbAMP_31445,Klebsiella pneumoniae,Positive
4734,dbAMP_06084,Enterococcus faecium,Positive
4735,dbAMP_14818,Staphylococcus epidermidis,Positive
4736,dbAMP_21878,Candida albicans,Positive
4737,15048.0,Pseudomonas aeruginosa,Positive
4738,dbAMP_19152,Staphylococcus aureus,Positive
4739,dbAMP_23882,Staphylococcus aureus,Positive
4740,dbAMP_24784,Escherichia coli,Positive
4741,21536.0,Enterococcus faecium,Positive
4742,dbAMP_04456,Candida albicans,Positive
4743,17250.0,Acinetobacter baumannii,Positive
4744,dbAMP_22258,Escherichia coli,Positive
4745,dbAMP_17969,Pseudomonas aeruginosa,Positive
4746,19858.0,Klebsiella pneumoniae,Positive
4747,dbAMP_17121,Staphylococcus aureus,Positive
4748,dbAMP_33781,Bacillus subtilis,Positive
4749,18053.0,Staphylococcus aureus,Positive
4750,19358.0,Klebsiella pneumoniae,Positive
4751,dbAMP_10962,Escherichia coli,Positive
4752,dbAMP_18219,Enterococcus faecium,Positive
4753,20773.0,Escherichia coli,Positive
4754,dbAMP_33022,Pseudomonas aeruginosa,Positive
4755,dbAMP_20476,Staphylococcus aureus,Positive
4756,dbAMP_27117,Candida parapsilosis,Positive
4757,dbAMP_19296,Pseudomonas aeruginosa,Positive
4758,19524.0,Salmonella enterica,Positive
4759,dbAMP_21041,Pseudomonas aeruginosa,Positive
4760,14337.0,Candida albicans,Positive
4761,21253.0,Escherichia coli,Positive
4762,dbAMP_01730,Candida albicans,Positive
4763,19781.0,Salmonella enterica,Positive
4764,dbAMP_01785,Staphylococcus aureus,Positive
4765,21248.0,Bacillus cereus,Positive
4766,dbAMP_22006,Candida parapsilosis,Positive
4767,dbAMP_17815,Klebsiella pneumoniae,Positive
4768,dbAMP_16534,Staphylococcus aureus,Positive
4769,dbAMP_21974,Pseudomonas aeruginosa,Positive
4770,dbAMP_23636,Bacillus subtilis,Positive
4771,dbAMP_15955,Escherichia coli,Positive
4772,dbAMP_17453,Cryptococcus neoformans,Positive
4773,dbAMP_17580,Salmonella enterica,Positive
4774,13939.0,Enterobacter cloacae,Positive
4775,dbAMP_18791,Staphylococcus epidermidis,Positive
4776,19265.0,Staphylococcus aureus,Positive
4777,dbAMP_24333,Staphylococcus aureus,Positive
4778,21410.0,Staphylococcus epidermidis,Positive
4779,17523.0,Candida albicans,Positive
4780,20275.0,Escherichia coli,Positive
4781,dbAMP_19579,Staphylococcus aureus,Positive
4782,21188.0,Listeria monocytogenes,Positive
4783,dbAMP_22530,Escherichia coli,Positive
4784,dbAMP_15827,Bacillus subtilis,Positive
4785,dbAMP_00615,Micrococcus luteus,Positive
4786,dbAMP_04212,Pseudomonas aeruginosa,Positive
4787,dbAMP_17462,Pseudomonas aeruginosa,Positive
4788,8647.0,Escherichia coli,Positive
4789,dbAMP_20141,Klebsiella pneumoniae,Positive
4790,dbAMP_17082,Staphylococcus aureus,Positive
4791,19940.0,Staphylococcus epidermidis,Positive
4792,dbAMP_16162,Staphylococcus aureus,Positive
4793,18685.0,Escherichia coli,Positive
4794,dbAMP_20536,Enterococcus faecium,Positive
4795,dbAMP_19601,Candida albicans,Positive
4796,dbAMP_12361,Pseudomonas aeruginosa,Positive
4797,dbAMP_16124,Listeria monocytogenes,Positive
4798,22098.0,Enterococcus faecalis,Positive
4799,dbAMP_21770,Bacillus subtilis,Positive
4800,21526.0,Escherichia coli,Positive
4801,dbAMP_23923,Staphylococcus epidermidis,Positive
4802,dbAMP_17778,Staphylococcus aureus,Positive
4803,dbAMP_16046,Bacillus subtilis,Positive
4804,dbAMP_10427,Escherichia coli,Positive
4805,dbAMP_24673,Klebsiella pneumoniae,Positive
4806,dbAMP_22511,Staphylococcus aureus,Positive
4807,dbAMP_02044,Candida parapsilosis,Positive
4808,dbAMP_19044,Staphylococcus aureus,Positive
4809,dbAMP_31803,Staphylococcus aureus,Positive
4810,dbAMP_10338,Staphylococcus aureus,Positive
4811,dbAMP_32944,Escherichia coli,Positive
4812,dbAMP_03150,Klebsiella pneumoniae,Positive
4813,21474.0,Cryptococcus neoformans,Positive
4814,dbAMP_20561,Candida albicans,Positive
4815,dbAMP_24673,Enterococcus faecalis,Positive
4816,dbAMP_24220,Staphylococcus epidermidis,Positive
4817,1564.0,Candida albicans,Positive
4818,dbAMP_21951,Escherichia coli,Positive
4819,dbAMP_16133,Micrococcus luteus,Positive
4820,dbAMP_22723,Pseudomonas aeruginosa,Positive
4821,DRAMP21084,Pseudomonas aeruginosa,Positive
4822,dbAMP_22716,Pseudomonas aeruginosa,Positive
4823,20154.0,Staphylococcus aureus,Positive
4824,dbAMP_13325,Pseudomonas aeruginosa,Positive
4825,dbAMP_15761,Escherichia coli,Positive
4826,dbAMP_10918,Bacillus cereus,Positive
4827,dbAMP_16232,Escherichia coli,Positive
4828,dbAMP_25443,Staphylococcus aureus,Positive
4829,dbAMP_27234,Escherichia coli,Positive
4830,dbAMP_22811,Staphylococcus aureus,Positive
4831,dbAMP_23785,Escherichia coli,Positive
4832,dbAMP_18219,Enterococcus faecalis,Positive
4833,dbAMP_04304,Klebsiella pneumoniae,Positive
4834,dbAMP_14884,Escherichia coli,Positive
4835,22216.0,Escherichia coli,Positive
4836,dbAMP_27152,Candida albicans,Positive
4837,dbAMP_01894,Staphylococcus epidermidis,Positive
4838,dbAMP_03613,Candida albicans,Positive
4839,dbAMP_33175,Staphylococcus aureus,Positive
4840,19962.0,Candida albicans,Positive
4841,dbAMP_27453,Staphylococcus aureus,Positive
4842,dbAMP_16557,Pseudomonas aeruginosa,Positive
4843,dbAMP_21277,Staphylococcus aureus,Positive
4844,dbAMP_17055,Staphylococcus epidermidis,Positive
4845,21587.0,Pseudomonas aeruginosa,Positive
4846,dbAMP_16530,Pseudomonas aeruginosa,Positive
4847,dbAMP_17459,Acinetobacter baumannii,Positive
4848,dbAMP_04659,Escherichia coli,Positive
4849,dbAMP_33329,Candida albicans,Positive
4850,dbAMP_04450,Staphylococcus aureus,Positive
4851,DRAMP03823,Escherichia coli,Positive
4852,dbAMP_03401,Micrococcus luteus,Positive
4853,dbAMP_18233,Enterococcus faecium,Positive
4854,dbAMP_33617,Candida albicans,Positive
4855,21973.0,Staphylococcus aureus,Positive
4856,DRAMP03153,Staphylococcus aureus,Positive
4857,dbAMP_04423,Listeria monocytogenes,Positive
4858,dbAMP_18979,Staphylococcus epidermidis,Positive
4859,dbAMP_21370,Escherichia coli,Positive
4860,dbAMP_34583,Pseudomonas aeruginosa,Positive
4861,dbAMP_01941,Escherichia coli,Positive
4862,dbAMP_28180,Bacillus subtilis,Positive
4863,DRAMP02391,Acinetobacter baumannii,Positive
4864,dbAMP_03725,Pseudomonas aeruginosa,Positive
4865,dbAMP_19320,Enterococcus faecalis,Positive
4866,dbAMP_10834,Micrococcus luteus,Positive
4867,dbAMP_10505,Staphylococcus aureus,Positive
4868,dbAMP_17495,Salmonella enterica,Positive
4869,DRAMP03599,Pseudomonas aeruginosa,Positive
4870,18816.0,Enterococcus faecalis,Positive
4871,dbAMP_24876,Staphylococcus aureus,Positive
4872,dbAMP_03527,Pseudomonas aeruginosa,Positive
4873,18821.0,Staphylococcus aureus,Positive
4874,21334.0,Pseudomonas aeruginosa,Positive
4875,dbAMP_27604,Enterococcus faecium,Positive
4876,dbAMP_18801,Escherichia coli,Positive
4877,20005.0,Bacillus cereus,Positive
4878,dbAMP_18155,Salmonella enterica,Positive
4879,dbAMP_16272,Escherichia coli,Positive
4880,21527.0,Klebsiella pneumoniae,Positive
4881,18855.0,Staphylococcus aureus,Positive
4882,19704.0,Escherichia coli,Positive
4883,dbAMP_19292,Salmonella enterica,Positive
4884,20067.0,Escherichia coli,Positive
4885,22216.0,Acinetobacter baumannii,Positive
4886,dbAMP_25875,Klebsiella pneumoniae,Positive
4887,dbAMP_02068,Staphylococcus aureus,Positive
4888,dbAMP_22592,Salmonella enterica,Positive
4889,dbAMP_03856,Staphylococcus aureus,Positive
4890,19705.0,Klebsiella pneumoniae,Positive
4891,dbAMP_24300,Listeria monocytogenes,Positive
4892,dbAMP_02706,Bacillus subtilis,Positive
4893,dbAMP_33163,Staphylococcus aureus,Positive
4894,dbAMP_27494,Escherichia coli,Positive
4895,dbAMP_21704,Salmonella enterica,Positive
4896,dbAMP_14710,Staphylococcus aureus,Positive
4897,dbAMP_01616,Staphylococcus epidermidis,Positive
4898,2869.0,Pseudomonas aeruginosa,Positive
4899,20395.0,Salmonella enterica,Positive
4900,dbAMP_17581,Salmonella enterica,Positive
4901,dbAMP_18852,Pseudomonas aeruginosa,Positive
4902,dbAMP_16233,Acinetobacter baumannii,Positive
4903,dbAMP_10940,Staphylococcus aureus,Positive
4904,17603.0,Escherichia coli,Positive
4905,dbAMP_33116,Enterobacter cloacae,Positive
4906,dbAMP_09775,Escherichia coli,Positive
4907,dbAMP_23998,Staphylococcus epidermidis,Positive
4908,20502.0,Escherichia coli,Positive
4909,dbAMP_15551,Staphylococcus aureus,Positive
4910,dbAMP_02329,Pseudomonas aeruginosa,Positive
4911,dbAMP_24672,Klebsiella pneumoniae,Positive
4912,dbAMP_17200,Staphylococcus aureus,Positive
4913,dbAMP_04539,Enterococcus faecium,Positive
4914,dbAMP_16053,Candida albicans,Positive
4915,dbAMP_18151,Salmonella enterica,Positive
4916,dbAMP_16151,Staphylococcus epidermidis,Positive
4917,19773.0,Staphylococcus aureus,Positive
4918,dbAMP_21996,Pseudomonas aeruginosa,Positive
4919,dbAMP_31713,Staphylococcus aureus,Positive
4920,dbAMP_33230,Staphylococcus aureus,Positive
4921,dbAMP_17696,Bacillus subtilis,Positive
4922,dbAMP_17289,Enterococcus faecalis,Positive
4923,5135.0,Escherichia coli,Positive
4924,dbAMP_11692,Micrococcus luteus,Positive
4925,dbAMP_22119,Salmonella enterica,Positive
4926,dbAMP_21621,Micrococcus luteus,Positive
4927,dbAMP_02429,Escherichia coli,Positive
4928,dbAMP_15987,Escherichia coli,Positive
4929,dbAMP_24310,Salmonella enterica,Positive
4930,20326.0,Escherichia coli,Positive
4931,dbAMP_22852,Staphylococcus epidermidis,Positive
4932,dbAMP_05281,Escherichia coli,Positive
4933,dbAMP_10839,Escherichia coli,Positive
4934,dbAMP_11141,Acinetobacter baumannii,Positive
4935,dbAMP_17574,Bacillus subtilis,Positive
4936,dbAMP_16715,Acinetobacter baumannii,Positive
4937,dbAMP_02584,Escherichia coli,Positive
4938,dbAMP_17221,Staphylococcus aureus,Positive
4939,dbAMP_18150,Escherichia coli,Positive
4940,dbAMP_23699,Acinetobacter baumannii,Positive
4941,dbAMP_02395,Enterococcus faecalis,Positive
4942,14337.0,Staphylococcus aureus,Positive
4943,1824.0,Bacillus subtilis,Positive
4944,dbAMP_15827,Candida albicans,Positive
4945,dbAMP_22041,Staphylococcus aureus,Positive
4946,dbAMP_16229,Escherichia coli,Positive
4947,dbAMP_02797,Bacillus cereus,Positive
4948,dbAMP_22734,Micrococcus luteus,Positive
4949,dbAMP_12040,Escherichia coli,Positive
4950,dbAMP_01911,Staphylococcus aureus,Positive
4951,DRAMP03278,Bacillus subtilis,Positive
4952,dbAMP_01982,Escherichia coli,Positive
4953,dbAMP_21258,Escherichia coli,Positive
4954,14868.0,Staphylococcus epidermidis,Positive
4955,dbAMP_02048,Staphylococcus aureus,Positive
4956,20401.0,Staphylococcus aureus,Positive
4957,19255.0,Escherichia coli,Positive
4958,21526.0,Staphylococcus aureus,Positive
4959,dbAMP_01625,Micrococcus luteus,Positive
4960,19571.0,Staphylococcus aureus,Positive
4961,dbAMP_15916,Staphylococcus aureus,Positive
4962,6804.0,Acinetobacter baumannii,Positive
4963,19695.0,Bacillus subtilis,Positive
4964,dbAMP_22036,Bacillus subtilis,Positive
4965,dbAMP_16013,Bacillus subtilis,Positive
4966,dbAMP_15795,Escherichia coli,Positive
4967,dbAMP_10427,Listeria monocytogenes,Positive
4968,19642.0,Escherichia coli,Positive
4969,dbAMP_04359,Candida albicans,Positive
4970,dbAMP_17779,Staphylococcus aureus,Positive
4971,dbAMP_17808,Staphylococcus aureus,Positive
4972,dbAMP_16247,Pseudomonas aeruginosa,Positive
4973,dbAMP_04562,Bacillus cereus,Positive
4974,dbAMP_00079,Escherichia coli,Positive
4975,dbAMP_23161,Candida albicans,Positive
4976,20542.0,Staphylococcus epidermidis,Positive
4977,dbAMP_05162,Escherichia coli,Positive
4978,19858.0,Pseudomonas aeruginosa,Positive
4979,dbAMP_16326,Staphylococcus aureus,Positive
4980,dbAMP_34381,Escherichia coli,Positive
4981,dbAMP_14891,Pseudomonas aeruginosa,Positive
4982,dbAMP_24802,Escherichia coli,Positive
4983,dbAMP_22529,Klebsiella pneumoniae,Positive
4984,21077.0,Staphylococcus epidermidis,Positive
4985,dbAMP_24286,Escherichia coli,Positive
4986,dbAMP_17290,Staphylococcus aureus,Positive
4987,dbAMP_15943,Staphylococcus aureus,Positive
4988,dbAMP_00622,Enterococcus faecalis,Positive
4989,dbAMP_31652,Escherichia coli,Positive
4990,dbAMP_18226,Pseudomonas aeruginosa,Positive
4991,dbAMP_04704,Micrococcus luteus,Positive
4992,dbAMP_02954,Pseudomonas aeruginosa,Positive
4993,dbAMP_22760,Pseudomonas aeruginosa,Positive
4994,22217.0,Klebsiella pneumoniae,Positive
4995,dbAMP_17130,Cryptococcus neoformans,Positive
4996,dbAMP_34113,Escherichia coli,Positive
4997,dbAMP_16325,Bacillus subtilis,Positive
4998,dbAMP_23901,Escherichia coli,Positive
4999,dbAMP_17989,Staphylococcus aureus,Positive
5000,18235.0,Staphylococcus aureus,Positive
5001,764.0,Listeria monocytogenes,Positive
5002,dbAMP_02022,Staphylococcus aureus,Positive
5003,dbAMP_33594,Klebsiella pneumoniae,Positive
5004,dbAMP_04074,Salmonella enterica,Positive
5005,21164.0,Bacillus subtilis,Positive
5006,dbAMP_19794,Staphylococcus aureus,Positive
5007,20515.0,Pseudomonas aeruginosa,Positive
5008,dbAMP_19309,Staphylococcus epidermidis,Positive
5009,dbAMP_31319,Pseudomonas aeruginosa,Positive
5010,dbAMP_23469,Staphylococcus epidermidis,Positive
5011,dbAMP_33032,Klebsiella pneumoniae,Positive
5012,20580.0,Staphylococcus aureus,Positive
5013,dbAMP_16327,Escherichia coli,Positive
5014,dbAMP_14823,Salmonella enterica,Positive
5015,dbAMP_23127,Staphylococcus epidermidis,Positive
5016,21534.0,Klebsiella pneumoniae,Positive
5017,506.0,Enterococcus faecalis,Positive
5018,dbAMP_31330,Klebsiella pneumoniae,Positive
5019,dbAMP_24008,Pseudomonas aeruginosa,Positive
5020,19517.0,Escherichia coli,Positive
5021,dbAMP_00172,Salmonella enterica,Positive
5022,dbAMP_20733,Enterococcus faecalis,Positive
5023,dbAMP_04456,Klebsiella pneumoniae,Positive
5024,dbAMP_24946,Klebsiella pneumoniae,Positive
5025,dbAMP_27313,Salmonella enterica,Positive
5026,19488.0,Staphylococcus aureus,Positive
5027,dbAMP_06081,Bacillus subtilis,Positive
5028,dbAMP_16752,Staphylococcus epidermidis,Positive
5029,dbAMP_04761,Staphylococcus aureus,Positive
5030,dbAMP_17100,Staphylococcus aureus,Positive
5031,dbAMP_22506,Pseudomonas aeruginosa,Positive
5032,dbAMP_33029,Staphylococcus aureus,Positive
5033,dbAMP_04657,Escherichia coli,Positive
5034,dbAMP_20384,Escherichia coli,Positive
5035,dbAMP_24301,Pseudomonas aeruginosa,Positive
5036,17939.0,Staphylococcus aureus,Positive
5037,dbAMP_10754,Pseudomonas aeruginosa,Positive
5038,19489.0,Staphylococcus aureus,Positive
5039,dbAMP_19388,Micrococcus luteus,Positive
5040,dbAMP_16131,Staphylococcus aureus,Positive
5041,2869.0,Salmonella enterica,Positive
5042,dbAMP_21592,Pseudomonas aeruginosa,Positive
5043,dbAMP_19599,Candida albicans,Positive
5044,dbAMP_19294,Pseudomonas aeruginosa,Positive
5045,dbAMP_23107,Klebsiella pneumoniae,Positive
5046,dbAMP_25166,Staphylococcus aureus,Positive
5047,dbAMP_11247,Staphylococcus aureus,Positive
5048,dbAMP_02247,Escherichia coli,Positive
5049,dbAMP_04604,Staphylococcus aureus,Positive
5050,5857.0,Escherichia coli,Positive
5051,dbAMP_27236,Pseudomonas aeruginosa,Positive
5052,dbAMP_21198,Escherichia coli,Positive
5053,dbAMP_19435,Escherichia coli,Positive
5054,21944.0,Bacillus subtilis,Positive
5055,dbAMP_27541,Candida albicans,Positive
5056,dbAMP_24871,Pseudomonas aeruginosa,Positive
5057,19925.0,Staphylococcus aureus,Positive
5058,dbAMP_03124,Klebsiella pneumoniae,Positive
5059,20324.0,Escherichia coli,Positive
5060,dbAMP_21895,Escherichia coli,Positive
5061,dbAMP_24288,Enterococcus faecium,Positive
5062,dbAMP_25336,Bacillus subtilis,Positive
5063,dbAMP_21770,Pseudomonas aeruginosa,Positive
5064,7058.0,Salmonella enterica,Positive
5065,dbAMP_05868,Candida albicans,Positive
5066,dbAMP_16369,Staphylococcus aureus,Positive
5067,dbAMP_11110,Micrococcus luteus,Positive
5068,dbAMP_27534,Staphylococcus epidermidis,Positive
5069,17414.0,Pseudomonas aeruginosa,Positive
5070,19673.0,Staphylococcus aureus,Positive
5071,dbAMP_14782,Escherichia coli,Positive
5072,19672.0,Escherichia coli,Positive
5073,dbAMP_16253,Staphylococcus aureus,Positive
5074,22246.0,Staphylococcus aureus,Positive
5075,19875.0,Escherichia coli,Positive
5076,dbAMP_27473,Escherichia coli,Positive
5077,19606.0,Escherichia coli,Positive
5078,dbAMP_16279,Escherichia coli,Positive
5079,dbAMP_03600,Escherichia coli,Positive
5080,dbAMP_05159,Escherichia coli,Positive
5081,dbAMP_18729,Pseudomonas aeruginosa,Positive
5082,DRAMP01650,Escherichia coli,Positive
5083,1004.0,Salmonella enterica,Positive
5084,dbAMP_00784,Escherichia coli,Positive
5085,dbAMP_11109,Bacillus subtilis,Positive
5086,19284.0,Enterococcus faecalis,Positive
5087,17219.0,Pseudomonas aeruginosa,Positive
5088,dbAMP_10403,Staphylococcus epidermidis,Positive
5089,dbAMP_27580,Staphylococcus aureus,Positive
5090,dbAMP_02044,Escherichia coli,Positive
5091,18893.0,Pseudomonas aeruginosa,Positive
5092,dbAMP_23766,Escherichia coli,Positive
5093,dbAMP_16373,Pseudomonas aeruginosa,Positive
5094,dbAMP_17826,Staphylococcus aureus,Positive
5095,dbAMP_25388,Pseudomonas aeruginosa,Positive
5096,dbAMP_31633,Pseudomonas aeruginosa,Positive
5097,dbAMP_22966,Pseudomonas aeruginosa,Positive
5098,21715.0,Staphylococcus aureus,Positive
5099,19913.0,Escherichia coli,Positive
5100,dbAMP_33282,Staphylococcus aureus,Positive
5101,21051.0,Bacillus subtilis,Positive
5102,dbAMP_00917,Micrococcus luteus,Positive
5103,dbAMP_18307,Candida parapsilosis,Positive
5104,dbAMP_18116,Pseudomonas aeruginosa,Positive
5105,dbAMP_33237,Escherichia coli,Positive
5106,21188.0,Enterobacter cloacae,Positive
5107,dbAMP_19641,Escherichia coli,Positive
5108,dbAMP_23828,Escherichia coli,Positive
5109,dbAMP_03668,Klebsiella pneumoniae,Positive
5110,dbAMP_18155,Escherichia coli,Positive
5111,dbAMP_18618,Escherichia coli,Positive
5112,dbAMP_24165,Escherichia coli,Positive
5113,20631.0,Staphylococcus epidermidis,Positive
5114,dbAMP_00235,Klebsiella pneumoniae,Positive
5115,22317.0,Klebsiella pneumoniae,Positive
5116,dbAMP_11177,Escherichia coli,Positive
5117,dbAMP_02826,Staphylococcus aureus,Positive
5118,18581.0,Cryptococcus neoformans,Positive
5119,8541.0,Acinetobacter baumannii,Positive
5120,dbAMP_33098,Staphylococcus aureus,Positive
5121,dbAMP_16075,Bacillus subtilis,Positive
5122,dbAMP_24751,Escherichia coli,Positive
5123,dbAMP_09621,Salmonella enterica,Positive
5124,dbAMP_00037,Escherichia coli,Positive
5125,dbAMP_12105,Candida albicans,Positive
5126,dbAMP_05205,Staphylococcus aureus,Positive
5127,dbAMP_09654,Salmonella enterica,Positive
5128,dbAMP_21954,Pseudomonas aeruginosa,Positive
5129,dbAMP_20098,Bacillus subtilis,Positive
5130,1465.0,Bacillus subtilis,Positive
5131,dbAMP_33107,Staphylococcus aureus,Positive
5132,dbAMP_23363,Escherichia coli,Positive
5133,dbAMP_16509,Salmonella enterica,Positive
5134,dbAMP_34309,Staphylococcus aureus,Positive
5135,dbAMP_03663,Staphylococcus aureus,Positive
5136,21214.0,Enterococcus faecium,Positive
5137,dbAMP_23204,Escherichia coli,Positive
5138,dbAMP_19170,Enterococcus faecalis,Positive
5139,19676.0,Staphylococcus aureus,Positive
5140,8829.0,Staphylococcus epidermidis,Positive
5141,dbAMP_02848,Escherichia coli,Positive
5142,dbAMP_04788,Klebsiella pneumoniae,Positive
5143,dbAMP_02051,Staphylococcus epidermidis,Positive
5144,19556.0,Staphylococcus epidermidis,Positive
5145,20144.0,Escherichia coli,Positive
5146,dbAMP_27474,Cryptococcus neoformans,Positive
5147,dbAMP_24217,Bacillus subtilis,Positive
5148,19905.0,Staphylococcus aureus,Positive
5149,dbAMP_05868,Staphylococcus epidermidis,Positive
5150,7386.0,Micrococcus luteus,Positive
5151,20317.0,Salmonella enterica,Positive
5152,dbAMP_16750,Enterococcus faecalis,Positive
5153,DRAMP18712,Salmonella enterica,Positive
5154,20540.0,Bacillus subtilis,Positive
5155,19200.0,Bacillus subtilis,Positive
5156,dbAMP_21720,Pseudomonas aeruginosa,Positive
5157,DRAMP01513,Escherichia coli,Positive
5158,dbAMP_19163,Escherichia coli,Positive
5159,dbAMP_14782,Bacillus megaterium,Positive
5160,dbAMP_19773,Pseudomonas aeruginosa,Positive
5161,dbAMP_23457,Staphylococcus epidermidis,Positive
5162,20831.0,Bacillus cereus,Positive
5163,3241.0,Micrococcus luteus,Positive
5164,dbAMP_16286,Escherichia coli,Positive
5165,20056.0,Escherichia coli,Positive
5166,dbAMP_20533,Candida albicans,Positive
5167,dbAMP_22621,Acinetobacter baumannii,Positive
5168,17249.0,Pseudomonas aeruginosa,Positive
5169,dbAMP_18789,Staphylococcus epidermidis,Positive
5170,20839.0,Acinetobacter baumannii,Positive
5171,dbAMP_20353,Staphylococcus aureus,Positive
5172,dbAMP_00236,Salmonella enterica,Positive
5173,dbAMP_23467,Escherichia coli,Positive
5174,dbAMP_05497,Bacillus subtilis,Positive
5175,dbAMP_19286,Acinetobacter baumannii,Positive
5176,dbAMP_23762,Escherichia coli,Positive
5177,dbAMP_16020,Staphylococcus aureus,Positive
5178,dbAMP_15985,Candida parapsilosis,Positive
5179,dbAMP_23936,Staphylococcus epidermidis,Positive
5180,dbAMP_03525,Escherichia coli,Positive
5181,dbAMP_32226,Pseudomonas aeruginosa,Positive
5182,dbAMP_10498,Candida albicans,Positive
5183,dbAMP_05455,Bacillus subtilis,Positive
5184,17457.0,Cryptococcus neoformans,Positive
5185,dbAMP_21464,Micrococcus luteus,Positive
5186,dbAMP_25036,Pseudomonas aeruginosa,Positive
5187,dbAMP_02548,Escherichia coli,Positive
5188,19679.0,Bacillus subtilis,Positive
5189,dbAMP_21832,Bacillus subtilis,Positive
5190,dbAMP_22813,Candida albicans,Positive
5191,dbAMP_33144,Pseudomonas aeruginosa,Positive
5192,dbAMP_19285,Escherichia coli,Positive
5193,dbAMP_24079,Staphylococcus aureus,Positive
5194,dbAMP_27451,Pseudomonas aeruginosa,Positive
5195,dbAMP_27400,Bacillus subtilis,Positive
5196,dbAMP_24277,Staphylococcus aureus,Positive
5197,dbAMP_17005,Staphylococcus epidermidis,Positive
5198,dbAMP_21653,Staphylococcus epidermidis,Positive
5199,dbAMP_24490,Staphylococcus aureus,Positive
5200,dbAMP_18182,Staphylococcus aureus,Positive
5201,dbAMP_16027,Staphylococcus epidermidis,Positive
5202,dbAMP_19800,Pseudomonas aeruginosa,Positive
5203,dbAMP_03651,Bacillus cereus,Positive
5204,dbAMP_04356,Salmonella enterica,Positive
5205,dbAMP_23990,Escherichia coli,Positive
5206,dbAMP_18114,Enterococcus faecalis,Positive
5207,dbAMP_22940,Staphylococcus epidermidis,Positive
5208,dbAMP_23936,Candida albicans,Positive
5209,dbAMP_20928,Escherichia coli,Positive
5210,dbAMP_23974,Salmonella enterica,Positive
5211,dbAMP_03663,Escherichia coli,Positive
5212,dbAMP_22975,Salmonella enterica,Positive
5213,dbAMP_01916,Escherichia coli,Positive
5214,dbAMP_24034,Staphylococcus epidermidis,Positive
5215,dbAMP_03682,Escherichia coli,Positive
5216,DRAMP01305,Pseudomonas aeruginosa,Positive
5217,20205.0,Pseudomonas aeruginosa,Positive
5218,21331.0,Candida albicans,Positive
5219,dbAMP_01918,Escherichia coli,Positive
5220,dbAMP_22296,Bacillus cereus,Positive
5221,dbAMP_10573,Escherichia coli,Positive
5222,20582.0,Staphylococcus epidermidis,Positive
5223,dbAMP_18446,Enterococcus faecalis,Positive
5224,dbAMP_16307,Acinetobacter baumannii,Positive
5225,20790.0,Pseudomonas aeruginosa,Positive
5226,20840.0,Acinetobacter baumannii,Positive
5227,dbAMP_27239,Escherichia coli,Positive
5228,dbAMP_00667,Escherichia coli,Positive
5229,dbAMP_25089,Bacillus subtilis,Positive
5230,20772.0,Acinetobacter baumannii,Positive
5231,dbAMP_03516,Staphylococcus aureus,Positive
5232,dbAMP_02834,Staphylococcus aureus,Positive
5233,dbAMP_02094,Enterococcus faecium,Positive
5234,dbAMP_21767,Escherichia coli,Positive
5235,dbAMP_20825,Escherichia coli,Positive
5236,dbAMP_19443,Escherichia coli,Positive
5237,DRAMP03922,Bacillus megaterium,Positive
5238,dbAMP_27360,Listeria monocytogenes,Positive
5239,dbAMP_18765,Escherichia coli,Positive
5240,dbAMP_18837,Pseudomonas aeruginosa,Positive
5241,7049.0,Enterococcus faecalis,Positive
5242,dbAMP_04704,Salmonella enterica,Positive
5243,dbAMP_18878,Pseudomonas aeruginosa,Positive
5244,7074.0,Staphylococcus epidermidis,Positive
5245,dbAMP_21455,Escherichia coli,Positive
5246,dbAMP_16735,Escherichia coli,Positive
5247,dbAMP_17424,Staphylococcus aureus,Positive
5248,20083.0,Enterococcus faecium,Positive
5249,21036.0,Enterococcus faecalis,Positive
5250,dbAMP_27604,Pseudomonas aeruginosa,Positive
5251,dbAMP_22039,Candida albicans,Positive
5252,dbAMP_16904,Listeria monocytogenes,Positive
5253,20841.0,Enterococcus faecalis,Positive
5254,dbAMP_18437,Candida parapsilosis,Positive
5255,dbAMP_25336,Escherichia coli,Positive
5256,dbAMP_04775,Escherichia coli,Positive
5257,dbAMP_17118,Candida albicans,Positive
5258,7074.0,Pseudomonas aeruginosa,Positive
5259,dbAMP_02954,Staphylococcus aureus,Positive
5260,dbAMP_20284,Pseudomonas aeruginosa,Positive
5261,dbAMP_17459,Pseudomonas aeruginosa,Positive
5262,dbAMP_20473,Staphylococcus aureus,Positive
5263,7084.0,Escherichia coli,Positive
5264,21628.0,Staphylococcus aureus,Positive
5265,dbAMP_05113,Bacillus subtilis,Positive
5266,dbAMP_14788,Bacillus megaterium,Positive
5267,dbAMP_23285,Listeria monocytogenes,Positive
5268,dbAMP_31634,Pseudomonas aeruginosa,Positive
5269,dbAMP_10636,Salmonella enterica,Positive
5270,19233.0,Staphylococcus aureus,Positive
5271,19947.0,Salmonella enterica,Positive
5272,dbAMP_14725,Escherichia coli,Positive
5273,dbAMP_24826,Staphylococcus aureus,Positive
5274,dbAMP_01289,Enterococcus faecium,Positive
5275,dbAMP_10311,Bacillus megaterium,Positive
5276,19671.0,Escherichia coli,Positive
5277,2854.0,Pseudomonas aeruginosa,Positive
5278,dbAMP_24820,Candida albicans,Positive
5279,dbAMP_05268,Listeria monocytogenes,Positive
5280,dbAMP_15795,Pseudomonas aeruginosa,Positive
5281,dbAMP_18966,Staphylococcus aureus,Positive
5282,dbAMP_17450,Listeria monocytogenes,Positive
5283,20184.0,Staphylococcus epidermidis,Positive
5284,dbAMP_01206,Cryptococcus neoformans,Positive
5285,21756.0,Escherichia coli,Positive
5286,dbAMP_03317,Candida albicans,Positive
5287,19480.0,Klebsiella pneumoniae,Positive
5288,dbAMP_02065,Staphylococcus aureus,Positive
5289,17915.0,Escherichia coli,Positive
5290,7058.0,Staphylococcus epidermidis,Positive
5291,dbAMP_17455,Staphylococcus aureus,Positive
5292,20580.0,Staphylococcus epidermidis,Positive
5293,dbAMP_17907,Staphylococcus aureus,Positive
5294,dbAMP_18609,Escherichia coli,Positive
5295,dbAMP_01891,Staphylococcus aureus,Positive
5296,dbAMP_05292,Cryptococcus neoformans,Positive
5297,dbAMP_21973,Staphylococcus aureus,Positive
5298,506.0,Enterococcus faecium,Positive
5299,18813.0,Enterococcus faecalis,Positive
5300,dbAMP_19641,Staphylococcus aureus,Positive
5301,18126.0,Bacillus subtilis,Positive
5302,dbAMP_19052,Escherichia coli,Positive
5303,dbAMP_18064,Pseudomonas aeruginosa,Positive
5304,dbAMP_03204,Pseudomonas aeruginosa,Positive
5305,dbAMP_19305,Staphylococcus epidermidis,Positive
5306,20808.0,Enterococcus faecalis,Positive
5307,dbAMP_04644,Bacillus subtilis,Positive
5308,dbAMP_19282,Salmonella enterica,Positive
5309,dbAMP_24947,Escherichia coli,Positive
5310,dbAMP_23993,Enterobacter cloacae,Positive
5311,dbAMP_18232,Enterococcus faecium,Positive
5312,dbAMP_11160,Candida albicans,Positive
5313,DRAMP03875,Escherichia coli,Positive
5314,dbAMP_01706,Bacillus subtilis,Positive
5315,dbAMP_25084,Klebsiella pneumoniae,Positive
5316,dbAMP_16140,Pseudomonas aeruginosa,Positive
5317,dbAMP_15852,Bacillus subtilis,Positive
5318,dbAMP_17803,Acinetobacter baumannii,Positive
5319,dbAMP_05848,Staphylococcus aureus,Positive
5320,dbAMP_33594,Acinetobacter baumannii,Positive
5321,dbAMP_32938,Staphylococcus aureus,Positive
5322,dbAMP_19286,Bacillus cereus,Positive
5323,dbAMP_15873,Escherichia coli,Positive
5324,20501.0,Bacillus subtilis,Positive
5325,dbAMP_01704,Staphylococcus aureus,Positive
5326,dbAMP_19338,Acinetobacter baumannii,Positive
5327,dbAMP_04659,Klebsiella pneumoniae,Positive
5328,dbAMP_18875,Salmonella enterica,Positive
5329,19120.0,Enterococcus faecium,Positive
5330,dbAMP_04932,Staphylococcus aureus,Positive
5331,dbAMP_33022,Acinetobacter baumannii,Positive
5332,dbAMP_14823,Escherichia coli,Positive
5333,852.0,Pseudomonas aeruginosa,Positive
5334,dbAMP_31650,Escherichia coli,Positive
5335,20934.0,Escherichia coli,Positive
5336,dbAMP_24520,Escherichia coli,Positive
5337,dbAMP_15913,Acinetobacter baumannii,Positive
5338,17218.0,Staphylococcus aureus,Positive
5339,21078.0,Escherichia coli,Positive
5340,dbAMP_14805,Salmonella enterica,Positive
5341,dbAMP_19371,Escherichia coli,Positive
5342,dbAMP_17441,Klebsiella pneumoniae,Positive
5343,dbAMP_21059,Klebsiella pneumoniae,Positive
5344,20160.0,Klebsiella pneumoniae,Positive
5345,21525.0,Pseudomonas aeruginosa,Positive
5346,dbAMP_19294,Enterobacter cloacae,Positive
5347,dbAMP_01468,Listeria monocytogenes,Positive
5348,dbAMP_33116,Bacillus cereus,Positive
5349,dbAMP_19038,Bacillus subtilis,Positive
5350,506.0,Staphylococcus epidermidis,Positive
5351,dbAMP_16379,Escherichia coli,Positive
5352,dbAMP_34248,Escherichia coli,Positive
5353,dbAMP_10304,Bacillus megaterium,Positive
5354,dbAMP_16407,Escherichia coli,Positive
5355,dbAMP_22882,Pseudomonas aeruginosa,Positive
5356,dbAMP_20472,Escherichia coli,Positive
5357,18058.0,Escherichia coli,Positive
5358,dbAMP_31311,Bacillus cereus,Positive
5359,21502.0,Acinetobacter baumannii,Positive
5360,7074.0,Enterococcus faecalis,Positive
5361,dbAMP_17289,Escherichia coli,Positive
5362,20151.0,Staphylococcus aureus,Positive
5363,22237.0,Staphylococcus aureus,Positive
5364,dbAMP_03459,Candida albicans,Positive
5365,dbAMP_19092,Bacillus subtilis,Positive
5366,dbAMP_19293,Escherichia coli,Positive
5367,dbAMP_31695,Pseudomonas aeruginosa,Positive
5368,dbAMP_10639,Escherichia coli,Positive
5369,dbAMP_11856,Pseudomonas aeruginosa,Positive
5370,dbAMP_03612,Staphylococcus aureus,Positive
5371,dbAMP_24575,Escherichia coli,Positive
5372,dbAMP_18732,Salmonella enterica,Positive
5373,19555.0,Enterococcus faecalis,Positive
5374,dbAMP_23524,Escherichia coli,Positive
5375,dbAMP_23456,Bacillus subtilis,Positive
5376,1026.0,Escherichia coli,Positive
5377,dbAMP_18179,Staphylococcus epidermidis,Positive
5378,19555.0,Pseudomonas aeruginosa,Positive
5379,dbAMP_24792,Pseudomonas aeruginosa,Positive
5380,dbAMP_17032,Escherichia coli,Positive
5381,dbAMP_11722,Bacillus megaterium,Positive
5382,dbAMP_14846,Staphylococcus aureus,Positive
5383,dbAMP_21060,Staphylococcus aureus,Positive
5384,18757.0,Staphylococcus aureus,Positive
5385,7386.0,Enterococcus faecium,Positive
5386,dbAMP_05806,Pseudomonas aeruginosa,Positive
5387,dbAMP_00607,Micrococcus luteus,Positive
5388,dbAMP_00392,Escherichia coli,Positive
5389,dbAMP_27231,Enterococcus faecalis,Positive
5390,dbAMP_31874,Micrococcus luteus,Positive
5391,dbAMP_17718,Salmonella enterica,Positive
5392,4584.0,Staphylococcus aureus,Positive
5393,18830.0,Staphylococcus epidermidis,Positive
5394,dbAMP_24408,Micrococcus luteus,Positive
5395,19233.0,Escherichia coli,Positive
5396,dbAMP_24568,Staphylococcus aureus,Positive
5397,dbAMP_31314,Escherichia coli,Positive
5398,dbAMP_33018,Klebsiella pneumoniae,Positive
5399,dbAMP_33341,Escherichia coli,Positive
5400,dbAMP_20757,Escherichia coli,Positive
5401,dbAMP_17659,Pseudomonas aeruginosa,Positive
5402,22213.0,Staphylococcus aureus,Positive
5403,19684.0,Bacillus subtilis,Positive
5404,19248.0,Enterobacter cloacae,Positive
5405,dbAMP_16499,Escherichia coli,Positive
5406,dbAMP_01840,Staphylococcus epidermidis,Positive
5407,dbAMP_20790,Bacillus subtilis,Positive
5408,dbAMP_16225,Escherichia coli,Positive
5409,dbAMP_16236,Staphylococcus aureus,Positive
5410,dbAMP_05265,Klebsiella pneumoniae,Positive
5411,dbAMP_19777,Pseudomonas aeruginosa,Positive
5412,dbAMP_31304,Salmonella enterica,Positive
5413,20772.0,Pseudomonas aeruginosa,Positive
5414,17434.0,Pseudomonas aeruginosa,Positive
5415,20582.0,Salmonella enterica,Positive
5416,dbAMP_27443,Klebsiella pneumoniae,Positive
5417,dbAMP_34298,Escherichia coli,Positive
5418,dbAMP_24419,Pseudomonas aeruginosa,Positive
5419,20839.0,Staphylococcus epidermidis,Positive
5420,dbAMP_21028,Klebsiella pneumoniae,Positive
5421,17455.0,Candida albicans,Positive
5422,dbAMP_19222,Enterococcus faecium,Positive
5423,dbAMP_34238,Escherichia coli,Positive
5424,dbAMP_15762,Enterococcus faecalis,Positive
5425,dbAMP_03177,Pseudomonas aeruginosa,Positive
5426,DRAMP02873,Bacillus subtilis,Positive
5427,dbAMP_00856,Staphylococcus aureus,Positive
5428,dbAMP_16153,Staphylococcus epidermidis,Positive
5429,DRAMP01878,Staphylococcus aureus,Positive
5430,dbAMP_14885,Bacillus subtilis,Positive
5431,dbAMP_01975,Enterococcus faecalis,Positive
5432,dbAMP_17033,Klebsiella pneumoniae,Positive
5433,dbAMP_24650,Escherichia coli,Positive
5434,801.0,Candida albicans,Positive
5435,dbAMP_25301,Pseudomonas aeruginosa,Positive
5436,dbAMP_27101,Escherichia coli,Positive
5437,dbAMP_17142,Pseudomonas aeruginosa,Positive
5438,22084.0,Escherichia coli,Positive
5439,dbAMP_21597,Staphylococcus epidermidis,Positive
5440,DRAMP21084,Micrococcus luteus,Positive
5441,dbAMP_27427,Staphylococcus aureus,Positive
5442,dbAMP_21965,Pseudomonas aeruginosa,Positive
5443,dbAMP_27151,Staphylococcus aureus,Positive
5444,dbAMP_25173,Pseudomonas aeruginosa,Positive
5445,dbAMP_05757,Klebsiella pneumoniae,Positive
5446,dbAMP_05497,Bacillus megaterium,Positive
5447,dbAMP_33033,Staphylococcus aureus,Positive
5448,dbAMP_03394,Pseudomonas aeruginosa,Positive
5449,dbAMP_16499,Candida parapsilosis,Positive
5450,dbAMP_01835,Staphylococcus aureus,Positive
5451,dbAMP_25174,Staphylococcus aureus,Positive
5452,dbAMP_34280,Staphylococcus aureus,Positive
5453,dbAMP_16213,Pseudomonas aeruginosa,Positive
5454,dbAMP_16246,Micrococcus luteus,Positive
5455,dbAMP_23920,Escherichia coli,Positive
5456,dbAMP_31805,Enterococcus faecium,Positive
5457,dbAMP_18981,Bacillus cereus,Positive
5458,dbAMP_22514,Staphylococcus aureus,Positive
5459,dbAMP_25009,Klebsiella pneumoniae,Positive
5460,dbAMP_19600,Staphylococcus aureus,Positive
5461,dbAMP_16028,Escherichia coli,Positive
5462,DRAMP04170,Bacillus subtilis,Positive
5463,DRAMP02317,Bacillus subtilis,Positive
5464,dbAMP_01894,Candida albicans,Positive
5465,dbAMP_11304,Escherichia coli,Positive
5466,dbAMP_28832,Klebsiella pneumoniae,Positive
5467,dbAMP_23101,Acinetobacter baumannii,Positive
5468,dbAMP_20547,Candida parapsilosis,Positive
5469,dbAMP_18182,Pseudomonas aeruginosa,Positive
5470,dbAMP_04996,Bacillus subtilis,Positive
5471,22328.0,Pseudomonas aeruginosa,Positive
5472,20842.0,Candida albicans,Positive
5473,22020.0,Escherichia coli,Positive
5474,dbAMP_03444,Candida albicans,Positive
5475,dbAMP_15899,Bacillus cereus,Positive
5476,dbAMP_03640,Micrococcus luteus,Positive
5477,dbAMP_23758,Salmonella enterica,Positive
5478,18693.0,Escherichia coli,Positive
5479,19826.0,Staphylococcus aureus,Positive
5480,20250.0,Listeria monocytogenes,Positive
5481,21967.0,Staphylococcus aureus,Positive
5482,dbAMP_18075,Salmonella enterica,Positive
5483,17309.0,Staphylococcus aureus,Positive
5484,dbAMP_01850,Micrococcus luteus,Positive
5485,17720.0,Escherichia coli,Positive
5486,dbAMP_20394,Candida albicans,Positive
5487,dbAMP_18825,Escherichia coli,Positive
5488,dbAMP_02620,Pseudomonas aeruginosa,Positive
5489,18370.0,Candida albicans,Positive
5490,dbAMP_23100,Klebsiella pneumoniae,Positive
5491,dbAMP_16045,Pseudomonas aeruginosa,Positive
5492,dbAMP_19800,Candida albicans,Positive
5493,dbAMP_24792,Escherichia coli,Positive
5494,dbAMP_10631,Escherichia coli,Positive
5495,dbAMP_22813,Escherichia coli,Positive
5496,dbAMP_14727,Pseudomonas aeruginosa,Positive
5497,dbAMP_22399,Staphylococcus aureus,Positive
5498,dbAMP_04604,Pseudomonas aeruginosa,Positive
5499,dbAMP_23148,Staphylococcus epidermidis,Positive
5500,dbAMP_19733,Escherichia coli,Positive
5501,dbAMP_11730,Pseudomonas aeruginosa,Positive
5502,dbAMP_03317,Escherichia coli,Positive
5503,dbAMP_23989,Pseudomonas aeruginosa,Positive
5504,dbAMP_15923,Bacillus subtilis,Positive
5505,dbAMP_24799,Staphylococcus epidermidis,Positive
5506,dbAMP_05488,Bacillus subtilis,Positive
5507,dbAMP_25305,Staphylococcus aureus,Positive
5508,dbAMP_16763,Candida parapsilosis,Positive
5509,dbAMP_17507,Escherichia coli,Positive
5510,dbAMP_23917,Staphylococcus epidermidis,Positive
5511,dbAMP_31688,Escherichia coli,Positive
5512,dbAMP_25428,Staphylococcus epidermidis,Positive
5513,dbAMP_19725,Escherichia coli,Positive
5514,DRAMP03116,Escherichia coli,Positive
5515,dbAMP_22072,Escherichia coli,Positive
5516,dbAMP_10311,Escherichia coli,Positive
5517,dbAMP_16533,Enterobacter cloacae,Positive
5518,dbAMP_17594,Pseudomonas aeruginosa,Positive
5519,dbAMP_27686,Candida albicans,Positive
5520,dbAMP_27120,Klebsiella pneumoniae,Positive
5521,dbAMP_24206,Listeria monocytogenes,Positive
5522,dbAMP_16235,Staphylococcus aureus,Positive
5523,dbAMP_17128,Candida albicans,Positive
5524,dbAMP_20341,Staphylococcus aureus,Positive
5525,dbAMP_17778,Bacillus subtilis,Positive
5526,dbAMP_23950,Escherichia coli,Positive
5527,dbAMP_17582,Pseudomonas aeruginosa,Positive
5528,dbAMP_20762,Staphylococcus aureus,Positive
5529,18893.0,Staphylococcus aureus,Positive
5530,dbAMP_18999,Escherichia coli,Positive
5531,dbAMP_17225,Bacillus megaterium,Positive
5532,DRAMP02361,Candida albicans,Positive
5533,dbAMP_02596,Staphylococcus aureus,Positive
5534,22107.0,Staphylococcus aureus,Positive
5535,dbAMP_20272,Staphylococcus aureus,Positive
5536,dbAMP_28740,Klebsiella pneumoniae,Positive
5537,dbAMP_10980,Staphylococcus aureus,Positive
5538,dbAMP_03474,Bacillus subtilis,Positive
5539,dbAMP_10572,Candida albicans,Positive
5540,dbAMP_02189,Bacillus megaterium,Positive
5541,dbAMP_21034,Bacillus subtilis,Positive
5542,dbAMP_00856,Candida albicans,Positive
5543,dbAMP_11067,Escherichia coli,Positive
5544,dbAMP_16437,Staphylococcus aureus,Positive
5545,19501.0,Enterococcus faecium,Positive
5546,dbAMP_21014,Pseudomonas aeruginosa,Positive
5547,dbAMP_14870,Escherichia coli,Positive
5548,dbAMP_21283,Staphylococcus aureus,Positive
5549,dbAMP_24164,Pseudomonas aeruginosa,Positive
5550,21830.0,Staphylococcus aureus,Positive
5551,dbAMP_33188,Candida albicans,Positive
5552,18043.0,Enterococcus faecalis,Positive
5553,17510.0,Acinetobacter baumannii,Positive
5554,dbAMP_16056,Bacillus subtilis,Positive
5555,dbAMP_14889,Micrococcus luteus,Positive
5556,21332.0,Candida albicans,Positive
5557,dbAMP_05806,Enterococcus faecalis,Positive
5558,dbAMP_17897,Escherichia coli,Positive
5559,dbAMP_16785,Escherichia coli,Positive
5560,dbAMP_19431,Acinetobacter baumannii,Positive
5561,dbAMP_24300,Candida albicans,Positive
5562,dbAMP_16472,Escherichia coli,Positive
5563,dbAMP_02848,Candida albicans,Positive
5564,1465.0,Micrococcus luteus,Positive
5565,dbAMP_20326,Escherichia coli,Positive
5566,dbAMP_02202,Klebsiella pneumoniae,Positive
5567,dbAMP_03081,Escherichia coli,Positive
5568,dbAMP_33359,Staphylococcus aureus,Positive
5569,dbAMP_21704,Micrococcus luteus,Positive
5570,DRAMP04164,Staphylococcus aureus,Positive
5571,dbAMP_23725,Bacillus subtilis,Positive
5572,dbAMP_17377,Escherichia coli,Positive
5573,8830.0,Staphylococcus aureus,Positive
5574,dbAMP_16095,Staphylococcus aureus,Positive
5575,dbAMP_00235,Pseudomonas aeruginosa,Positive
5576,dbAMP_18784,Salmonella enterica,Positive
5577,dbAMP_34109,Escherichia coli,Positive
5578,dbAMP_33683,Pseudomonas aeruginosa,Positive
5579,dbAMP_33017,Pseudomonas aeruginosa,Positive
5580,dbAMP_27347,Salmonella enterica,Positive
5581,dbAMP_18806,Escherichia coli,Positive
5582,dbAMP_03121,Escherichia coli,Positive
5583,22219.0,Staphylococcus aureus,Positive
5584,dbAMP_21619,Staphylococcus aureus,Positive
5585,dbAMP_23265,Escherichia coli,Positive
5586,dbAMP_33106,Klebsiella pneumoniae,Positive
5587,dbAMP_16023,Staphylococcus aureus,Positive
5588,dbAMP_03590,Salmonella enterica,Positive
5589,22246.0,Pseudomonas aeruginosa,Positive
5590,DRAMP04167,Staphylococcus aureus,Positive
5591,5641.0,Escherichia coli,Positive
5592,dbAMP_33103,Staphylococcus epidermidis,Positive
5593,dbAMP_03523,Staphylococcus aureus,Positive
5594,3389.0,Escherichia coli,Positive
5595,DRAMP01503,Candida albicans,Positive
5596,dbAMP_21596,Micrococcus luteus,Positive
5597,dbAMP_33591,Listeria monocytogenes,Positive
5598,dbAMP_24818,Escherichia coli,Positive
5599,dbAMP_14802,Bacillus subtilis,Positive
5600,dbAMP_22902,Pseudomonas aeruginosa,Positive
5601,dbAMP_20830,Acinetobacter baumannii,Positive
5602,dbAMP_18786,Escherichia coli,Positive
5603,dbAMP_16040,Salmonella enterica,Positive
5604,18276.0,Klebsiella pneumoniae,Positive
5605,dbAMP_21899,Pseudomonas aeruginosa,Positive
5606,dbAMP_17820,Staphylococcus aureus,Positive
5607,dbAMP_25139,Staphylococcus aureus,Positive
5608,dbAMP_23917,Candida albicans,Positive
5609,dbAMP_31643,Escherichia coli,Positive
5610,dbAMP_34040,Staphylococcus aureus,Positive
5611,dbAMP_15810,Bacillus subtilis,Positive
5612,22247.0,Staphylococcus aureus,Positive
5613,dbAMP_23281,Staphylococcus aureus,Positive
5614,dbAMP_23713,Escherichia coli,Positive
5615,dbAMP_17578,Staphylococcus epidermidis,Positive
5616,dbAMP_22291,Escherichia coli,Positive
5617,dbAMP_00046,Bacillus subtilis,Positive
5618,dbAMP_16752,Salmonella enterica,Positive
5619,19501.0,Enterobacter cloacae,Positive
5620,dbAMP_19771,Staphylococcus epidermidis,Positive
5621,dbAMP_00312,Cryptococcus neoformans,Positive
5622,dbAMP_15920,Pseudomonas aeruginosa,Positive
5623,13802.0,Klebsiella pneumoniae,Positive
5624,19119.0,Staphylococcus epidermidis,Positive
5625,dbAMP_16029,Staphylococcus aureus,Positive
5626,22036.0,Staphylococcus aureus,Positive
5627,18985.0,Bacillus subtilis,Positive
5628,dbAMP_00217,Staphylococcus aureus,Positive
5629,dbAMP_32639,Candida albicans,Positive
5630,dbAMP_33619,Listeria monocytogenes,Positive
5631,dbAMP_24009,Bacillus subtilis,Positive
5632,22234.0,Staphylococcus aureus,Positive
5633,dbAMP_04791,Pseudomonas aeruginosa,Positive
5634,dbAMP_24946,Cryptococcus neoformans,Positive
5635,16472.0,Staphylococcus epidermidis,Positive
5636,dbAMP_17127,Escherichia coli,Positive
5637,dbAMP_23920,Pseudomonas aeruginosa,Positive
5638,1465.0,Pseudomonas aeruginosa,Positive
5639,dbAMP_27571,Pseudomonas aeruginosa,Positive
5640,dbAMP_22037,Bacillus subtilis,Positive
5641,dbAMP_14800,Pseudomonas aeruginosa,Positive
5642,dbAMP_10527,Bacillus cereus,Positive
5643,dbAMP_10584,Listeria monocytogenes,Positive
5644,dbAMP_24672,Candida parapsilosis,Positive
5645,20009.0,Escherichia coli,Positive
5646,5368.0,Acinetobacter baumannii,Positive
5647,dbAMP_12011,Candida albicans,Positive
5648,21512.0,Acinetobacter baumannii,Positive
5649,dbAMP_01956,Candida albicans,Positive
5650,dbAMP_14883,Staphylococcus epidermidis,Positive
5651,dbAMP_25383,Escherichia coli,Positive
5652,22375.0,Enterococcus faecium,Positive
5653,dbAMP_28208,Candida albicans,Positive
5654,DRAMP03928,Escherichia coli,Positive
5655,22031.0,Acinetobacter baumannii,Positive
5656,dbAMP_27233,Pseudomonas aeruginosa,Positive
5657,dbAMP_16506,Candida albicans,Positive
5658,dbAMP_12184,Micrococcus luteus,Positive
5659,dbAMP_05507,Pseudomonas aeruginosa,Positive
5660,21459.0,Staphylococcus aureus,Positive
5661,21331.0,Pseudomonas aeruginosa,Positive
5662,dbAMP_19529,Staphylococcus epidermidis,Positive
5663,18754.0,Staphylococcus aureus,Positive
5664,dbAMP_16072,Escherichia coli,Positive
5665,dbAMP_21406,Staphylococcus aureus,Positive
5666,dbAMP_16027,Salmonella enterica,Positive
5667,dbAMP_01952,Bacillus subtilis,Positive
5668,20061.0,Bacillus subtilis,Positive
5669,dbAMP_05271,Candida albicans,Positive
5670,dbAMP_32932,Escherichia coli,Positive
5671,dbAMP_21299,Escherichia coli,Positive
5672,dbAMP_01952,Staphylococcus aureus,Positive
5673,dbAMP_02048,Pseudomonas aeruginosa,Positive
5674,dbAMP_16301,Staphylococcus epidermidis,Positive
5675,dbAMP_16546,Pseudomonas aeruginosa,Positive
5676,dbAMP_04791,Candida albicans,Positive
5677,dbAMP_16750,Escherichia coli,Positive
5678,dbAMP_16408,Pseudomonas aeruginosa,Positive
5679,dbAMP_17980,Enterococcus faecalis,Positive
5680,22315.0,Acinetobacter baumannii,Positive
5681,dbAMP_18151,Klebsiella pneumoniae,Positive
5682,dbAMP_16124,Staphylococcus aureus,Positive
5683,dbAMP_24417,Pseudomonas aeruginosa,Positive
5684,dbAMP_24892,Staphylococcus aureus,Positive
5685,19702.0,Staphylococcus aureus,Positive
5686,dbAMP_27399,Klebsiella pneumoniae,Positive
5687,dbAMP_01964,Staphylococcus aureus,Positive
5688,dbAMP_19110,Staphylococcus aureus,Positive
5689,dbAMP_19263,Bacillus subtilis,Positive
5690,dbAMP_16041,Escherichia coli,Positive
5691,dbAMP_14889,Klebsiella pneumoniae,Positive
5692,dbAMP_01910,Candida albicans,Positive
5693,dbAMP_22481,Candida albicans,Positive
5694,dbAMP_18100,Staphylococcus epidermidis,Positive
5695,dbAMP_15969,Pseudomonas aeruginosa,Positive
5696,dbAMP_02219,Enterococcus faecalis,Positive
5697,10347.0,Salmonella enterica,Positive
5698,dbAMP_34003,Staphylococcus aureus,Positive
5699,dbAMP_18802,Salmonella enterica,Positive
5700,dbAMP_17935,Candida albicans,Positive
5701,dbAMP_10836,Klebsiella pneumoniae,Positive
5702,dbAMP_18178,Salmonella enterica,Positive
5703,18754.0,Klebsiella pneumoniae,Positive
5704,dbAMP_27473,Staphylococcus epidermidis,Positive
5705,dbAMP_18219,Staphylococcus aureus,Positive
5706,dbAMP_18999,Staphylococcus aureus,Positive
5707,dbAMP_04674,Escherichia coli,Positive
5708,dbAMP_03441,Escherichia coli,Positive
5709,20170.0,Bacillus subtilis,Positive
5710,dbAMP_25337,Staphylococcus aureus,Positive
5711,dbAMP_21292,Escherichia coli,Positive
5712,dbAMP_31182,Bacillus subtilis,Positive
5713,dbAMP_32865,Bacillus subtilis,Positive
5714,dbAMP_24400,Staphylococcus aureus,Positive
5715,dbAMP_21235,Cryptococcus neoformans,Positive
5716,dbAMP_14714,Bacillus cereus,Positive
5717,18819.0,Salmonella enterica,Positive
5718,dbAMP_23989,Salmonella enterica,Positive
5719,dbAMP_22462,Staphylococcus aureus,Positive
5720,dbAMP_16533,Pseudomonas aeruginosa,Positive
5721,dbAMP_19265,Escherichia coli,Positive
5722,dbAMP_11722,Micrococcus luteus,Positive
5723,dbAMP_33958,Staphylococcus aureus,Positive
5724,dbAMP_20663,Bacillus subtilis,Positive
5725,dbAMP_31989,Staphylococcus aureus,Positive
5726,dbAMP_15789,Pseudomonas aeruginosa,Positive
5727,dbAMP_28303,Pseudomonas aeruginosa,Positive
5728,dbAMP_21296,Staphylococcus aureus,Positive
5729,dbAMP_10665,Pseudomonas aeruginosa,Positive
5730,dbAMP_19969,Escherichia coli,Positive
5731,dbAMP_18789,Escherichia coli,Positive
5732,dbAMP_24046,Escherichia coli,Positive
5733,dbAMP_27586,Escherichia coli,Positive
5734,dbAMP_22626,Staphylococcus epidermidis,Positive
5735,dbAMP_22615,Candida albicans,Positive
5736,dbAMP_18232,Escherichia coli,Positive
5737,18624.0,Micrococcus luteus,Positive
5738,20379.0,Escherichia coli,Positive
5739,dbAMP_23528,Staphylococcus aureus,Positive
5740,dbAMP_20763,Staphylococcus aureus,Positive
5741,dbAMP_18664,Escherichia coli,Positive
5742,dbAMP_33595,Candida parapsilosis,Positive
5743,dbAMP_22699,Micrococcus luteus,Positive
5744,dbAMP_06081,Bacillus cereus,Positive
5745,dbAMP_19639,Klebsiella pneumoniae,Positive
5746,dbAMP_24417,Staphylococcus aureus,Positive
5747,dbAMP_23991,Bacillus cereus,Positive
5748,DRAMP04013,Staphylococcus aureus,Positive
5749,dbAMP_20773,Enterococcus faecalis,Positive
5750,dbAMP_34239,Staphylococcus aureus,Positive
5751,dbAMP_34280,Escherichia coli,Positive
5752,dbAMP_18097,Bacillus subtilis,Positive
5753,dbAMP_24918,Escherichia coli,Positive
5754,dbAMP_16089,Pseudomonas aeruginosa,Positive
5755,dbAMP_10426,Cryptococcus neoformans,Positive
5756,dbAMP_16070,Bacillus subtilis,Positive
5757,dbAMP_16475,Escherichia coli,Positive
5758,dbAMP_02714,Acinetobacter baumannii,Positive
5759,DRAMP04677,Candida albicans,Positive
5760,dbAMP_16190,Escherichia coli,Positive
5761,18687.0,Escherichia coli,Positive
5762,21722.0,Acinetobacter baumannii,Positive
5763,dbAMP_22036,Staphylococcus aureus,Positive
5764,dbAMP_33832,Staphylococcus aureus,Positive
5765,dbAMP_10978,Pseudomonas aeruginosa,Positive
5766,dbAMP_14785,Pseudomonas aeruginosa,Positive
5767,dbAMP_04701,Staphylococcus aureus,Positive
5768,dbAMP_03550,Micrococcus luteus,Positive
5769,dbAMP_19720,Enterococcus faecium,Positive
5770,dbAMP_23692,Bacillus megaterium,Positive
5771,dbAMP_31811,Pseudomonas aeruginosa,Positive
5772,dbAMP_23466,Escherichia coli,Positive
5773,20037.0,Escherichia coli,Positive
5774,dbAMP_04750,Escherichia coli,Positive
5775,dbAMP_25193,Candida albicans,Positive
5776,19487.0,Enterococcus faecium,Positive
5777,dbAMP_31444,Klebsiella pneumoniae,Positive
5778,dbAMP_24276,Staphylococcus aureus,Positive
5779,dbAMP_15767,Escherichia coli,Positive
5780,2820.0,Salmonella enterica,Positive
5781,dbAMP_16735,Salmonella enterica,Positive
5782,dbAMP_06215,Enterococcus faecalis,Positive
5783,dbAMP_19595,Pseudomonas aeruginosa,Positive
5784,dbAMP_23143,Bacillus subtilis,Positive
5785,dbAMP_17437,Bacillus subtilis,Positive
5786,DRAMP20944,Acinetobacter baumannii,Positive
5787,19706.0,Acinetobacter baumannii,Positive
5788,dbAMP_33178,Staphylococcus aureus,Positive
5789,dbAMP_24268,Bacillus subtilis,Positive
5790,dbAMP_05113,Enterococcus faecalis,Positive
5791,dbAMP_19731,Staphylococcus aureus,Positive
5792,dbAMP_24286,Staphylococcus epidermidis,Positive
5793,dbAMP_03136,Pseudomonas aeruginosa,Positive
5794,dbAMP_16213,Bacillus subtilis,Positive
5795,dbAMP_27474,Candida albicans,Positive
5796,dbAMP_04383,Escherichia coli,Positive
5797,dbAMP_21027,Klebsiella pneumoniae,Positive
5798,dbAMP_19197,Staphylococcus aureus,Positive
5799,dbAMP_31861,Staphylococcus aureus,Positive
5800,dbAMP_18789,Staphylococcus aureus,Positive
5801,dbAMP_11527,Listeria monocytogenes,Positive
5802,dbAMP_21287,Pseudomonas aeruginosa,Positive
5803,19903.0,Staphylococcus aureus,Positive
5804,dbAMP_16538,Escherichia coli,Positive
5805,dbAMP_20337,Escherichia coli,Positive
5806,dbAMP_16144,Pseudomonas aeruginosa,Positive
5807,dbAMP_03600,Candida albicans,Positive
5808,dbAMP_25208,Enterococcus faecium,Positive
5809,20929.0,Escherichia coli,Positive
5810,dbAMP_22816,Pseudomonas aeruginosa,Positive
5811,dbAMP_19301,Escherichia coli,Positive
5812,6855.0,Staphylococcus epidermidis,Positive
5813,dbAMP_16011,Staphylococcus aureus,Positive
5814,dbAMP_16153,Escherichia coli,Positive
5815,dbAMP_27641,Escherichia coli,Positive
5816,dbAMP_21837,Salmonella enterica,Positive
5817,17816.0,Bacillus megaterium,Positive
5818,dbAMP_16044,Micrococcus luteus,Positive
5819,dbAMP_23968,Staphylococcus aureus,Positive
5820,dbAMP_27254,Salmonella enterica,Positive
5821,dbAMP_15762,Bacillus subtilis,Positive
5822,dbAMP_02192,Candida albicans,Positive
5823,dbAMP_27241,Escherichia coli,Positive
5824,dbAMP_04604,Salmonella enterica,Positive
5825,2787.0,Staphylococcus aureus,Positive
5826,dbAMP_16501,Escherichia coli,Positive
5827,dbAMP_20651,Bacillus subtilis,Positive
5828,dbAMP_16784,Escherichia coli,Positive
5829,dbAMP_17581,Listeria monocytogenes,Positive
5830,dbAMP_01593,Staphylococcus aureus,Positive
5831,dbAMP_23689,Staphylococcus aureus,Positive
5832,dbAMP_17478,Cryptococcus neoformans,Positive
5833,2162.0,Staphylococcus epidermidis,Positive
5834,dbAMP_20659,Escherichia coli,Positive
5835,dbAMP_10631,Staphylococcus aureus,Positive
5836,dbAMP_21697,Micrococcus luteus,Positive
5837,dbAMP_01844,Bacillus subtilis,Positive
5838,dbAMP_25432,Listeria monocytogenes,Positive
5839,DRAMP18495,Candida albicans,Positive
5840,17722.0,Acinetobacter baumannii,Positive
5841,dbAMP_22858,Pseudomonas aeruginosa,Positive
5842,dbAMP_23241,Escherichia coli,Positive
5843,dbAMP_10857,Pseudomonas aeruginosa,Positive
5844,dbAMP_03851,Bacillus megaterium,Positive
5845,dbAMP_00230,Staphylococcus epidermidis,Positive
5846,22312.0,Acinetobacter baumannii,Positive
5847,dbAMP_16333,Escherichia coli,Positive
5848,21528.0,Bacillus subtilis,Positive
5849,dbAMP_24415,Pseudomonas aeruginosa,Positive
5850,dbAMP_10510,Bacillus cereus,Positive
5851,22218.0,Acinetobacter baumannii,Positive
5852,dbAMP_27094,Escherichia coli,Positive
5853,DRAMP04170,Escherichia coli,Positive
5854,dbAMP_22889,Pseudomonas aeruginosa,Positive
5855,dbAMP_16504,Bacillus subtilis,Positive
5856,dbAMP_16233,Escherichia coli,Positive
5857,1361.0,Pseudomonas aeruginosa,Positive
5858,dbAMP_24928,Escherichia coli,Positive
5859,dbAMP_22925,Salmonella enterica,Positive
5860,dbAMP_06258,Escherichia coli,Positive
5861,dbAMP_19125,Staphylococcus epidermidis,Positive
5862,22130.0,Candida parapsilosis,Positive
5863,10634.0,Pseudomonas aeruginosa,Positive
5864,DRAMP03903,Escherichia coli,Positive
5865,dbAMP_16903,Escherichia coli,Positive
5866,21527.0,Acinetobacter baumannii,Positive
5867,dbAMP_27347,Staphylococcus epidermidis,Positive
5868,dbAMP_32425,Staphylococcus aureus,Positive
5869,21924.0,Staphylococcus aureus,Positive
5870,2302.0,Klebsiella pneumoniae,Positive
5871,dbAMP_15955,Bacillus subtilis,Positive
5872,dbAMP_24757,Pseudomonas aeruginosa,Positive
5873,dbAMP_15963,Enterococcus faecalis,Positive
5874,dbAMP_33926,Klebsiella pneumoniae,Positive
5875,dbAMP_16499,Candida albicans,Positive
5876,17600.0,Cryptococcus neoformans,Positive
5877,DRAMP02017,Escherichia coli,Positive
5878,dbAMP_23341,Staphylococcus aureus,Positive
5879,dbAMP_15729,Escherichia coli,Positive
5880,dbAMP_16727,Pseudomonas aeruginosa,Positive
5881,dbAMP_21769,Staphylococcus epidermidis,Positive
5882,dbAMP_02735,Klebsiella pneumoniae,Positive
5883,dbAMP_23457,Bacillus subtilis,Positive
5884,dbAMP_03150,Escherichia coli,Positive
5885,20338.0,Staphylococcus aureus,Positive
5886,dbAMP_02717,Salmonella enterica,Positive
5887,dbAMP_19306,Salmonella enterica,Positive
5888,dbAMP_05524,Escherichia coli,Positive
5889,dbAMP_15781,Staphylococcus aureus,Positive
5890,dbAMP_25350,Enterococcus faecalis,Positive
5891,dbAMP_21020,Bacillus subtilis,Positive
5892,dbAMP_16531,Staphylococcus aureus,Positive
5893,dbAMP_20568,Bacillus subtilis,Positive
5894,dbAMP_19734,Staphylococcus aureus,Positive
5895,dbAMP_20141,Enterococcus faecalis,Positive
5896,dbAMP_22630,Escherichia coli,Positive
5897,dbAMP_25051,Escherichia coli,Positive
5898,dbAMP_17131,Bacillus subtilis,Positive
5899,DRAMP21083,Enterococcus faecalis,Positive
5900,dbAMP_03322,Staphylococcus aureus,Positive
5901,dbAMP_25381,Bacillus subtilis,Positive
5902,dbAMP_15920,Escherichia coli,Positive
5903,dbAMP_00396,Pseudomonas aeruginosa,Positive
5904,dbAMP_28830,Klebsiella pneumoniae,Positive
5905,dbAMP_18180,Bacillus subtilis,Positive
5906,dbAMP_18226,Bacillus cereus,Positive
5907,dbAMP_19134,Staphylococcus aureus,Positive
5908,21698.0,Escherichia coli,Positive
5909,DRAMP18589,Staphylococcus aureus,Positive
5910,dbAMP_33017,Staphylococcus epidermidis,Positive
5911,dbAMP_03682,Enterobacter cloacae,Positive
5912,dbAMP_15890,Enterococcus faecalis,Positive
5913,dbAMP_23528,Escherichia coli,Positive
5914,19776.0,Acinetobacter baumannii,Positive
5915,dbAMP_20387,Escherichia coli,Positive
5916,21036.0,Bacillus subtilis,Positive
5917,dbAMP_18653,Staphylococcus aureus,Positive
5918,dbAMP_22903,Staphylococcus epidermidis,Positive
5919,dbAMP_10864,Salmonella enterica,Positive
5920,dbAMP_19277,Staphylococcus aureus,Positive
5921,dbAMP_03273,Staphylococcus aureus,Positive
5922,21622.0,Escherichia coli,Positive
5923,dbAMP_28831,Klebsiella pneumoniae,Positive
5924,19553.0,Pseudomonas aeruginosa,Positive
5925,dbAMP_25383,Bacillus subtilis,Positive
5926,dbAMP_03407,Staphylococcus epidermidis,Positive
5927,18347.0,Pseudomonas aeruginosa,Positive
5928,20231.0,Staphylococcus epidermidis,Positive
5929,dbAMP_16006,Staphylococcus epidermidis,Positive
5930,dbAMP_25013,Enterococcus faecium,Positive
5931,dbAMP_20341,Staphylococcus epidermidis,Positive
5932,dbAMP_11177,Bacillus subtilis,Positive
5933,dbAMP_03855,Escherichia coli,Positive
5934,20294.0,Escherichia coli,Positive
5935,20574.0,Pseudomonas aeruginosa,Positive
5936,dbAMP_33984,Pseudomonas aeruginosa,Positive
5937,10381.0,Enterococcus faecium,Positive
5938,18824.0,Salmonella enterica,Positive
5939,dbAMP_28230,Enterococcus faecalis,Positive
5940,dbAMP_24743,Salmonella enterica,Positive
5941,dbAMP_16150,Escherichia coli,Positive
5942,dbAMP_20549,Pseudomonas aeruginosa,Positive
5943,dbAMP_00315,Listeria monocytogenes,Positive
5944,dbAMP_33003,Pseudomonas aeruginosa,Positive
5945,dbAMP_04973,Staphylococcus aureus,Positive
5946,dbAMP_24330,Escherichia coli,Positive
5947,dbAMP_33008,Staphylococcus aureus,Positive
5948,dbAMP_18486,Escherichia coli,Positive
5949,dbAMP_22506,Staphylococcus aureus,Positive
5950,dbAMP_11107,Escherichia coli,Positive
5951,dbAMP_17653,Escherichia coli,Positive
5952,dbAMP_01699,Staphylococcus aureus,Positive
5953,dbAMP_23717,Staphylococcus aureus,Positive
5954,19686.0,Pseudomonas aeruginosa,Positive
5955,dbAMP_27232,Salmonella enterica,Positive
5956,dbAMP_02907,Escherichia coli,Positive
5957,dbAMP_34223,Escherichia coli,Positive
5958,dbAMP_00363,Escherichia coli,Positive
5959,dbAMP_21041,Klebsiella pneumoniae,Positive
5960,dbAMP_15810,Staphylococcus aureus,Positive
5961,dbAMP_25098,Bacillus subtilis,Positive
5962,dbAMP_16277,Escherichia coli,Positive
5963,dbAMP_10535,Staphylococcus aureus,Positive
5964,dbAMP_12245,Candida albicans,Positive
5965,21969.0,Acinetobacter baumannii,Positive
5966,19613.0,Pseudomonas aeruginosa,Positive
5967,dbAMP_18152,Acinetobacter baumannii,Positive
5968,dbAMP_21905,Staphylococcus epidermidis,Positive
5969,dbAMP_04415,Staphylococcus aureus,Positive
5970,DRAMP02473,Acinetobacter baumannii,Positive
5971,dbAMP_17413,Staphylococcus aureus,Positive
5972,dbAMP_12284,Klebsiella pneumoniae,Positive
5973,dbAMP_00378,Cryptococcus neoformans,Positive
5974,dbAMP_23784,Escherichia coli,Positive
5975,dbAMP_03613,Staphylococcus aureus,Positive
5976,20810.0,Staphylococcus aureus,Positive
5977,dbAMP_16184,Staphylococcus aureus,Positive
5978,dbAMP_03646,Staphylococcus epidermidis,Positive
5979,dbAMP_20132,Listeria monocytogenes,Positive
5980,dbAMP_03680,Escherichia coli,Positive
5981,dbAMP_03574,Bacillus subtilis,Positive
5982,dbAMP_16222,Staphylococcus aureus,Positive
5983,dbAMP_27648,Pseudomonas aeruginosa,Positive
5984,dbAMP_04374,Escherichia coli,Positive
5985,dbAMP_25035,Escherichia coli,Positive
5986,dbAMP_20669,Acinetobacter baumannii,Positive
5987,19704.0,Micrococcus luteus,Positive
5988,dbAMP_25417,Bacillus subtilis,Positive
5989,dbAMP_16904,Enterococcus faecalis,Positive
5990,dbAMP_21638,Pseudomonas aeruginosa,Positive
5991,DRAMP02867,Escherichia coli,Positive
5992,DRAMP18365,Listeria monocytogenes,Positive
5993,17308.0,Candida albicans,Positive
5994,19486.0,Acinetobacter baumannii,Positive
5995,21982.0,Staphylococcus aureus,Positive
5996,dbAMP_23309,Candida albicans,Positive
5997,dbAMP_31969,Micrococcus luteus,Positive
5998,dbAMP_21956,Staphylococcus aureus,Positive
5999,dbAMP_18981,Cryptococcus neoformans,Positive
6000,dbAMP_23265,Candida albicans,Positive
6001,dbAMP_31655,Staphylococcus aureus,Positive
6002,dbAMP_19868,Salmonella enterica,Positive
6003,dbAMP_17802,Staphylococcus aureus,Positive
6004,18704.0,Listeria monocytogenes,Positive
6005,dbAMP_33794,Staphylococcus aureus,Positive
6006,dbAMP_03820,Staphylococcus aureus,Positive
6007,dbAMP_24520,Bacillus cereus,Positive
6008,dbAMP_16213,Escherichia coli,Positive
6009,dbAMP_32937,Bacillus subtilis,Positive
6010,dbAMP_18457,Listeria monocytogenes,Positive
6011,20150.0,Staphylococcus aureus,Positive
6012,13802.0,Enterococcus faecium,Positive
6013,21527.0,Bacillus subtilis,Positive
6014,dbAMP_03082,Escherichia coli,Positive
6015,dbAMP_05516,Bacillus subtilis,Positive
6016,6488.0,Bacillus subtilis,Positive
6017,dbAMP_25437,Micrococcus luteus,Positive
6018,21945.0,Enterococcus faecalis,Positive
6019,20605.0,Klebsiella pneumoniae,Positive
6020,dbAMP_01998,Staphylococcus aureus,Positive
6021,dbAMP_12184,Escherichia coli,Positive
6022,20839.0,Salmonella enterica,Positive
6023,dbAMP_20326,Staphylococcus aureus,Positive
6024,dbAMP_22614,Staphylococcus aureus,Positive
6025,dbAMP_19046,Pseudomonas aeruginosa,Positive
6026,dbAMP_18899,Enterococcus faecalis,Positive
6027,18048.0,Klebsiella pneumoniae,Positive
6028,dbAMP_21033,Klebsiella pneumoniae,Positive
6029,dbAMP_16027,Enterococcus faecalis,Positive
6030,19248.0,Staphylococcus aureus,Positive
6031,dbAMP_16504,Escherichia coli,Positive
6032,20134.0,Bacillus subtilis,Positive
6033,dbAMP_28802,Enterococcus faecalis,Positive
6034,dbAMP_19115,Staphylococcus epidermidis,Positive
6035,dbAMP_19305,Escherichia coli,Positive
6036,dbAMP_24328,Pseudomonas aeruginosa,Positive
6037,dbAMP_17543,Pseudomonas aeruginosa,Positive
6038,DRAMP18482,Pseudomonas aeruginosa,Positive
6039,dbAMP_33691,Escherichia coli,Positive
6040,759.0,Pseudomonas aeruginosa,Positive
6041,DRAMP01502,Candida albicans,Positive
6042,dbAMP_12178,Escherichia coli,Positive
6043,dbAMP_19113,Bacillus subtilis,Positive
6044,19962.0,Pseudomonas aeruginosa,Positive
6045,dbAMP_17601,Escherichia coli,Positive
6046,dbAMP_21370,Enterobacter cloacae,Positive
6047,dbAMP_06086,Salmonella enterica,Positive
6048,dbAMP_19666,Escherichia coli,Positive
6049,dbAMP_24503,Escherichia coli,Positive
6050,19017.0,Klebsiella pneumoniae,Positive
6051,dbAMP_21946,Pseudomonas aeruginosa,Positive
6052,19136.0,Staphylococcus aureus,Positive
6053,dbAMP_05507,Bacillus subtilis,Positive
6054,dbAMP_31177,Klebsiella pneumoniae,Positive
6055,dbAMP_19130,Escherichia coli,Positive
6056,DRAMP02865,Escherichia coli,Positive
6057,dbAMP_16494,Staphylococcus aureus,Positive
6058,dbAMP_25067,Bacillus subtilis,Positive
6059,dbAMP_10962,Micrococcus luteus,Positive
6060,dbAMP_00584,Klebsiella pneumoniae,Positive
6061,dbAMP_34278,Escherichia coli,Positive
6062,dbAMP_12284,Escherichia coli,Positive
6063,dbAMP_18433,Salmonella enterica,Positive
6064,dbAMP_24894,Escherichia coli,Positive
6065,dbAMP_02819,Bacillus subtilis,Positive
6066,dbAMP_14731,Candida albicans,Positive
6067,19489.0,Enterococcus faecium,Positive
6068,dbAMP_10898,Staphylococcus aureus,Positive
6069,dbAMP_20477,Staphylococcus aureus,Positive
6070,dbAMP_10339,Salmonella enterica,Positive
6071,dbAMP_25383,Staphylococcus epidermidis,Positive
6072,dbAMP_01768,Escherichia coli,Positive
6073,dbAMP_16477,Escherichia coli,Positive
6074,dbAMP_22640,Candida albicans,Positive
6075,dbAMP_21027,Escherichia coli,Positive
6076,20154.0,Bacillus subtilis,Positive
6077,20273.0,Escherichia coli,Positive
6078,dbAMP_18248,Escherichia coli,Positive
6079,dbAMP_18790,Salmonella enterica,Positive
6080,19494.0,Escherichia coli,Positive
6081,dbAMP_15949,Escherichia coli,Positive
6082,dbAMP_17203,Escherichia coli,Positive
6083,dbAMP_22762,Escherichia coli,Positive
6084,dbAMP_16146,Micrococcus luteus,Positive
6085,dbAMP_11040,Staphylococcus aureus,Positive
6086,dbAMP_16759,Pseudomonas aeruginosa,Positive
6087,4203.0,Staphylococcus aureus,Positive
6088,dbAMP_25424,Enterococcus faecalis,Positive
6089,19480.0,Bacillus cereus,Positive
6090,dbAMP_33226,Bacillus subtilis,Positive
6091,dbAMP_32997,Staphylococcus epidermidis,Positive
6092,dbAMP_10527,Bacillus subtilis,Positive
6093,dbAMP_02617,Staphylococcus epidermidis,Positive
6094,dbAMP_11278,Klebsiella pneumoniae,Positive
6095,dbAMP_16981,Staphylococcus aureus,Positive
6096,dbAMP_05715,Listeria monocytogenes,Positive
6097,dbAMP_24340,Staphylococcus aureus,Positive
6098,dbAMP_17062,Staphylococcus aureus,Positive
6099,21036.0,Escherichia coli,Positive
6100,dbAMP_20305,Staphylococcus aureus,Positive
6101,dbAMP_10629,Escherichia coli,Positive
6102,DRAMP04167,Bacillus subtilis,Positive
6103,dbAMP_19373,Micrococcus luteus,Positive
6104,19962.0,Staphylococcus epidermidis,Positive
6105,dbAMP_20328,Staphylococcus epidermidis,Positive
6106,dbAMP_01485,Staphylococcus aureus,Positive
6107,dbAMP_25194,Candida albicans,Positive
6108,12113.0,Listeria monocytogenes,Positive
6109,dbAMP_01658,Escherichia coli,Positive
6110,dbAMP_16533,Staphylococcus aureus,Positive
6111,dbAMP_25010,Klebsiella pneumoniae,Positive
6112,dbAMP_03090,Escherichia coli,Positive
6113,dbAMP_04117,Escherichia coli,Positive
6114,dbAMP_14887,Bacillus subtilis,Positive
6115,dbAMP_05530,Pseudomonas aeruginosa,Positive
6116,dbAMP_15973,Pseudomonas aeruginosa,Positive
6117,21411.0,Staphylococcus aureus,Positive
6118,dbAMP_33226,Staphylococcus epidermidis,Positive
6119,dbAMP_33136,Salmonella enterica,Positive
6120,dbAMP_15980,Bacillus subtilis,Positive
6121,dbAMP_03451,Enterococcus faecium,Positive
6122,dbAMP_17992,Escherichia coli,Positive
6123,dbAMP_18150,Pseudomonas aeruginosa,Positive
6124,dbAMP_33345,Staphylococcus aureus,Positive
6125,dbAMP_22703,Escherichia coli,Positive
6126,dbAMP_22621,Staphylococcus aureus,Positive
6127,dbAMP_16046,Staphylococcus epidermidis,Positive
6128,dbAMP_17453,Escherichia coli,Positive
6129,dbAMP_17203,Staphylococcus epidermidis,Positive
6130,dbAMP_23589,Micrococcus luteus,Positive
6131,dbAMP_04636,Escherichia coli,Positive
6132,dbAMP_25875,Pseudomonas aeruginosa,Positive
6133,dbAMP_19865,Staphylococcus aureus,Positive
6134,dbAMP_24032,Salmonella enterica,Positive
6135,dbAMP_19333,Staphylococcus aureus,Positive
6136,dbAMP_02007,Bacillus subtilis,Positive
6137,dbAMP_16248,Candida albicans,Positive
6138,dbAMP_16115,Salmonella enterica,Positive
6139,dbAMP_21903,Salmonella enterica,Positive
6140,dbAMP_23127,Salmonella enterica,Positive
6141,dbAMP_18225,Escherichia coli,Positive
6142,dbAMP_04331,Staphylococcus aureus,Positive
6143,dbAMP_02665,Escherichia coli,Positive
6144,dbAMP_16325,Pseudomonas aeruginosa,Positive
6145,dbAMP_24225,Enterococcus faecalis,Positive
6146,18045.0,Pseudomonas aeruginosa,Positive
6147,dbAMP_04240,Escherichia coli,Positive
6148,dbAMP_23963,Escherichia coli,Positive
6149,dbAMP_16244,Staphylococcus aureus,Positive
6150,dbAMP_18786,Staphylococcus aureus,Positive
6151,dbAMP_16278,Enterobacter cloacae,Positive
6152,5346.0,Pseudomonas aeruginosa,Positive
6153,dbAMP_00388,Cryptococcus neoformans,Positive
6154,dbAMP_18187,Pseudomonas aeruginosa,Positive
6155,dbAMP_20927,Klebsiella pneumoniae,Positive
6156,dbAMP_33106,Staphylococcus epidermidis,Positive
6157,dbAMP_10940,Salmonella enterica,Positive
6158,dbAMP_23927,Candida albicans,Positive
6159,21112.0,Escherichia coli,Positive
6160,20855.0,Listeria monocytogenes,Positive
6161,dbAMP_25208,Staphylococcus aureus,Positive
6162,dbAMP_19277,Bacillus cereus,Positive
6163,19124.0,Escherichia coli,Positive
6164,dbAMP_21734,Bacillus subtilis,Positive
6165,dbAMP_16714,Acinetobacter baumannii,Positive
6166,dbAMP_05477,Micrococcus luteus,Positive
6167,dbAMP_02271,Escherichia coli,Positive
6168,dbAMP_02898,Klebsiella pneumoniae,Positive
6169,dbAMP_31690,Salmonella enterica,Positive
6170,dbAMP_18097,Acinetobacter baumannii,Positive
6171,dbAMP_19161,Escherichia coli,Positive
6172,dbAMP_16150,Pseudomonas aeruginosa,Positive
6173,dbAMP_10338,Klebsiella pneumoniae,Positive
6174,dbAMP_20468,Staphylococcus aureus,Positive
6175,18347.0,Staphylococcus aureus,Positive
6176,dbAMP_17474,Klebsiella pneumoniae,Positive
6177,dbAMP_33624,Candida parapsilosis,Positive
6178,2020.0,Pseudomonas aeruginosa,Positive
6179,dbAMP_33010,Pseudomonas aeruginosa,Positive
6180,dbAMP_23312,Escherichia coli,Positive
6181,dbAMP_17733,Escherichia coli,Positive
6182,dbAMP_23312,Bacillus subtilis,Positive
6183,dbAMP_00473,Bacillus cereus,Positive
6184,dbAMP_33016,Staphylococcus aureus,Positive
6185,dbAMP_03121,Staphylococcus epidermidis,Positive
6186,dbAMP_22892,Pseudomonas aeruginosa,Positive
6187,20079.0,Staphylococcus aureus,Positive
6188,dbAMP_33710,Micrococcus luteus,Positive
6189,21982.0,Acinetobacter baumannii,Positive
6190,dbAMP_17477,Bacillus subtilis,Positive
6191,dbAMP_16253,Candida albicans,Positive
6192,dbAMP_33926,Staphylococcus aureus,Positive
6193,dbAMP_09684,Staphylococcus aureus,Positive
6194,dbAMP_02834,Escherichia coli,Positive
6195,dbAMP_12105,Bacillus subtilis,Positive
6196,dbAMP_27453,Pseudomonas aeruginosa,Positive
6197,20278.0,Klebsiella pneumoniae,Positive
6198,dbAMP_01777,Cryptococcus neoformans,Positive
6199,dbAMP_14815,Staphylococcus aureus,Positive
6200,dbAMP_32953,Bacillus subtilis,Positive
6201,dbAMP_20547,Cryptococcus neoformans,Positive
6202,dbAMP_16305,Staphylococcus epidermidis,Positive
6203,DRAMP20787,Staphylococcus aureus,Positive
6204,dbAMP_02031,Candida albicans,Positive
6205,19487.0,Klebsiella pneumoniae,Positive
6206,21879.0,Acinetobacter baumannii,Positive
6207,dbAMP_22948,Bacillus subtilis,Positive
6208,dbAMP_22683,Enterococcus faecium,Positive
6209,19243.0,Staphylococcus aureus,Positive
6210,dbAMP_18240,Escherichia coli,Positive
6211,20575.0,Staphylococcus aureus,Positive
6212,21971.0,Escherichia coli,Positive
6213,dbAMP_03634,Staphylococcus aureus,Positive
6214,20042.0,Staphylococcus epidermidis,Positive
6215,dbAMP_00348,Staphylococcus aureus,Positive
6216,dbAMP_02178,Staphylococcus epidermidis,Positive
6217,DRAMP03922,Pseudomonas aeruginosa,Positive
6218,DRAMP03642,Escherichia coli,Positive
6219,DRAMP02057,Staphylococcus aureus,Positive
6220,21533.0,Enterococcus faecium,Positive
6221,dbAMP_14888,Escherichia coli,Positive
6222,DRAMP21083,Staphylococcus aureus,Positive
6223,dbAMP_03680,Staphylococcus aureus,Positive
6224,dbAMP_06086,Klebsiella pneumoniae,Positive
6225,dbAMP_18126,Enterococcus faecium,Positive
6226,dbAMP_21771,Pseudomonas aeruginosa,Positive
6227,dbAMP_20385,Pseudomonas aeruginosa,Positive
6228,dbAMP_28832,Bacillus subtilis,Positive
6229,20837.0,Escherichia coli,Positive
6230,dbAMP_10284,Candida albicans,Positive
6231,dbAMP_14656,Staphylococcus aureus,Positive
6232,19900.0,Escherichia coli,Positive
6233,dbAMP_22812,Staphylococcus aureus,Positive
6234,dbAMP_05808,Staphylococcus aureus,Positive
6235,21655.0,Staphylococcus aureus,Positive
6236,17408.0,Staphylococcus aureus,Positive
6237,17529.0,Escherichia coli,Positive
6238,dbAMP_33242,Staphylococcus aureus,Positive
6239,dbAMP_17360,Micrococcus luteus,Positive
6240,19615.0,Pseudomonas aeruginosa,Positive
6241,dbAMP_20433,Staphylococcus aureus,Positive
6242,dbAMP_16307,Enterococcus faecium,Positive
6243,dbAMP_20771,Candida albicans,Positive
6244,dbAMP_27232,Staphylococcus epidermidis,Positive
6245,dbAMP_16453,Staphylococcus aureus,Positive
6246,22282.0,Staphylococcus aureus,Positive
6247,dbAMP_03548,Pseudomonas aeruginosa,Positive
6248,dbAMP_03124,Escherichia coli,Positive
6249,dbAMP_22622,Pseudomonas aeruginosa,Positive
6250,dbAMP_04744,Staphylococcus epidermidis,Positive
6251,20826.0,Staphylococcus epidermidis,Positive
6252,dbAMP_16477,Staphylococcus aureus,Positive
6253,dbAMP_02667,Escherichia coli,Positive
6254,dbAMP_14730,Escherichia coli,Positive
6255,dbAMP_20762,Staphylococcus epidermidis,Positive
6256,dbAMP_19158,Staphylococcus epidermidis,Positive
6257,19527.0,Salmonella enterica,Positive
6258,dbAMP_18872,Escherichia coli,Positive
6259,dbAMP_18187,Staphylococcus epidermidis,Positive
6260,dbAMP_27228,Escherichia coli,Positive
6261,dbAMP_18947,Escherichia coli,Positive
6262,dbAMP_31177,Enterobacter cloacae,Positive
6263,dbAMP_25299,Pseudomonas aeruginosa,Positive
6264,dbAMP_18804,Escherichia coli,Positive
6265,dbAMP_01714,Enterococcus faecalis,Positive
6266,dbAMP_20515,Staphylococcus aureus,Positive
6267,dbAMP_20767,Staphylococcus aureus,Positive
6268,dbAMP_16500,Candida albicans,Positive
6269,dbAMP_22940,Candida albicans,Positive
6270,dbAMP_17470,Escherichia coli,Positive
6271,22021.0,Listeria monocytogenes,Positive
6272,dbAMP_02998,Klebsiella pneumoniae,Positive
6273,dbAMP_23282,Escherichia coli,Positive
6274,dbAMP_15944,Staphylococcus aureus,Positive
6275,dbAMP_23466,Bacillus subtilis,Positive
6276,dbAMP_15889,Escherichia coli,Positive
6277,dbAMP_17991,Escherichia coli,Positive
6278,17510.0,Staphylococcus aureus,Positive
6279,dbAMP_10167,Salmonella enterica,Positive
6280,dbAMP_18896,Enterococcus faecalis,Positive
6281,dbAMP_17990,Klebsiella pneumoniae,Positive
6282,dbAMP_19699,Pseudomonas aeruginosa,Positive
6283,dbAMP_18586,Bacillus subtilis,Positive
6284,dbAMP_24955,Pseudomonas aeruginosa,Positive
6285,dbAMP_02042,Candida parapsilosis,Positive
6286,dbAMP_23233,Staphylococcus aureus,Positive
6287,19494.0,Pseudomonas aeruginosa,Positive
6288,dbAMP_09888,Cryptococcus neoformans,Positive
6289,dbAMP_17797,Staphylococcus aureus,Positive
6290,dbAMP_18106,Salmonella enterica,Positive
6291,dbAMP_02312,Escherichia coli,Positive
6292,17570.0,Escherichia coli,Positive
6293,dbAMP_02333,Staphylococcus aureus,Positive
6294,20337.0,Enterococcus faecalis,Positive
6295,DRAMP01775,Pseudomonas aeruginosa,Positive
6296,dbAMP_23916,Salmonella enterica,Positive
6297,20062.0,Micrococcus luteus,Positive
6298,dbAMP_04580,Escherichia coli,Positive
6299,dbAMP_04236,Bacillus cereus,Positive
6300,dbAMP_23720,Staphylococcus aureus,Positive
6301,dbAMP_17197,Pseudomonas aeruginosa,Positive
6302,dbAMP_16712,Escherichia coli,Positive
6303,dbAMP_16501,Klebsiella pneumoniae,Positive
6304,20930.0,Staphylococcus aureus,Positive
6305,dbAMP_16745,Staphylococcus epidermidis,Positive
6306,19890.0,Escherichia coli,Positive
6307,dbAMP_03561,Bacillus cereus,Positive
6308,18656.0,Staphylococcus aureus,Positive
6309,dbAMP_19781,Candida albicans,Positive
6310,19941.0,Escherichia coli,Positive
6311,20077.0,Staphylococcus epidermidis,Positive
6312,dbAMP_23695,Listeria monocytogenes,Positive
6313,dbAMP_22637,Bacillus megaterium,Positive
6314,dbAMP_32062,Bacillus subtilis,Positive
6315,dbAMP_23071,Bacillus megaterium,Positive
6316,dbAMP_25875,Escherichia coli,Positive
6317,dbAMP_17997,Pseudomonas aeruginosa,Positive
6318,dbAMP_21901,Staphylococcus epidermidis,Positive
6319,dbAMP_18936,Bacillus subtilis,Positive
6320,22160.0,Acinetobacter baumannii,Positive
6321,dbAMP_20865,Escherichia coli,Positive
6322,481.0,Bacillus subtilis,Positive
6323,dbAMP_04607,Bacillus subtilis,Positive
6324,dbAMP_03408,Bacillus subtilis,Positive
6325,dbAMP_21615,Micrococcus luteus,Positive
6326,dbAMP_24826,Candida albicans,Positive
6327,17236.0,Pseudomonas aeruginosa,Positive
6328,dbAMP_18918,Bacillus subtilis,Positive
6329,dbAMP_03079,Staphylococcus aureus,Positive
6330,dbAMP_17506,Salmonella enterica,Positive
6331,18789.0,Enterococcus faecalis,Positive
6332,dbAMP_16307,Escherichia coli,Positive
6333,dbAMP_17349,Staphylococcus aureus,Positive
6334,dbAMP_04719,Staphylococcus aureus,Positive
6335,dbAMP_15802,Escherichia coli,Positive
6336,dbAMP_21037,Escherichia coli,Positive
6337,dbAMP_01793,Pseudomonas aeruginosa,Positive
6338,dbAMP_25359,Pseudomonas aeruginosa,Positive
6339,19929.0,Staphylococcus aureus,Positive
6340,dbAMP_14895,Micrococcus luteus,Positive
6341,dbAMP_02735,Pseudomonas aeruginosa,Positive
6342,dbAMP_21203,Escherichia coli,Positive
6343,dbAMP_19368,Staphylococcus aureus,Positive
6344,dbAMP_25443,Bacillus cereus,Positive
6345,19573.0,Escherichia coli,Positive
6346,dbAMP_11781,Klebsiella pneumoniae,Positive
6347,dbAMP_16372,Candida albicans,Positive
6348,dbAMP_34235,Escherichia coli,Positive
6349,dbAMP_01594,Escherichia coli,Positive
6350,dbAMP_11067,Pseudomonas aeruginosa,Positive
6351,dbAMP_22594,Staphylococcus epidermidis,Positive
6352,20349.0,Staphylococcus epidermidis,Positive
6353,dbAMP_32936,Bacillus subtilis,Positive
6354,dbAMP_17458,Cryptococcus neoformans,Positive
6355,dbAMP_16023,Cryptococcus neoformans,Positive
6356,19124.0,Staphylococcus epidermidis,Positive
6357,DRAMP20877,Staphylococcus aureus,Positive
6358,22101.0,Bacillus subtilis,Positive
6359,dbAMP_15973,Staphylococcus aureus,Positive
6360,dbAMP_18151,Acinetobacter baumannii,Positive
6361,dbAMP_24335,Escherichia coli,Positive
6362,DRAMP01650,Pseudomonas aeruginosa,Positive
6363,21736.0,Klebsiella pneumoniae,Positive
6364,18040.0,Staphylococcus epidermidis,Positive
6365,1004.0,Enterobacter cloacae,Positive
6366,dbAMP_22175,Staphylococcus aureus,Positive
6367,dbAMP_28434,Staphylococcus aureus,Positive
6368,20540.0,Acinetobacter baumannii,Positive
6369,18173.0,Escherichia coli,Positive
6370,20839.0,Pseudomonas aeruginosa,Positive
6371,dbAMP_16253,Bacillus megaterium,Positive
6372,dbAMP_25280,Staphylococcus epidermidis,Positive
6373,dbAMP_19303,Salmonella enterica,Positive
6374,dbAMP_00048,Staphylococcus aureus,Positive
6375,dbAMP_02173,Escherichia coli,Positive
6376,dbAMP_16234,Staphylococcus epidermidis,Positive
6377,dbAMP_27063,Escherichia coli,Positive
6378,dbAMP_19201,Candida albicans,Positive
6379,dbAMP_11646,Candida albicans,Positive
6380,dbAMP_21082,Pseudomonas aeruginosa,Positive
6381,dbAMP_16377,Staphylococcus aureus,Positive
6382,dbAMP_18965,Escherichia coli,Positive
6383,dbAMP_18679,Escherichia coli,Positive
6384,DRAMP21084,Staphylococcus aureus,Positive
6385,dbAMP_33033,Pseudomonas aeruginosa,Positive
6386,dbAMP_01928,Staphylococcus aureus,Positive
6387,dbAMP_16861,Escherichia coli,Positive
6388,dbAMP_23146,Escherichia coli,Positive
6389,dbAMP_19969,Enterococcus faecalis,Positive
6390,dbAMP_31969,Escherichia coli,Positive
6391,dbAMP_22719,Candida albicans,Positive
6392,3365.0,Micrococcus luteus,Positive
6393,dbAMP_16522,Escherichia coli,Positive
6394,dbAMP_17455,Escherichia coli,Positive
6395,dbAMP_27408,Enterobacter cloacae,Positive
6396,18294.0,Escherichia coli,Positive
6397,dbAMP_16703,Enterococcus faecalis,Positive
6398,dbAMP_24044,Enterococcus faecium,Positive
6399,dbAMP_04973,Escherichia coli,Positive
6400,dbAMP_33926,Pseudomonas aeruginosa,Positive
6401,dbAMP_03204,Salmonella enterica,Positive
6402,3114.0,Staphylococcus epidermidis,Positive
6403,dbAMP_01186,Candida albicans,Positive
6404,DRAMP03519,Escherichia coli,Positive
6405,dbAMP_22935,Escherichia coli,Positive
6406,dbAMP_16279,Staphylococcus aureus,Positive
6407,dbAMP_05517,Pseudomonas aeruginosa,Positive
6408,dbAMP_12052,Salmonella enterica,Positive
6409,dbAMP_20324,Acinetobacter baumannii,Positive
6410,dbAMP_31182,Acinetobacter baumannii,Positive
6411,dbAMP_18154,Klebsiella pneumoniae,Positive
6412,6199.0,Staphylococcus epidermidis,Positive
6413,dbAMP_14889,Staphylococcus epidermidis,Positive
6414,dbAMP_27586,Pseudomonas aeruginosa,Positive
6415,dbAMP_28208,Staphylococcus aureus,Positive
6416,dbAMP_24287,Micrococcus luteus,Positive
6417,19200.0,Acinetobacter baumannii,Positive
6418,dbAMP_24408,Escherichia coli,Positive
6419,dbAMP_04744,Staphylococcus aureus,Positive
6420,17800.0,Bacillus subtilis,Positive
6421,dbAMP_34245,Staphylococcus aureus,Positive
6422,dbAMP_16310,Staphylococcus epidermidis,Positive
6423,dbAMP_04599,Salmonella enterica,Positive
6424,dbAMP_10852,Candida albicans,Positive
6425,dbAMP_05919,Pseudomonas aeruginosa,Positive
6426,9584.0,Candida albicans,Positive
6427,dbAMP_10426,Micrococcus luteus,Positive
6428,dbAMP_01961,Micrococcus luteus,Positive
6429,dbAMP_04825,Pseudomonas aeruginosa,Positive
6430,dbAMP_24032,Acinetobacter baumannii,Positive
6431,dbAMP_06086,Escherichia coli,Positive
6432,dbAMP_21791,Escherichia coli,Positive
6433,dbAMP_25297,Staphylococcus aureus,Positive
6434,dbAMP_22829,Bacillus subtilis,Positive
6435,DRAMP03003,Micrococcus luteus,Positive
6436,dbAMP_12832,Staphylococcus aureus,Positive
6437,dbAMP_02146,Staphylococcus aureus,Positive
6438,dbAMP_02827,Staphylococcus aureus,Positive
6439,dbAMP_17655,Pseudomonas aeruginosa,Positive
6440,dbAMP_24563,Acinetobacter baumannii,Positive
6441,dbAMP_10636,Bacillus subtilis,Positive
6442,dbAMP_33137,Staphylococcus aureus,Positive
6443,dbAMP_18241,Bacillus subtilis,Positive
6444,dbAMP_23235,Escherichia coli,Positive
6445,dbAMP_21697,Escherichia coli,Positive
6446,18746.0,Staphylococcus aureus,Positive
6447,dbAMP_20763,Escherichia coli,Positive
6448,dbAMP_24310,Pseudomonas aeruginosa,Positive
6449,dbAMP_16051,Candida albicans,Positive
6450,dbAMP_09742,Pseudomonas aeruginosa,Positive
6451,dbAMP_15768,Escherichia coli,Positive
6452,dbAMP_03601,Candida albicans,Positive
6453,dbAMP_02062,Enterococcus faecalis,Positive
6454,1164.0,Candida albicans,Positive
6455,dbAMP_16903,Acinetobacter baumannii,Positive
6456,dbAMP_24044,Enterococcus faecalis,Positive
6457,dbAMP_17067,Pseudomonas aeruginosa,Positive
6458,dbAMP_16151,Salmonella enterica,Positive
6459,20842.0,Staphylococcus aureus,Positive
6460,dbAMP_22012,Escherichia coli,Positive
6461,dbAMP_05833,Staphylococcus aureus,Positive
6462,dbAMP_05488,Acinetobacter baumannii,Positive
6463,dbAMP_01870,Staphylococcus aureus,Positive
6464,21163.0,Bacillus subtilis,Positive
6465,dbAMP_19528,Escherichia coli,Positive
6466,dbAMP_01091,Staphylococcus aureus,Positive
6467,dbAMP_27351,Staphylococcus aureus,Positive
6468,dbAMP_16162,Acinetobacter baumannii,Positive
6469,dbAMP_03554,Staphylococcus aureus,Positive
6470,dbAMP_24378,Candida albicans,Positive
6471,dbAMP_20545,Candida albicans,Positive
6472,dbAMP_17808,Acinetobacter baumannii,Positive
6473,dbAMP_19660,Acinetobacter baumannii,Positive
6474,4966.0,Candida albicans,Positive
6475,16988.0,Staphylococcus aureus,Positive
6476,18173.0,Klebsiella pneumoniae,Positive
6477,dbAMP_27661,Escherichia coli,Positive
6478,dbAMP_12011,Pseudomonas aeruginosa,Positive
6479,dbAMP_25302,Staphylococcus aureus,Positive
6480,20251.0,Pseudomonas aeruginosa,Positive
6481,dbAMP_20285,Escherichia coli,Positive
6482,18987.0,Bacillus subtilis,Positive
6483,dbAMP_27635,Escherichia coli,Positive
6484,dbAMP_15997,Escherichia coli,Positive
6485,dbAMP_23992,Enterococcus faecium,Positive
6486,dbAMP_19285,Salmonella enterica,Positive
6487,DRAMP02965,Staphylococcus aureus,Positive
6488,dbAMP_24031,Staphylococcus aureus,Positive
6489,dbAMP_03646,Bacillus megaterium,Positive
6490,20958.0,Escherichia coli,Positive
6491,dbAMP_18540,Escherichia coli,Positive
6492,dbAMP_11750,Escherichia coli,Positive
6493,19859.0,Klebsiella pneumoniae,Positive
6494,DRAMP03166,Staphylococcus aureus,Positive
6495,dbAMP_24671,Klebsiella pneumoniae,Positive
6496,dbAMP_33312,Staphylococcus aureus,Positive
6497,dbAMP_31809,Staphylococcus aureus,Positive
6498,dbAMP_22690,Escherichia coli,Positive
6499,dbAMP_20704,Candida albicans,Positive
6500,21188.0,Salmonella enterica,Positive
6501,19501.0,Klebsiella pneumoniae,Positive
6502,DRAMP00204,Staphylococcus aureus,Positive
6503,dbAMP_24002,Pseudomonas aeruginosa,Positive
6504,17513.0,Staphylococcus aureus,Positive
6505,dbAMP_22614,Candida albicans,Positive
6506,dbAMP_22033,Bacillus subtilis,Positive
6507,dbAMP_16560,Escherichia coli,Positive
6508,dbAMP_19298,Bacillus subtilis,Positive
6509,dbAMP_27351,Candida albicans,Positive
6510,dbAMP_22622,Staphylococcus epidermidis,Positive
6511,dbAMP_22926,Staphylococcus aureus,Positive
6512,dbAMP_10706,Pseudomonas aeruginosa,Positive
6513,dbAMP_04343,Escherichia coli,Positive
6514,dbAMP_27286,Salmonella enterica,Positive
6515,21179.0,Escherichia coli,Positive
6516,dbAMP_00449,Escherichia coli,Positive
6517,dbAMP_03458,Escherichia coli,Positive
6518,dbAMP_03695,Pseudomonas aeruginosa,Positive
6519,dbAMP_34240,Escherichia coli,Positive
6520,dbAMP_16152,Escherichia coli,Positive
6521,dbAMP_16183,Staphylococcus aureus,Positive
6522,dbAMP_05360,Escherichia coli,Positive
6523,dbAMP_33075,Pseudomonas aeruginosa,Positive
6524,dbAMP_22010,Staphylococcus aureus,Positive
6525,dbAMP_16748,Escherichia coli,Positive
6526,dbAMP_11730,Enterococcus faecalis,Positive
6527,dbAMP_33689,Acinetobacter baumannii,Positive
6528,dbAMP_16005,Escherichia coli,Positive
6529,18624.0,Klebsiella pneumoniae,Positive
6530,dbAMP_24816,Bacillus subtilis,Positive
6531,dbAMP_19305,Bacillus cereus,Positive
6532,dbAMP_23936,Staphylococcus aureus,Positive
6533,4134.0,Escherichia coli,Positive
6534,dbAMP_17506,Listeria monocytogenes,Positive
6535,dbAMP_19422,Escherichia coli,Positive
6536,dbAMP_24307,Acinetobacter baumannii,Positive
6537,dbAMP_18183,Bacillus subtilis,Positive
6538,dbAMP_03156,Pseudomonas aeruginosa,Positive
6539,21536.0,Escherichia coli,Positive
6540,dbAMP_24623,Escherichia coli,Positive
6541,DRAMP02835,Micrococcus luteus,Positive
6542,dbAMP_23758,Pseudomonas aeruginosa,Positive
6543,dbAMP_16247,Candida albicans,Positive
6544,dbAMP_14717,Pseudomonas aeruginosa,Positive
6545,dbAMP_16140,Bacillus subtilis,Positive
6546,dbAMP_05489,Pseudomonas aeruginosa,Positive
6547,dbAMP_33696,Enterococcus faecalis,Positive
6548,dbAMP_18144,Pseudomonas aeruginosa,Positive
6549,dbAMP_17555,Escherichia coli,Positive
6550,19858.0,Escherichia coli,Positive
6551,22236.0,Escherichia coli,Positive
6552,dbAMP_03221,Acinetobacter baumannii,Positive
6553,dbAMP_18586,Bacillus cereus,Positive
6554,18815.0,Pseudomonas aeruginosa,Positive
6555,dbAMP_24944,Candida albicans,Positive
6556,dbAMP_15751,Bacillus cereus,Positive
6557,dbAMP_01904,Staphylococcus aureus,Positive
6558,dbAMP_32413,Staphylococcus epidermidis,Positive
6559,dbAMP_28434,Enterococcus faecalis,Positive
6560,dbAMP_04717,Escherichia coli,Positive
6561,dbAMP_19103,Klebsiella pneumoniae,Positive
6562,dbAMP_22072,Micrococcus luteus,Positive
6563,260.0,Bacillus subtilis,Positive
6564,dbAMP_23750,Escherichia coli,Positive
6565,dbAMP_02325,Candida albicans,Positive
6566,dbAMP_14785,Bacillus subtilis,Positive
6567,dbAMP_16883,Klebsiella pneumoniae,Positive
6568,17724.0,Escherichia coli,Positive
6569,dbAMP_21977,Enterobacter cloacae,Positive
6570,dbAMP_02078,Staphylococcus aureus,Positive
6571,dbAMP_18441,Listeria monocytogenes,Positive
6572,21756.0,Staphylococcus aureus,Positive
6573,dbAMP_23692,Escherichia coli,Positive
6574,19500.0,Enterococcus faecalis,Positive
6575,dbAMP_11289,Staphylococcus aureus,Positive
6576,2105.0,Klebsiella pneumoniae,Positive
6577,dbAMP_20339,Enterococcus faecalis,Positive
6578,dbAMP_02937,Escherichia coli,Positive
6579,dbAMP_01991,Staphylococcus aureus,Positive
6580,dbAMP_01671,Staphylococcus epidermidis,Positive
6581,dbAMP_27194,Enterococcus faecalis,Positive
6582,dbAMP_14872,Staphylococcus aureus,Positive
6583,dbAMP_16151,Pseudomonas aeruginosa,Positive
6584,dbAMP_34588,Escherichia coli,Positive
6585,dbAMP_27353,Staphylococcus epidermidis,Positive
6586,dbAMP_23978,Klebsiella pneumoniae,Positive
6587,DRAMP00766,Bacillus subtilis,Positive
6588,20348.0,Acinetobacter baumannii,Positive
6589,18646.0,Staphylococcus aureus,Positive
6590,dbAMP_23941,Salmonella enterica,Positive
6591,21922.0,Micrococcus luteus,Positive
6592,dbAMP_02062,Staphylococcus aureus,Positive
6593,18326.0,Bacillus subtilis,Positive
6594,dbAMP_24816,Salmonella enterica,Positive
6595,dbAMP_26064,Staphylococcus epidermidis,Positive
6596,18813.0,Staphylococcus epidermidis,Positive
6597,dbAMP_17470,Candida albicans,Positive
6598,dbAMP_22019,Staphylococcus aureus,Positive
6599,19866.0,Escherichia coli,Positive
6600,dbAMP_17505,Escherichia coli,Positive
6601,dbAMP_21148,Pseudomonas aeruginosa,Positive
6602,dbAMP_22693,Escherichia coli,Positive
6603,dbAMP_19253,Salmonella enterica,Positive
6604,dbAMP_16095,Candida albicans,Positive
6605,dbAMP_16000,Staphylococcus epidermidis,Positive
6606,dbAMP_19103,Bacillus subtilis,Positive
6607,dbAMP_17882,Acinetobacter baumannii,Positive
6608,DRAMP18480,Escherichia coli,Positive
6609,dbAMP_17751,Pseudomonas aeruginosa,Positive
6610,dbAMP_20533,Staphylococcus aureus,Positive
6611,dbAMP_17343,Staphylococcus aureus,Positive
6612,dbAMP_03385,Pseudomonas aeruginosa,Positive
6613,20584.0,Staphylococcus epidermidis,Positive
6614,dbAMP_27474,Escherichia coli,Positive
6615,dbAMP_18450,Escherichia coli,Positive
6616,dbAMP_16717,Escherichia coli,Positive
6617,dbAMP_16206,Escherichia coli,Positive
6618,dbAMP_22797,Staphylococcus epidermidis,Positive
6619,dbAMP_33102,Acinetobacter baumannii,Positive
6620,dbAMP_33104,Staphylococcus epidermidis,Positive
6621,22218.0,Klebsiella pneumoniae,Positive
6622,dbAMP_18070,Staphylococcus aureus,Positive
6623,dbAMP_15774,Bacillus cereus,Positive
6624,21532.0,Enterococcus faecium,Positive
6625,dbAMP_18587,Bacillus cereus,Positive
6626,19940.0,Pseudomonas aeruginosa,Positive
6627,dbAMP_15870,Staphylococcus epidermidis,Positive
6628,19988.0,Escherichia coli,Positive
6629,dbAMP_18867,Pseudomonas aeruginosa,Positive
6630,dbAMP_31990,Candida albicans,Positive
6631,dbAMP_22479,Pseudomonas aeruginosa,Positive
6632,dbAMP_27638,Pseudomonas aeruginosa,Positive
6633,20143.0,Escherichia coli,Positive
6634,22098.0,Bacillus subtilis,Positive
6635,1004.0,Staphylococcus aureus,Positive
6636,dbAMP_14846,Salmonella enterica,Positive
6637,dbAMP_17139,Klebsiella pneumoniae,Positive
6638,20339.0,Staphylococcus aureus,Positive
6639,dbAMP_03967,Pseudomonas aeruginosa,Positive
6640,dbAMP_28473,Pseudomonas aeruginosa,Positive
6641,dbAMP_22829,Staphylococcus epidermidis,Positive
6642,dbAMP_05527,Pseudomonas aeruginosa,Positive
6643,dbAMP_31641,Pseudomonas aeruginosa,Positive
6644,dbAMP_25353,Bacillus subtilis,Positive
6645,dbAMP_23507,Bacillus subtilis,Positive
6646,dbAMP_05488,Micrococcus luteus,Positive
6647,20831.0,Micrococcus luteus,Positive
6648,19551.0,Staphylococcus aureus,Positive
6649,dbAMP_23930,Staphylococcus aureus,Positive
6650,20540.0,Enterococcus faecalis,Positive
6651,dbAMP_27662,Pseudomonas aeruginosa,Positive
6652,dbAMP_32997,Escherichia coli,Positive
6653,dbAMP_15994,Staphylococcus aureus,Positive
6654,15048.0,Candida albicans,Positive
6655,dbAMP_27812,Escherichia coli,Positive
6656,dbAMP_18233,Pseudomonas aeruginosa,Positive
6657,20004.0,Bacillus cereus,Positive
6658,19773.0,Acinetobacter baumannii,Positive
6659,dbAMP_22772,Staphylococcus epidermidis,Positive
6660,dbAMP_02954,Acinetobacter baumannii,Positive
6661,dbAMP_05244,Salmonella enterica,Positive
6662,dbAMP_18877,Staphylococcus aureus,Positive
6663,21527.0,Enterococcus faecium,Positive
6664,dbAMP_31181,Staphylococcus aureus,Positive
6665,DRAMP01097,Candida albicans,Positive
6666,dbAMP_33782,Staphylococcus aureus,Positive
6667,dbAMP_23101,Pseudomonas aeruginosa,Positive
6668,dbAMP_02950,Enterococcus faecium,Positive
6669,dbAMP_31183,Bacillus subtilis,Positive
6670,19120.0,Escherichia coli,Positive
6671,dbAMP_17450,Klebsiella pneumoniae,Positive
6672,dbAMP_25304,Pseudomonas aeruginosa,Positive
6673,dbAMP_03668,Salmonella enterica,Positive
6674,852.0,Enterobacter cloacae,Positive
6675,17798.0,Bacillus subtilis,Positive
6676,dbAMP_20421,Staphylococcus epidermidis,Positive
6677,dbAMP_10978,Candida albicans,Positive
6678,dbAMP_21636,Salmonella enterica,Positive
6679,dbAMP_24520,Pseudomonas aeruginosa,Positive
6680,dbAMP_11527,Pseudomonas aeruginosa,Positive
6681,dbAMP_20827,Staphylococcus aureus,Positive
6682,DRAMP18660,Salmonella enterica,Positive
6683,dbAMP_10636,Staphylococcus aureus,Positive
6684,dbAMP_03385,Staphylococcus aureus,Positive
6685,dbAMP_27179,Pseudomonas aeruginosa,Positive
6686,dbAMP_00951,Staphylococcus aureus,Positive
6687,dbAMP_15960,Candida albicans,Positive
6688,dbAMP_19174,Acinetobacter baumannii,Positive
6689,dbAMP_17497,Pseudomonas aeruginosa,Positive
6690,dbAMP_20703,Escherichia coli,Positive
6691,7386.0,Cryptococcus neoformans,Positive
6692,dbAMP_21998,Bacillus subtilis,Positive
6693,17254.0,Escherichia coli,Positive
6694,dbAMP_33004,Escherichia coli,Positive
6695,dbAMP_22874,Candida albicans,Positive
6696,dbAMP_04973,Listeria monocytogenes,Positive
6697,22293.0,Staphylococcus aureus,Positive
6698,17405.0,Escherichia coli,Positive
6699,dbAMP_01733,Bacillus subtilis,Positive
6700,18756.0,Enterococcus faecalis,Positive
6701,DRAMP18495,Klebsiella pneumoniae,Positive
6702,dbAMP_27236,Escherichia coli,Positive
6703,dbAMP_18964,Staphylococcus aureus,Positive
6704,dbAMP_02617,Escherichia coli,Positive
6705,dbAMP_15831,Escherichia coli,Positive
6706,dbAMP_19799,Pseudomonas aeruginosa,Positive
6707,19673.0,Klebsiella pneumoniae,Positive
6708,dbAMP_19265,Pseudomonas aeruginosa,Positive
6709,18605.0,Micrococcus luteus,Positive
6710,dbAMP_22926,Bacillus megaterium,Positive
6711,dbAMP_06215,Bacillus subtilis,Positive
6712,17350.0,Klebsiella pneumoniae,Positive
6713,dbAMP_11830,Staphylococcus aureus,Positive
6714,dbAMP_00230,Bacillus subtilis,Positive
6715,19992.0,Staphylococcus aureus,Positive
6716,dbAMP_33290,Staphylococcus aureus,Positive
6717,dbAMP_17758,Candida parapsilosis,Positive
6718,dbAMP_16712,Micrococcus luteus,Positive
6719,dbAMP_04474,Escherichia coli,Positive
6720,dbAMP_16001,Staphylococcus epidermidis,Positive
6721,dbAMP_33116,Enterococcus faecium,Positive
6722,dbAMP_01804,Staphylococcus aureus,Positive
6723,dbAMP_16861,Staphylococcus aureus,Positive
6724,dbAMP_16770,Escherichia coli,Positive
6725,dbAMP_24927,Escherichia coli,Positive
6726,dbAMP_04339,Staphylococcus aureus,Positive
6727,dbAMP_02106,Candida albicans,Positive
6728,dbAMP_27621,Bacillus subtilis,Positive
6729,dbAMP_01582,Enterococcus faecium,Positive
6730,22105.0,Listeria monocytogenes,Positive
6731,dbAMP_16378,Pseudomonas aeruginosa,Positive
6732,dbAMP_18851,Pseudomonas aeruginosa,Positive
6733,dbAMP_05127,Pseudomonas aeruginosa,Positive
6734,dbAMP_21954,Staphylococcus aureus,Positive
6735,19488.0,Enterobacter cloacae,Positive
6736,dbAMP_22118,Escherichia coli,Positive
6737,dbAMP_19437,Escherichia coli,Positive
6738,dbAMP_20375,Pseudomonas aeruginosa,Positive
6739,dbAMP_14825,Enterococcus faecalis,Positive
6740,dbAMP_33941,Pseudomonas aeruginosa,Positive
6741,dbAMP_27443,Bacillus cereus,Positive
6742,dbAMP_17402,Staphylococcus aureus,Positive
6743,dbAMP_14698,Escherichia coli,Positive
6744,852.0,Candida albicans,Positive
6745,dbAMP_03121,Bacillus subtilis,Positive
6746,dbAMP_24948,Pseudomonas aeruginosa,Positive
6747,dbAMP_16217,Pseudomonas aeruginosa,Positive
6748,8830.0,Enterococcus faecium,Positive
6749,dbAMP_20438,Pseudomonas aeruginosa,Positive
6750,dbAMP_33840,Escherichia coli,Positive
6751,1361.0,Candida albicans,Positive
6752,dbAMP_16144,Micrococcus luteus,Positive
6753,dbAMP_04754,Staphylococcus aureus,Positive
6754,dbAMP_21972,Enterobacter cloacae,Positive
6755,2854.0,Staphylococcus epidermidis,Positive
6756,dbAMP_04674,Staphylococcus epidermidis,Positive
6757,22251.0,Bacillus subtilis,Positive
6758,dbAMP_24043,Candida albicans,Positive
6759,1361.0,Staphylococcus aureus,Positive
6760,dbAMP_33926,Acinetobacter baumannii,Positive
6761,dbAMP_33591,Bacillus cereus,Positive
6762,dbAMP_16134,Listeria monocytogenes,Positive
6763,dbAMP_19539,Staphylococcus aureus,Positive
6764,21715.0,Escherichia coli,Positive
6765,dbAMP_20523,Pseudomonas aeruginosa,Positive
6766,dbAMP_33086,Enterobacter cloacae,Positive
6767,dbAMP_21652,Candida albicans,Positive
6768,dbAMP_22650,Candida albicans,Positive
6769,21056.0,Staphylococcus aureus,Positive
6770,dbAMP_04167,Escherichia coli,Positive
6771,dbAMP_28303,Escherichia coli,Positive
6772,dbAMP_25444,Escherichia coli,Positive
6773,dbAMP_04788,Pseudomonas aeruginosa,Positive
6774,20018.0,Escherichia coli,Positive
6775,dbAMP_16387,Pseudomonas aeruginosa,Positive
6776,21528.0,Acinetobacter baumannii,Positive
6777,dbAMP_17504,Escherichia coli,Positive
6778,dbAMP_16703,Pseudomonas aeruginosa,Positive
6779,dbAMP_20286,Escherichia coli,Positive
6780,dbAMP_19438,Escherichia coli,Positive
6781,dbAMP_22615,Staphylococcus epidermidis,Positive
6782,dbAMP_10857,Escherichia coli,Positive
6783,dbAMP_18956,Candida albicans,Positive
6784,dbAMP_10642,Escherichia coli,Positive
6785,dbAMP_04343,Candida albicans,Positive
6786,dbAMP_14716,Enterococcus faecalis,Positive
6787,19914.0,Pseudomonas aeruginosa,Positive
6788,dbAMP_16158,Staphylococcus aureus,Positive
6789,dbAMP_31185,Staphylococcus aureus,Positive
6790,dbAMP_16422,Escherichia coli,Positive
6791,dbAMP_05798,Enterococcus faecium,Positive
6792,dbAMP_18877,Pseudomonas aeruginosa,Positive
6793,dbAMP_19400,Escherichia coli,Positive
6794,dbAMP_10857,Staphylococcus epidermidis,Positive
6795,dbAMP_02419,Escherichia coli,Positive
6796,dbAMP_18664,Pseudomonas aeruginosa,Positive
6797,DRAMP01513,Staphylococcus aureus,Positive
6798,20964.0,Escherichia coli,Positive
6799,dbAMP_03851,Acinetobacter baumannii,Positive
6800,dbAMP_17654,Pseudomonas aeruginosa,Positive
6801,dbAMP_05478,Staphylococcus epidermidis,Positive
6802,dbAMP_33307,Acinetobacter baumannii,Positive
6803,dbAMP_16152,Pseudomonas aeruginosa,Positive
6804,dbAMP_18148,Acinetobacter baumannii,Positive
6805,dbAMP_17470,Acinetobacter baumannii,Positive
6806,DRAMP18489,Pseudomonas aeruginosa,Positive
6807,22053.0,Staphylococcus aureus,Positive
6808,dbAMP_14829,Enterococcus faecalis,Positive
6809,dbAMP_05530,Escherichia coli,Positive
6810,dbAMP_17507,Salmonella enterica,Positive
6811,dbAMP_33108,Acinetobacter baumannii,Positive
6812,dbAMP_34134,Staphylococcus aureus,Positive
6813,dbAMP_16325,Staphylococcus aureus,Positive
6814,dbAMP_15781,Escherichia coli,Positive
6815,dbAMP_20285,Staphylococcus aureus,Positive
6816,19992.0,Staphylococcus epidermidis,Positive
6817,dbAMP_20658,Candida albicans,Positive
6818,dbAMP_19110,Bacillus subtilis,Positive
6819,dbAMP_15997,Staphylococcus aureus,Positive
6820,dbAMP_03236,Staphylococcus epidermidis,Positive
6821,dbAMP_21059,Pseudomonas aeruginosa,Positive
6822,dbAMP_05034,Listeria monocytogenes,Positive
6823,dbAMP_17920,Staphylococcus aureus,Positive
6824,dbAMP_18803,Salmonella enterica,Positive
6825,21586.0,Escherichia coli,Positive
6826,dbAMP_01091,Escherichia coli,Positive
6827,dbAMP_26087,Staphylococcus aureus,Positive
6828,12553.0,Staphylococcus epidermidis,Positive
6829,DRAMP18618,Staphylococcus aureus,Positive
6830,dbAMP_33006,Pseudomonas aeruginosa,Positive
6831,dbAMP_01917,Acinetobacter baumannii,Positive
6832,dbAMP_05527,Staphylococcus aureus,Positive
6833,dbAMP_21770,Staphylococcus aureus,Positive
6834,dbAMP_22143,Bacillus subtilis,Positive
6835,dbAMP_22249,Bacillus cereus,Positive
6836,dbAMP_03838,Candida albicans,Positive
6837,17818.0,Bacillus megaterium,Positive
6838,dbAMP_21295,Pseudomonas aeruginosa,Positive
6839,14945.0,Pseudomonas aeruginosa,Positive
6840,dbAMP_32513,Staphylococcus aureus,Positive
6841,dbAMP_18809,Escherichia coli,Positive
6842,dbAMP_23973,Escherichia coli,Positive
6843,4761.0,Escherichia coli,Positive
6844,dbAMP_17995,Escherichia coli,Positive
6845,dbAMP_24343,Salmonella enterica,Positive
6846,dbAMP_03287,Staphylococcus aureus,Positive
6847,dbAMP_20339,Acinetobacter baumannii,Positive
6848,dbAMP_18240,Staphylococcus epidermidis,Positive
6849,dbAMP_33373,Escherichia coli,Positive
6850,dbAMP_16085,Staphylococcus aureus,Positive
6851,21943.0,Candida albicans,Positive
6852,20339.0,Enterococcus faecalis,Positive
6853,dbAMP_05268,Klebsiella pneumoniae,Positive
6854,dbAMP_05264,Escherichia coli,Positive
6855,dbAMP_23989,Escherichia coli,Positive
6856,dbAMP_03673,Escherichia coli,Positive
6857,dbAMP_19537,Salmonella enterica,Positive
6858,dbAMP_19294,Escherichia coli,Positive
6859,dbAMP_23940,Enterococcus faecalis,Positive
6860,dbAMP_18430,Candida albicans,Positive
6861,dbAMP_11436,Staphylococcus aureus,Positive
6862,dbAMP_28794,Escherichia coli,Positive
6863,dbAMP_15991,Pseudomonas aeruginosa,Positive
6864,19937.0,Staphylococcus aureus,Positive
6865,20296.0,Acinetobacter baumannii,Positive
6866,dbAMP_22852,Escherichia coli,Positive
6867,10857.0,Staphylococcus aureus,Positive
6868,dbAMP_19771,Enterobacter cloacae,Positive
6869,19551.0,Enterococcus faecalis,Positive
6870,dbAMP_24917,Pseudomonas aeruginosa,Positive
6871,19778.0,Salmonella enterica,Positive
6872,dbAMP_19222,Staphylococcus aureus,Positive
6873,20137.0,Bacillus subtilis,Positive
6874,dbAMP_18981,Candida albicans,Positive
6875,dbAMP_25010,Escherichia coli,Positive
6876,dbAMP_12246,Candida albicans,Positive
6877,dbAMP_22451,Bacillus subtilis,Positive
6878,dbAMP_19238,Pseudomonas aeruginosa,Positive
6879,dbAMP_03658,Escherichia coli,Positive
6880,dbAMP_17146,Acinetobacter baumannii,Positive
6881,dbAMP_17632,Escherichia coli,Positive
6882,dbAMP_14877,Pseudomonas aeruginosa,Positive
6883,dbAMP_18072,Enterococcus faecalis,Positive
6884,18816.0,Staphylococcus aureus,Positive
6885,dbAMP_20673,Staphylococcus aureus,Positive
6886,dbAMP_15954,Candida parapsilosis,Positive
6887,dbAMP_18981,Staphylococcus aureus,Positive
6888,dbAMP_27178,Staphylococcus aureus,Positive
6889,dbAMP_21734,Cryptococcus neoformans,Positive
6890,dbAMP_00990,Staphylococcus aureus,Positive
6891,dbAMP_02450,Bacillus subtilis,Positive
6892,dbAMP_32931,Staphylococcus aureus,Positive
6893,dbAMP_23460,Escherichia coli,Positive
6894,19611.0,Bacillus subtilis,Positive
6895,dbAMP_05478,Pseudomonas aeruginosa,Positive
6896,dbAMP_33141,Escherichia coli,Positive
6897,DRAMP02057,Escherichia coli,Positive
6898,20856.0,Staphylococcus aureus,Positive
6899,dbAMP_03891,Escherichia coli,Positive
6900,dbAMP_22790,Salmonella enterica,Positive
6901,21697.0,Staphylococcus aureus,Positive
6902,dbAMP_20466,Staphylococcus aureus,Positive
6903,dbAMP_24044,Klebsiella pneumoniae,Positive
6904,dbAMP_22926,Escherichia coli,Positive
6905,dbAMP_05264,Klebsiella pneumoniae,Positive
6906,dbAMP_11398,Staphylococcus aureus,Positive
6907,dbAMP_21734,Salmonella enterica,Positive
6908,17706.0,Pseudomonas aeruginosa,Positive
6909,dbAMP_18872,Salmonella enterica,Positive
6910,dbAMP_18394,Pseudomonas aeruginosa,Positive
6911,dbAMP_20454,Bacillus subtilis,Positive
6912,dbAMP_24310,Staphylococcus aureus,Positive
6913,dbAMP_04359,Bacillus subtilis,Positive
6914,dbAMP_24952,Acinetobacter baumannii,Positive
6915,dbAMP_18992,Pseudomonas aeruginosa,Positive
6916,dbAMP_19286,Staphylococcus aureus,Positive
6917,dbAMP_25183,Escherichia coli,Positive
6918,22021.0,Bacillus subtilis,Positive
6919,dbAMP_18116,Enterococcus faecalis,Positive
6920,dbAMP_16280,Candida albicans,Positive
6921,dbAMP_02560,Staphylococcus aureus,Positive
6922,20807.0,Staphylococcus aureus,Positive
6923,dbAMP_16242,Escherichia coli,Positive
6924,dbAMP_18829,Staphylococcus aureus,Positive
6925,dbAMP_14702,Staphylococcus aureus,Positive
6926,dbAMP_01988,Candida albicans,Positive
6927,dbAMP_17474,Cryptococcus neoformans,Positive
6928,dbAMP_16216,Escherichia coli,Positive
6929,dbAMP_14717,Salmonella enterica,Positive
6930,dbAMP_10906,Bacillus megaterium,Positive
6931,dbAMP_21903,Micrococcus luteus,Positive
6932,dbAMP_16379,Pseudomonas aeruginosa,Positive
6933,dbAMP_04897,Staphylococcus aureus,Positive
6934,dbAMP_17804,Staphylococcus aureus,Positive
6935,9825.0,Candida albicans,Positive
6936,dbAMP_00051,Escherichia coli,Positive
6937,dbAMP_33119,Acinetobacter baumannii,Positive
6938,dbAMP_18106,Bacillus subtilis,Positive
6939,dbAMP_15974,Pseudomonas aeruginosa,Positive
6940,dbAMP_21225,Staphylococcus aureus,Positive
6941,22024.0,Staphylococcus aureus,Positive
6942,22036.0,Salmonella enterica,Positive
6943,dbAMP_21725,Staphylococcus aureus,Positive
6944,dbAMP_24917,Micrococcus luteus,Positive
6945,20499.0,Salmonella enterica,Positive
6946,dbAMP_19737,Enterococcus faecalis,Positive
6947,dbAMP_16060,Bacillus subtilis,Positive
6948,dbAMP_20536,Bacillus cereus,Positive
6949,dbAMP_27487,Pseudomonas aeruginosa,Positive
6950,dbAMP_21959,Escherichia coli,Positive
6951,dbAMP_18700,Pseudomonas aeruginosa,Positive
6952,dbAMP_20499,Micrococcus luteus,Positive
6953,dbAMP_22691,Bacillus subtilis,Positive
6954,dbAMP_20761,Staphylococcus aureus,Positive
6955,dbAMP_16906,Enterococcus faecalis,Positive
6956,20582.0,Acinetobacter baumannii,Positive
6957,dbAMP_02008,Staphylococcus aureus,Positive
6958,dbAMP_14723,Escherichia coli,Positive
6959,19862.0,Staphylococcus aureus,Positive
6960,dbAMP_18106,Escherichia coli,Positive
6961,dbAMP_03090,Staphylococcus epidermidis,Positive
6962,19487.0,Pseudomonas aeruginosa,Positive
6963,10295.0,Acinetobacter baumannii,Positive
6964,dbAMP_03430,Candida albicans,Positive
6965,dbAMP_17456,Candida albicans,Positive
6966,19946.0,Salmonella enterica,Positive
6967,dbAMP_21288,Staphylococcus aureus,Positive
6968,2820.0,Staphylococcus aureus,Positive
6969,dbAMP_22721,Staphylococcus epidermidis,Positive
6970,dbAMP_18049,Escherichia coli,Positive
6971,dbAMP_23299,Klebsiella pneumoniae,Positive
6972,dbAMP_18157,Pseudomonas aeruginosa,Positive
6973,17509.0,Staphylococcus aureus,Positive
6974,dbAMP_16633,Klebsiella pneumoniae,Positive
6975,dbAMP_21652,Staphylococcus aureus,Positive
6976,dbAMP_18446,Salmonella enterica,Positive
6977,dbAMP_19598,Pseudomonas aeruginosa,Positive
6978,13886.0,Acinetobacter baumannii,Positive
6979,dbAMP_04074,Escherichia coli,Positive
6980,DRAMP02854,Candida albicans,Positive
6981,dbAMP_27500,Escherichia coli,Positive
6982,dbAMP_22800,Micrococcus luteus,Positive
6983,dbAMP_33017,Klebsiella pneumoniae,Positive
6984,dbAMP_16246,Staphylococcus aureus,Positive
6985,dbAMP_24585,Escherichia coli,Positive
6986,dbAMP_20330,Staphylococcus epidermidis,Positive
6987,dbAMP_17216,Staphylococcus aureus,Positive
6988,dbAMP_23919,Escherichia coli,Positive
6989,dbAMP_17980,Candida albicans,Positive
6990,dbAMP_10499,Staphylococcus aureus,Positive
6991,10245.0,Staphylococcus aureus,Positive
6992,dbAMP_19319,Staphylococcus aureus,Positive
6993,dbAMP_23916,Staphylococcus aureus,Positive
6994,dbAMP_04602,Escherichia coli,Positive
6995,19704.0,Klebsiella pneumoniae,Positive
6996,19860.0,Bacillus subtilis,Positive
6997,dbAMP_08405,Staphylococcus aureus,Positive
6998,dbAMP_14794,Pseudomonas aeruginosa,Positive
6999,dbAMP_14831,Staphylococcus epidermidis,Positive
7000,18893.0,Salmonella enterica,Positive
7001,dbAMP_24406,Escherichia coli,Positive
7002,dbAMP_31802,Staphylococcus aureus,Positive
7003,17327.0,Candida albicans,Positive
7004,3343.0,Staphylococcus epidermidis,Positive
7005,dbAMP_18695,Bacillus subtilis,Positive
7006,22378.0,Pseudomonas aeruginosa,Positive
7007,18789.0,Pseudomonas aeruginosa,Positive
7008,dbAMP_04899,Staphylococcus aureus,Positive
7009,18659.0,Cryptococcus neoformans,Positive
7010,DRAMP03929,Bacillus subtilis,Positive
7011,20186.0,Bacillus subtilis,Positive
7012,dbAMP_20455,Pseudomonas aeruginosa,Positive
7013,dbAMP_16906,Escherichia coli,Positive
7014,dbAMP_22790,Escherichia coli,Positive
7015,18170.0,Escherichia coli,Positive
7016,dbAMP_04250,Escherichia coli,Positive
7017,18124.0,Pseudomonas aeruginosa,Positive
7018,dbAMP_27638,Escherichia coli,Positive
7019,22166.0,Pseudomonas aeruginosa,Positive
7020,dbAMP_01844,Candida albicans,Positive
7021,dbAMP_23559,Klebsiella pneumoniae,Positive
7022,dbAMP_27233,Enterococcus faecalis,Positive
7023,17516.0,Klebsiella pneumoniae,Positive
7024,dbAMP_14829,Staphylococcus epidermidis,Positive
7025,dbAMP_25427,Escherichia coli,Positive
7026,DRAMP01429,Staphylococcus aureus,Positive
7027,dbAMP_16082,Staphylococcus epidermidis,Positive
7028,dbAMP_18236,Escherichia coli,Positive
7029,20296.0,Pseudomonas aeruginosa,Positive
7030,13330.0,Escherichia coli,Positive
7031,dbAMP_17359,Candida albicans,Positive
7032,dbAMP_24397,Staphylococcus aureus,Positive
7033,dbAMP_34307,Escherichia coli,Positive
7034,17417.0,Escherichia coli,Positive
7035,dbAMP_02996,Pseudomonas aeruginosa,Positive
7036,DRAMP20944,Staphylococcus epidermidis,Positive
7037,dbAMP_17750,Salmonella enterica,Positive
7038,13886.0,Staphylococcus aureus,Positive
7039,dbAMP_03680,Enterobacter cloacae,Positive
7040,dbAMP_21607,Escherichia coli,Positive
7041,dbAMP_02096,Staphylococcus aureus,Positive
7042,dbAMP_18153,Salmonella enterica,Positive
7043,dbAMP_33384,Listeria monocytogenes,Positive
7044,dbAMP_20504,Micrococcus luteus,Positive
7045,dbAMP_24420,Pseudomonas aeruginosa,Positive
7046,DRAMP18716,Escherichia coli,Positive
7047,dbAMP_14882,Klebsiella pneumoniae,Positive
7048,19205.0,Salmonella enterica,Positive
7049,2302.0,Listeria monocytogenes,Positive
7050,dbAMP_03120,Pseudomonas aeruginosa,Positive
7051,dbAMP_18743,Staphylococcus aureus,Positive
7052,19707.0,Escherichia coli,Positive
7053,dbAMP_31202,Escherichia coli,Positive
7054,dbAMP_20324,Pseudomonas aeruginosa,Positive
7055,dbAMP_03408,Escherichia coli,Positive
7056,dbAMP_22843,Escherichia coli,Positive
7057,dbAMP_02998,Staphylococcus aureus,Positive
7058,dbAMP_02596,Escherichia coli,Positive
7059,dbAMP_03307,Escherichia coli,Positive
7060,dbAMP_19260,Pseudomonas aeruginosa,Positive
7061,dbAMP_19550,Pseudomonas aeruginosa,Positive
7062,dbAMP_33301,Escherichia coli,Positive
7063,dbAMP_23717,Pseudomonas aeruginosa,Positive
7064,17528.0,Salmonella enterica,Positive
7065,DRAMP20944,Bacillus megaterium,Positive
7066,dbAMP_15895,Enterococcus faecalis,Positive
7067,dbAMP_18182,Bacillus subtilis,Positive
7068,dbAMP_23629,Micrococcus luteus,Positive
7069,dbAMP_16862,Bacillus subtilis,Positive
7070,dbAMP_11446,Bacillus subtilis,Positive
7071,dbAMP_27812,Staphylococcus epidermidis,Positive
7072,21727.0,Escherichia coli,Positive
7073,dbAMP_23233,Escherichia coli,Positive
7074,18124.0,Bacillus subtilis,Positive
7075,dbAMP_24216,Escherichia coli,Positive
7076,dbAMP_32041,Staphylococcus epidermidis,Positive
7077,22373.0,Escherichia coli,Positive
7078,dbAMP_23570,Bacillus subtilis,Positive
7079,dbAMP_21189,Staphylococcus aureus,Positive
7080,dbAMP_34206,Staphylococcus aureus,Positive
7081,dbAMP_02777,Klebsiella pneumoniae,Positive
7082,dbAMP_05139,Salmonella enterica,Positive
7083,dbAMP_18936,Enterococcus faecalis,Positive
7084,dbAMP_18223,Pseudomonas aeruginosa,Positive
7085,1564.0,Salmonella enterica,Positive
7086,22279.0,Micrococcus luteus,Positive
7087,dbAMP_04362,Candida albicans,Positive
7088,dbAMP_25375,Staphylococcus aureus,Positive
7089,dbAMP_24402,Staphylococcus aureus,Positive
7090,18987.0,Escherichia coli,Positive
7091,17622.0,Escherichia coli,Positive
7092,dbAMP_11986,Klebsiella pneumoniae,Positive
7093,dbAMP_17061,Salmonella enterica,Positive
7094,dbAMP_19692,Salmonella enterica,Positive
7095,dbAMP_19264,Staphylococcus aureus,Positive
7096,dbAMP_00419,Salmonella enterica,Positive
7097,dbAMP_33262,Staphylococcus aureus,Positive
7098,dbAMP_04842,Candida albicans,Positive
7099,17248.0,Acinetobacter baumannii,Positive
7100,dbAMP_17289,Staphylococcus aureus,Positive
7101,20890.0,Enterococcus faecalis,Positive
7102,dbAMP_00314,Escherichia coli,Positive
7103,dbAMP_15827,Enterococcus faecalis,Positive
7104,dbAMP_22882,Staphylococcus aureus,Positive
7105,dbAMP_17905,Bacillus subtilis,Positive
7106,21332.0,Staphylococcus aureus,Positive
7107,dbAMP_23141,Candida albicans,Positive
7108,dbAMP_00028,Candida albicans,Positive
7109,dbAMP_18056,Salmonella enterica,Positive
7110,21834.0,Acinetobacter baumannii,Positive
7111,dbAMP_16238,Escherichia coli,Positive
7112,dbAMP_34141,Staphylococcus aureus,Positive
7113,dbAMP_11959,Candida albicans,Positive
7114,dbAMP_22062,Enterococcus faecalis,Positive
7115,dbAMP_15753,Pseudomonas aeruginosa,Positive
7116,dbAMP_22072,Pseudomonas aeruginosa,Positive
7117,dbAMP_16004,Bacillus subtilis,Positive
7118,18161.0,Escherichia coli,Positive
7119,dbAMP_16502,Candida albicans,Positive
7120,dbAMP_15960,Staphylococcus aureus,Positive
7121,dbAMP_05615,Staphylococcus aureus,Positive
7122,dbAMP_01719,Escherichia coli,Positive
7123,dbAMP_06084,Escherichia coli,Positive
7124,dbAMP_15831,Micrococcus luteus,Positive
7125,dbAMP_33736,Escherichia coli,Positive
7126,dbAMP_03533,Escherichia coli,Positive
7127,dbAMP_14707,Staphylococcus aureus,Positive
7128,dbAMP_17125,Bacillus subtilis,Positive
7129,17254.0,Acinetobacter baumannii,Positive
7130,dbAMP_19091,Bacillus subtilis,Positive
7131,dbAMP_15797,Escherichia coli,Positive
7132,dbAMP_16787,Escherichia coli,Positive
7133,dbAMP_03967,Enterococcus faecalis,Positive
7134,22375.0,Micrococcus luteus,Positive
7135,dbAMP_16763,Candida albicans,Positive
7136,dbAMP_21404,Salmonella enterica,Positive
7137,dbAMP_05617,Staphylococcus aureus,Positive
7138,18755.0,Klebsiella pneumoniae,Positive
7139,dbAMP_10571,Staphylococcus aureus,Positive
7140,20078.0,Staphylococcus aureus,Positive
7141,dbAMP_03561,Staphylococcus epidermidis,Positive
7142,19480.0,Enterococcus faecium,Positive
7143,dbAMP_14835,Escherichia coli,Positive
7144,dbAMP_16233,Staphylococcus aureus,Positive
7145,dbAMP_20562,Bacillus megaterium,Positive
7146,18169.0,Staphylococcus aureus,Positive
7147,dbAMP_33029,Acinetobacter baumannii,Positive
7148,dbAMP_00600,Staphylococcus aureus,Positive
7149,18341.0,Pseudomonas aeruginosa,Positive
7150,dbAMP_25356,Escherichia coli,Positive
7151,dbAMP_33110,Escherichia coli,Positive
7152,dbAMP_15793,Staphylococcus aureus,Positive
7153,dbAMP_21408,Salmonella enterica,Positive
7154,dbAMP_17461,Candida albicans,Positive
7155,dbAMP_27516,Escherichia coli,Positive
7156,dbAMP_16773,Pseudomonas aeruginosa,Positive
7157,dbAMP_20141,Candida albicans,Positive
7158,dbAMP_24776,Micrococcus luteus,Positive
7159,19672.0,Pseudomonas aeruginosa,Positive
7160,dbAMP_18106,Pseudomonas aeruginosa,Positive
7161,dbAMP_31180,Pseudomonas aeruginosa,Positive
7162,11025.0,Escherichia coli,Positive
7163,18814.0,Staphylococcus aureus,Positive
7164,dbAMP_20490,Pseudomonas aeruginosa,Positive
7165,dbAMP_24650,Salmonella enterica,Positive
7166,21660.0,Staphylococcus aureus,Positive
7167,dbAMP_14892,Micrococcus luteus,Positive
7168,20890.0,Bacillus subtilis,Positive
7169,dbAMP_04696,Candida albicans,Positive
7170,dbAMP_20532,Candida albicans,Positive
7171,9580.0,Pseudomonas aeruginosa,Positive
7172,dbAMP_32363,Bacillus subtilis,Positive
7173,DRAMP20944,Staphylococcus aureus,Positive
7174,dbAMP_14783,Bacillus subtilis,Positive
7175,dbAMP_10187,Enterococcus faecalis,Positive
7176,dbAMP_25377,Staphylococcus aureus,Positive
7177,dbAMP_11035,Pseudomonas aeruginosa,Positive
7178,DRAMP03278,Escherichia coli,Positive
7179,dbAMP_22011,Bacillus subtilis,Positive
7180,dbAMP_02209,Escherichia coli,Positive
7181,dbAMP_23201,Escherichia coli,Positive
7182,dbAMP_17317,Escherichia coli,Positive
7183,dbAMP_21472,Micrococcus luteus,Positive
7184,dbAMP_18453,Pseudomonas aeruginosa,Positive
7185,dbAMP_06086,Listeria monocytogenes,Positive
7186,dbAMP_17544,Staphylococcus aureus,Positive
7187,dbAMP_31874,Candida albicans,Positive
7188,21053.0,Listeria monocytogenes,Positive
7189,dbAMP_21896,Escherichia coli,Positive
7190,DRAMP02965,Escherichia coli,Positive
7191,dbAMP_22647,Bacillus megaterium,Positive
7192,20890.0,Salmonella enterica,Positive
7193,21029.0,Acinetobacter baumannii,Positive
7194,dbAMP_16428,Bacillus subtilis,Positive
7195,dbAMP_16903,Salmonella enterica,Positive
7196,4594.0,Escherichia coli,Positive
7197,5658.0,Escherichia coli,Positive
7198,dbAMP_16051,Micrococcus luteus,Positive
7199,dbAMP_21895,Staphylococcus aureus,Positive
7200,19902.0,Acinetobacter baumannii,Positive
7201,21713.0,Escherichia coli,Positive
7202,dbAMP_23339,Bacillus subtilis,Positive
7203,dbAMP_18443,Salmonella enterica,Positive
7204,dbAMP_20930,Klebsiella pneumoniae,Positive
7205,19611.0,Enterococcus faecalis,Positive
7206,dbAMP_22626,Escherichia coli,Positive
7207,9494.0,Acinetobacter baumannii,Positive
7208,dbAMP_21533,Staphylococcus aureus,Positive
7209,dbAMP_02644,Pseudomonas aeruginosa,Positive
7210,19945.0,Escherichia coli,Positive
7211,dbAMP_17455,Candida albicans,Positive
7212,18786.0,Micrococcus luteus,Positive
7213,dbAMP_03696,Escherichia coli,Positive
7214,18070.0,Escherichia coli,Positive
7215,dbAMP_22968,Staphylococcus epidermidis,Positive
7216,dbAMP_00214,Candida parapsilosis,Positive
7217,dbAMP_20771,Escherichia coli,Positive
7218,dbAMP_24265,Staphylococcus epidermidis,Positive
7219,dbAMP_32542,Staphylococcus aureus,Positive
7220,dbAMP_34325,Escherichia coli,Positive
7221,dbAMP_31650,Pseudomonas aeruginosa,Positive
7222,dbAMP_17601,Staphylococcus epidermidis,Positive
7223,dbAMP_20923,Pseudomonas aeruginosa,Positive
7224,dbAMP_16257,Pseudomonas aeruginosa,Positive
7225,dbAMP_06215,Bacillus cereus,Positive
7226,dbAMP_19779,Pseudomonas aeruginosa,Positive
7227,dbAMP_19309,Salmonella enterica,Positive
7228,dbAMP_12014,Pseudomonas aeruginosa,Positive
7229,20402.0,Escherichia coli,Positive
7230,dbAMP_25225,Staphylococcus aureus,Positive
7231,18123.0,Escherichia coli,Positive
7232,dbAMP_21169,Acinetobacter baumannii,Positive
7233,dbAMP_27120,Candida albicans,Positive
7234,dbAMP_21982,Enterobacter cloacae,Positive
7235,dbAMP_31180,Enterococcus faecium,Positive
7236,dbAMP_15767,Staphylococcus aureus,Positive
7237,dbAMP_27923,Pseudomonas aeruginosa,Positive
7238,dbAMP_23923,Staphylococcus aureus,Positive
7239,dbAMP_19537,Staphylococcus epidermidis,Positive
7240,dbAMP_04821,Escherichia coli,Positive
7241,dbAMP_23131,Escherichia coli,Positive
7242,dbAMP_27603,Staphylococcus aureus,Positive
7243,dbAMP_21899,Micrococcus luteus,Positive
7244,dbAMP_18896,Escherichia coli,Positive
7245,19560.0,Pseudomonas aeruginosa,Positive
7246,dbAMP_27306,Staphylococcus aureus,Positive
7247,dbAMP_24819,Candida albicans,Positive
7248,9494.0,Klebsiella pneumoniae,Positive
7249,dbAMP_00032,Pseudomonas aeruginosa,Positive
7250,dbAMP_18024,Staphylococcus aureus,Positive
7251,dbAMP_01785,Candida albicans,Positive
7252,dbAMP_17442,Candida albicans,Positive
7253,dbAMP_28617,Escherichia coli,Positive
7254,13802.0,Acinetobacter baumannii,Positive
7255,dbAMP_21890,Staphylococcus epidermidis,Positive
7256,dbAMP_27500,Enterococcus faecium,Positive
7257,20007.0,Escherichia coli,Positive
7258,dbAMP_01658,Enterococcus faecalis,Positive
7259,DRAMP04169,Candida albicans,Positive
7260,dbAMP_16936,Salmonella enterica,Positive
7261,dbAMP_10863,Pseudomonas aeruginosa,Positive
7262,DRAMP21084,Enterococcus faecalis,Positive
7263,dbAMP_32819,Staphylococcus aureus,Positive
7264,dbAMP_18956,Staphylococcus aureus,Positive
7265,20012.0,Staphylococcus aureus,Positive
7266,dbAMP_16703,Staphylococcus aureus,Positive
7267,9450.0,Bacillus subtilis,Positive
7268,dbAMP_19159,Staphylococcus aureus,Positive
7269,18691.0,Escherichia coli,Positive
7270,7386.0,Escherichia coli,Positive
7271,dbAMP_03510,Klebsiella pneumoniae,Positive
7272,dbAMP_25356,Klebsiella pneumoniae,Positive
7273,dbAMP_12274,Micrococcus luteus,Positive
7274,dbAMP_20249,Micrococcus luteus,Positive
7275,dbAMP_19600,Escherichia coli,Positive
7276,dbAMP_22081,Pseudomonas aeruginosa,Positive
7277,19857.0,Klebsiella pneumoniae,Positive
7278,dbAMP_02394,Escherichia coli,Positive
7279,20739.0,Staphylococcus epidermidis,Positive
7280,dbAMP_19112,Acinetobacter baumannii,Positive
7281,dbAMP_31775,Salmonella enterica,Positive
7282,17821.0,Candida albicans,Positive
7283,dbAMP_16134,Staphylococcus aureus,Positive
7284,dbAMP_28785,Escherichia coli,Positive
7285,dbAMP_33110,Klebsiella pneumoniae,Positive
7286,dbAMP_22472,Pseudomonas aeruginosa,Positive
7287,dbAMP_15858,Staphylococcus aureus,Positive
7288,dbAMP_25012,Acinetobacter baumannii,Positive
7289,dbAMP_23372,Escherichia coli,Positive
7290,dbAMP_14785,Staphylococcus aureus,Positive
7291,dbAMP_17572,Staphylococcus aureus,Positive
7292,dbAMP_20365,Staphylococcus aureus,Positive
7293,dbAMP_14790,Bacillus subtilis,Positive
7294,dbAMP_05192,Pseudomonas aeruginosa,Positive
7295,20208.0,Staphylococcus epidermidis,Positive
7296,DRAMP02473,Staphylococcus epidermidis,Positive
7297,dbAMP_05524,Salmonella enterica,Positive
7298,dbAMP_16386,Escherichia coli,Positive
7299,dbAMP_16436,Staphylococcus aureus,Positive
7300,dbAMP_20250,Pseudomonas aeruginosa,Positive
7301,dbAMP_15934,Candida albicans,Positive
7302,dbAMP_04360,Pseudomonas aeruginosa,Positive
7303,dbAMP_05271,Staphylococcus aureus,Positive
7304,dbAMP_19133,Pseudomonas aeruginosa,Positive
7305,dbAMP_33003,Escherichia coli,Positive
7306,dbAMP_11730,Salmonella enterica,Positive
7307,18131.0,Escherichia coli,Positive
7308,dbAMP_34042,Pseudomonas aeruginosa,Positive
7309,dbAMP_22261,Escherichia coli,Positive
7310,dbAMP_18940,Bacillus subtilis,Positive
7311,dbAMP_18246,Escherichia coli,Positive
7312,dbAMP_31311,Staphylococcus aureus,Positive
7313,dbAMP_02079,Candida albicans,Positive
7314,dbAMP_17892,Pseudomonas aeruginosa,Positive
7315,dbAMP_32288,Escherichia coli,Positive
7316,21538.0,Enterococcus faecium,Positive
7317,dbAMP_17062,Staphylococcus epidermidis,Positive
7318,dbAMP_03598,Staphylococcus aureus,Positive
7319,dbAMP_16748,Staphylococcus epidermidis,Positive
7320,dbAMP_24390,Pseudomonas aeruginosa,Positive
7321,20579.0,Enterococcus faecalis,Positive
7322,dbAMP_20791,Staphylococcus aureus,Positive
7323,dbAMP_34301,Staphylococcus aureus,Positive
7324,dbAMP_02048,Enterococcus faecalis,Positive
7325,dbAMP_27234,Staphylococcus epidermidis,Positive
7326,DRAMP03075,Micrococcus luteus,Positive
7327,dbAMP_02950,Escherichia coli,Positive
7328,8681.0,Pseudomonas aeruginosa,Positive
7329,dbAMP_22634,Candida albicans,Positive
7330,dbAMP_02968,Escherichia coli,Positive
7331,dbAMP_14798,Bacillus megaterium,Positive
7332,dbAMP_33116,Enterococcus faecalis,Positive
7333,19162.0,Bacillus cereus,Positive
7334,dbAMP_22684,Klebsiella pneumoniae,Positive
7335,dbAMP_14729,Staphylococcus aureus,Positive
7336,dbAMP_31632,Enterococcus faecalis,Positive
7337,9784.0,Escherichia coli,Positive
7338,19205.0,Pseudomonas aeruginosa,Positive
7339,dbAMP_16150,Enterococcus faecium,Positive
7340,dbAMP_21284,Staphylococcus aureus,Positive
7341,19644.0,Staphylococcus epidermidis,Positive
7342,7049.0,Candida albicans,Positive
7343,20249.0,Salmonella enterica,Positive
7344,dbAMP_09813,Klebsiella pneumoniae,Positive
7345,dbAMP_24944,Klebsiella pneumoniae,Positive
7346,dbAMP_23560,Escherichia coli,Positive
7347,dbAMP_21258,Candida albicans,Positive
7348,dbAMP_17128,Bacillus subtilis,Positive
7349,dbAMP_14727,Enterococcus faecalis,Positive
7350,dbAMP_18236,Salmonella enterica,Positive
7351,dbAMP_22948,Pseudomonas aeruginosa,Positive
7352,dbAMP_15924,Staphylococcus aureus,Positive
7353,dbAMP_18064,Salmonella enterica,Positive
7354,dbAMP_21206,Staphylococcus aureus,Positive
7355,dbAMP_14716,Staphylococcus epidermidis,Positive
7356,dbAMP_16309,Bacillus subtilis,Positive
7357,DRAMP18488,Salmonella enterica,Positive
7358,dbAMP_18967,Staphylococcus aureus,Positive
7359,dbAMP_24293,Bacillus cereus,Positive
7360,17818.0,Candida albicans,Positive
7361,dbAMP_01843,Staphylococcus aureus,Positive
7362,dbAMP_02907,Staphylococcus aureus,Positive
7363,1004.0,Candida albicans,Positive
7364,21587.0,Klebsiella pneumoniae,Positive
7365,dbAMP_27580,Cryptococcus neoformans,Positive
7366,21164.0,Staphylococcus aureus,Positive
7367,dbAMP_04719,Candida albicans,Positive
7368,22236.0,Staphylococcus aureus,Positive
7369,dbAMP_02954,Enterococcus faecalis,Positive
7370,dbAMP_14726,Salmonella enterica,Positive
7371,dbAMP_23342,Bacillus subtilis,Positive
7372,dbAMP_16930,Escherichia coli,Positive
7373,dbAMP_19077,Bacillus subtilis,Positive
7374,dbAMP_15949,Bacillus cereus,Positive
7375,21621.0,Candida albicans,Positive
7376,dbAMP_17008,Pseudomonas aeruginosa,Positive
7377,dbAMP_24046,Pseudomonas aeruginosa,Positive
7378,2583.0,Staphylococcus aureus,Positive
7379,dbAMP_15946,Staphylococcus aureus,Positive
7380,dbAMP_10433,Candida albicans,Positive
7381,dbAMP_18995,Staphylococcus aureus,Positive
7382,dbAMP_05722,Escherichia coli,Positive
7383,dbAMP_04218,Candida albicans,Positive
7384,dbAMP_17773,Pseudomonas aeruginosa,Positive
7385,dbAMP_02049,Candida albicans,Positive
7386,8450.0,Staphylococcus aureus,Positive
7387,dbAMP_33632,Bacillus subtilis,Positive
7388,dbAMP_21469,Candida albicans,Positive
7389,dbAMP_01991,Candida albicans,Positive
7390,dbAMP_20531,Candida albicans,Positive
7391,dbAMP_20658,Acinetobacter baumannii,Positive
7392,dbAMP_33102,Bacillus subtilis,Positive
7393,18755.0,Staphylococcus aureus,Positive
7394,4425.0,Escherichia coli,Positive
7395,dbAMP_10416,Salmonella enterica,Positive
7396,dbAMP_16115,Escherichia coli,Positive
7397,dbAMP_33176,Acinetobacter baumannii,Positive
7398,dbAMP_24835,Salmonella enterica,Positive
7399,dbAMP_23281,Pseudomonas aeruginosa,Positive
7400,dbAMP_23999,Staphylococcus epidermidis,Positive
7401,dbAMP_31442,Escherichia coli,Positive
7402,DRAMP03320,Micrococcus luteus,Positive
7403,dbAMP_16910,Acinetobacter baumannii,Positive
7404,dbAMP_18989,Escherichia coli,Positive
7405,dbAMP_22424,Candida albicans,Positive
7406,dbAMP_22925,Bacillus subtilis,Positive
7407,dbAMP_19733,Staphylococcus epidermidis,Positive
7408,dbAMP_18433,Escherichia coli,Positive
7409,dbAMP_10426,Pseudomonas aeruginosa,Positive
7410,dbAMP_19529,Staphylococcus aureus,Positive
7411,dbAMP_05833,Pseudomonas aeruginosa,Positive
7412,dbAMP_17118,Staphylococcus aureus,Positive
7413,dbAMP_25173,Staphylococcus aureus,Positive
7414,DRAMP02391,Klebsiella pneumoniae,Positive
7415,dbAMP_23669,Micrococcus luteus,Positive
7416,dbAMP_04977,Bacillus subtilis,Positive
7417,dbAMP_25433,Staphylococcus aureus,Positive
7418,dbAMP_21273,Escherichia coli,Positive
7419,dbAMP_19865,Salmonella enterica,Positive
7420,dbAMP_23326,Staphylococcus aureus,Positive
7421,dbAMP_23991,Candida parapsilosis,Positive
7422,dbAMP_24044,Staphylococcus aureus,Positive
7423,dbAMP_23311,Bacillus subtilis,Positive
7424,dbAMP_18605,Escherichia coli,Positive
7425,22166.0,Salmonella enterica,Positive
7426,dbAMP_15551,Pseudomonas aeruginosa,Positive
7427,dbAMP_16214,Escherichia coli,Positive
7428,dbAMP_27239,Enterococcus faecium,Positive
7429,dbAMP_09621,Bacillus subtilis,Positive
7430,dbAMP_23199,Escherichia coli,Positive
7431,dbAMP_03569,Escherichia coli,Positive
7432,dbAMP_27183,Staphylococcus aureus,Positive
7433,20269.0,Listeria monocytogenes,Positive
7434,dbAMP_04609,Escherichia coli,Positive
7435,18811.0,Pseudomonas aeruginosa,Positive
7436,7386.0,Bacillus cereus,Positive
7437,DRAMP18660,Staphylococcus aureus,Positive
7438,dbAMP_02987,Staphylococcus aureus,Positive
7439,dbAMP_22018,Candida albicans,Positive
7440,17099.0,Salmonella enterica,Positive
7441,18164.0,Candida albicans,Positive
7442,dbAMP_19736,Escherichia coli,Positive
7443,dbAMP_27583,Pseudomonas aeruginosa,Positive
7444,dbAMP_01604,Staphylococcus aureus,Positive
7445,DRAMP04665,Salmonella enterica,Positive
7446,dbAMP_01671,Staphylococcus aureus,Positive
7447,dbAMP_23582,Escherichia coli,Positive
7448,22021.0,Escherichia coli,Positive
7449,5346.0,Staphylococcus aureus,Positive
7450,dbAMP_22018,Bacillus subtilis,Positive
7451,dbAMP_16072,Bacillus subtilis,Positive
7452,dbAMP_16749,Staphylococcus epidermidis,Positive
7453,dbAMP_17676,Bacillus subtilis,Positive
7454,dbAMP_20098,Micrococcus luteus,Positive
7455,dbAMP_27603,Enterococcus faecium,Positive
7456,dbAMP_00174,Candida albicans,Positive
7457,dbAMP_10970,Pseudomonas aeruginosa,Positive
7458,dbAMP_19868,Escherichia coli,Positive
7459,20631.0,Staphylococcus aureus,Positive
7460,dbAMP_17582,Bacillus subtilis,Positive
7461,18070.0,Enterococcus faecalis,Positive
7462,dbAMP_01699,Escherichia coli,Positive
7463,dbAMP_16745,Salmonella enterica,Positive
7464,dbAMP_17363,Pseudomonas aeruginosa,Positive
7465,dbAMP_31709,Micrococcus luteus,Positive
7466,dbAMP_21315,Staphylococcus aureus,Positive
7467,dbAMP_04704,Candida albicans,Positive
7468,17724.0,Acinetobacter baumannii,Positive
7469,dbAMP_18750,Acinetobacter baumannii,Positive
7470,dbAMP_21853,Escherichia coli,Positive
7471,dbAMP_24867,Salmonella enterica,Positive
7472,dbAMP_03695,Staphylococcus aureus,Positive
7473,3343.0,Pseudomonas aeruginosa,Positive
7474,dbAMP_01848,Staphylococcus aureus,Positive
7475,dbAMP_16892,Pseudomonas aeruginosa,Positive
7476,20502.0,Acinetobacter baumannii,Positive
7477,dbAMP_19268,Bacillus subtilis,Positive
7478,dbAMP_03820,Escherichia coli,Positive
7479,dbAMP_17671,Bacillus subtilis,Positive
7480,dbAMP_19556,Escherichia coli,Positive
7481,dbAMP_24307,Staphylococcus aureus,Positive
7482,17510.0,Pseudomonas aeruginosa,Positive
7483,dbAMP_02597,Klebsiella pneumoniae,Positive
7484,dbAMP_04223,Staphylococcus aureus,Positive
7485,dbAMP_22848,Bacillus subtilis,Positive
7486,dbAMP_16903,Listeria monocytogenes,Positive
7487,dbAMP_25250,Staphylococcus epidermidis,Positive
7488,dbAMP_17347,Micrococcus luteus,Positive
7489,dbAMP_19724,Pseudomonas aeruginosa,Positive
7490,dbAMP_04218,Pseudomonas aeruginosa,Positive
7491,dbAMP_20564,Pseudomonas aeruginosa,Positive
7492,dbAMP_19287,Bacillus subtilis,Positive
7493,dbAMP_02192,Escherichia coli,Positive
7494,20249.0,Klebsiella pneumoniae,Positive
7495,dbAMP_11986,Staphylococcus aureus,Positive
7496,dbAMP_33682,Bacillus subtilis,Positive
7497,dbAMP_18445,Pseudomonas aeruginosa,Positive
7498,dbAMP_27659,Pseudomonas aeruginosa,Positive
7499,22027.0,Staphylococcus aureus,Positive
7500,dbAMP_16432,Pseudomonas aeruginosa,Positive
7501,20276.0,Pseudomonas aeruginosa,Positive
7502,20061.0,Escherichia coli,Positive
7503,dbAMP_27492,Candida albicans,Positive
7504,dbAMP_31993,Staphylococcus aureus,Positive
7505,DRAMP18616,Staphylococcus aureus,Positive
7506,dbAMP_31180,Bacillus subtilis,Positive
7507,dbAMP_10755,Bacillus subtilis,Positive
7508,dbAMP_19839,Escherichia coli,Positive
7509,dbAMP_21519,Staphylococcus aureus,Positive
7510,2870.0,Pseudomonas aeruginosa,Positive
7511,dbAMP_23164,Micrococcus luteus,Positive
7512,dbAMP_24289,Enterococcus faecium,Positive
7513,21698.0,Acinetobacter baumannii,Positive
7514,18789.0,Klebsiella pneumoniae,Positive
7515,dbAMP_21608,Micrococcus luteus,Positive
7516,dbAMP_20363,Staphylococcus aureus,Positive
7517,dbAMP_21903,Pseudomonas aeruginosa,Positive
7518,dbAMP_16257,Escherichia coli,Positive
7519,dbAMP_19588,Staphylococcus aureus,Positive
7520,dbAMP_14727,Escherichia coli,Positive
7521,19204.0,Pseudomonas aeruginosa,Positive
7522,DRAMP04164,Escherichia coli,Positive
7523,dbAMP_16716,Klebsiella pneumoniae,Positive
7524,dbAMP_33173,Staphylococcus aureus,Positive
7525,dbAMP_17049,Escherichia coli,Positive
7526,dbAMP_14875,Candida albicans,Positive
7527,dbAMP_10247,Listeria monocytogenes,Positive
7528,18830.0,Enterococcus faecalis,Positive
7529,21449.0,Staphylococcus aureus,Positive
7530,dbAMP_23831,Staphylococcus epidermidis,Positive
7531,19679.0,Staphylococcus aureus,Positive
7532,dbAMP_22712,Staphylococcus aureus,Positive
7533,dbAMP_19588,Klebsiella pneumoniae,Positive
7534,21114.0,Acinetobacter baumannii,Positive
7535,717.0,Bacillus subtilis,Positive
7536,22060.0,Escherichia coli,Positive
7537,dbAMP_01975,Escherichia coli,Positive
7538,dbAMP_05798,Bacillus subtilis,Positive
7539,dbAMP_33841,Staphylococcus aureus,Positive
7540,dbAMP_01706,Escherichia coli,Positive
7541,20967.0,Bacillus subtilis,Positive
7542,dbAMP_02944,Bacillus megaterium,Positive
7543,dbAMP_27641,Klebsiella pneumoniae,Positive
7544,dbAMP_22003,Bacillus subtilis,Positive
7545,20068.0,Bacillus subtilis,Positive
7546,dbAMP_17383,Salmonella enterica,Positive
7547,18609.0,Micrococcus luteus,Positive
7548,dbAMP_14837,Escherichia coli,Positive
7549,dbAMP_02129,Candida albicans,Positive
7550,dbAMP_02515,Candida albicans,Positive
7551,dbAMP_25082,Escherichia coli,Positive
7552,20005.0,Escherichia coli,Positive
7553,dbAMP_16248,Escherichia coli,Positive
7554,20501.0,Salmonella enterica,Positive
7555,dbAMP_31655,Staphylococcus epidermidis,Positive
7556,dbAMP_15959,Cryptococcus neoformans,Positive
7557,dbAMP_18946,Pseudomonas aeruginosa,Positive
7558,dbAMP_15975,Staphylococcus aureus,Positive
7559,19477.0,Salmonella enterica,Positive
7560,6651.0,Escherichia coli,Positive
7561,dbAMP_23930,Candida albicans,Positive
7562,20855.0,Acinetobacter baumannii,Positive
7563,764.0,Staphylococcus epidermidis,Positive
7564,22093.0,Staphylococcus aureus,Positive
7565,dbAMP_33688,Bacillus subtilis,Positive
7566,dbAMP_33120,Staphylococcus aureus,Positive
7567,dbAMP_23455,Staphylococcus aureus,Positive
7568,dbAMP_15857,Escherichia coli,Positive
7569,dbAMP_19731,Salmonella enterica,Positive
7570,dbAMP_17388,Staphylococcus aureus,Positive
7571,dbAMP_14703,Salmonella enterica,Positive
7572,dbAMP_16496,Escherichia coli,Positive
7573,3389.0,Staphylococcus aureus,Positive
7574,dbAMP_24164,Bacillus subtilis,Positive
7575,dbAMP_20533,Klebsiella pneumoniae,Positive
7576,dbAMP_22891,Escherichia coli,Positive
7577,18123.0,Bacillus subtilis,Positive
7578,19939.0,Salmonella enterica,Positive
7579,dbAMP_23943,Escherichia coli,Positive
7580,dbAMP_15829,Pseudomonas aeruginosa,Positive
7581,dbAMP_23148,Salmonella enterica,Positive
7582,dbAMP_03904,Escherichia coli,Positive
7583,dbAMP_32020,Enterococcus faecium,Positive
7584,dbAMP_19797,Staphylococcus aureus,Positive
7585,dbAMP_16500,Escherichia coli,Positive
7586,dbAMP_16123,Pseudomonas aeruginosa,Positive
7587,dbAMP_23465,Escherichia coli,Positive
7588,dbAMP_10305,Bacillus megaterium,Positive
7589,dbAMP_17827,Staphylococcus aureus,Positive
7590,dbAMP_05917,Escherichia coli,Positive
7591,dbAMP_03190,Escherichia coli,Positive
7592,dbAMP_16373,Enterococcus faecalis,Positive
7593,20840.0,Staphylococcus aureus,Positive
7594,dbAMP_03584,Escherichia coli,Positive
7595,dbAMP_24818,Bacillus subtilis,Positive
7596,dbAMP_23387,Escherichia coli,Positive
7597,21515.0,Escherichia coli,Positive
7598,dbAMP_24277,Acinetobacter baumannii,Positive
7599,dbAMP_16403,Bacillus subtilis,Positive
7600,340.0,Pseudomonas aeruginosa,Positive
7601,dbAMP_05782,Staphylococcus aureus,Positive
7602,dbAMP_16303,Bacillus subtilis,Positive
7603,dbAMP_09904,Bacillus subtilis,Positive
7604,dbAMP_18438,Pseudomonas aeruginosa,Positive
7605,dbAMP_19590,Pseudomonas aeruginosa,Positive
7606,dbAMP_20673,Pseudomonas aeruginosa,Positive
7607,dbAMP_10484,Klebsiella pneumoniae,Positive
7608,dbAMP_17055,Enterococcus faecium,Positive
7609,21525.0,Salmonella enterica,Positive
7610,20495.0,Salmonella enterica,Positive
7611,17099.0,Staphylococcus aureus,Positive
7612,dbAMP_17968,Escherichia coli,Positive
7613,dbAMP_23993,Escherichia coli,Positive
7614,dbAMP_16260,Candida parapsilosis,Positive
7615,dbAMP_14776,Micrococcus luteus,Positive
7616,17453.0,Escherichia coli,Positive
7617,dbAMP_03098,Staphylococcus aureus,Positive
7618,dbAMP_05483,Staphylococcus aureus,Positive
7619,14303.0,Staphylococcus aureus,Positive
7620,dbAMP_16770,Staphylococcus aureus,Positive
7621,dbAMP_31645,Salmonella enterica,Positive
7622,dbAMP_00236,Pseudomonas aeruginosa,Positive
7623,dbAMP_24000,Staphylococcus aureus,Positive
7624,dbAMP_04775,Candida albicans,Positive
7625,dbAMP_24031,Escherichia coli,Positive
7626,dbAMP_11661,Pseudomonas aeruginosa,Positive
7627,dbAMP_17437,Acinetobacter baumannii,Positive
7628,dbAMP_15963,Escherichia coli,Positive
7629,19311.0,Candida albicans,Positive
7630,dbAMP_17142,Klebsiella pneumoniae,Positive
7631,dbAMP_03188,Escherichia coli,Positive
7632,dbAMP_18097,Listeria monocytogenes,Positive
7633,dbAMP_17063,Pseudomonas aeruginosa,Positive
7634,dbAMP_27094,Enterococcus faecium,Positive
7635,19246.0,Pseudomonas aeruginosa,Positive
7636,dbAMP_19539,Salmonella enterica,Positive
7637,18331.0,Escherichia coli,Positive
7638,dbAMP_02110,Escherichia coli,Positive
7639,dbAMP_05490,Escherichia coli,Positive
7640,dbAMP_05616,Staphylococcus aureus,Positive
7641,dbAMP_31445,Pseudomonas aeruginosa,Positive
7642,dbAMP_01289,Pseudomonas aeruginosa,Positive
7643,dbAMP_00610,Candida albicans,Positive
7644,21188.0,Staphylococcus aureus,Positive
7645,dbAMP_05268,Pseudomonas aeruginosa,Positive
7646,dbAMP_27600,Pseudomonas aeruginosa,Positive
7647,dbAMP_32341,Enterobacter cloacae,Positive
7648,19986.0,Escherichia coli,Positive
7649,dbAMP_22928,Staphylococcus aureus,Positive
7650,dbAMP_21223,Staphylococcus epidermidis,Positive
7651,dbAMP_22595,Bacillus subtilis,Positive
7652,dbAMP_11293,Pseudomonas aeruginosa,Positive
7653,DRAMP18618,Staphylococcus epidermidis,Positive
7654,dbAMP_24670,Salmonella enterica,Positive
7655,dbAMP_31187,Bacillus subtilis,Positive
7656,dbAMP_31190,Escherichia coli,Positive
7657,dbAMP_33175,Escherichia coli,Positive
7658,dbAMP_19197,Salmonella enterica,Positive
7659,dbAMP_02976,Escherichia coli,Positive
7660,dbAMP_02645,Escherichia coli,Positive
7661,dbAMP_27542,Pseudomonas aeruginosa,Positive
7662,19685.0,Klebsiella pneumoniae,Positive
7663,dbAMP_33101,Escherichia coli,Positive
7664,dbAMP_06009,Candida albicans,Positive
7665,5641.0,Pseudomonas aeruginosa,Positive
7666,dbAMP_21396,Bacillus cereus,Positive
7667,dbAMP_16032,Salmonella enterica,Positive
7668,dbAMP_05788,Pseudomonas aeruginosa,Positive
7669,dbAMP_23990,Enterococcus faecalis,Positive
7670,dbAMP_16054,Staphylococcus aureus,Positive
7671,dbAMP_23287,Salmonella enterica,Positive
7672,dbAMP_05271,Bacillus subtilis,Positive
7673,dbAMP_16717,Staphylococcus epidermidis,Positive
7674,dbAMP_31641,Acinetobacter baumannii,Positive
7675,dbAMP_21471,Candida albicans,Positive
7676,dbAMP_03794,Pseudomonas aeruginosa,Positive
7677,dbAMP_15551,Escherichia coli,Positive
7678,dbAMP_33232,Pseudomonas aeruginosa,Positive
7679,dbAMP_25178,Bacillus subtilis,Positive
7680,dbAMP_16027,Pseudomonas aeruginosa,Positive
7681,8541.0,Pseudomonas aeruginosa,Positive
7682,dbAMP_23379,Staphylococcus aureus,Positive
7683,dbAMP_23759,Pseudomonas aeruginosa,Positive
7684,dbAMP_24944,Staphylococcus epidermidis,Positive
7685,dbAMP_02335,Candida albicans,Positive
7686,dbAMP_28801,Escherichia coli,Positive
7687,1564.0,Staphylococcus aureus,Positive
7688,20143.0,Staphylococcus aureus,Positive
7689,dbAMP_21473,Staphylococcus aureus,Positive
7690,dbAMP_02147,Candida albicans,Positive
7691,dbAMP_01954,Escherichia coli,Positive
7692,dbAMP_22878,Escherichia coli,Positive
7693,17254.0,Pseudomonas aeruginosa,Positive
7694,dbAMP_27845,Escherichia coli,Positive
7695,dbAMP_16408,Staphylococcus aureus,Positive
7696,dbAMP_15832,Escherichia coli,Positive
7697,dbAMP_18690,Pseudomonas aeruginosa,Positive
7698,dbAMP_03820,Pseudomonas aeruginosa,Positive
7699,21944.0,Staphylococcus aureus,Positive
7700,dbAMP_17478,Staphylococcus aureus,Positive
7701,dbAMP_18889,Staphylococcus aureus,Positive
7702,21870.0,Acinetobacter baumannii,Positive
7703,dbAMP_33689,Pseudomonas aeruginosa,Positive
7704,18325.0,Klebsiella pneumoniae,Positive
7705,dbAMP_19866,Staphylococcus aureus,Positive
7706,dbAMP_01695,Staphylococcus aureus,Positive
7707,dbAMP_22005,Pseudomonas aeruginosa,Positive
7708,dbAMP_19773,Staphylococcus aureus,Positive
7709,dbAMP_06215,Micrococcus luteus,Positive
7710,dbAMP_24744,Staphylococcus epidermidis,Positive
7711,18250.0,Staphylococcus aureus,Positive
7712,dbAMP_02944,Pseudomonas aeruginosa,Positive
7713,dbAMP_10481,Enterococcus faecalis,Positive
7714,dbAMP_21607,Staphylococcus aureus,Positive
7715,dbAMP_04249,Pseudomonas aeruginosa,Positive
7716,dbAMP_06215,Enterococcus faecium,Positive
7717,dbAMP_33984,Acinetobacter baumannii,Positive
7718,dbAMP_17440,Klebsiella pneumoniae,Positive
7719,dbAMP_02847,Pseudomonas aeruginosa,Positive
7720,dbAMP_20671,Candida albicans,Positive
7721,dbAMP_18767,Pseudomonas aeruginosa,Positive
7722,dbAMP_22143,Escherichia coli,Positive
7723,dbAMP_14776,Escherichia coli,Positive
7724,5349.0,Escherichia coli,Positive
7725,4298.0,Staphylococcus aureus,Positive
7726,dbAMP_23231,Staphylococcus aureus,Positive
7727,21727.0,Candida albicans,Positive
7728,19205.0,Klebsiella pneumoniae,Positive
7729,dbAMP_22472,Salmonella enterica,Positive
7730,dbAMP_23525,Escherichia coli,Positive
7731,dbAMP_05615,Escherichia coli,Positive
7732,8829.0,Enterobacter cloacae,Positive
7733,dbAMP_19724,Enterococcus faecalis,Positive
7734,dbAMP_33620,Candida parapsilosis,Positive
7735,dbAMP_25255,Escherichia coli,Positive
7736,dbAMP_22143,Staphylococcus aureus,Positive
7737,dbAMP_02837,Pseudomonas aeruginosa,Positive
7738,dbAMP_32884,Staphylococcus aureus,Positive
7739,dbAMP_20305,Candida albicans,Positive
7740,dbAMP_31335,Escherichia coli,Positive
7741,dbAMP_27119,Klebsiella pneumoniae,Positive
7742,dbAMP_21439,Acinetobacter baumannii,Positive
7743,19887.0,Staphylococcus aureus,Positive
7744,dbAMP_32313,Escherichia coli,Positive
7745,dbAMP_04787,Staphylococcus aureus,Positive
7746,18658.0,Bacillus subtilis,Positive
7747,dbAMP_05051,Staphylococcus aureus,Positive
7748,20845.0,Staphylococcus aureus,Positive
7749,dbAMP_02636,Candida albicans,Positive
7750,dbAMP_14776,Bacillus subtilis,Positive
7751,dbAMP_01714,Staphylococcus aureus,Positive
7752,dbAMP_32455,Bacillus subtilis,Positive
7753,dbAMP_19048,Escherichia coli,Positive
7754,13802.0,Staphylococcus aureus,Positive
7755,5368.0,Enterococcus faecalis,Positive
7756,18756.0,Staphylococcus aureus,Positive
7757,dbAMP_05478,Acinetobacter baumannii,Positive
7758,dbAMP_09833,Staphylococcus aureus,Positive
7759,dbAMP_03443,Escherichia coli,Positive
7760,dbAMP_32553,Candida albicans,Positive
7761,dbAMP_22627,Pseudomonas aeruginosa,Positive
7762,dbAMP_18560,Escherichia coli,Positive
7763,dbAMP_16503,Bacillus subtilis,Positive
7764,dbAMP_05144,Bacillus megaterium,Positive
7765,DRAMP03090,Escherichia coli,Positive
7766,dbAMP_10642,Staphylococcus aureus,Positive
7767,dbAMP_17648,Bacillus subtilis,Positive
7768,dbAMP_33086,Pseudomonas aeruginosa,Positive
7769,dbAMP_22783,Bacillus cereus,Positive
7770,dbAMP_22790,Pseudomonas aeruginosa,Positive
7771,dbAMP_02968,Staphylococcus aureus,Positive
7772,dbAMP_33196,Staphylococcus aureus,Positive
7773,759.0,Staphylococcus epidermidis,Positive
7774,dbAMP_27231,Bacillus subtilis,Positive
7775,dbAMP_33259,Staphylococcus aureus,Positive
7776,19500.0,Pseudomonas aeruginosa,Positive
7777,9443.0,Escherichia coli,Positive
7778,dbAMP_04761,Escherichia coli,Positive
7779,dbAMP_31310,Bacillus cereus,Positive
7780,dbAMP_17983,Staphylococcus epidermidis,Positive
7781,17449.0,Acinetobacter baumannii,Positive
7782,dbAMP_24046,Staphylococcus aureus,Positive
7783,dbAMP_24412,Staphylococcus aureus,Positive
7784,dbAMP_28787,Escherichia coli,Positive
7785,dbAMP_17092,Candida albicans,Positive
7786,dbAMP_16759,Bacillus subtilis,Positive
7787,dbAMP_05265,Enterococcus faecalis,Positive
7788,dbAMP_27400,Enterococcus faecium,Positive
7789,dbAMP_11527,Klebsiella pneumoniae,Positive
7790,dbAMP_19324,Escherichia coli,Positive
7791,19684.0,Klebsiella pneumoniae,Positive
7792,1004.0,Listeria monocytogenes,Positive
7793,dbAMP_16307,Klebsiella pneumoniae,Positive
7794,dbAMP_17552,Micrococcus luteus,Positive
7795,dbAMP_15759,Staphylococcus aureus,Positive
7796,506.0,Bacillus megaterium,Positive
7797,dbAMP_05507,Staphylococcus epidermidis,Positive
7798,dbAMP_27110,Staphylococcus epidermidis,Positive
7799,8921.0,Staphylococcus aureus,Positive
7800,19494.0,Enterococcus faecalis,Positive
7801,dbAMP_24293,Staphylococcus aureus,Positive
7802,dbAMP_22506,Escherichia coli,Positive
7803,DRAMP03140,Cryptococcus neoformans,Positive
7804,dbAMP_01972,Staphylococcus aureus,Positive
7805,dbAMP_18899,Staphylococcus aureus,Positive
7806,17599.0,Staphylococcus aureus,Positive
7807,dbAMP_23340,Bacillus subtilis,Positive
7808,dbAMP_04717,Candida albicans,Positive
7809,18746.0,Enterococcus faecalis,Positive
7810,dbAMP_02094,Staphylococcus aureus,Positive
7811,dbAMP_00973,Escherichia coli,Positive
7812,dbAMP_27400,Staphylococcus aureus,Positive
7813,dbAMP_25010,Enterococcus faecalis,Positive
7814,dbAMP_10970,Escherichia coli,Positive
7815,dbAMP_17580,Escherichia coli,Positive
7816,dbAMP_32419,Staphylococcus aureus,Positive
7817,dbAMP_16981,Bacillus subtilis,Positive
7818,21177.0,Pseudomonas aeruginosa,Positive
7819,dbAMP_00359,Escherichia coli,Positive
7820,dbAMP_17099,Staphylococcus aureus,Positive
7821,dbAMP_17225,Salmonella enterica,Positive
7822,dbAMP_22931,Bacillus subtilis,Positive
7823,dbAMP_11136,Candida albicans,Positive
7824,dbAMP_10653,Bacillus subtilis,Positive
7825,dbAMP_34587,Salmonella enterica,Positive
7826,dbAMP_16749,Escherichia coli,Positive
7827,21628.0,Escherichia coli,Positive
7828,dbAMP_03124,Staphylococcus aureus,Positive
7829,dbAMP_31245,Bacillus subtilis,Positive
7830,19197.0,Klebsiella pneumoniae,Positive
7831,18756.0,Escherichia coli,Positive
7832,dbAMP_27532,Staphylococcus aureus,Positive
7833,dbAMP_24867,Bacillus subtilis,Positive
7834,dbAMP_17929,Escherichia coli,Positive
7835,dbAMP_19268,Enterococcus faecalis,Positive
7836,dbAMP_02234,Escherichia coli,Positive
7837,dbAMP_01913,Staphylococcus aureus,Positive
7838,dbAMP_19268,Pseudomonas aeruginosa,Positive
7839,dbAMP_22152,Acinetobacter baumannii,Positive
7840,dbAMP_02296,Escherichia coli,Positive
7841,dbAMP_33795,Acinetobacter baumannii,Positive
7842,dbAMP_22843,Candida albicans,Positive
7843,dbAMP_23990,Klebsiella pneumoniae,Positive
7844,dbAMP_14825,Pseudomonas aeruginosa,Positive
7845,dbAMP_22022,Pseudomonas aeruginosa,Positive
7846,19489.0,Klebsiella pneumoniae,Positive
7847,763.0,Acinetobacter baumannii,Positive
7848,dbAMP_16472,Staphylococcus aureus,Positive
7849,dbAMP_15824,Candida albicans,Positive
7850,dbAMP_20547,Bacillus subtilis,Positive
7851,19500.0,Bacillus cereus,Positive
7852,dbAMP_33683,Bacillus subtilis,Positive
7853,20616.0,Escherichia coli,Positive
7854,dbAMP_21772,Escherichia coli,Positive
7855,DRAMP02361,Escherichia coli,Positive
7856,dbAMP_00315,Candida albicans,Positive
7857,dbAMP_03444,Staphylococcus aureus,Positive
7858,dbAMP_31180,Klebsiella pneumoniae,Positive
7859,dbAMP_18890,Escherichia coli,Positive
7860,dbAMP_16168,Escherichia coli,Positive
7861,dbAMP_18462,Salmonella enterica,Positive
7862,dbAMP_18625,Escherichia coli,Positive
7863,dbAMP_14835,Pseudomonas aeruginosa,Positive
7864,dbAMP_01673,Pseudomonas aeruginosa,Positive
7865,dbAMP_27923,Staphylococcus aureus,Positive
7866,20171.0,Staphylococcus aureus,Positive
7867,3116.0,Staphylococcus aureus,Positive
7868,dbAMP_23992,Staphylococcus epidermidis,Positive
7869,21745.0,Bacillus subtilis,Positive
7870,dbAMP_18106,Listeria monocytogenes,Positive
7871,20368.0,Staphylococcus aureus,Positive
7872,dbAMP_00088,Bacillus subtilis,Positive
7873,DRAMP01513,Candida albicans,Positive
7874,dbAMP_25115,Escherichia coli,Positive
7875,dbAMP_03601,Staphylococcus aureus,Positive
7876,dbAMP_03528,Pseudomonas aeruginosa,Positive
7877,dbAMP_00067,Staphylococcus aureus,Positive
7878,dbAMP_00088,Listeria monocytogenes,Positive
7879,dbAMP_25152,Micrococcus luteus,Positive
7880,dbAMP_31653,Pseudomonas aeruginosa,Positive
7881,dbAMP_34296,Escherichia coli,Positive
7882,dbAMP_14830,Pseudomonas aeruginosa,Positive
7883,dbAMP_24556,Candida albicans,Positive
7884,dbAMP_24062,Klebsiella pneumoniae,Positive
7885,dbAMP_04305,Salmonella enterica,Positive
7886,dbAMP_27063,Enterococcus faecalis,Positive
7887,dbAMP_34101,Escherichia coli,Positive
7888,dbAMP_34295,Staphylococcus aureus,Positive
7889,4425.0,Pseudomonas aeruginosa,Positive
7890,dbAMP_18599,Escherichia coli,Positive
7891,10252.0,Bacillus subtilis,Positive
7892,21586.0,Staphylococcus aureus,Positive
7893,dbAMP_19351,Staphylococcus aureus,Positive
7894,dbAMP_05139,Staphylococcus epidermidis,Positive
7895,dbAMP_01594,Candida albicans,Positive
7896,3157.0,Staphylococcus epidermidis,Positive
7897,dbAMP_01980,Pseudomonas aeruginosa,Positive
7898,dbAMP_27223,Pseudomonas aeruginosa,Positive
7899,dbAMP_25311,Staphylococcus epidermidis,Positive
7900,dbAMP_17591,Escherichia coli,Positive
7901,dbAMP_18587,Candida albicans,Positive
7902,dbAMP_22261,Bacillus cereus,Positive
7903,dbAMP_27389,Staphylococcus aureus,Positive
7904,dbAMP_01704,Pseudomonas aeruginosa,Positive
7905,dbAMP_34040,Pseudomonas aeruginosa,Positive
7906,dbAMP_24658,Bacillus subtilis,Positive
7907,dbAMP_19406,Escherichia coli,Positive
7908,dbAMP_21978,Enterococcus faecium,Positive
7909,22107.0,Enterococcus faecalis,Positive
7910,dbAMP_19048,Pseudomonas aeruginosa,Positive
7911,dbAMP_19223,Staphylococcus epidermidis,Positive
7912,dbAMP_16325,Enterococcus faecalis,Positive
7913,20739.0,Escherichia coli,Positive
7914,dbAMP_32942,Staphylococcus aureus,Positive
7915,dbAMP_23918,Candida albicans,Positive
7916,22107.0,Listeria monocytogenes,Positive
7917,dbAMP_17690,Bacillus subtilis,Positive
7918,dbAMP_23102,Enterobacter cloacae,Positive
7919,dbAMP_20537,Bacillus cereus,Positive
7920,18816.0,Pseudomonas aeruginosa,Positive
7921,dbAMP_04517,Escherichia coli,Positive
7922,dbAMP_19087,Bacillus subtilis,Positive
7923,dbAMP_11778,Staphylococcus aureus,Positive
7924,8829.0,Enterococcus faecalis,Positive
7925,dbAMP_27353,Salmonella enterica,Positive
7926,dbAMP_17115,Bacillus cereus,Positive
7927,14338.0,Staphylococcus aureus,Positive
7928,dbAMP_11770,Staphylococcus aureus,Positive
7929,dbAMP_16279,Enterobacter cloacae,Positive
7930,19923.0,Klebsiella pneumoniae,Positive
7931,DRAMP01496,Candida albicans,Positive
7932,dbAMP_22000,Bacillus subtilis,Positive
7933,dbAMP_09935,Escherichia coli,Positive
7934,dbAMP_21080,Pseudomonas aeruginosa,Positive
7935,dbAMP_25183,Pseudomonas aeruginosa,Positive
7936,dbAMP_20118,Escherichia coli,Positive
7937,dbAMP_04575,Staphylococcus aureus,Positive
7938,dbAMP_00387,Klebsiella pneumoniae,Positive
7939,20856.0,Listeria monocytogenes,Positive
7940,dbAMP_25183,Klebsiella pneumoniae,Positive
7941,dbAMP_10846,Micrococcus luteus,Positive
7942,dbAMP_24276,Acinetobacter baumannii,Positive
7943,dbAMP_16280,Staphylococcus epidermidis,Positive
7944,dbAMP_22615,Bacillus megaterium,Positive
7945,dbAMP_16785,Acinetobacter baumannii,Positive
7946,dbAMP_23080,Escherichia coli,Positive
7947,13802.0,Escherichia coli,Positive
7948,dbAMP_18394,Candida albicans,Positive
7949,dbAMP_23915,Acinetobacter baumannii,Positive
7950,dbAMP_19297,Pseudomonas aeruginosa,Positive
7951,dbAMP_19772,Pseudomonas aeruginosa,Positive
7952,dbAMP_17555,Staphylococcus aureus,Positive
7953,dbAMP_10851,Escherichia coli,Positive
7954,dbAMP_18043,Staphylococcus epidermidis,Positive
7955,20826.0,Staphylococcus aureus,Positive
7956,dbAMP_33736,Pseudomonas aeruginosa,Positive
7957,20840.0,Enterococcus faecalis,Positive
7958,dbAMP_21694,Escherichia coli,Positive
7959,dbAMP_12246,Pseudomonas aeruginosa,Positive
7960,dbAMP_10842,Escherichia coli,Positive
7961,dbAMP_19038,Staphylococcus aureus,Positive
7962,dbAMP_10481,Staphylococcus epidermidis,Positive
7963,dbAMP_02665,Staphylococcus aureus,Positive
7964,19858.0,Staphylococcus aureus,Positive
7965,dbAMP_03905,Klebsiella pneumoniae,Positive
7966,19284.0,Escherichia coli,Positive
7967,dbAMP_16115,Pseudomonas aeruginosa,Positive
7968,dbAMP_27313,Escherichia coli,Positive
7969,21051.0,Escherichia coli,Positive
7970,dbAMP_27542,Bacillus cereus,Positive
7971,dbAMP_24751,Enterococcus faecium,Positive
7972,18325.0,Salmonella enterica,Positive
7973,dbAMP_16753,Pseudomonas aeruginosa,Positive
7974,dbAMP_10510,Salmonella enterica,Positive
7975,20269.0,Escherichia coli,Positive
7976,dbAMP_19977,Salmonella enterica,Positive
7977,dbAMP_17435,Micrococcus luteus,Positive
7978,18276.0,Escherichia coli,Positive
7979,dbAMP_25381,Escherichia coli,Positive
7980,dbAMP_25337,Bacillus subtilis,Positive
7981,19494.0,Bacillus cereus,Positive
7982,dbAMP_28830,Pseudomonas aeruginosa,Positive
7983,dbAMP_04816,Bacillus subtilis,Positive
7984,19911.0,Pseudomonas aeruginosa,Positive
7985,dbAMP_04609,Bacillus subtilis,Positive
7986,dbAMP_03753,Salmonella enterica,Positive
7987,dbAMP_04810,Bacillus cereus,Positive
7988,18122.0,Staphylococcus epidermidis,Positive
7989,dbAMP_02044,Staphylococcus aureus,Positive
7990,dbAMP_04656,Pseudomonas aeruginosa,Positive
7991,dbAMP_19538,Staphylococcus aureus,Positive
7992,dbAMP_23917,Enterococcus faecalis,Positive
7993,dbAMP_19133,Staphylococcus aureus,Positive
7994,dbAMP_18253,Escherichia coli,Positive
7995,dbAMP_15958,Candida albicans,Positive
7996,dbAMP_19083,Bacillus subtilis,Positive
7997,dbAMP_14893,Staphylococcus aureus,Positive
7998,dbAMP_16037,Bacillus subtilis,Positive
7999,dbAMP_01843,Candida albicans,Positive
8000,dbAMP_19303,Escherichia coli,Positive
8001,dbAMP_22691,Escherichia coli,Positive
8002,dbAMP_23991,Staphylococcus epidermidis,Positive
8003,dbAMP_04607,Staphylococcus aureus,Positive
8004,17184.0,Klebsiella pneumoniae,Positive
8005,dbAMP_24145,Enterococcus faecium,Positive
8006,dbAMP_17143,Klebsiella pneumoniae,Positive
8007,20057.0,Escherichia coli,Positive
8008,dbAMP_02027,Candida albicans,Positive
8009,dbAMP_04077,Pseudomonas aeruginosa,Positive
8010,dbAMP_18159,Escherichia coli,Positive
8011,dbAMP_33016,Acinetobacter baumannii,Positive
8012,dbAMP_17200,Staphylococcus epidermidis,Positive
8013,dbAMP_24409,Staphylococcus aureus,Positive
8014,dbAMP_16305,Acinetobacter baumannii,Positive
8015,dbAMP_16756,Pseudomonas aeruginosa,Positive
8016,dbAMP_20724,Salmonella enterica,Positive
8017,dbAMP_15889,Staphylococcus aureus,Positive
8018,DRAMP29094,Staphylococcus aureus,Positive
8019,dbAMP_22024,Staphylococcus aureus,Positive
8020,dbAMP_14827,Staphylococcus epidermidis,Positive
8021,dbAMP_10433,Enterococcus faecalis,Positive
8022,dbAMP_02016,Enterococcus faecalis,Positive
8023,3365.0,Escherichia coli,Positive
8024,dbAMP_20519,Pseudomonas aeruginosa,Positive
8025,dbAMP_21440,Escherichia coli,Positive
8026,dbAMP_02078,Pseudomonas aeruginosa,Positive
8027,dbAMP_33237,Pseudomonas aeruginosa,Positive
8028,17521.0,Staphylococcus aureus,Positive
8029,dbAMP_23957,Escherichia coli,Positive
8030,dbAMP_31964,Micrococcus luteus,Positive
8031,dbAMP_22930,Salmonella enterica,Positive
8032,dbAMP_18989,Klebsiella pneumoniae,Positive
8033,22093.0,Enterococcus faecalis,Positive
8034,dbAMP_05143,Bacillus megaterium,Positive
8035,dbAMP_21915,Bacillus subtilis,Positive
8036,dbAMP_10631,Pseudomonas aeruginosa,Positive
8037,dbAMP_10721,Enterococcus faecium,Positive
8038,dbAMP_16431,Staphylococcus aureus,Positive
8039,dbAMP_03408,Micrococcus luteus,Positive
8040,22213.0,Escherichia coli,Positive
8041,dbAMP_23857,Staphylococcus aureus,Positive
8042,19912.0,Escherichia coli,Positive
8043,dbAMP_19189,Pseudomonas aeruginosa,Positive
8044,1361.0,Escherichia coli,Positive
8045,dbAMP_20403,Staphylococcus aureus,Positive
8046,dbAMP_17581,Bacillus subtilis,Positive
8047,dbAMP_16862,Escherichia coli,Positive
8048,dbAMP_18889,Escherichia coli,Positive
8049,dbAMP_06098,Enterococcus faecalis,Positive
8050,dbAMP_18979,Bacillus subtilis,Positive
8051,dbAMP_23312,Staphylococcus aureus,Positive
8052,22102.0,Staphylococcus aureus,Positive
8053,dbAMP_17131,Cryptococcus neoformans,Positive
8054,dbAMP_16120,Pseudomonas aeruginosa,Positive
8055,dbAMP_03097,Staphylococcus aureus,Positive
8056,dbAMP_09734,Klebsiella pneumoniae,Positive
8057,dbAMP_15989,Staphylococcus aureus,Positive
8058,dbAMP_27234,Staphylococcus aureus,Positive
8059,dbAMP_15793,Escherichia coli,Positive
8060,dbAMP_21436,Escherichia coli,Positive
8061,18644.0,Escherichia coli,Positive
8062,dbAMP_23920,Staphylococcus aureus,Positive
8063,dbAMP_04376,Escherichia coli,Positive
8064,19862.0,Pseudomonas aeruginosa,Positive
8065,dbAMP_19711,Candida albicans,Positive
8066,dbAMP_16504,Candida parapsilosis,Positive
8067,dbAMP_20659,Acinetobacter baumannii,Positive
8068,dbAMP_17555,Pseudomonas aeruginosa,Positive
8069,dbAMP_20493,Micrococcus luteus,Positive
8070,dbAMP_17456,Escherichia coli,Positive
8071,dbAMP_17692,Bacillus subtilis,Positive
8072,DRAMP20838,Bacillus cereus,Positive
8073,dbAMP_03529,Candida albicans,Positive
8074,dbAMP_24305,Staphylococcus aureus,Positive
8075,dbAMP_15784,Staphylococcus aureus,Positive
8076,dbAMP_14791,Escherichia coli,Positive
8077,dbAMP_21148,Staphylococcus epidermidis,Positive
8078,dbAMP_22614,Enterococcus faecalis,Positive
8079,dbAMP_24862,Candida albicans,Positive
8080,dbAMP_33358,Staphylococcus aureus,Positive
8081,dbAMP_00407,Bacillus subtilis,Positive
8082,dbAMP_27500,Pseudomonas aeruginosa,Positive
8083,22062.0,Escherichia coli,Positive
8084,dbAMP_03351,Salmonella enterica,Positive
8085,20347.0,Bacillus megaterium,Positive
8086,19905.0,Acinetobacter baumannii,Positive
8087,dbAMP_23940,Candida albicans,Positive
8088,dbAMP_22473,Salmonella enterica,Positive
8089,dbAMP_17450,Pseudomonas aeruginosa,Positive
8090,dbAMP_01995,Staphylococcus aureus,Positive
8091,dbAMP_28744,Bacillus subtilis,Positive
8092,dbAMP_16146,Pseudomonas aeruginosa,Positive
8093,dbAMP_03794,Escherichia coli,Positive
8094,dbAMP_02048,Enterobacter cloacae,Positive
8095,dbAMP_24394,Escherichia coli,Positive
8096,DRAMP04169,Escherichia coli,Positive
8097,dbAMP_18668,Cryptococcus neoformans,Positive
8098,dbAMP_01844,Salmonella enterica,Positive
8099,dbAMP_20511,Escherichia coli,Positive
8100,dbAMP_27470,Staphylococcus epidermidis,Positive
8101,19001.0,Acinetobacter baumannii,Positive
8102,dbAMP_22018,Staphylococcus aureus,Positive
8103,dbAMP_25213,Staphylococcus aureus,Positive
8104,dbAMP_24623,Bacillus megaterium,Positive
8105,dbAMP_03612,Candida albicans,Positive
8106,20143.0,Bacillus subtilis,Positive
8107,dbAMP_27232,Staphylococcus aureus,Positive
8108,dbAMP_10864,Micrococcus luteus,Positive
8109,19937.0,Escherichia coli,Positive
8110,dbAMP_16545,Staphylococcus aureus,Positive
8111,19555.0,Staphylococcus aureus,Positive
8112,dbAMP_16930,Micrococcus luteus,Positive
8113,dbAMP_04674,Acinetobacter baumannii,Positive
8114,DRAMP02872,Pseudomonas aeruginosa,Positive
8115,dbAMP_21399,Staphylococcus epidermidis,Positive
8116,dbAMP_02904,Candida albicans,Positive
8117,DRAMP18477,Escherichia coli,Positive
8118,dbAMP_22891,Acinetobacter baumannii,Positive
8119,dbAMP_15894,Enterococcus faecalis,Positive
8120,17329.0,Pseudomonas aeruginosa,Positive
8121,dbAMP_16303,Staphylococcus aureus,Positive
8122,DRAMP03642,Staphylococcus aureus,Positive
8123,dbAMP_16713,Salmonella enterica,Positive
8124,21177.0,Escherichia coli,Positive
8125,dbAMP_21152,Staphylococcus aureus,Positive
8126,dbAMP_19605,Candida albicans,Positive
8127,dbAMP_03655,Escherichia coli,Positive
8128,dbAMP_17577,Bacillus subtilis,Positive
8129,dbAMP_22001,Staphylococcus aureus,Positive
8130,dbAMP_16189,Escherichia coli,Positive
8131,dbAMP_17531,Pseudomonas aeruginosa,Positive
8132,dbAMP_02405,Candida albicans,Positive
8133,dbAMP_24277,Enterococcus faecium,Positive
8134,dbAMP_31205,Staphylococcus aureus,Positive
8135,dbAMP_16333,Staphylococcus epidermidis,Positive
8136,dbAMP_33685,Pseudomonas aeruginosa,Positive
8137,dbAMP_01793,Bacillus subtilis,Positive
8138,dbAMP_24894,Staphylococcus aureus,Positive
8139,dbAMP_01691,Escherichia coli,Positive
8140,22375.0,Pseudomonas aeruginosa,Positive
8141,20292.0,Enterobacter cloacae,Positive
8142,8830.0,Staphylococcus epidermidis,Positive
8143,dbAMP_27094,Enterococcus faecalis,Positive
8144,dbAMP_11856,Micrococcus luteus,Positive
8145,dbAMP_18405,Escherichia coli,Positive
8146,dbAMP_04720,Staphylococcus aureus,Positive
8147,dbAMP_00067,Escherichia coli,Positive
8148,20276.0,Enterococcus faecium,Positive
8149,dbAMP_16029,Staphylococcus epidermidis,Positive
8150,dbAMP_01919,Escherichia coli,Positive
8151,dbAMP_16071,Staphylococcus aureus,Positive
8152,22240.0,Escherichia coli,Positive
8153,21981.0,Escherichia coli,Positive
8154,dbAMP_22682,Escherichia coli,Positive
8155,dbAMP_16759,Salmonella enterica,Positive
8156,dbAMP_00028,Escherichia coli,Positive
8157,dbAMP_23210,Bacillus subtilis,Positive
8158,dbAMP_01885,Staphylococcus aureus,Positive
8159,dbAMP_05113,Salmonella enterica,Positive
8160,dbAMP_18956,Klebsiella pneumoniae,Positive
8161,dbAMP_17972,Staphylococcus aureus,Positive
8162,dbAMP_31444,Staphylococcus aureus,Positive
8163,20574.0,Escherichia coli,Positive
8164,dbAMP_19069,Pseudomonas aeruginosa,Positive
8165,dbAMP_18375,Escherichia coli,Positive
8166,DRAMP03140,Pseudomonas aeruginosa,Positive
8167,dbAMP_23283,Pseudomonas aeruginosa,Positive
8168,dbAMP_31692,Salmonella enterica,Positive
8169,dbAMP_28189,Escherichia coli,Positive
8170,dbAMP_05264,Candida parapsilosis,Positive
8171,dbAMP_33301,Staphylococcus aureus,Positive
8172,19924.0,Candida albicans,Positive
8173,dbAMP_05490,Pseudomonas aeruginosa,Positive
8174,dbAMP_14908,Bacillus subtilis,Positive
8175,dbAMP_19790,Staphylococcus aureus,Positive
8176,dbAMP_20755,Staphylococcus aureus,Positive
8177,dbAMP_02680,Candida albicans,Positive
8178,dbAMP_20531,Klebsiella pneumoniae,Positive
8179,21538.0,Bacillus subtilis,Positive
8180,dbAMP_15955,Enterobacter cloacae,Positive
8181,dbAMP_01766,Micrococcus luteus,Positive
8182,dbAMP_23183,Pseudomonas aeruginosa,Positive
8183,dbAMP_18183,Acinetobacter baumannii,Positive
8184,dbAMP_16037,Staphylococcus epidermidis,Positive
8185,dbAMP_20278,Klebsiella pneumoniae,Positive
8186,dbAMP_34250,Escherichia coli,Positive
8187,dbAMP_27196,Pseudomonas aeruginosa,Positive
8188,dbAMP_32041,Pseudomonas aeruginosa,Positive
8189,dbAMP_22710,Escherichia coli,Positive
8190,dbAMP_18240,Bacillus subtilis,Positive
8191,dbAMP_14850,Salmonella enterica,Positive
8192,dbAMP_15925,Klebsiella pneumoniae,Positive
8193,20329.0,Salmonella enterica,Positive
8194,19702.0,Escherichia coli,Positive
8195,dbAMP_16035,Escherichia coli,Positive
8196,dbAMP_21890,Salmonella enterica,Positive
8197,17427.0,Pseudomonas aeruginosa,Positive
8198,dbAMP_17583,Salmonella enterica,Positive
8199,dbAMP_19043,Staphylococcus aureus,Positive
8200,dbAMP_28189,Staphylococcus aureus,Positive
8201,dbAMP_20674,Acinetobacter baumannii,Positive
8202,dbAMP_27064,Staphylococcus epidermidis,Positive
8203,dbAMP_02040,Staphylococcus aureus,Positive
8204,dbAMP_27637,Escherichia coli,Positive
8205,dbAMP_03668,Bacillus cereus,Positive
8206,dbAMP_21131,Staphylococcus aureus,Positive
8207,dbAMP_18975,Escherichia coli,Positive
8208,dbAMP_33720,Bacillus subtilis,Positive
8209,22324.0,Staphylococcus aureus,Positive
8210,dbAMP_20866,Escherichia coli,Positive
8211,dbAMP_22835,Staphylococcus aureus,Positive
8212,DRAMP18713,Enterococcus faecalis,Positive
8213,22062.0,Pseudomonas aeruginosa,Positive
8214,dbAMP_22023,Staphylococcus aureus,Positive
8215,dbAMP_23686,Micrococcus luteus,Positive
8216,dbAMP_03082,Bacillus megaterium,Positive
8217,dbAMP_09813,Staphylococcus epidermidis,Positive
8218,dbAMP_19305,Bacillus subtilis,Positive
8219,dbAMP_19699,Staphylococcus aureus,Positive
8220,dbAMP_27474,Candida parapsilosis,Positive
8221,dbAMP_27087,Staphylococcus aureus,Positive
8222,dbAMP_21482,Bacillus subtilis,Positive
8223,dbAMP_16039,Staphylococcus epidermidis,Positive
8224,dbAMP_20735,Escherichia coli,Positive
8225,dbAMP_03573,Escherichia coli,Positive
8226,dbAMP_16004,Pseudomonas aeruginosa,Positive
8227,21885.0,Acinetobacter baumannii,Positive
8228,dbAMP_03510,Pseudomonas aeruginosa,Positive
8229,dbAMP_16268,Pseudomonas aeruginosa,Positive
8230,dbAMP_16234,Escherichia coli,Positive
8231,dbAMP_17460,Escherichia coli,Positive
8232,19686.0,Acinetobacter baumannii,Positive
8233,dbAMP_02644,Acinetobacter baumannii,Positive
8234,dbAMP_00222,Staphylococcus aureus,Positive
8235,dbAMP_24268,Escherichia coli,Positive
8236,dbAMP_17792,Escherichia coli,Positive
8237,dbAMP_27418,Staphylococcus epidermidis,Positive
8238,dbAMP_25329,Staphylococcus aureus,Positive
8239,22292.0,Staphylococcus aureus,Positive
8240,dbAMP_19277,Pseudomonas aeruginosa,Positive
8241,19852.0,Bacillus subtilis,Positive
8242,dbAMP_19113,Pseudomonas aeruginosa,Positive
8243,20160.0,Escherichia coli,Positive
8244,dbAMP_33176,Klebsiella pneumoniae,Positive
8245,dbAMP_16142,Micrococcus luteus,Positive
8246,dbAMP_21482,Pseudomonas aeruginosa,Positive
8247,1004.0,Escherichia coli,Positive
8248,dbAMP_16235,Acinetobacter baumannii,Positive
8249,dbAMP_21638,Escherichia coli,Positive
8250,dbAMP_00403,Escherichia coli,Positive
8251,18072.0,Klebsiella pneumoniae,Positive
8252,dbAMP_24959,Staphylococcus aureus,Positive
8253,dbAMP_02420,Enterococcus faecalis,Positive
8254,dbAMP_03877,Staphylococcus aureus,Positive
8255,dbAMP_02696,Candida albicans,Positive
8256,dbAMP_16717,Micrococcus luteus,Positive
8257,dbAMP_33683,Staphylococcus aureus,Positive
8258,dbAMP_23107,Enterobacter cloacae,Positive
8259,dbAMP_22145,Cryptococcus neoformans,Positive
8260,19705.0,Staphylococcus aureus,Positive
8261,dbAMP_03382,Staphylococcus aureus,Positive
8262,dbAMP_22842,Staphylococcus aureus,Positive
8263,dbAMP_21106,Escherichia coli,Positive
8264,dbAMP_02121,Staphylococcus epidermidis,Positive
8265,dbAMP_25279,Candida albicans,Positive
8266,dbAMP_33387,Listeria monocytogenes,Positive
8267,dbAMP_33012,Pseudomonas aeruginosa,Positive
8268,dbAMP_17410,Staphylococcus epidermidis,Positive
8269,dbAMP_24918,Bacillus subtilis,Positive
8270,dbAMP_25101,Staphylococcus aureus,Positive
8271,dbAMP_20294,Bacillus subtilis,Positive
8272,dbAMP_17753,Salmonella enterica,Positive
8273,dbAMP_18179,Bacillus subtilis,Positive
8274,dbAMP_03793,Klebsiella pneumoniae,Positive
8275,dbAMP_23263,Staphylococcus aureus,Positive
8276,dbAMP_33686,Staphylococcus epidermidis,Positive
8277,dbAMP_23712,Pseudomonas aeruginosa,Positive
8278,dbAMP_03348,Staphylococcus aureus,Positive
8279,dbAMP_18528,Salmonella enterica,Positive
8280,dbAMP_18905,Candida albicans,Positive
8281,2726.0,Cryptococcus neoformans,Positive
8282,dbAMP_27706,Pseudomonas aeruginosa,Positive
8283,dbAMP_16003,Pseudomonas aeruginosa,Positive
8284,dbAMP_17462,Candida albicans,Positive
8285,dbAMP_22959,Bacillus subtilis,Positive
8286,dbAMP_24008,Bacillus subtilis,Positive
8287,dbAMP_21533,Escherichia coli,Positive
8288,dbAMP_33113,Escherichia coli,Positive
8289,dbAMP_22684,Enterococcus faecalis,Positive
8290,dbAMP_14844,Pseudomonas aeruginosa,Positive
8291,DRAMP01878,Enterobacter cloacae,Positive
8292,dbAMP_01616,Candida albicans,Positive
8293,dbAMP_33974,Escherichia coli,Positive
8294,dbAMP_22925,Staphylococcus aureus,Positive
8295,dbAMP_24144,Enterococcus faecium,Positive
8296,dbAMP_24035,Escherichia coli,Positive
8297,dbAMP_18157,Acinetobacter baumannii,Positive
8298,dbAMP_21024,Staphylococcus aureus,Positive
8299,dbAMP_17686,Pseudomonas aeruginosa,Positive
8300,dbAMP_17360,Candida albicans,Positive
8301,dbAMP_19550,Staphylococcus aureus,Positive
8302,dbAMP_16941,Salmonella enterica,Positive
8303,8450.0,Pseudomonas aeruginosa,Positive
8304,dbAMP_10721,Bacillus megaterium,Positive
8305,dbAMP_27152,Escherichia coli,Positive
8306,1465.0,Staphylococcus epidermidis,Positive
8307,dbAMP_17221,Pseudomonas aeruginosa,Positive
8308,dbAMP_20551,Pseudomonas aeruginosa,Positive
8309,DRAMP01775,Candida albicans,Positive
8310,dbAMP_16148,Pseudomonas aeruginosa,Positive
8311,dbAMP_22702,Bacillus subtilis,Positive
8312,dbAMP_04382,Micrococcus luteus,Positive
8313,340.0,Salmonella enterica,Positive
8314,dbAMP_23763,Pseudomonas aeruginosa,Positive
8315,2820.0,Escherichia coli,Positive
8316,dbAMP_15920,Bacillus subtilis,Positive
8317,dbAMP_16560,Klebsiella pneumoniae,Positive
8318,dbAMP_16766,Escherichia coli,Positive
8319,dbAMP_17200,Bacillus subtilis,Positive
8320,dbAMP_11455,Staphylococcus aureus,Positive
8321,dbAMP_24952,Escherichia coli,Positive
8322,dbAMP_15873,Salmonella enterica,Positive
8323,13802.0,Salmonella enterica,Positive
8324,19267.0,Staphylococcus aureus,Positive
8325,dbAMP_25373,Micrococcus luteus,Positive
8326,dbAMP_14844,Klebsiella pneumoniae,Positive
8327,dbAMP_03200,Escherichia coli,Positive
8328,dbAMP_26064,Salmonella enterica,Positive
8329,dbAMP_10572,Enterococcus faecalis,Positive
8330,dbAMP_16085,Pseudomonas aeruginosa,Positive
8331,dbAMP_16634,Escherichia coli,Positive
8332,dbAMP_03861,Escherichia coli,Positive
8333,9580.0,Salmonella enterica,Positive
8334,dbAMP_19108,Staphylococcus aureus,Positive
8335,dbAMP_18140,Escherichia coli,Positive
8336,dbAMP_31312,Bacillus cereus,Positive
8337,20773.0,Salmonella enterica,Positive
8338,dbAMP_03601,Bacillus subtilis,Positive
8339,dbAMP_27101,Staphylococcus aureus,Positive
8340,dbAMP_27662,Salmonella enterica,Positive
8341,dbAMP_02445,Pseudomonas aeruginosa,Positive
8342,dbAMP_21894,Escherichia coli,Positive
8343,19370.0,Escherichia coli,Positive
8344,dbAMP_16057,Salmonella enterica,Positive
8345,7481.0,Escherichia coli,Positive
8346,dbAMP_22272,Bacillus cereus,Positive
8347,dbAMP_04456,Salmonella enterica,Positive
8348,dbAMP_16234,Acinetobacter baumannii,Positive
8349,dbAMP_22138,Candida albicans,Positive
8350,dbAMP_24868,Bacillus cereus,Positive
8351,21522.0,Escherichia coli,Positive
8352,dbAMP_25424,Salmonella enterica,Positive
8353,dbAMP_04359,Staphylococcus aureus,Positive
8354,dbAMP_18793,Staphylococcus aureus,Positive
8355,dbAMP_15959,Candida albicans,Positive
8356,dbAMP_20828,Pseudomonas aeruginosa,Positive
8357,21332.0,Bacillus subtilis,Positive
8358,20855.0,Candida parapsilosis,Positive
8359,dbAMP_02096,Enterococcus faecium,Positive
8360,dbAMP_23197,Escherichia coli,Positive
8361,dbAMP_19263,Enterococcus faecalis,Positive
8362,dbAMP_18821,Escherichia coli,Positive
8363,dbAMP_15896,Enterococcus faecium,Positive
8364,DRAMP03924,Bacillus subtilis,Positive
8365,dbAMP_17575,Pseudomonas aeruginosa,Positive
8366,dbAMP_02852,Staphylococcus aureus,Positive
8367,dbAMP_20536,Staphylococcus epidermidis,Positive
8368,dbAMP_20778,Escherichia coli,Positive
8369,dbAMP_19047,Pseudomonas aeruginosa,Positive
8370,14973.0,Salmonella enterica,Positive
8371,19612.0,Klebsiella pneumoniae,Positive
8372,dbAMP_15923,Staphylococcus aureus,Positive
8373,dbAMP_16555,Pseudomonas aeruginosa,Positive
8374,dbAMP_15972,Staphylococcus aureus,Positive
8375,DRAMP02245,Candida albicans,Positive
8376,DRAMP03880,Staphylococcus aureus,Positive
8377,102.0,Cryptococcus neoformans,Positive
8378,775.0,Escherichia coli,Positive
8379,dbAMP_24834,Pseudomonas aeruginosa,Positive
8380,dbAMP_33188,Pseudomonas aeruginosa,Positive
8381,dbAMP_17957,Candida albicans,Positive
8382,dbAMP_15874,Staphylococcus aureus,Positive
8383,dbAMP_25221,Staphylococcus aureus,Positive
8384,DRAMP03278,Pseudomonas aeruginosa,Positive
8385,dbAMP_31707,Candida albicans,Positive
8386,dbAMP_19303,Staphylococcus aureus,Positive
8387,dbAMP_22272,Staphylococcus aureus,Positive
8388,19555.0,Staphylococcus epidermidis,Positive
8389,22324.0,Escherichia coli,Positive
8390,dbAMP_17439,Escherichia coli,Positive
8391,dbAMP_12239,Bacillus subtilis,Positive
8392,dbAMP_17333,Salmonella enterica,Positive
8393,dbAMP_04603,Bacillus subtilis,Positive
8394,DRAMP01495,Candida albicans,Positive
8395,dbAMP_23716,Staphylococcus aureus,Positive
8396,dbAMP_16511,Staphylococcus aureus,Positive
8397,dbAMP_17474,Pseudomonas aeruginosa,Positive
8398,dbAMP_01704,Escherichia coli,Positive
8399,dbAMP_24520,Enterococcus faecium,Positive
8400,dbAMP_18241,Staphylococcus epidermidis,Positive
8401,dbAMP_32935,Escherichia coli,Positive
8402,dbAMP_16873,Staphylococcus aureus,Positive
8403,21747.0,Staphylococcus aureus,Positive
8404,dbAMP_23682,Micrococcus luteus,Positive
8405,2726.0,Candida albicans,Positive
8406,18043.0,Pseudomonas aeruginosa,Positive
8407,6841.0,Klebsiella pneumoniae,Positive
8408,dbAMP_34040,Escherichia coli,Positive
8409,dbAMP_19333,Salmonella enterica,Positive
8410,dbAMP_14786,Staphylococcus aureus,Positive
8411,dbAMP_15955,Staphylococcus epidermidis,Positive
8412,dbAMP_25418,Bacillus subtilis,Positive
8413,dbAMP_14892,Pseudomonas aeruginosa,Positive
8414,dbAMP_16504,Candida albicans,Positive
8415,17455.0,Staphylococcus aureus,Positive
8416,18832.0,Pseudomonas aeruginosa,Positive
8417,19991.0,Staphylococcus epidermidis,Positive
8418,21035.0,Acinetobacter baumannii,Positive
8419,dbAMP_04499,Pseudomonas aeruginosa,Positive
8420,22160.0,Klebsiella pneumoniae,Positive
8421,dbAMP_16127,Pseudomonas aeruginosa,Positive
8422,dbAMP_33004,Bacillus subtilis,Positive
8423,dbAMP_20914,Staphylococcus aureus,Positive
8424,dbAMP_25117,Bacillus subtilis,Positive
8425,dbAMP_00856,Escherichia coli,Positive
8426,dbAMP_16871,Micrococcus luteus,Positive
8427,dbAMP_20561,Bacillus megaterium,Positive
8428,dbAMP_11661,Cryptococcus neoformans,Positive
8429,dbAMP_20703,Staphylococcus epidermidis,Positive
8430,dbAMP_05295,Staphylococcus aureus,Positive
8431,7141.0,Staphylococcus aureus,Positive
8432,20827.0,Listeria monocytogenes,Positive
8433,dbAMP_14707,Salmonella enterica,Positive
8434,dbAMP_15970,Salmonella enterica,Positive
8435,18363.0,Staphylococcus aureus,Positive
8436,19126.0,Pseudomonas aeruginosa,Positive
8437,dbAMP_34589,Escherichia coli,Positive
8438,dbAMP_23930,Staphylococcus epidermidis,Positive
8439,dbAMP_15968,Escherichia coli,Positive
8440,dbAMP_23954,Bacillus subtilis,Positive
8441,20078.0,Escherichia coli,Positive
8442,dbAMP_23463,Staphylococcus aureus,Positive
8443,dbAMP_32466,Enterococcus faecium,Positive
8444,dbAMP_21953,Staphylococcus aureus,Positive
8445,dbAMP_27455,Escherichia coli,Positive
8446,dbAMP_05139,Pseudomonas aeruginosa,Positive
8447,dbAMP_17891,Staphylococcus aureus,Positive
8448,dbAMP_24043,Enterobacter cloacae,Positive
8449,dbAMP_02108,Enterococcus faecalis,Positive
8450,dbAMP_23326,Escherichia coli,Positive
8451,dbAMP_20723,Salmonella enterica,Positive
8452,dbAMP_22975,Candida albicans,Positive
8453,19672.0,Klebsiella pneumoniae,Positive
8454,dbAMP_05113,Staphylococcus epidermidis,Positive
8455,19556.0,Enterococcus faecalis,Positive
8456,dbAMP_21283,Escherichia coli,Positive
8457,22020.0,Pseudomonas aeruginosa,Positive
8458,dbAMP_17579,Escherichia coli,Positive
8459,dbAMP_24409,Escherichia coli,Positive
8460,dbAMP_21734,Staphylococcus aureus,Positive
8461,dbAMP_34282,Staphylococcus aureus,Positive
8462,dbAMP_33307,Klebsiella pneumoniae,Positive
8463,dbAMP_16216,Salmonella enterica,Positive
8464,22282.0,Acinetobacter baumannii,Positive
8465,dbAMP_05294,Enterococcus faecium,Positive
8466,dbAMP_11067,Staphylococcus aureus,Positive
8467,2302.0,Staphylococcus epidermidis,Positive
8468,dbAMP_24623,Micrococcus luteus,Positive
8469,dbAMP_16060,Acinetobacter baumannii,Positive
8470,dbAMP_22085,Staphylococcus aureus,Positive
8471,19579.0,Pseudomonas aeruginosa,Positive
8472,dbAMP_24213,Escherichia coli,Positive
8473,dbAMP_32523,Bacillus subtilis,Positive
8474,dbAMP_17122,Bacillus cereus,Positive
8475,dbAMP_24955,Escherichia coli,Positive
8476,dbAMP_09737,Micrococcus luteus,Positive
8477,dbAMP_23930,Salmonella enterica,Positive
8478,19125.0,Staphylococcus epidermidis,Positive
8479,dbAMP_24819,Escherichia coli,Positive
8480,dbAMP_00404,Staphylococcus aureus,Positive
8481,20631.0,Salmonella enterica,Positive
8482,dbAMP_11926,Staphylococcus aureus,Positive
8483,dbAMP_03550,Bacillus cereus,Positive
8484,DRAMP03599,Klebsiella pneumoniae,Positive
8485,dbAMP_19733,Pseudomonas aeruginosa,Positive
8486,dbAMP_19742,Escherichia coli,Positive
8487,dbAMP_16049,Escherichia coli,Positive
8488,dbAMP_03407,Micrococcus luteus,Positive
8489,21077.0,Escherichia coli,Positive
8490,21331.0,Staphylococcus aureus,Positive
8491,dbAMP_18787,Pseudomonas aeruginosa,Positive
8492,21177.0,Staphylococcus aureus,Positive
8493,5349.0,Acinetobacter baumannii,Positive
8494,dbAMP_25214,Klebsiella pneumoniae,Positive
8495,dbAMP_33182,Staphylococcus aureus,Positive
8496,dbAMP_17190,Escherichia coli,Positive
8497,dbAMP_22683,Escherichia coli,Positive
8498,dbAMP_32449,Escherichia coli,Positive
8499,4201.0,Candida albicans,Positive
8500,dbAMP_03574,Micrococcus luteus,Positive
8501,dbAMP_00402,Escherichia coli,Positive
8502,dbAMP_16981,Acinetobacter baumannii,Positive
8503,dbAMP_20473,Escherichia coli,Positive
8504,dbAMP_18075,Enterococcus faecalis,Positive
8505,dbAMP_02251,Staphylococcus aureus,Positive
8506,17348.0,Candida albicans,Positive
8507,20845.0,Micrococcus luteus,Positive
8508,dbAMP_15789,Staphylococcus aureus,Positive
8509,dbAMP_19692,Escherichia coli,Positive
8510,20605.0,Escherichia coli,Positive
8511,dbAMP_24988,Bacillus subtilis,Positive
8512,dbAMP_17985,Bacillus subtilis,Positive
8513,dbAMP_02838,Staphylococcus aureus,Positive
8514,dbAMP_10857,Staphylococcus aureus,Positive
8515,dbAMP_19372,Escherichia coli,Positive
8516,dbAMP_22888,Pseudomonas aeruginosa,Positive
8517,dbAMP_16225,Salmonella enterica,Positive
8518,18048.0,Escherichia coli,Positive
8519,19702.0,Klebsiella pneumoniae,Positive
8520,dbAMP_22760,Staphylococcus epidermidis,Positive
8521,dbAMP_10403,Staphylococcus aureus,Positive
8522,dbAMP_09743,Enterococcus faecalis,Positive
8523,1465.0,Enterococcus faecalis,Positive
8524,dbAMP_17915,Staphylococcus aureus,Positive
8525,dbAMP_15824,Staphylococcus epidermidis,Positive
8526,dbAMP_23141,Cryptococcus neoformans,Positive
8527,dbAMP_24954,Klebsiella pneumoniae,Positive
8528,dbAMP_31137,Staphylococcus aureus,Positive
8529,dbAMP_16583,Pseudomonas aeruginosa,Positive
8530,18985.0,Escherichia coli,Positive
8531,7041.0,Escherichia coli,Positive
8532,21949.0,Enterococcus faecalis,Positive
8533,dbAMP_11108,Enterococcus faecalis,Positive
8534,dbAMP_23980,Staphylococcus aureus,Positive
8535,dbAMP_03832,Escherichia coli,Positive
8536,19489.0,Pseudomonas aeruginosa,Positive
8537,dbAMP_16023,Candida albicans,Positive
8538,dbAMP_31184,Staphylococcus aureus,Positive
8539,dbAMP_01656,Candida albicans,Positive
8540,DRAMP18495,Pseudomonas aeruginosa,Positive
8541,dbAMP_20545,Staphylococcus aureus,Positive
8542,dbAMP_02620,Klebsiella pneumoniae,Positive
8543,dbAMP_14800,Bacillus megaterium,Positive
8544,21535.0,Acinetobacter baumannii,Positive
8545,dbAMP_16753,Salmonella enterica,Positive
8546,dbAMP_01230,Escherichia coli,Positive
8547,dbAMP_32523,Escherichia coli,Positive
8548,dbAMP_02133,Candida albicans,Positive
8549,dbAMP_18056,Escherichia coli,Positive
8550,dbAMP_01848,Pseudomonas aeruginosa,Positive
8551,20076.0,Staphylococcus epidermidis,Positive
8552,dbAMP_14875,Staphylococcus aureus,Positive
8553,dbAMP_23727,Acinetobacter baumannii,Positive
8554,dbAMP_27236,Candida albicans,Positive
8555,dbAMP_23367,Staphylococcus aureus,Positive
8556,19500.0,Escherichia coli,Positive
8557,dbAMP_02406,Bacillus cereus,Positive
8558,20348.0,Pseudomonas aeruginosa,Positive
8559,19578.0,Enterococcus faecalis,Positive
8560,18821.0,Pseudomonas aeruginosa,Positive
8561,dbAMP_00973,Candida albicans,Positive
8562,17280.0,Bacillus subtilis,Positive
8563,dbAMP_01625,Bacillus subtilis,Positive
8564,dbAMP_16376,Acinetobacter baumannii,Positive
8565,dbAMP_19028,Staphylococcus aureus,Positive
8566,21035.0,Staphylococcus aureus,Positive
8567,20278.0,Acinetobacter baumannii,Positive
8568,dbAMP_18534,Escherichia coli,Positive
8569,dbAMP_15878,Staphylococcus aureus,Positive
8570,dbAMP_18945,Pseudomonas aeruginosa,Positive
8571,dbAMP_27241,Candida albicans,Positive
8572,dbAMP_23036,Pseudomonas aeruginosa,Positive
8573,dbAMP_22133,Salmonella enterica,Positive
8574,dbAMP_15991,Candida albicans,Positive
8575,dbAMP_02193,Staphylococcus aureus,Positive
8576,dbAMP_19308,Salmonella enterica,Positive
8577,dbAMP_03271,Staphylococcus aureus,Positive
8578,dbAMP_09730,Klebsiella pneumoniae,Positive
8579,dbAMP_17582,Listeria monocytogenes,Positive
8580,dbAMP_05477,Acinetobacter baumannii,Positive
8581,dbAMP_28794,Staphylococcus aureus,Positive
8582,dbAMP_23108,Enterobacter cloacae,Positive
8583,dbAMP_04749,Pseudomonas aeruginosa,Positive
8584,dbAMP_24671,Escherichia coli,Positive
8585,dbAMP_27541,Bacillus subtilis,Positive
8586,4203.0,Bacillus subtilis,Positive
8587,dbAMP_22681,Escherichia coli,Positive
8588,506.0,Listeria monocytogenes,Positive
8589,dbAMP_00627,Staphylococcus epidermidis,Positive
8590,dbAMP_22966,Staphylococcus epidermidis,Positive
8591,dbAMP_22482,Escherichia coli,Positive
8592,dbAMP_26141,Salmonella enterica,Positive
8593,dbAMP_05026,Bacillus cereus,Positive
8594,dbAMP_02835,Bacillus subtilis,Positive
8595,21112.0,Acinetobacter baumannii,Positive
8596,dbAMP_18823,Escherichia coli,Positive
8597,20041.0,Staphylococcus aureus,Positive
8598,dbAMP_03280,Staphylococcus aureus,Positive
8599,9819.0,Bacillus subtilis,Positive
8600,dbAMP_14886,Salmonella enterica,Positive
8601,dbAMP_01704,Klebsiella pneumoniae,Positive
8602,19436.0,Cryptococcus neoformans,Positive
8603,dbAMP_01697,Staphylococcus aureus,Positive
8604,dbAMP_14688,Escherichia coli,Positive
8605,dbAMP_10327,Pseudomonas aeruginosa,Positive
8606,22307.0,Escherichia coli,Positive
8607,dbAMP_14891,Escherichia coli,Positive
8608,dbAMP_16310,Pseudomonas aeruginosa,Positive
8609,dbAMP_24672,Candida albicans,Positive
8610,dbAMP_11160,Bacillus subtilis,Positive
8611,dbAMP_18938,Pseudomonas aeruginosa,Positive
8612,19682.0,Staphylococcus epidermidis,Positive
8613,dbAMP_22621,Staphylococcus epidermidis,Positive
8614,dbAMP_02111,Escherichia coli,Positive
8615,DRAMP21033,Escherichia coli,Positive
8616,3382.0,Pseudomonas aeruginosa,Positive
8617,dbAMP_31341,Pseudomonas aeruginosa,Positive
8618,dbAMP_14929,Escherichia coli,Positive
8619,dbAMP_17125,Staphylococcus aureus,Positive
8620,dbAMP_27451,Bacillus cereus,Positive
8621,18821.0,Escherichia coli,Positive
8622,dbAMP_04704,Escherichia coli,Positive
8623,1824.0,Staphylococcus epidermidis,Positive
8624,dbAMP_15867,Escherichia coli,Positive
8625,dbAMP_22957,Staphylococcus epidermidis,Positive
8626,dbAMP_03820,Klebsiella pneumoniae,Positive
8627,dbAMP_14790,Staphylococcus aureus,Positive
8628,dbAMP_02247,Micrococcus luteus,Positive
8629,dbAMP_01289,Micrococcus luteus,Positive
8630,dbAMP_22022,Staphylococcus aureus,Positive
8631,dbAMP_28738,Staphylococcus aureus,Positive
8632,dbAMP_15946,Candida albicans,Positive
8633,dbAMP_27302,Staphylococcus epidermidis,Positive
8634,dbAMP_11985,Acinetobacter baumannii,Positive
8635,4847.0,Bacillus subtilis,Positive
8636,dbAMP_23630,Acinetobacter baumannii,Positive
8637,18648.0,Staphylococcus aureus,Positive
8638,dbAMP_02669,Staphylococcus aureus,Positive
8639,dbAMP_18226,Escherichia coli,Positive
8640,dbAMP_17357,Candida albicans,Positive
8641,dbAMP_27662,Escherichia coli,Positive
8642,dbAMP_19550,Candida albicans,Positive
8643,19609.0,Pseudomonas aeruginosa,Positive
8644,dbAMP_23355,Listeria monocytogenes,Positive
8645,20502.0,Listeria monocytogenes,Positive
8646,DRAMP20792,Bacillus cereus,Positive
8647,dbAMP_15861,Staphylococcus epidermidis,Positive
8648,dbAMP_03436,Bacillus subtilis,Positive
8649,dbAMP_19798,Staphylococcus aureus,Positive
8650,dbAMP_10527,Staphylococcus epidermidis,Positive
8651,dbAMP_22860,Escherichia coli,Positive
8652,dbAMP_32459,Enterococcus faecium,Positive
8653,dbAMP_11232,Bacillus megaterium,Positive
8654,dbAMP_02173,Listeria monocytogenes,Positive
8655,dbAMP_17544,Pseudomonas aeruginosa,Positive
8656,22161.0,Enterococcus faecium,Positive
8657,dbAMP_27091,Staphylococcus epidermidis,Positive
8658,dbAMP_21035,Pseudomonas aeruginosa,Positive
8659,20327.0,Escherichia coli,Positive
8660,dbAMP_14656,Micrococcus luteus,Positive
8661,2787.0,Escherichia coli,Positive
8662,dbAMP_33086,Acinetobacter baumannii,Positive
8663,dbAMP_04077,Bacillus subtilis,Positive
8664,dbAMP_19745,Escherichia coli,Positive
8665,dbAMP_16027,Bacillus subtilis,Positive
8666,8829.0,Staphylococcus aureus,Positive
8667,dbAMP_04006,Klebsiella pneumoniae,Positive
8668,dbAMP_17737,Pseudomonas aeruginosa,Positive
8669,22161.0,Escherichia coli,Positive
8670,dbAMP_15795,Bacillus subtilis,Positive
8671,dbAMP_19076,Staphylococcus aureus,Positive
8672,14380.0,Escherichia coli,Positive
8673,20502.0,Salmonella enterica,Positive
8674,dbAMP_04775,Acinetobacter baumannii,Positive
8675,dbAMP_16193,Escherichia coli,Positive
8676,19616.0,Staphylococcus aureus,Positive
8677,DRAMP01476,Escherichia coli,Positive
8678,dbAMP_31632,Bacillus subtilis,Positive
8679,dbAMP_23129,Salmonella enterica,Positive
8680,dbAMP_18730,Bacillus subtilis,Positive
8681,20009.0,Bacillus cereus,Positive
8682,18043.0,Salmonella enterica,Positive
8683,dbAMP_15976,Pseudomonas aeruginosa,Positive
8684,dbAMP_18183,Staphylococcus aureus,Positive
8685,dbAMP_31185,Pseudomonas aeruginosa,Positive
8686,dbAMP_16244,Escherichia coli,Positive
8687,dbAMP_22927,Staphylococcus aureus,Positive
8688,dbAMP_21058,Cryptococcus neoformans,Positive
8689,dbAMP_31806,Pseudomonas aeruginosa,Positive
8690,20842.0,Acinetobacter baumannii,Positive
8691,18666.0,Staphylococcus aureus,Positive
8692,dbAMP_17057,Candida albicans,Positive
8693,dbAMP_05477,Candida albicans,Positive
8694,19945.0,Pseudomonas aeruginosa,Positive
8695,dbAMP_18241,Pseudomonas aeruginosa,Positive
8696,dbAMP_31998,Enterococcus faecium,Positive
8697,dbAMP_33097,Acinetobacter baumannii,Positive
8698,dbAMP_16906,Klebsiella pneumoniae,Positive
8699,22160.0,Enterococcus faecium,Positive
8700,dbAMP_11136,Micrococcus luteus,Positive
8701,dbAMP_11136,Escherichia coli,Positive
8702,dbAMP_33689,Enterococcus faecalis,Positive
8703,dbAMP_21613,Micrococcus luteus,Positive
8704,dbAMP_14895,Pseudomonas aeruginosa,Positive
8705,dbAMP_19046,Salmonella enterica,Positive
8706,dbAMP_18379,Staphylococcus aureus,Positive
8707,dbAMP_03511,Staphylococcus aureus,Positive
8708,dbAMP_16277,Enterobacter cloacae,Positive
8709,dbAMP_23937,Pseudomonas aeruginosa,Positive
8710,dbAMP_17804,Candida albicans,Positive
8711,dbAMP_00314,Staphylococcus epidermidis,Positive
8712,dbAMP_04602,Salmonella enterica,Positive
8713,dbAMP_18043,Staphylococcus aureus,Positive
8714,dbAMP_18445,Escherichia coli,Positive
8715,19704.0,Staphylococcus aureus,Positive
8716,dbAMP_27215,Acinetobacter baumannii,Positive
8717,dbAMP_17650,Bacillus subtilis,Positive
8718,dbAMP_17751,Salmonella enterica,Positive
8719,dbAMP_22716,Staphylococcus epidermidis,Positive
8720,dbAMP_16121,Listeria monocytogenes,Positive
8721,3157.0,Escherichia coli,Positive
8722,dbAMP_24137,Pseudomonas aeruginosa,Positive
8723,dbAMP_02147,Staphylococcus aureus,Positive
8724,dbAMP_17498,Listeria monocytogenes,Positive
8725,dbAMP_23456,Salmonella enterica,Positive
8726,20771.0,Klebsiella pneumoniae,Positive
8727,dbAMP_21443,Escherichia coli,Positive
8728,dbAMP_22640,Bacillus megaterium,Positive
8729,dbAMP_11446,Escherichia coli,Positive
8730,dbAMP_03451,Micrococcus luteus,Positive
8731,dbAMP_04648,Staphylococcus aureus,Positive
8732,dbAMP_16477,Salmonella enterica,Positive
8733,dbAMP_18705,Escherichia coli,Positive
8734,dbAMP_32226,Escherichia coli,Positive
8735,dbAMP_24164,Staphylococcus aureus,Positive
8736,dbAMP_16040,Bacillus subtilis,Positive
8737,dbAMP_31641,Klebsiella pneumoniae,Positive
8738,dbAMP_16013,Acinetobacter baumannii,Positive
8739,852.0,Staphylococcus aureus,Positive
8740,dbAMP_17461,Acinetobacter baumannii,Positive
8741,dbAMP_22716,Bacillus subtilis,Positive
8742,19929.0,Escherichia coli,Positive
8743,dbAMP_05737,Micrococcus luteus,Positive
8744,dbAMP_33593,Bacillus cereus,Positive
8745,dbAMP_23929,Pseudomonas aeruginosa,Positive
8746,dbAMP_27113,Enterococcus faecalis,Positive
8747,dbAMP_24489,Escherichia coli,Positive
8748,dbAMP_18127,Staphylococcus aureus,Positive
8749,dbAMP_23934,Candida albicans,Positive
8750,dbAMP_17197,Bacillus subtilis,Positive
8751,20539.0,Staphylococcus aureus,Positive
8752,dbAMP_24952,Staphylococcus epidermidis,Positive
8753,22096.0,Enterococcus faecalis,Positive
8754,dbAMP_18437,Salmonella enterica,Positive
8755,dbAMP_33079,Enterococcus faecalis,Positive
8756,dbAMP_17526,Pseudomonas aeruginosa,Positive
8757,19706.0,Klebsiella pneumoniae,Positive
8758,dbAMP_04735,Escherichia coli,Positive
8759,DRAMP18713,Pseudomonas aeruginosa,Positive
8760,dbAMP_18571,Escherichia coli,Positive
8761,dbAMP_27117,Enterococcus faecalis,Positive
8762,dbAMP_02104,Staphylococcus aureus,Positive
8763,4950.0,Micrococcus luteus,Positive
8764,dbAMP_31183,Klebsiella pneumoniae,Positive
8765,20059.0,Staphylococcus epidermidis,Positive
8766,DRAMP00074,Enterococcus faecalis,Positive
8767,dbAMP_22172,Escherichia coli,Positive
8768,DRAMP03928,Bacillus subtilis,Positive
8769,DRAMP00385,Escherichia coli,Positive
8770,dbAMP_00360,Candida albicans,Positive
8771,dbAMP_04006,Pseudomonas aeruginosa,Positive
8772,2869.0,Staphylococcus epidermidis,Positive
8773,dbAMP_05139,Escherichia coli,Positive
8774,dbAMP_00312,Pseudomonas aeruginosa,Positive
8775,dbAMP_25192,Staphylococcus aureus,Positive
8776,dbAMP_01772,Bacillus subtilis,Positive
8777,dbAMP_33106,Staphylococcus aureus,Positive
8778,dbAMP_33176,Staphylococcus aureus,Positive
8779,dbAMP_33592,Bacillus cereus,Positive
8780,dbAMP_23259,Escherichia coli,Positive
8781,dbAMP_24309,Salmonella enterica,Positive
8782,21725.0,Klebsiella pneumoniae,Positive
8783,dbAMP_15872,Enterococcus faecalis,Positive
8784,dbAMP_31304,Klebsiella pneumoniae,Positive
8785,dbAMP_18074,Staphylococcus aureus,Positive
8786,dbAMP_24288,Bacillus cereus,Positive
8787,dbAMP_17397,Staphylococcus aureus,Positive
8788,dbAMP_20515,Pseudomonas aeruginosa,Positive
8789,dbAMP_14852,Pseudomonas aeruginosa,Positive
8790,dbAMP_34296,Staphylococcus aureus,Positive
8791,dbAMP_24335,Staphylococcus aureus,Positive
8792,dbAMP_10749,Escherichia coli,Positive
8793,dbAMP_15949,Pseudomonas aeruginosa,Positive
8794,DRAMP01097,Escherichia coli,Positive
8795,dbAMP_12013,Pseudomonas aeruginosa,Positive
8796,dbAMP_17452,Candida albicans,Positive
8797,dbAMP_33373,Staphylococcus aureus,Positive
8798,22323.0,Pseudomonas aeruginosa,Positive
8799,dbAMP_33842,Staphylococcus aureus,Positive
8800,dbAMP_17292,Candida albicans,Positive
8801,dbAMP_27241,Staphylococcus aureus,Positive
8802,4493.0,Staphylococcus aureus,Positive
8803,dbAMP_04523,Escherichia coli,Positive
8804,dbAMP_18097,Escherichia coli,Positive
8805,dbAMP_17453,Pseudomonas aeruginosa,Positive
8806,dbAMP_16496,Staphylococcus aureus,Positive
8807,19913.0,Staphylococcus aureus,Positive
8808,dbAMP_18044,Salmonella enterica,Positive
8809,DRAMP01513,Pseudomonas aeruginosa,Positive
8810,17529.0,Salmonella enterica,Positive
8811,dbAMP_02663,Pseudomonas aeruginosa,Positive
8812,dbAMP_17467,Staphylococcus aureus,Positive
8813,20231.0,Pseudomonas aeruginosa,Positive
8814,dbAMP_27426,Pseudomonas aeruginosa,Positive
8815,22312.0,Enterococcus faecalis,Positive
8816,20841.0,Acinetobacter baumannii,Positive
8817,dbAMP_03054,Klebsiella pneumoniae,Positive
8818,dbAMP_23725,Staphylococcus epidermidis,Positive
8819,dbAMP_24961,Escherichia coli,Positive
8820,9819.0,Candida albicans,Positive
8821,dbAMP_02898,Enterococcus faecalis,Positive
8822,dbAMP_22792,Pseudomonas aeruginosa,Positive
8823,dbAMP_24279,Staphylococcus aureus,Positive
8824,dbAMP_01991,Candida parapsilosis,Positive
8825,dbAMP_22627,Candida parapsilosis,Positive
8826,dbAMP_20141,Escherichia coli,Positive
8827,dbAMP_03834,Escherichia coli,Positive
8828,dbAMP_15810,Escherichia coli,Positive
8829,dbAMP_25010,Candida albicans,Positive
8830,dbAMP_25422,Staphylococcus aureus,Positive
8831,20231.0,Candida albicans,Positive
8832,DRAMP21033,Bacillus subtilis,Positive
8833,18658.0,Staphylococcus epidermidis,Positive
8834,dbAMP_21929,Staphylococcus aureus,Positive
8835,dbAMP_18667,Pseudomonas aeruginosa,Positive
8836,dbAMP_10426,Bacillus megaterium,Positive
8837,21171.0,Escherichia coli,Positive
8838,dbAMP_18211,Staphylococcus aureus,Positive
8839,DRAMP21033,Pseudomonas aeruginosa,Positive
8840,17427.0,Escherichia coli,Positive
8841,20077.0,Bacillus subtilis,Positive
8842,dbAMP_05295,Escherichia coli,Positive
8843,dbAMP_17718,Bacillus subtilis,Positive
8844,20966.0,Salmonella enterica,Positive
8845,dbAMP_03090,Enterobacter cloacae,Positive
8846,dbAMP_24296,Pseudomonas aeruginosa,Positive
8847,dbAMP_24563,Escherichia coli,Positive
8848,22102.0,Bacillus subtilis,Positive
8849,dbAMP_16094,Escherichia coli,Positive
8850,775.0,Salmonella enterica,Positive
8851,dbAMP_22079,Micrococcus luteus,Positive
8852,dbAMP_23237,Staphylococcus aureus,Positive
8853,dbAMP_03800,Staphylococcus aureus,Positive
8854,20931.0,Pseudomonas aeruginosa,Positive
8855,7464.0,Escherichia coli,Positive
8856,dbAMP_21023,Pseudomonas aeruginosa,Positive
8857,DRAMP03405,Staphylococcus aureus,Positive
8858,dbAMP_03655,Bacillus subtilis,Positive
8859,dbAMP_23866,Staphylococcus aureus,Positive
8860,dbAMP_19831,Staphylococcus aureus,Positive
8861,dbAMP_22594,Escherichia coli,Positive
8862,dbAMP_02325,Cryptococcus neoformans,Positive
8863,dbAMP_14893,Pseudomonas aeruginosa,Positive
8864,17571.0,Escherichia coli,Positive
8865,dbAMP_27634,Candida albicans,Positive
8866,DRAMP03898,Escherichia coli,Positive
8867,17250.0,Pseudomonas aeruginosa,Positive
8868,dbAMP_19112,Bacillus subtilis,Positive
8869,dbAMP_15836,Micrococcus luteus,Positive
8870,dbAMP_18233,Bacillus cereus,Positive
8871,DRAMP29094,Candida albicans,Positive
8872,dbAMP_11781,Enterobacter cloacae,Positive
8873,17218.0,Bacillus subtilis,Positive
8874,dbAMP_25298,Staphylococcus aureus,Positive
8875,dbAMP_17989,Pseudomonas aeruginosa,Positive
8876,dbAMP_01970,Staphylococcus aureus,Positive
8877,dbAMP_20674,Staphylococcus aureus,Positive
8878,18657.0,Staphylococcus aureus,Positive
8879,dbAMP_10642,Bacillus subtilis,Positive
8880,17222.0,Pseudomonas aeruginosa,Positive
8881,dbAMP_03851,Escherichia coli,Positive
8882,19556.0,Salmonella enterica,Positive
8883,dbAMP_25296,Pseudomonas aeruginosa,Positive
8884,DRAMP02873,Escherichia coli,Positive
8885,dbAMP_16786,Acinetobacter baumannii,Positive
8886,dbAMP_33117,Enterococcus faecium,Positive
8887,dbAMP_23991,Bacillus subtilis,Positive
8888,dbAMP_27306,Staphylococcus epidermidis,Positive
8889,dbAMP_21952,Staphylococcus aureus,Positive
8890,dbAMP_20437,Candida albicans,Positive
8891,dbAMP_17691,Pseudomonas aeruginosa,Positive
8892,dbAMP_18126,Listeria monocytogenes,Positive
8893,dbAMP_09839,Staphylococcus aureus,Positive
8894,dbAMP_16436,Enterococcus faecium,Positive
8895,dbAMP_05113,Staphylococcus aureus,Positive
8896,dbAMP_23149,Bacillus subtilis,Positive
8897,dbAMP_21258,Staphylococcus aureus,Positive
8898,dbAMP_18658,Pseudomonas aeruginosa,Positive
8899,dbAMP_16014,Escherichia coli,Positive
8900,22049.0,Staphylococcus aureus,Positive
8901,dbAMP_15830,Escherichia coli,Positive
8902,dbAMP_16786,Bacillus subtilis,Positive
8903,dbAMP_05805,Staphylococcus aureus,Positive
8904,dbAMP_04077,Staphylococcus aureus,Positive
8905,dbAMP_31185,Acinetobacter baumannii,Positive
8906,dbAMP_17573,Pseudomonas aeruginosa,Positive
8907,dbAMP_02735,Escherichia coli,Positive
8908,dbAMP_21637,Salmonella enterica,Positive
8909,20827.0,Bacillus subtilis,Positive
8910,dbAMP_32276,Escherichia coli,Positive
8911,dbAMP_19333,Pseudomonas aeruginosa,Positive
8912,20739.0,Staphylococcus aureus,Positive
8913,dbAMP_16939,Salmonella enterica,Positive
8914,dbAMP_31648,Escherichia coli,Positive
8915,dbAMP_17462,Klebsiella pneumoniae,Positive
8916,dbAMP_33839,Staphylococcus aureus,Positive
8917,dbAMP_15812,Pseudomonas aeruginosa,Positive
8918,dbAMP_16500,Pseudomonas aeruginosa,Positive
8919,20081.0,Escherichia coli,Positive
8920,dbAMP_27400,Staphylococcus epidermidis,Positive
8921,dbAMP_17575,Candida albicans,Positive
8922,dbAMP_21432,Staphylococcus epidermidis,Positive
8923,17798.0,Candida parapsilosis,Positive
8924,dbAMP_15969,Staphylococcus aureus,Positive
8925,DRAMP03090,Enterobacter cloacae,Positive
8926,dbAMP_17851,Escherichia coli,Positive
8927,dbAMP_27233,Salmonella enterica,Positive
8928,dbAMP_22032,Bacillus subtilis,Positive
8929,dbAMP_18827,Escherichia coli,Positive
8930,19946.0,Pseudomonas aeruginosa,Positive
8931,dbAMP_27487,Staphylococcus aureus,Positive
8932,8647.0,Klebsiella pneumoniae,Positive
8933,dbAMP_14805,Klebsiella pneumoniae,Positive
8934,dbAMP_33108,Staphylococcus aureus,Positive
8935,dbAMP_18829,Escherichia coli,Positive
8936,dbAMP_16044,Staphylococcus aureus,Positive
8937,dbAMP_15855,Candida albicans,Positive
8938,dbAMP_04754,Pseudomonas aeruginosa,Positive
8939,dbAMP_21396,Staphylococcus epidermidis,Positive
8940,dbAMP_04167,Staphylococcus aureus,Positive
8941,dbAMP_33105,Staphylococcus aureus,Positive
8942,dbAMP_34116,Escherichia coli,Positive
8943,dbAMP_18394,Salmonella enterica,Positive
8944,dbAMP_17879,Acinetobacter baumannii,Positive
8945,dbAMP_03609,Staphylococcus aureus,Positive
8946,dbAMP_31868,Staphylococcus aureus,Positive
8947,10380.0,Staphylococcus epidermidis,Positive
8948,dbAMP_01777,Staphylococcus aureus,Positive
8949,dbAMP_03793,Candida albicans,Positive
8950,20276.0,Acinetobacter baumannii,Positive
8951,20134.0,Staphylococcus aureus,Positive
8952,dbAMP_19449,Escherichia coli,Positive
8953,dbAMP_24868,Pseudomonas aeruginosa,Positive
8954,dbAMP_15970,Enterobacter cloacae,Positive
8955,20856.0,Enterococcus faecalis,Positive
8956,dbAMP_33281,Staphylococcus aureus,Positive
8957,dbAMP_16151,Bacillus subtilis,Positive
8958,dbAMP_24889,Staphylococcus aureus,Positive
8959,dbAMP_18443,Listeria monocytogenes,Positive
8960,dbAMP_23141,Salmonella enterica,Positive
8961,dbAMP_23978,Escherichia coli,Positive
8962,dbAMP_16130,Salmonella enterica,Positive
8963,dbAMP_19133,Escherichia coli,Positive
8964,dbAMP_34587,Candida albicans,Positive
8965,dbAMP_21282,Escherichia coli,Positive
8966,dbAMP_21638,Salmonella enterica,Positive
8967,dbAMP_19295,Staphylococcus aureus,Positive
8968,dbAMP_05526,Escherichia coli,Positive
8969,dbAMP_20380,Pseudomonas aeruginosa,Positive
8970,17218.0,Acinetobacter baumannii,Positive
8971,dbAMP_01656,Bacillus subtilis,Positive
8972,dbAMP_28183,Staphylococcus aureus,Positive
8973,dbAMP_19295,Bacillus megaterium,Positive
8974,dbAMP_15894,Bacillus cereus,Positive
8975,dbAMP_02552,Enterococcus faecium,Positive
8976,dbAMP_33008,Pseudomonas aeruginosa,Positive
8977,dbAMP_22166,Staphylococcus aureus,Positive
8978,dbAMP_15857,Staphylococcus aureus,Positive
8979,dbAMP_17140,Klebsiella pneumoniae,Positive
8980,dbAMP_19197,Escherichia coli,Positive
8981,dbAMP_04248,Escherichia coli,Positive
8982,dbAMP_22764,Staphylococcus epidermidis,Positive
8983,dbAMP_19839,Pseudomonas aeruginosa,Positive
8984,dbAMP_00174,Pseudomonas aeruginosa,Positive
8985,dbAMP_21127,Listeria monocytogenes,Positive
8986,dbAMP_17186,Staphylococcus aureus,Positive
8987,dbAMP_21826,Escherichia coli,Positive
8988,dbAMP_16404,Bacillus subtilis,Positive
8989,dbAMP_23161,Enterococcus faecium,Positive
8990,dbAMP_02310,Escherichia coli,Positive
8991,dbAMP_18791,Escherichia coli,Positive
8992,dbAMP_16150,Bacillus subtilis,Positive
8993,17308.0,Pseudomonas aeruginosa,Positive
8994,dbAMP_11293,Escherichia coli,Positive
8995,21177.0,Klebsiella pneumoniae,Positive
8996,dbAMP_04209,Pseudomonas aeruginosa,Positive
8997,dbAMP_01700,Pseudomonas aeruginosa,Positive
8998,dbAMP_03027,Bacillus subtilis,Positive
8999,dbAMP_21596,Staphylococcus epidermidis,Positive
9000,dbAMP_18574,Escherichia coli,Positive
9001,dbAMP_17658,Bacillus subtilis,Positive
9002,dbAMP_18050,Staphylococcus epidermidis,Positive
9003,dbAMP_05478,Cryptococcus neoformans,Positive
9004,20312.0,Staphylococcus aureus,Positive
9005,DRAMP03140,Enterobacter cloacae,Positive
9006,dbAMP_16132,Micrococcus luteus,Positive
9007,dbAMP_01808,Staphylococcus aureus,Positive
9008,dbAMP_23581,Escherichia coli,Positive
9009,dbAMP_20561,Bacillus subtilis,Positive
9010,dbAMP_31310,Staphylococcus aureus,Positive
9011,17612.0,Salmonella enterica,Positive
9012,9580.0,Bacillus subtilis,Positive
9013,dbAMP_05221,Pseudomonas aeruginosa,Positive
9014,dbAMP_22074,Pseudomonas aeruginosa,Positive
9015,dbAMP_00055,Escherichia coli,Positive
9016,18174.0,Escherichia coli,Positive
9017,dbAMP_17575,Escherichia coli,Positive
9018,dbAMP_22079,Escherichia coli,Positive
9019,20012.0,Escherichia coli,Positive
9020,dbAMP_19698,Pseudomonas aeruginosa,Positive
9021,dbAMP_22031,Bacillus subtilis,Positive
9022,dbAMP_21607,Micrococcus luteus,Positive
9023,dbAMP_16013,Pseudomonas aeruginosa,Positive
9024,17220.0,Klebsiella pneumoniae,Positive
9025,dbAMP_17835,Staphylococcus aureus,Positive
9026,dbAMP_22983,Salmonella enterica,Positive
9027,dbAMP_31632,Salmonella enterica,Positive
9028,12612.0,Escherichia coli,Positive
9029,dbAMP_04749,Staphylococcus aureus,Positive
9030,1738.0,Escherichia coli,Positive
9031,dbAMP_33789,Enterococcus faecalis,Positive
9032,dbAMP_16804,Staphylococcus aureus,Positive
9033,dbAMP_14845,Staphylococcus aureus,Positive
9034,dbAMP_04825,Bacillus cereus,Positive
9035,dbAMP_00619,Staphylococcus aureus,Positive
9036,dbAMP_03317,Bacillus subtilis,Positive
9037,dbAMP_16756,Bacillus subtilis,Positive
9038,15020.0,Enterococcus faecalis,Positive
9039,dbAMP_22713,Escherichia coli,Positive
9040,19928.0,Klebsiella pneumoniae,Positive
9041,dbAMP_00389,Escherichia coli,Positive
9042,dbAMP_23933,Pseudomonas aeruginosa,Positive
9043,20066.0,Staphylococcus aureus,Positive
9044,dbAMP_16164,Enterococcus faecalis,Positive
9045,dbAMP_14775,Enterobacter cloacae,Positive
9046,dbAMP_04456,Pseudomonas aeruginosa,Positive
9047,20001.0,Staphylococcus aureus,Positive
9048,DRAMP02965,Staphylococcus epidermidis,Positive
9049,18755.0,Escherichia coli,Positive
9050,dbAMP_19777,Candida albicans,Positive
9051,dbAMP_31637,Acinetobacter baumannii,Positive
9052,17434.0,Candida albicans,Positive
9053,dbAMP_23287,Listeria monocytogenes,Positive
9054,19940.0,Staphylococcus aureus,Positive
9055,22216.0,Klebsiella pneumoniae,Positive
9056,18328.0,Salmonella enterica,Positive
9057,dbAMP_17989,Escherichia coli,Positive
9058,dbAMP_01930,Staphylococcus aureus,Positive
9059,dbAMP_27443,Enterobacter cloacae,Positive
9060,dbAMP_33115,Acinetobacter baumannii,Positive
9061,21529.0,Acinetobacter baumannii,Positive
9062,dbAMP_21027,Pseudomonas aeruginosa,Positive
9063,18987.0,Enterococcus faecalis,Positive
9064,dbAMP_16742,Pseudomonas aeruginosa,Positive
9065,dbAMP_24139,Escherichia coli,Positive
9066,dbAMP_03075,Pseudomonas aeruginosa,Positive
9067,dbAMP_33783,Escherichia coli,Positive
9068,dbAMP_04006,Acinetobacter baumannii,Positive
9069,17242.0,Escherichia coli,Positive
9070,dbAMP_17119,Cryptococcus neoformans,Positive
9071,dbAMP_24329,Staphylococcus aureus,Positive
9072,dbAMP_16785,Bacillus subtilis,Positive
9073,dbAMP_31633,Enterococcus faecalis,Positive
9074,dbAMP_19124,Staphylococcus epidermidis,Positive
9075,dbAMP_18438,Candida parapsilosis,Positive
9076,dbAMP_33689,Bacillus subtilis,Positive
9077,19671.0,Klebsiella pneumoniae,Positive
9078,dbAMP_00051,Pseudomonas aeruginosa,Positive
9079,5135.0,Pseudomonas aeruginosa,Positive
9080,dbAMP_10906,Micrococcus luteus,Positive
9081,2020.0,Staphylococcus aureus,Positive
9082,dbAMP_16908,Staphylococcus aureus,Positive
9083,6855.0,Pseudomonas aeruginosa,Positive
9084,dbAMP_21636,Bacillus megaterium,Positive
9085,dbAMP_19551,Staphylococcus aureus,Positive
9086,dbAMP_16152,Staphylococcus epidermidis,Positive
9087,dbAMP_18214,Escherichia coli,Positive
9088,dbAMP_14845,Pseudomonas aeruginosa,Positive
9089,dbAMP_22618,Candida albicans,Positive
9090,20316.0,Escherichia coli,Positive
9091,dbAMP_14775,Micrococcus luteus,Positive
9092,DRAMP02912,Candida parapsilosis,Positive
9093,dbAMP_16014,Salmonella enterica,Positive
9094,22053.0,Escherichia coli,Positive
9095,dbAMP_02231,Staphylococcus epidermidis,Positive
9096,dbAMP_16728,Escherichia coli,Positive
9097,19603.0,Staphylococcus aureus,Positive
9098,dbAMP_27305,Staphylococcus aureus,Positive
9099,dbAMP_02570,Staphylococcus aureus,Positive
9100,20171.0,Escherichia coli,Positive
9101,19606.0,Staphylococcus epidermidis,Positive
9102,dbAMP_16037,Enterococcus faecalis,Positive
9103,dbAMP_03645,Micrococcus luteus,Positive
9104,17454.0,Cryptococcus neoformans,Positive
9105,dbAMP_22885,Acinetobacter baumannii,Positive
9106,dbAMP_16414,Escherichia coli,Positive
9107,dbAMP_20528,Staphylococcus aureus,Positive
9108,dbAMP_19174,Pseudomonas aeruginosa,Positive
9109,dbAMP_21210,Staphylococcus aureus,Positive
9110,dbAMP_20134,Escherichia coli,Positive
9111,19777.0,Acinetobacter baumannii,Positive
9112,dbAMP_16882,Pseudomonas aeruginosa,Positive
9113,19857.0,Pseudomonas aeruginosa,Positive
9114,dbAMP_23916,Staphylococcus epidermidis,Positive
9115,dbAMP_25178,Micrococcus luteus,Positive
9116,21887.0,Acinetobacter baumannii,Positive
9117,dbAMP_25089,Micrococcus luteus,Positive
9118,dbAMP_03081,Staphylococcus aureus,Positive
9119,dbAMP_25329,Escherichia coli,Positive
9120,dbAMP_10499,Bacillus subtilis,Positive
9121,dbAMP_33254,Staphylococcus epidermidis,Positive
9122,13330.0,Staphylococcus aureus,Positive
9123,dbAMP_16104,Escherichia coli,Positive
9124,dbAMP_22966,Candida albicans,Positive
9125,dbAMP_19242,Acinetobacter baumannii,Positive
9126,20390.0,Staphylococcus aureus,Positive
9127,19943.0,Escherichia coli,Positive
9128,dbAMP_16386,Salmonella enterica,Positive
9129,21188.0,Pseudomonas aeruginosa,Positive
9130,dbAMP_24949,Listeria monocytogenes,Positive
9131,19637.0,Acinetobacter baumannii,Positive
9132,dbAMP_17607,Pseudomonas aeruginosa,Positive
9133,dbAMP_01884,Staphylococcus aureus,Positive
9134,dbAMP_14837,Pseudomonas aeruginosa,Positive
9135,dbAMP_15913,Staphylococcus aureus,Positive
9136,dbAMP_31369,Pseudomonas aeruginosa,Positive
9137,2267.0,Pseudomonas aeruginosa,Positive
9138,dbAMP_19263,Staphylococcus epidermidis,Positive
9139,dbAMP_10247,Klebsiella pneumoniae,Positive
9140,19501.0,Acinetobacter baumannii,Positive
9141,dbAMP_20321,Enterococcus faecalis,Positive
9142,dbAMP_33018,Staphylococcus epidermidis,Positive
9143,19705.0,Escherichia coli,Positive
9144,dbAMP_10527,Escherichia coli,Positive
9145,DRAMP18618,Pseudomonas aeruginosa,Positive
9146,dbAMP_11028,Listeria monocytogenes,Positive
9147,dbAMP_17815,Escherichia coli,Positive
9148,dbAMP_16205,Escherichia coli,Positive
9149,21991.0,Escherichia coli,Positive
9150,21051.0,Salmonella enterica,Positive
9151,dbAMP_02949,Bacillus subtilis,Positive
9152,dbAMP_24034,Bacillus subtilis,Positive
9153,1687.0,Staphylococcus aureus,Positive
9154,dbAMP_23897,Pseudomonas aeruginosa,Positive
9155,4594.0,Staphylococcus epidermidis,Positive
9156,dbAMP_21494,Staphylococcus epidermidis,Positive
9157,dbAMP_23584,Escherichia coli,Positive
9158,20808.0,Staphylococcus aureus,Positive
9159,21658.0,Escherichia coli,Positive
9160,dbAMP_10433,Escherichia coli,Positive
9161,dbAMP_19238,Escherichia coli,Positive
9162,dbAMP_01840,Micrococcus luteus,Positive
9163,dbAMP_16131,Micrococcus luteus,Positive
9164,dbAMP_18180,Salmonella enterica,Positive
9165,dbAMP_02200,Micrococcus luteus,Positive
9166,dbAMP_04423,Pseudomonas aeruginosa,Positive
9167,20037.0,Acinetobacter baumannii,Positive
9168,dbAMP_19248,Escherichia coli,Positive
9169,dbAMP_02898,Candida parapsilosis,Positive
9170,dbAMP_16038,Staphylococcus epidermidis,Positive
9171,dbAMP_25268,Staphylococcus aureus,Positive
9172,dbAMP_16145,Staphylococcus aureus,Positive
9173,DRAMP03930,Bacillus subtilis,Positive
9174,dbAMP_33306,Candida albicans,Positive
9175,dbAMP_18750,Staphylococcus epidermidis,Positive
9176,dbAMP_01894,Bacillus subtilis,Positive
9177,5135.0,Enterococcus faecium,Positive
9178,17256.0,Acinetobacter baumannii,Positive
9179,dbAMP_15896,Escherichia coli,Positive
9180,dbAMP_33029,Escherichia coli,Positive
9181,dbAMP_04523,Micrococcus luteus,Positive
9182,dbAMP_16742,Acinetobacter baumannii,Positive
9183,dbAMP_24144,Staphylococcus aureus,Positive
9184,dbAMP_27429,Candida albicans,Positive
9185,dbAMP_20742,Pseudomonas aeruginosa,Positive
9186,dbAMP_21194,Escherichia coli,Positive
9187,dbAMP_23989,Bacillus subtilis,Positive
9188,dbAMP_20524,Staphylococcus aureus,Positive
9189,18105.0,Micrococcus luteus,Positive
9190,20812.0,Staphylococcus aureus,Positive
9191,17821.0,Bacillus megaterium,Positive
9192,21171.0,Pseudomonas aeruginosa,Positive
9193,dbAMP_34015,Acinetobacter baumannii,Positive
9194,7041.0,Candida albicans,Positive
9195,dbAMP_23745,Escherichia coli,Positive
9196,19683.0,Klebsiella pneumoniae,Positive
9197,9580.0,Candida albicans,Positive
9198,DRAMP02349,Pseudomonas aeruginosa,Positive
9199,dbAMP_04183,Escherichia coli,Positive
9200,dbAMP_32937,Escherichia coli,Positive
9201,dbAMP_16279,Bacillus megaterium,Positive
9202,dbAMP_01791,Escherichia coli,Positive
9203,dbAMP_33002,Escherichia coli,Positive
9204,dbAMP_22892,Staphylococcus aureus,Positive
9205,dbAMP_16634,Pseudomonas aeruginosa,Positive
9206,dbAMP_33023,Staphylococcus aureus,Positive
9207,22160.0,Staphylococcus aureus,Positive
9208,dbAMP_18524,Salmonella enterica,Positive
9209,dbAMP_15873,Pseudomonas aeruginosa,Positive
9210,dbAMP_20865,Staphylococcus aureus,Positive
9211,DRAMP02912,Klebsiella pneumoniae,Positive
9212,dbAMP_20119,Klebsiella pneumoniae,Positive
9213,dbAMP_00880,Bacillus subtilis,Positive
9214,dbAMP_33692,Escherichia coli,Positive
9215,dbAMP_05113,Pseudomonas aeruginosa,Positive
9216,dbAMP_17459,Klebsiella pneumoniae,Positive
9217,20574.0,Enterococcus faecalis,Positive
9218,dbAMP_14798,Pseudomonas aeruginosa,Positive
9219,dbAMP_17494,Pseudomonas aeruginosa,Positive
9220,dbAMP_22718,Pseudomonas aeruginosa,Positive
9221,dbAMP_19218,Escherichia coli,Positive
9222,22104.0,Enterococcus faecalis,Positive
9223,dbAMP_33691,Pseudomonas aeruginosa,Positive
9224,dbAMP_16133,Listeria monocytogenes,Positive
9225,dbAMP_32454,Enterococcus faecium,Positive
9226,dbAMP_18993,Escherichia coli,Positive
9227,dbAMP_19597,Staphylococcus aureus,Positive
9228,3343.0,Candida albicans,Positive
9229,dbAMP_12103,Acinetobacter baumannii,Positive
9230,dbAMP_03573,Staphylococcus aureus,Positive
9231,19123.0,Staphylococcus aureus,Positive
9232,17327.0,Staphylococcus aureus,Positive
9233,20166.0,Acinetobacter baumannii,Positive
9234,dbAMP_14889,Bacillus subtilis,Positive
9235,21142.0,Staphylococcus epidermidis,Positive
9236,dbAMP_24376,Staphylococcus aureus,Positive
9237,8647.0,Pseudomonas aeruginosa,Positive
9238,19676.0,Pseudomonas aeruginosa,Positive
9239,dbAMP_16872,Micrococcus luteus,Positive
9240,dbAMP_21600,Staphylococcus aureus,Positive
9241,dbAMP_10834,Enterococcus faecalis,Positive
9242,dbAMP_02914,Bacillus subtilis,Positive
9243,dbAMP_19229,Acinetobacter baumannii,Positive
9244,dbAMP_19602,Pseudomonas aeruginosa,Positive
9245,dbAMP_17450,Escherichia coli,Positive
9246,dbAMP_23943,Staphylococcus aureus,Positive
9247,21503.0,Escherichia coli,Positive
9248,20574.0,Acinetobacter baumannii,Positive
9249,dbAMP_20387,Staphylococcus aureus,Positive
9250,dbAMP_17884,Salmonella enterica,Positive
9251,dbAMP_33031,Staphylococcus aureus,Positive
9252,dbAMP_05051,Candida albicans,Positive
9253,dbAMP_33720,Enterobacter cloacae,Positive
9254,dbAMP_19445,Escherichia coli,Positive
9255,21949.0,Staphylococcus aureus,Positive
9256,19609.0,Staphylococcus epidermidis,Positive
9257,dbAMP_01808,Candida albicans,Positive
9258,dbAMP_23811,Staphylococcus aureus,Positive
9259,dbAMP_22800,Staphylococcus aureus,Positive
9260,19777.0,Candida parapsilosis,Positive
9261,dbAMP_21130,Salmonella enterica,Positive
9262,17454.0,Candida albicans,Positive
9263,dbAMP_16029,Escherichia coli,Positive
9264,dbAMP_22715,Escherichia coli,Positive
9265,10295.0,Escherichia coli,Positive
9266,dbAMP_15898,Escherichia coli,Positive
9267,dbAMP_27648,Salmonella enterica,Positive
9268,DRAMP02995,Escherichia coli,Positive
9269,dbAMP_21455,Micrococcus luteus,Positive
9270,dbAMP_05528,Staphylococcus aureus,Positive
9271,dbAMP_18025,Klebsiella pneumoniae,Positive
9272,dbAMP_24002,Salmonella enterica,Positive
9273,dbAMP_27845,Staphylococcus aureus,Positive
9274,dbAMP_14729,Escherichia coli,Positive
9275,dbAMP_15951,Staphylococcus aureus,Positive
9276,dbAMP_19724,Salmonella enterica,Positive
9277,dbAMP_17498,Salmonella enterica,Positive
9278,dbAMP_16554,Pseudomonas aeruginosa,Positive
9279,dbAMP_05500,Salmonella enterica,Positive
9280,dbAMP_17016,Candida albicans,Positive
9281,21282.0,Pseudomonas aeruginosa,Positive
9282,dbAMP_17455,Acinetobacter baumannii,Positive
9283,dbAMP_23891,Escherichia coli,Positive
9284,dbAMP_20923,Staphylococcus aureus,Positive
9285,19936.0,Staphylococcus aureus,Positive
9286,dbAMP_23929,Escherichia coli,Positive
9287,dbAMP_24384,Candida albicans,Positive
9288,dbAMP_16496,Staphylococcus epidermidis,Positive
9289,dbAMP_05516,Pseudomonas aeruginosa,Positive
9290,dbAMP_22010,Bacillus subtilis,Positive
9291,dbAMP_16725,Pseudomonas aeruginosa,Positive
9292,21579.0,Staphylococcus aureus,Positive
9293,dbAMP_23519,Escherichia coli,Positive
9294,3241.0,Klebsiella pneumoniae,Positive
9295,19879.0,Staphylococcus aureus,Positive
9296,dbAMP_17994,Escherichia coli,Positive
9297,dbAMP_27553,Pseudomonas aeruginosa,Positive
9298,dbAMP_17607,Staphylococcus aureus,Positive
9299,506.0,Bacillus subtilis,Positive
9300,dbAMP_19045,Staphylococcus aureus,Positive
9301,dbAMP_24034,Salmonella enterica,Positive
9302,21253.0,Staphylococcus aureus,Positive
9303,1474.0,Enterococcus faecalis,Positive
9304,dbAMP_01468,Staphylococcus aureus,Positive
9305,dbAMP_33688,Staphylococcus aureus,Positive
9306,dbAMP_10467,Listeria monocytogenes,Positive
9307,22373.0,Pseudomonas aeruginosa,Positive
9308,dbAMP_27706,Staphylococcus aureus,Positive
9309,dbAMP_18875,Listeria monocytogenes,Positive
9310,dbAMP_17462,Cryptococcus neoformans,Positive
9311,dbAMP_02441,Bacillus megaterium,Positive
9312,dbAMP_17453,Klebsiella pneumoniae,Positive
9313,dbAMP_11278,Pseudomonas aeruginosa,Positive
9314,dbAMP_19797,Pseudomonas aeruginosa,Positive
9315,21971.0,Staphylococcus aureus,Positive
9316,dbAMP_22797,Escherichia coli,Positive
9317,21699.0,Staphylococcus aureus,Positive
9318,dbAMP_27233,Staphylococcus epidermidis,Positive
9319,dbAMP_15954,Staphylococcus aureus,Positive
9320,20385.0,Staphylococcus aureus,Positive
9321,dbAMP_04605,Salmonella enterica,Positive
9322,dbAMP_18097,Staphylococcus aureus,Positive
9323,dbAMP_31993,Candida albicans,Positive
9324,dbAMP_33975,Staphylococcus aureus,Positive
9325,dbAMP_04369,Enterobacter cloacae,Positive
9326,DRAMP03823,Cryptococcus neoformans,Positive
9327,dbAMP_20742,Escherichia coli,Positive
9328,19578.0,Pseudomonas aeruginosa,Positive
9329,dbAMP_28434,Micrococcus luteus,Positive
9330,dbAMP_18854,Pseudomonas aeruginosa,Positive
9331,dbAMP_23677,Bacillus subtilis,Positive
9332,dbAMP_19690,Listeria monocytogenes,Positive
9333,17223.0,Klebsiella pneumoniae,Positive
9334,dbAMP_01794,Bacillus subtilis,Positive
9335,dbAMP_28740,Enterococcus faecium,Positive
9336,dbAMP_23099,Acinetobacter baumannii,Positive
9337,dbAMP_03871,Escherichia coli,Positive
9338,dbAMP_33075,Escherichia coli,Positive
9339,dbAMP_23230,Escherichia coli,Positive
9340,22293.0,Acinetobacter baumannii,Positive
9341,dbAMP_10863,Escherichia coli,Positive
9342,dbAMP_01289,Enterococcus faecalis,Positive
9343,dbAMP_23826,Escherichia coli,Positive
9344,dbAMP_20545,Candida parapsilosis,Positive
9345,dbAMP_17480,Escherichia coli,Positive
9346,21981.0,Staphylococcus aureus,Positive
9347,dbAMP_23526,Salmonella enterica,Positive
9348,dbAMP_16437,Escherichia coli,Positive
9349,dbAMP_11062,Candida albicans,Positive
9350,19571.0,Pseudomonas aeruginosa,Positive
9351,dbAMP_18048,Escherichia coli,Positive
9352,dbAMP_19217,Enterococcus faecalis,Positive
9353,dbAMP_22948,Staphylococcus aureus,Positive
9354,dbAMP_24640,Bacillus subtilis,Positive
9355,dbAMP_11923,Micrococcus luteus,Positive
9356,dbAMP_31645,Pseudomonas aeruginosa,Positive
9357,dbAMP_27379,Escherichia coli,Positive
9358,20252.0,Escherichia coli,Positive
9359,dbAMP_04823,Bacillus subtilis,Positive
9360,dbAMP_17574,Candida albicans,Positive
9361,dbAMP_21408,Escherichia coli,Positive
9362,dbAMP_18141,Escherichia coli,Positive
9363,dbAMP_12284,Salmonella enterica,Positive
9364,dbAMP_18993,Klebsiella pneumoniae,Positive
9365,21579.0,Klebsiella pneumoniae,Positive
9366,DRAMP18618,Salmonella enterica,Positive
9367,5857.0,Staphylococcus aureus,Positive
9368,dbAMP_06017,Pseudomonas aeruginosa,Positive
9369,dbAMP_16161,Acinetobacter baumannii,Positive
9370,dbAMP_17591,Pseudomonas aeruginosa,Positive
9371,dbAMP_18218,Escherichia coli,Positive
9372,dbAMP_18586,Enterococcus faecalis,Positive
9373,dbAMP_03820,Enterococcus faecalis,Positive
9374,dbAMP_02491,Escherichia coli,Positive
9375,dbAMP_20382,Escherichia coli,Positive
9376,dbAMP_20537,Staphylococcus aureus,Positive
9377,dbAMP_09881,Staphylococcus aureus,Positive
9378,dbAMP_12344,Micrococcus luteus,Positive
9379,dbAMP_21363,Pseudomonas aeruginosa,Positive
9380,20845.0,Bacillus subtilis,Positive
9381,dbAMP_16658,Acinetobacter baumannii,Positive
9382,dbAMP_18952,Staphylococcus aureus,Positive
9383,dbAMP_17948,Staphylococcus aureus,Positive
9384,DRAMP03928,Staphylococcus aureus,Positive
9385,20004.0,Escherichia coli,Positive
9386,dbAMP_11289,Escherichia coli,Positive
9387,dbAMP_31641,Escherichia coli,Positive
9388,2869.0,Bacillus subtilis,Positive
9389,dbAMP_15824,Bacillus megaterium,Positive
9390,693.0,Pseudomonas aeruginosa,Positive
9391,2267.0,Staphylococcus aureus,Positive
9392,17470.0,Klebsiella pneumoniae,Positive
9393,20856.0,Bacillus subtilis,Positive
9394,dbAMP_05455,Cryptococcus neoformans,Positive
9395,dbAMP_04369,Salmonella enterica,Positive
9396,dbAMP_27621,Pseudomonas aeruginosa,Positive
9397,dbAMP_03746,Staphylococcus aureus,Positive
9398,dbAMP_17972,Pseudomonas aeruginosa,Positive
9399,dbAMP_33692,Staphylococcus aureus,Positive
9400,19641.0,Escherichia coli,Positive
9401,dbAMP_10510,Pseudomonas aeruginosa,Positive
9402,17457.0,Staphylococcus aureus,Positive
9403,dbAMP_33592,Klebsiella pneumoniae,Positive
9404,dbAMP_23268,Candida albicans,Positive
9405,dbAMP_23255,Pseudomonas aeruginosa,Positive
9406,dbAMP_24948,Bacillus subtilis,Positive
9407,dbAMP_14835,Salmonella enterica,Positive
9408,dbAMP_22133,Staphylococcus aureus,Positive
9409,dbAMP_21113,Klebsiella pneumoniae,Positive
9410,dbAMP_27302,Escherichia coli,Positive
9411,dbAMP_31643,Acinetobacter baumannii,Positive
9412,dbAMP_23929,Enterococcus faecalis,Positive
9413,dbAMP_24160,Micrococcus luteus,Positive
9414,dbAMP_14729,Enterococcus faecalis,Positive
9415,dbAMP_01772,Staphylococcus aureus,Positive
9416,dbAMP_33688,Staphylococcus epidermidis,Positive
9417,dbAMP_16014,Pseudomonas aeruginosa,Positive
9418,dbAMP_16020,Bacillus subtilis,Positive
9419,dbAMP_23860,Staphylococcus aureus,Positive
9420,dbAMP_16150,Salmonella enterica,Positive
9421,dbAMP_27228,Salmonella enterica,Positive
9422,dbAMP_28797,Staphylococcus aureus,Positive
9423,dbAMP_16534,Escherichia coli,Positive
9424,dbAMP_15836,Staphylococcus aureus,Positive
9425,dbAMP_23927,Staphylococcus aureus,Positive
9426,dbAMP_23999,Bacillus subtilis,Positive
9427,dbAMP_23935,Enterococcus faecalis,Positive
9428,dbAMP_23725,Staphylococcus aureus,Positive
9429,19477.0,Escherichia coli,Positive
9430,21471.0,Escherichia coli,Positive
9431,dbAMP_32020,Staphylococcus epidermidis,Positive
9432,dbAMP_20757,Bacillus subtilis,Positive
9433,dbAMP_21231,Enterococcus faecium,Positive
9434,dbAMP_23128,Escherichia coli,Positive
9435,dbAMP_23941,Pseudomonas aeruginosa,Positive
9436,1004.0,Staphylococcus epidermidis,Positive
9437,19992.0,Pseudomonas aeruginosa,Positive
9438,dbAMP_24822,Staphylococcus aureus,Positive
9439,dbAMP_22137,Salmonella enterica,Positive
9440,dbAMP_16714,Escherichia coli,Positive
9441,dbAMP_03481,Pseudomonas aeruginosa,Positive
9442,dbAMP_16046,Candida albicans,Positive
9443,DRAMP03140,Micrococcus luteus,Positive
9444,dbAMP_17729,Escherichia coli,Positive
9445,dbAMP_01840,Salmonella enterica,Positive
9446,dbAMP_11245,Staphylococcus aureus,Positive
9447,dbAMP_09743,Acinetobacter baumannii,Positive
9448,dbAMP_16925,Escherichia coli,Positive
9449,dbAMP_15742,Escherichia coli,Positive
9450,dbAMP_21220,Klebsiella pneumoniae,Positive
9451,dbAMP_05528,Listeria monocytogenes,Positive
9452,dbAMP_22622,Enterococcus faecalis,Positive
9453,dbAMP_23283,Enterococcus faecium,Positive
9454,dbAMP_27603,Escherichia coli,Positive
9455,dbAMP_01594,Staphylococcus aureus,Positive
9456,dbAMP_23712,Escherichia coli,Positive
9457,dbAMP_24422,Escherichia coli,Positive
9458,dbAMP_04696,Staphylococcus aureus,Positive
9459,dbAMP_02567,Staphylococcus aureus,Positive
9460,20930.0,Acinetobacter baumannii,Positive
9461,22315.0,Escherichia coli,Positive
9462,DRAMP18476,Escherichia coli,Positive
9463,dbAMP_25009,Pseudomonas aeruginosa,Positive
9464,dbAMP_03395,Pseudomonas aeruginosa,Positive
9465,dbAMP_16904,Acinetobacter baumannii,Positive
9466,dbAMP_27612,Staphylococcus aureus,Positive
9467,dbAMP_15807,Staphylococcus aureus,Positive
9468,dbAMP_16284,Pseudomonas aeruginosa,Positive
9469,dbAMP_16060,Staphylococcus epidermidis,Positive
9470,19613.0,Klebsiella pneumoniae,Positive
9471,dbAMP_33688,Escherichia coli,Positive
9472,dbAMP_02164,Staphylococcus aureus,Positive
9473,7041.0,Klebsiella pneumoniae,Positive
9474,dbAMP_31178,Pseudomonas aeruginosa,Positive
9475,dbAMP_19599,Escherichia coli,Positive
9476,dbAMP_10433,Staphylococcus aureus,Positive
9477,dbAMP_18981,Bacillus subtilis,Positive
9478,dbAMP_04005,Candida albicans,Positive
9479,dbAMP_04517,Pseudomonas aeruginosa,Positive
9480,dbAMP_19262,Enterococcus faecalis,Positive
9481,dbAMP_33176,Escherichia coli,Positive
9482,1026.0,Staphylococcus epidermidis,Positive
9483,dbAMP_24367,Pseudomonas aeruginosa,Positive
9484,20156.0,Bacillus subtilis,Positive
9485,dbAMP_32938,Bacillus subtilis,Positive
9486,dbAMP_20771,Staphylococcus aureus,Positive
9487,dbAMP_17062,Escherichia coli,Positive
9488,dbAMP_23722,Candida albicans,Positive
9489,dbAMP_17130,Escherichia coli,Positive
9490,dbAMP_21931,Escherichia coli,Positive
9491,dbAMP_21402,Bacillus subtilis,Positive
9492,DRAMP04665,Staphylococcus aureus,Positive
9493,dbAMP_28848,Acinetobacter baumannii,Positive
9494,18026.0,Bacillus subtilis,Positive
9495,dbAMP_14910,Bacillus subtilis,Positive
9496,1164.0,Pseudomonas aeruginosa,Positive
9497,dbAMP_33211,Staphylococcus aureus,Positive
9498,20078.0,Bacillus subtilis,Positive
9499,20842.0,Staphylococcus epidermidis,Positive
9500,dbAMP_17694,Bacillus subtilis,Positive
9501,21059.0,Staphylococcus aureus,Positive
9502,22160.0,Escherichia coli,Positive
9503,dbAMP_19090,Escherichia coli,Positive
9504,dbAMP_15397,Pseudomonas aeruginosa,Positive
9505,dbAMP_14723,Candida albicans,Positive
9506,dbAMP_22022,Candida albicans,Positive
9507,dbAMP_25194,Escherichia coli,Positive
9508,dbAMP_33373,Pseudomonas aeruginosa,Positive
9509,dbAMP_02042,Staphylococcus aureus,Positive
9510,dbAMP_12014,Escherichia coli,Positive
9511,21504.0,Escherichia coli,Positive
9512,dbAMP_14885,Micrococcus luteus,Positive
9513,dbAMP_05127,Escherichia coli,Positive
9514,22315.0,Pseudomonas aeruginosa,Positive
9515,dbAMP_16564,Staphylococcus aureus,Positive
9516,dbAMP_19361,Staphylococcus aureus,Positive
9517,dbAMP_27638,Candida albicans,Positive
9518,20834.0,Pseudomonas aeruginosa,Positive
9519,dbAMP_17057,Pseudomonas aeruginosa,Positive
9520,dbAMP_17490,Listeria monocytogenes,Positive
9521,dbAMP_22399,Bacillus subtilis,Positive
9522,dbAMP_03646,Staphylococcus aureus,Positive
9523,dbAMP_34149,Staphylococcus aureus,Positive
9524,dbAMP_01186,Staphylococcus aureus,Positive
9525,20839.0,Bacillus subtilis,Positive
9526,dbAMP_31801,Candida albicans,Positive
9527,dbAMP_19218,Klebsiella pneumoniae,Positive
9528,dbAMP_14880,Staphylococcus aureus,Positive
9529,20250.0,Staphylococcus aureus,Positive
9530,dbAMP_13325,Enterobacter cloacae,Positive
9531,dbAMP_23939,Candida albicans,Positive
9532,dbAMP_21233,Enterococcus faecium,Positive
9533,dbAMP_03395,Escherichia coli,Positive
9534,dbAMP_24296,Staphylococcus aureus,Positive
9535,dbAMP_21020,Pseudomonas aeruginosa,Positive
9536,DRAMP02854,Staphylococcus epidermidis,Positive
9537,21982.0,Pseudomonas aeruginosa,Positive
9538,12004.0,Pseudomonas aeruginosa,Positive
9539,dbAMP_00314,Pseudomonas aeruginosa,Positive
9540,dbAMP_19285,Listeria monocytogenes,Positive
9541,dbAMP_11063,Bacillus subtilis,Positive
9542,dbAMP_21287,Escherichia coli,Positive
9543,dbAMP_14696,Staphylococcus aureus,Positive
9544,dbAMP_04369,Escherichia coli,Positive
9545,dbAMP_24775,Escherichia coli,Positive
9546,dbAMP_17211,Escherichia coli,Positive
9547,dbAMP_21090,Candida albicans,Positive
9548,7464.0,Staphylococcus aureus,Positive
9549,dbAMP_17750,Staphylococcus epidermidis,Positive
9550,19668.0,Pseudomonas aeruginosa,Positive
9551,dbAMP_23164,Candida albicans,Positive
9552,dbAMP_18057,Staphylococcus aureus,Positive
9553,dbAMP_20783,Staphylococcus epidermidis,Positive
9554,dbAMP_18661,Escherichia coli,Positive
9555,dbAMP_27631,Candida albicans,Positive
9556,dbAMP_18043,Salmonella enterica,Positive
9557,dbAMP_22268,Staphylococcus aureus,Positive
9558,22239.0,Staphylococcus aureus,Positive
9559,dbAMP_22039,Staphylococcus aureus,Positive
9560,dbAMP_02406,Bacillus megaterium,Positive
9561,dbAMP_05281,Staphylococcus aureus,Positive
9562,17401.0,Pseudomonas aeruginosa,Positive
9563,dbAMP_01625,Candida albicans,Positive
9564,dbAMP_04079,Salmonella enterica,Positive
9565,dbAMP_25436,Micrococcus luteus,Positive
9566,dbAMP_21960,Escherichia coli,Positive
9567,DRAMP18616,Bacillus subtilis,Positive
9568,dbAMP_03331,Bacillus cereus,Positive
9569,dbAMP_20828,Acinetobacter baumannii,Positive
9570,dbAMP_03550,Staphylococcus epidermidis,Positive
9571,dbAMP_16787,Pseudomonas aeruginosa,Positive
9572,dbAMP_00957,Enterococcus faecalis,Positive
9573,dbAMP_02672,Bacillus subtilis,Positive
9574,dbAMP_24868,Staphylococcus epidermidis,Positive
9575,dbAMP_31991,Candida albicans,Positive
9576,17800.0,Pseudomonas aeruginosa,Positive
9577,dbAMP_32288,Enterococcus faecalis,Positive
9578,dbAMP_00051,Staphylococcus epidermidis,Positive
9579,19939.0,Escherichia coli,Positive
9580,dbAMP_03221,Salmonella enterica,Positive
9581,dbAMP_27302,Candida albicans,Positive
9582,20329.0,Staphylococcus aureus,Positive
9583,dbAMP_22928,Salmonella enterica,Positive
9584,dbAMP_25356,Staphylococcus aureus,Positive
9585,dbAMP_23559,Salmonella enterica,Positive
9586,19634.0,Pseudomonas aeruginosa,Positive
9587,dbAMP_17783,Staphylococcus aureus,Positive
9588,20841.0,Bacillus subtilis,Positive
9589,dbAMP_16753,Staphylococcus epidermidis,Positive
9590,dbAMP_16003,Staphylococcus epidermidis,Positive
9591,dbAMP_16326,Staphylococcus epidermidis,Positive
9592,dbAMP_02062,Enterobacter cloacae,Positive
9593,dbAMP_24214,Escherichia coli,Positive
9594,dbAMP_33207,Pseudomonas aeruginosa,Positive
9595,dbAMP_10339,Bacillus subtilis,Positive
9596,dbAMP_16201,Escherichia coli,Positive
9597,dbAMP_19527,Escherichia coli,Positive
9598,dbAMP_19300,Acinetobacter baumannii,Positive
9599,dbAMP_22171,Staphylococcus aureus,Positive
9600,dbAMP_16121,Pseudomonas aeruginosa,Positive
9601,dbAMP_01716,Cryptococcus neoformans,Positive
9602,3116.0,Klebsiella pneumoniae,Positive
9603,DRAMP02858,Escherichia coli,Positive
9604,dbAMP_17851,Staphylococcus aureus,Positive
9605,dbAMP_18746,Pseudomonas aeruginosa,Positive
9606,dbAMP_16085,Escherichia coli,Positive
9607,18781.0,Staphylococcus aureus,Positive
9608,dbAMP_14886,Staphylococcus aureus,Positive
9609,dbAMP_15924,Escherichia coli,Positive
9610,dbAMP_16437,Enterococcus faecium,Positive
9611,dbAMP_34040,Staphylococcus epidermidis,Positive
9612,dbAMP_16004,Staphylococcus epidermidis,Positive
9613,dbAMP_24328,Escherichia coli,Positive
9614,dbAMP_10527,Pseudomonas aeruginosa,Positive
9615,dbAMP_02991,Klebsiella pneumoniae,Positive
9616,dbAMP_16042,Bacillus subtilis,Positive
9617,dbAMP_02613,Staphylococcus aureus,Positive
9618,20818.0,Klebsiella pneumoniae,Positive
9619,10634.0,Acinetobacter baumannii,Positive
9620,dbAMP_14795,Bacillus megaterium,Positive
9621,21531.0,Pseudomonas aeruginosa,Positive
9622,dbAMP_27605,Staphylococcus aureus,Positive
9623,dbAMP_33033,Staphylococcus epidermidis,Positive
9624,dbAMP_03696,Bacillus subtilis,Positive
9625,dbAMP_23101,Klebsiella pneumoniae,Positive
9626,20827.0,Escherichia coli,Positive
9627,19943.0,Pseudomonas aeruginosa,Positive
9628,dbAMP_19020,Staphylococcus aureus,Positive
9629,dbAMP_27936,Staphylococcus epidermidis,Positive
9630,dbAMP_21193,Escherichia coli,Positive
9631,dbAMP_31634,Escherichia coli,Positive
9632,dbAMP_21722,Pseudomonas aeruginosa,Positive
9633,dbAMP_16910,Pseudomonas aeruginosa,Positive
9634,dbAMP_18211,Salmonella enterica,Positive
9635,dbAMP_10970,Staphylococcus aureus,Positive
9636,dbAMP_24142,Candida albicans,Positive
9637,dbAMP_24792,Staphylococcus aureus,Positive
9638,10634.0,Escherichia coli,Positive
9639,dbAMP_16416,Pseudomonas aeruginosa,Positive
9640,dbAMP_17580,Listeria monocytogenes,Positive
9641,dbAMP_21973,Escherichia coli,Positive
9642,dbAMP_28745,Escherichia coli,Positive
9643,20275.0,Acinetobacter baumannii,Positive
9644,dbAMP_27091,Salmonella enterica,Positive
9645,dbAMP_24002,Bacillus subtilis,Positive
9646,dbAMP_31691,Salmonella enterica,Positive
9647,dbAMP_19734,Escherichia coli,Positive
9648,dbAMP_10573,Staphylococcus aureus,Positive
9649,20584.0,Escherichia coli,Positive
9650,19706.0,Staphylococcus aureus,Positive
9651,21534.0,Enterococcus faecium,Positive
9652,dbAMP_33390,Listeria monocytogenes,Positive
9653,dbAMP_24396,Enterococcus faecalis,Positive
9654,dbAMP_24946,Candida albicans,Positive
9655,dbAMP_02586,Staphylococcus aureus,Positive
9656,22105.0,Enterococcus faecalis,Positive
9657,dbAMP_17792,Enterobacter cloacae,Positive
9658,18042.0,Enterococcus faecalis,Positive
9659,20079.0,Staphylococcus epidermidis,Positive
9660,17309.0,Cryptococcus neoformans,Positive
9661,20827.0,Staphylococcus epidermidis,Positive
9662,dbAMP_06084,Staphylococcus aureus,Positive
9663,dbAMP_02014,Enterococcus faecalis,Positive
9664,9245.0,Escherichia coli,Positive
9665,dbAMP_14928,Bacillus subtilis,Positive
9666,dbAMP_20282,Staphylococcus epidermidis,Positive
9667,DRAMP20776,Staphylococcus epidermidis,Positive
9668,dbAMP_27553,Candida albicans,Positive
9669,dbAMP_16633,Candida albicans,Positive
9670,dbAMP_06098,Staphylococcus aureus,Positive
9671,dbAMP_18075,Staphylococcus aureus,Positive
9672,dbAMP_22772,Escherichia coli,Positive
9673,20934.0,Staphylococcus aureus,Positive
9674,DRAMP21258,Bacillus subtilis,Positive
9675,dbAMP_16504,Staphylococcus aureus,Positive
9676,dbAMP_24916,Micrococcus luteus,Positive
9677,dbAMP_22837,Staphylococcus aureus,Positive
9678,DRAMP02854,Bacillus subtilis,Positive
9679,dbAMP_14895,Escherichia coli,Positive
9680,dbAMP_16715,Staphylococcus epidermidis,Positive
9681,1026.0,Enterococcus faecium,Positive
9682,dbAMP_22694,Staphylococcus aureus,Positive
9683,dbAMP_28797,Candida albicans,Positive
9684,DRAMP02331,Salmonella enterica,Positive
9685,dbAMP_24489,Staphylococcus aureus,Positive
9686,dbAMP_15749,Salmonella enterica,Positive
9687,dbAMP_33212,Staphylococcus aureus,Positive
9688,dbAMP_23164,Pseudomonas aeruginosa,Positive
9689,dbAMP_33576,Escherichia coli,Positive
9690,dbAMP_04167,Candida albicans,Positive
9691,20250.0,Pseudomonas aeruginosa,Positive
9692,dbAMP_01793,Enterococcus faecium,Positive
9693,dbAMP_20545,Cryptococcus neoformans,Positive
9694,dbAMP_24490,Escherichia coli,Positive
9695,dbAMP_34295,Escherichia coli,Positive
9696,DRAMP20942,Escherichia coli,Positive
9697,dbAMP_14913,Bacillus subtilis,Positive
9698,dbAMP_02586,Bacillus subtilis,Positive
9699,dbAMP_16005,Bacillus subtilis,Positive
9700,dbAMP_19711,Staphylococcus aureus,Positive
9701,dbAMP_14818,Candida albicans,Positive
9702,dbAMP_33689,Staphylococcus aureus,Positive
9703,dbAMP_25188,Klebsiella pneumoniae,Positive
9704,dbAMP_33022,Staphylococcus aureus,Positive
9705,20632.0,Staphylococcus aureus,Positive
9706,dbAMP_01771,Staphylococcus aureus,Positive
9707,dbAMP_18052,Salmonella enterica,Positive
9708,dbAMP_24009,Pseudomonas aeruginosa,Positive
9709,dbAMP_25339,Staphylococcus aureus,Positive
9710,dbAMP_22614,Bacillus megaterium,Positive
9711,22237.0,Escherichia coli,Positive
9712,19126.0,Escherichia coli,Positive
9713,dbAMP_23727,Staphylococcus aureus,Positive
9714,12461.0,Escherichia coli,Positive
9715,dbAMP_33008,Bacillus subtilis,Positive
9716,dbAMP_19069,Staphylococcus aureus,Positive
9717,dbAMP_25404,Staphylococcus epidermidis,Positive
9718,dbAMP_33109,Escherichia coli,Positive
9719,dbAMP_34306,Escherichia coli,Positive
9720,dbAMP_25403,Escherichia coli,Positive
9721,dbAMP_33136,Staphylococcus aureus,Positive
9722,19937.0,Pseudomonas aeruginosa,Positive
9723,dbAMP_24871,Escherichia coli,Positive
9724,dbAMP_16036,Escherichia coli,Positive
9725,dbAMP_34140,Staphylococcus aureus,Positive
9726,20043.0,Staphylococcus epidermidis,Positive
9727,dbAMP_19412,Escherichia coli,Positive
9728,18834.0,Salmonella enterica,Positive
9729,dbAMP_20462,Candida albicans,Positive
9730,dbAMP_27631,Escherichia coli,Positive
9731,dbAMP_17437,Candida albicans,Positive
9732,dbAMP_02570,Micrococcus luteus,Positive
9733,dbAMP_21462,Escherichia coli,Positive
9734,dbAMP_21769,Pseudomonas aeruginosa,Positive
9735,20186.0,Candida albicans,Positive
9736,dbAMP_23036,Bacillus subtilis,Positive
9737,dbAMP_31607,Staphylococcus aureus,Positive
9738,dbAMP_17442,Klebsiella pneumoniae,Positive
9739,dbAMP_19268,Staphylococcus epidermidis,Positive
9740,dbAMP_18179,Staphylococcus aureus,Positive
9741,22230.0,Escherichia coli,Positive
9742,dbAMP_22878,Pseudomonas aeruginosa,Positive
9743,dbAMP_26087,Klebsiella pneumoniae,Positive
9744,dbAMP_17472,Escherichia coli,Positive
9745,dbAMP_22143,Cryptococcus neoformans,Positive
9746,dbAMP_18405,Salmonella enterica,Positive
9747,18817.0,Staphylococcus aureus,Positive
9748,dbAMP_33926,Bacillus cereus,Positive
9749,dbAMP_23127,Staphylococcus aureus,Positive
9750,22101.0,Enterococcus faecalis,Positive
9751,18283.0,Escherichia coli,Positive
9752,dbAMP_32425,Bacillus megaterium,Positive
9753,18605.0,Escherichia coli,Positive
9754,dbAMP_17935,Staphylococcus aureus,Positive
9755,dbAMP_22007,Candida albicans,Positive
9756,dbAMP_18990,Escherichia coli,Positive
9757,dbAMP_18981,Escherichia coli,Positive
9758,21214.0,Staphylococcus aureus,Positive
9759,dbAMP_17067,Acinetobacter baumannii,Positive
9760,dbAMP_32945,Escherichia coli,Positive
9761,dbAMP_23141,Staphylococcus aureus,Positive
9762,dbAMP_20517,Bacillus subtilis,Positive
9763,dbAMP_23712,Staphylococcus aureus,Positive
9764,20349.0,Staphylococcus aureus,Positive
9765,dbAMP_17640,Bacillus subtilis,Positive
9766,dbAMP_27263,Micrococcus luteus,Positive
9767,dbAMP_23666,Bacillus subtilis,Positive
9768,dbAMP_00957,Bacillus megaterium,Positive
9769,16988.0,Pseudomonas aeruginosa,Positive
9770,dbAMP_19295,Enterobacter cloacae,Positive
9771,dbAMP_06132,Bacillus megaterium,Positive
9772,dbAMP_23283,Klebsiella pneumoniae,Positive
9773,21515.0,Staphylococcus epidermidis,Positive
9774,18126.0,Pseudomonas aeruginosa,Positive
9775,dbAMP_17021,Escherichia coli,Positive
9776,19123.0,Klebsiella pneumoniae,Positive
9777,dbAMP_27317,Bacillus megaterium,Positive
9778,7049.0,Staphylococcus epidermidis,Positive
9779,dbAMP_01941,Staphylococcus aureus,Positive
9780,dbAMP_17128,Escherichia coli,Positive
9781,dbAMP_14851,Candida albicans,Positive
9782,5368.0,Pseudomonas aeruginosa,Positive
9783,dbAMP_03056,Enterococcus faecium,Positive
9784,dbAMP_18115,Staphylococcus aureus,Positive
9785,19909.0,Pseudomonas aeruginosa,Positive
9786,dbAMP_16241,Escherichia coli,Positive
9787,dbAMP_21991,Pseudomonas aeruginosa,Positive
9788,dbAMP_17591,Staphylococcus epidermidis,Positive
9789,dbAMP_27313,Staphylococcus epidermidis,Positive
9790,dbAMP_20547,Staphylococcus aureus,Positive
9791,dbAMP_00185,Escherichia coli,Positive
9792,dbAMP_16229,Staphylococcus epidermidis,Positive
9793,dbAMP_19218,Pseudomonas aeruginosa,Positive
9794,dbAMP_24340,Salmonella enterica,Positive
9795,20061.0,Acinetobacter baumannii,Positive
9796,dbAMP_23309,Salmonella enterica,Positive
9797,20251.0,Listeria monocytogenes,Positive
9798,21285.0,Pseudomonas aeruginosa,Positive
9799,dbAMP_10940,Escherichia coli,Positive
9800,dbAMP_31709,Candida albicans,Positive
9801,dbAMP_01477,Pseudomonas aeruginosa,Positive
9802,dbAMP_16172,Enterococcus faecalis,Positive
9803,dbAMP_33254,Enterococcus faecium,Positive
9804,dbAMP_03372,Pseudomonas aeruginosa,Positive
9805,dbAMP_19826,Enterococcus faecalis,Positive
9806,dbAMP_28189,Staphylococcus epidermidis,Positive
9807,dbAMP_21094,Candida albicans,Positive
9808,dbAMP_19590,Staphylococcus aureus,Positive
9809,dbAMP_14703,Klebsiella pneumoniae,Positive
9810,dbAMP_18206,Enterobacter cloacae,Positive
9811,dbAMP_14885,Klebsiella pneumoniae,Positive
9812,20018.0,Staphylococcus aureus,Positive
9813,dbAMP_16102,Escherichia coli,Positive
9814,dbAMP_19809,Staphylococcus aureus,Positive
9815,dbAMP_21028,Escherichia coli,Positive
9816,dbAMP_17885,Staphylococcus aureus,Positive
9817,dbAMP_21315,Klebsiella pneumoniae,Positive
9818,dbAMP_18039,Salmonella enterica,Positive
9819,dbAMP_21297,Escherichia coli,Positive
9820,dbAMP_25048,Escherichia coli,Positive
9821,dbAMP_04051,Bacillus subtilis,Positive
9822,dbAMP_33881,Bacillus subtilis,Positive
9823,dbAMP_23469,Staphylococcus aureus,Positive
9824,dbAMP_23692,Bacillus cereus,Positive
9825,dbAMP_10526,Escherichia coli,Positive
9826,20014.0,Staphylococcus aureus,Positive
9827,dbAMP_25007,Acinetobacter baumannii,Positive
9828,dbAMP_22957,Escherichia coli,Positive
9829,dbAMP_01993,Escherichia coli,Positive
9830,dbAMP_31801,Enterococcus faecium,Positive
9831,19693.0,Escherichia coli,Positive
9832,dbAMP_19446,Escherichia coli,Positive
9833,10380.0,Klebsiella pneumoniae,Positive
9834,dbAMP_02234,Micrococcus luteus,Positive
9835,dbAMP_03967,Bacillus cereus,Positive
9836,3382.0,Candida albicans,Positive
9837,6841.0,Pseudomonas aeruginosa,Positive
9838,dbAMP_21601,Micrococcus luteus,Positive
9839,19992.0,Candida albicans,Positive
9840,dbAMP_03023,Acinetobacter baumannii,Positive
9841,dbAMP_19159,Pseudomonas aeruginosa,Positive
9842,18328.0,Staphylococcus aureus,Positive
9843,dbAMP_21370,Bacillus subtilis,Positive
9844,dbAMP_02696,Acinetobacter baumannii,Positive
9845,dbAMP_18176,Escherichia coli,Positive
9846,dbAMP_17097,Escherichia coli,Positive
9847,DRAMP03320,Bacillus subtilis,Positive
9848,dbAMP_20475,Staphylococcus aureus,Positive
9849,dbAMP_18522,Pseudomonas aeruginosa,Positive
9850,dbAMP_18376,Pseudomonas aeruginosa,Positive
9851,dbAMP_10433,Enterococcus faecium,Positive
9852,dbAMP_27490,Candida albicans,Positive
9853,19950.0,Staphylococcus aureus,Positive
9854,dbAMP_00571,Escherichia coli,Positive
9855,dbAMP_21541,Bacillus subtilis,Positive
9856,dbAMP_27360,Staphylococcus aureus,Positive
9857,dbAMP_23937,Staphylococcus aureus,Positive
9858,dbAMP_22842,Candida albicans,Positive
9859,DRAMP03525,Listeria monocytogenes,Positive
9860,dbAMP_33021,Staphylococcus aureus,Positive
9861,dbAMP_18407,Salmonella enterica,Positive
9862,dbAMP_01918,Acinetobacter baumannii,Positive
9863,dbAMP_22622,Staphylococcus aureus,Positive
9864,dbAMP_19538,Salmonella enterica,Positive
9865,dbAMP_20496,Escherichia coli,Positive
9866,dbAMP_02712,Bacillus subtilis,Positive
9867,dbAMP_33688,Klebsiella pneumoniae,Positive
9868,dbAMP_17573,Salmonella enterica,Positive
9869,dbAMP_24653,Bacillus subtilis,Positive
9870,dbAMP_16765,Candida parapsilosis,Positive
9871,dbAMP_14774,Micrococcus luteus,Positive
9872,19604.0,Bacillus subtilis,Positive
9873,dbAMP_18209,Pseudomonas aeruginosa,Positive
9874,dbAMP_23146,Micrococcus luteus,Positive
9875,20956.0,Staphylococcus aureus,Positive
9876,20066.0,Bacillus megaterium,Positive
9877,dbAMP_19774,Candida albicans,Positive
9878,DRAMP02925,Escherichia coli,Positive
9879,dbAMP_16177,Escherichia coli,Positive
9880,dbAMP_16634,Cryptococcus neoformans,Positive
9881,19813.0,Klebsiella pneumoniae,Positive
9882,dbAMP_32425,Bacillus subtilis,Positive
9883,dbAMP_14693,Bacillus megaterium,Positive
9884,dbAMP_18375,Salmonella enterica,Positive
9885,dbAMP_21221,Pseudomonas aeruginosa,Positive
9886,dbAMP_01944,Staphylococcus aureus,Positive
9887,dbAMP_16245,Escherichia coli,Positive
9888,dbAMP_33280,Candida albicans,Positive
9889,20966.0,Pseudomonas aeruginosa,Positive
9890,dbAMP_17210,Staphylococcus epidermidis,Positive
9891,dbAMP_16378,Acinetobacter baumannii,Positive
9892,dbAMP_02048,Candida albicans,Positive
9893,dbAMP_23950,Enterococcus faecalis,Positive
9894,dbAMP_16295,Escherichia coli,Positive
9895,dbAMP_23226,Staphylococcus aureus,Positive
9896,dbAMP_19790,Escherichia coli,Positive
9897,dbAMP_18803,Escherichia coli,Positive
9898,dbAMP_17477,Escherichia coli,Positive
9899,dbAMP_19720,Staphylococcus aureus,Positive
9900,dbAMP_19598,Candida albicans,Positive
9901,21586.0,Klebsiella pneumoniae,Positive
9902,dbAMP_00259,Salmonella enterica,Positive
9903,764.0,Acinetobacter baumannii,Positive
9904,dbAMP_16043,Candida albicans,Positive
9905,dbAMP_20774,Escherichia coli,Positive
9906,17250.0,Escherichia coli,Positive
9907,dbAMP_15991,Klebsiella pneumoniae,Positive
9908,dbAMP_10716,Pseudomonas aeruginosa,Positive
9909,dbAMP_18025,Escherichia coli,Positive
9910,dbAMP_20566,Bacillus subtilis,Positive
9911,dbAMP_18052,Staphylococcus aureus,Positive
9912,dbAMP_23543,Staphylococcus aureus,Positive
9913,dbAMP_15975,Escherichia coli,Positive
9914,dbAMP_16057,Staphylococcus aureus,Positive
9915,dbAMP_32449,Staphylococcus aureus,Positive
9916,20739.0,Acinetobacter baumannii,Positive
9917,dbAMP_18876,Salmonella enterica,Positive
9918,dbAMP_03794,Klebsiella pneumoniae,Positive
9919,dbAMP_01016,Staphylococcus aureus,Positive
9920,DRAMP02349,Staphylococcus epidermidis,Positive
9921,dbAMP_18746,Staphylococcus aureus,Positive
9922,dbAMP_24873,Cryptococcus neoformans,Positive
9923,dbAMP_01885,Staphylococcus epidermidis,Positive
9924,dbAMP_17454,Bacillus subtilis,Positive
9925,dbAMP_22803,Pseudomonas aeruginosa,Positive
9926,dbAMP_03124,Staphylococcus epidermidis,Positive
9927,dbAMP_18183,Salmonella enterica,Positive
9928,dbAMP_00400,Enterococcus faecalis,Positive
9929,dbAMP_05205,Salmonella enterica,Positive
9930,1755.0,Escherichia coli,Positive
9931,DRAMP03472,Staphylococcus aureus,Positive
9932,dbAMP_21229,Escherichia coli,Positive
9933,dbAMP_18688,Escherichia coli,Positive
9934,dbAMP_17477,Klebsiella pneumoniae,Positive
9935,dbAMP_04331,Escherichia coli,Positive
9936,dbAMP_03120,Staphylococcus aureus,Positive
9937,dbAMP_24212,Bacillus subtilis,Positive
9938,dbAMP_04360,Escherichia coli,Positive
9939,dbAMP_23182,Escherichia coli,Positive
9940,dbAMP_19260,Escherichia coli,Positive
9941,dbAMP_18441,Pseudomonas aeruginosa,Positive
9942,dbAMP_33881,Staphylococcus aureus,Positive
9943,dbAMP_16051,Staphylococcus epidermidis,Positive
9944,dbAMP_00622,Staphylococcus aureus,Positive
9945,dbAMP_31181,Enterobacter cloacae,Positive
9946,dbAMP_20757,Candida albicans,Positive
9947,dbAMP_18075,Pseudomonas aeruginosa,Positive
9948,dbAMP_02819,Candida albicans,Positive
9949,20542.0,Escherichia coli,Positive
9950,dbAMP_00312,Staphylococcus aureus,Positive
9951,dbAMP_18307,Candida albicans,Positive
9952,dbAMP_00571,Candida albicans,Positive
9953,dbAMP_16225,Staphylococcus epidermidis,Positive
9954,dbAMP_05400,Escherichia coli,Positive
9955,dbAMP_17752,Enterococcus faecium,Positive
9956,dbAMP_10864,Staphylococcus aureus,Positive
9957,dbAMP_21252,Escherichia coli,Positive
9958,19900.0,Acinetobacter baumannii,Positive
9959,DRAMP02873,Staphylococcus aureus,Positive
9960,dbAMP_33014,Bacillus subtilis,Positive
9961,dbAMP_21393,Staphylococcus aureus,Positive
9962,dbAMP_18806,Salmonella enterica,Positive
9963,dbAMP_18769,Staphylococcus aureus,Positive
9964,dbAMP_14873,Pseudomonas aeruginosa,Positive
9965,dbAMP_18567,Escherichia coli,Positive
9966,dbAMP_03161,Candida albicans,Positive
9967,dbAMP_18960,Staphylococcus aureus,Positive
9968,dbAMP_33032,Bacillus subtilis,Positive
9969,dbAMP_17440,Cryptococcus neoformans,Positive
9970,22252.0,Acinetobacter baumannii,Positive
9971,DRAMP02391,Pseudomonas aeruginosa,Positive
9972,dbAMP_22444,Cryptococcus neoformans,Positive
9973,506.0,Candida albicans,Positive
9974,21255.0,Klebsiella pneumoniae,Positive
9975,dbAMP_27659,Staphylococcus aureus,Positive
9976,dbAMP_22620,Staphylococcus aureus,Positive
9977,dbAMP_27619,Escherichia coli,Positive
9978,dbAMP_24811,Bacillus subtilis,Positive
9979,21116.0,Klebsiella pneumoniae,Positive
9980,dbAMP_01956,Escherichia coli,Positive
9981,dbAMP_02950,Staphylococcus aureus,Positive
9982,dbAMP_03451,Klebsiella pneumoniae,Positive
9983,dbAMP_16156,Pseudomonas aeruginosa,Positive
9984,dbAMP_12184,Bacillus subtilis,Positive
9985,dbAMP_05715,Bacillus cereus,Positive
9986,dbAMP_15762,Pseudomonas aeruginosa,Positive
9987,21528.0,Staphylococcus aureus,Positive
9988,dbAMP_04804,Pseudomonas aeruginosa,Positive
9989,20182.0,Escherichia coli,Positive
9990,dbAMP_19557,Escherichia coli,Positive
9991,dbAMP_21471,Staphylococcus aureus,Positive
9992,dbAMP_16560,Pseudomonas aeruginosa,Positive
9993,dbAMP_31812,Pseudomonas aeruginosa,Positive
9994,dbAMP_02310,Listeria monocytogenes,Positive
9995,dbAMP_02898,Micrococcus luteus,Positive
9996,dbAMP_22487,Pseudomonas aeruginosa,Positive
9997,20614.0,Enterococcus faecalis,Positive
9998,dbAMP_21037,Pseudomonas aeruginosa,Positive
9999,dbAMP_15810,Pseudomonas aeruginosa,Positive
10000,dbAMP_22976,Escherichia coli,Positive
10001,1755.0,Enterococcus faecalis,Positive
10002,dbAMP_24000,Salmonella enterica,Positive
10003,dbAMP_34343,Escherichia coli,Positive
10004,19205.0,Escherichia coli,Positive
10005,19485.0,Escherichia coli,Positive
10006,dbAMP_16748,Bacillus subtilis,Positive
10007,19315.0,Candida albicans,Positive
10008,dbAMP_33321,Candida albicans,Positive
10009,17879.0,Staphylococcus aureus,Positive
10010,20186.0,Staphylococcus epidermidis,Positive
10011,dbAMP_05528,Enterococcus faecalis,Positive
10012,dbAMP_23920,Staphylococcus epidermidis,Positive
10013,18985.0,Staphylococcus aureus,Positive
10014,dbAMP_20250,Escherichia coli,Positive
10015,dbAMP_32552,Pseudomonas aeruginosa,Positive
10016,dbAMP_24417,Escherichia coli,Positive
10017,dbAMP_20733,Staphylococcus epidermidis,Positive
10018,dbAMP_19303,Listeria monocytogenes,Positive
10019,dbAMP_10584,Escherichia coli,Positive
10020,dbAMP_19301,Klebsiella pneumoniae,Positive
10021,dbAMP_23939,Pseudomonas aeruginosa,Positive
10022,dbAMP_23715,Escherichia coli,Positive
10023,dbAMP_02061,Enterococcus faecalis,Positive
10024,dbAMP_16089,Staphylococcus aureus,Positive
10025,dbAMP_31185,Bacillus subtilis,Positive
10026,dbAMP_25007,Staphylococcus aureus,Positive
10027,19860.0,Staphylococcus aureus,Positive
10028,dbAMP_22031,Staphylococcus aureus,Positive
10029,dbAMP_01774,Staphylococcus aureus,Positive
10030,19489.0,Acinetobacter baumannii,Positive
10031,dbAMP_24944,Cryptococcus neoformans,Positive
10032,dbAMP_14892,Bacillus subtilis,Positive
10033,dbAMP_16144,Bacillus subtilis,Positive
10034,DRAMP18484,Escherichia coli,Positive
10035,dbAMP_16246,Candida albicans,Positive
10036,dbAMP_21042,Bacillus subtilis,Positive
10037,dbAMP_02051,Pseudomonas aeruginosa,Positive
10038,dbAMP_02533,Staphylococcus epidermidis,Positive
10039,19411.0,Escherichia coli,Positive
10040,dbAMP_14911,Bacillus subtilis,Positive
10041,20276.0,Escherichia coli,Positive
10042,dbAMP_16633,Escherichia coli,Positive
10043,dbAMP_24239,Escherichia coli,Positive
10044,dbAMP_27063,Staphylococcus aureus,Positive
10045,dbAMP_16050,Bacillus subtilis,Positive
10046,dbAMP_18733,Staphylococcus aureus,Positive
10047,dbAMP_32542,Escherichia coli,Positive
10048,dbAMP_16310,Salmonella enterica,Positive
10049,19948.0,Staphylococcus aureus,Positive
10050,dbAMP_22858,Staphylococcus epidermidis,Positive
10051,dbAMP_18233,Cryptococcus neoformans,Positive
10052,dbAMP_22903,Bacillus subtilis,Positive
10053,dbAMP_22925,Candida albicans,Positive
10054,dbAMP_15869,Salmonella enterica,Positive
10055,dbAMP_11110,Bacillus subtilis,Positive
10056,dbAMP_17687,Bacillus subtilis,Positive
10057,dbAMP_21404,Pseudomonas aeruginosa,Positive
10058,dbAMP_24471,Candida albicans,Positive
10059,6834.0,Micrococcus luteus,Positive
10060,22098.0,Listeria monocytogenes,Positive
10061,dbAMP_25065,Micrococcus luteus,Positive
10062,dbAMP_05517,Escherichia coli,Positive
10063,20037.0,Klebsiella pneumoniae,Positive
10064,17389.0,Salmonella enterica,Positive
10065,dbAMP_14698,Pseudomonas aeruginosa,Positive
10066,19634.0,Staphylococcus aureus,Positive
10067,21526.0,Acinetobacter baumannii,Positive
10068,dbAMP_16005,Klebsiella pneumoniae,Positive
10069,dbAMP_17893,Pseudomonas aeruginosa,Positive
10070,19776.0,Klebsiella pneumoniae,Positive
10071,dbAMP_01953,Staphylococcus epidermidis,Positive
10072,dbAMP_27101,Staphylococcus epidermidis,Positive
10073,dbAMP_17694,Pseudomonas aeruginosa,Positive
10074,dbAMP_19303,Bacillus cereus,Positive
10075,dbAMP_19703,Staphylococcus aureus,Positive
10076,19527.0,Pseudomonas aeruginosa,Positive
10077,dbAMP_03335,Bacillus cereus,Positive
10078,dbAMP_33373,Klebsiella pneumoniae,Positive
10079,20954.0,Acinetobacter baumannii,Positive
10080,dbAMP_15899,Escherichia coli,Positive
10081,dbAMP_14864,Pseudomonas aeruginosa,Positive
10082,20956.0,Escherichia coli,Positive
10083,20309.0,Staphylococcus aureus,Positive
10084,20961.0,Escherichia coli,Positive
10085,dbAMP_22069,Escherichia coli,Positive
10086,dbAMP_20671,Pseudomonas aeruginosa,Positive
10087,dbAMP_28740,Escherichia coli,Positive
10088,20292.0,Acinetobacter baumannii,Positive
10089,dbAMP_22764,Pseudomonas aeruginosa,Positive
10090,dbAMP_15861,Escherichia coli,Positive
10091,dbAMP_31137,Enterococcus faecalis,Positive
10092,dbAMP_02320,Bacillus megaterium,Positive
10093,20983.0,Escherichia coli,Positive
10094,dbAMP_16032,Enterococcus faecalis,Positive
10095,dbAMP_27117,Escherichia coli,Positive
10096,dbAMP_18180,Acinetobacter baumannii,Positive
10097,dbAMP_02533,Staphylococcus aureus,Positive
10098,dbAMP_18895,Enterococcus faecalis,Positive
10099,dbAMP_09737,Escherichia coli,Positive
10100,19675.0,Staphylococcus aureus,Positive
10101,18651.0,Escherichia coli,Positive
10102,dbAMP_33033,Bacillus subtilis,Positive
10103,dbAMP_34103,Escherichia coli,Positive
10104,dbAMP_00260,Salmonella enterica,Positive
10105,dbAMP_23638,Staphylococcus aureus,Positive
10106,dbAMP_18105,Listeria monocytogenes,Positive
10107,dbAMP_19552,Bacillus subtilis,Positive
10108,dbAMP_19262,Bacillus subtilis,Positive
10109,dbAMP_27172,Staphylococcus aureus,Positive
10110,dbAMP_18610,Escherichia coli,Positive
10111,dbAMP_23178,Pseudomonas aeruginosa,Positive
10112,dbAMP_23692,Enterococcus faecalis,Positive
10113,dbAMP_33829,Staphylococcus aureus,Positive
10114,DRAMP04165,Escherichia coli,Positive
10115,22324.0,Staphylococcus epidermidis,Positive
10116,dbAMP_16180,Staphylococcus aureus,Positive
10117,dbAMP_27379,Bacillus subtilis,Positive
10118,dbAMP_11063,Candida albicans,Positive
10119,dbAMP_17825,Staphylococcus aureus,Positive
10120,dbAMP_03382,Pseudomonas aeruginosa,Positive
10121,dbAMP_19797,Escherichia coli,Positive
10122,19897.0,Acinetobacter baumannii,Positive
10123,22216.0,Candida albicans,Positive
10124,21525.0,Staphylococcus epidermidis,Positive
10125,dbAMP_18832,Escherichia coli,Positive
10126,dbAMP_16939,Escherichia coli,Positive
10127,dbAMP_17480,Staphylococcus aureus,Positive
10128,dbAMP_21127,Bacillus cereus,Positive
10129,dbAMP_05516,Candida albicans,Positive
10130,dbAMP_16908,Escherichia coli,Positive
10131,dbAMP_21979,Pseudomonas aeruginosa,Positive
10132,dbAMP_16153,Staphylococcus aureus,Positive
10133,20393.0,Salmonella enterica,Positive
10134,dbAMP_16346,Enterococcus faecalis,Positive
10135,dbAMP_15956,Micrococcus luteus,Positive
10136,dbAMP_19780,Staphylococcus aureus,Positive
10137,dbAMP_33110,Staphylococcus aureus,Positive
10138,dbAMP_20342,Acinetobacter baumannii,Positive
10139,dbAMP_03185,Escherichia coli,Positive
10140,21080.0,Salmonella enterica,Positive
10141,dbAMP_14883,Escherichia coli,Positive
10142,dbAMP_18278,Candida albicans,Positive
10143,dbAMP_23957,Staphylococcus aureus,Positive
10144,18787.0,Salmonella enterica,Positive
10145,dbAMP_31753,Staphylococcus aureus,Positive
10146,dbAMP_18868,Pseudomonas aeruginosa,Positive
10147,19527.0,Escherichia coli,Positive
10148,dbAMP_33116,Staphylococcus aureus,Positive
10149,dbAMP_23916,Candida albicans,Positive
10150,dbAMP_17969,Escherichia coli,Positive
10151,dbAMP_24571,Escherichia coli,Positive
10152,dbAMP_01695,Pseudomonas aeruginosa,Positive
10153,dbAMP_23379,Escherichia coli,Positive
10154,7481.0,Micrococcus luteus,Positive
10155,dbAMP_02445,Escherichia coli,Positive
10156,dbAMP_10501,Staphylococcus epidermidis,Positive
10157,dbAMP_15863,Salmonella enterica,Positive
10158,dbAMP_22007,Escherichia coli,Positive
10159,dbAMP_05512,Pseudomonas aeruginosa,Positive
10160,dbAMP_03793,Bacillus megaterium,Positive
10161,dbAMP_03794,Listeria monocytogenes,Positive
10162,21846.0,Escherichia coli,Positive
10163,dbAMP_17428,Staphylococcus aureus,Positive
10164,18821.0,Staphylococcus epidermidis,Positive
10165,18043.0,Klebsiella pneumoniae,Positive
10166,dbAMP_21919,Bacillus subtilis,Positive
10167,dbAMP_16023,Pseudomonas aeruginosa,Positive
10168,dbAMP_22850,Escherichia coli,Positive
10169,dbAMP_02706,Escherichia coli,Positive
10170,dbAMP_16102,Staphylococcus aureus,Positive
10171,19560.0,Enterococcus faecalis,Positive
10172,dbAMP_21765,Escherichia coli,Positive
10173,dbAMP_02027,Staphylococcus aureus,Positive
10174,dbAMP_19699,Enterococcus faecalis,Positive
10175,dbAMP_16765,Candida albicans,Positive
10176,dbAMP_20531,Escherichia coli,Positive
10177,2302.0,Bacillus cereus,Positive
10178,dbAMP_17024,Escherichia coli,Positive
10179,dbAMP_14727,Salmonella enterica,Positive
10180,dbAMP_15788,Staphylococcus aureus,Positive
10181,dbAMP_27494,Staphylococcus epidermidis,Positive
10182,dbAMP_24959,Escherichia coli,Positive
10183,dbAMP_19308,Candida albicans,Positive
10184,dbAMP_16243,Staphylococcus aureus,Positive
10185,dbAMP_17808,Escherichia coli,Positive
10186,dbAMP_31800,Enterococcus faecium,Positive
10187,dbAMP_20757,Acinetobacter baumannii,Positive
10188,dbAMP_01961,Staphylococcus aureus,Positive
10189,dbAMP_02202,Candida albicans,Positive
10190,dbAMP_17581,Candida albicans,Positive
10191,dbAMP_31361,Pseudomonas aeruginosa,Positive
10192,dbAMP_20286,Pseudomonas aeruginosa,Positive
10193,dbAMP_24407,Escherichia coli,Positive
10194,dbAMP_01768,Staphylococcus aureus,Positive
10195,dbAMP_05360,Candida albicans,Positive
10196,dbAMP_01616,Staphylococcus aureus,Positive
10197,19830.0,Escherichia coli,Positive
10198,dbAMP_18681,Cryptococcus neoformans,Positive
10199,dbAMP_15874,Pseudomonas aeruginosa,Positive
10200,dbAMP_00600,Bacillus subtilis,Positive
10201,20269.0,Staphylococcus aureus,Positive
10202,20325.0,Salmonella enterica,Positive
10203,18058.0,Staphylococcus aureus,Positive
10204,dbAMP_12830,Candida albicans,Positive
10205,dbAMP_16813,Escherichia coli,Positive
10206,dbAMP_03296,Staphylococcus epidermidis,Positive
10207,dbAMP_32523,Staphylococcus aureus,Positive
10208,DRAMP02331,Micrococcus luteus,Positive
10209,11335.0,Salmonella enterica,Positive
10210,17566.0,Escherichia coli,Positive
10211,17220.0,Acinetobacter baumannii,Positive
10212,dbAMP_32949,Escherichia coli,Positive
10213,dbAMP_11985,Bacillus subtilis,Positive
10214,dbAMP_12013,Staphylococcus aureus,Positive
10215,18276.0,Staphylococcus aureus,Positive
10216,dbAMP_20438,Salmonella enterica,Positive
10217,dbAMP_15793,Bacillus subtilis,Positive
10218,dbAMP_00314,Salmonella enterica,Positive
10219,dbAMP_02007,Staphylococcus aureus,Positive
10220,dbAMP_17816,Candida parapsilosis,Positive
10221,dbAMP_20282,Staphylococcus aureus,Positive
10222,dbAMP_11924,Micrococcus luteus,Positive
10223,12612.0,Staphylococcus aureus,Positive
10224,dbAMP_21770,Salmonella enterica,Positive
10225,dbAMP_16930,Bacillus subtilis,Positive
10226,dbAMP_04236,Staphylococcus epidermidis,Positive
10227,dbAMP_16753,Staphylococcus aureus,Positive
10228,dbAMP_03612,Bacillus subtilis,Positive
10229,dbAMP_12038,Staphylococcus aureus,Positive
10230,dbAMP_11985,Staphylococcus epidermidis,Positive
10231,dbAMP_24175,Staphylococcus aureus,Positive
10232,dbAMP_16309,Staphylococcus epidermidis,Positive
10233,dbAMP_09925,Escherichia coli,Positive
10234,dbAMP_18730,Staphylococcus aureus,Positive
10235,dbAMP_04609,Staphylococcus epidermidis,Positive
10236,dbAMP_01843,Pseudomonas aeruginosa,Positive
10237,dbAMP_16134,Salmonella enterica,Positive
10238,21528.0,Klebsiella pneumoniae,Positive
10239,20178.0,Bacillus subtilis,Positive
10240,dbAMP_19834,Cryptococcus neoformans,Positive
10241,dbAMP_18595,Pseudomonas aeruginosa,Positive
10242,20349.0,Candida parapsilosis,Positive
10243,dbAMP_16713,Pseudomonas aeruginosa,Positive
10244,dbAMP_06258,Listeria monocytogenes,Positive
10245,dbAMP_22756,Micrococcus luteus,Positive
10246,dbAMP_21913,Bacillus subtilis,Positive
10247,dbAMP_22709,Staphylococcus aureus,Positive
10248,dbAMP_33013,Escherichia coli,Positive
10249,20837.0,Listeria monocytogenes,Positive
10250,dbAMP_20134,Staphylococcus aureus,Positive
10251,dbAMP_04456,Staphylococcus aureus,Positive
10252,19291.0,Staphylococcus aureus,Positive
10253,dbAMP_19264,Salmonella enterica,Positive
10254,17220.0,Escherichia coli,Positive
10255,dbAMP_19287,Listeria monocytogenes,Positive
10256,19480.0,Staphylococcus epidermidis,Positive
10257,dbAMP_11208,Micrococcus luteus,Positive
10258,3116.0,Staphylococcus epidermidis,Positive
10259,dbAMP_32541,Staphylococcus aureus,Positive
10260,dbAMP_24162,Escherichia coli,Positive
10261,dbAMP_04016,Pseudomonas aeruginosa,Positive
10262,dbAMP_18767,Listeria monocytogenes,Positive
10263,19948.0,Salmonella enterica,Positive
10264,dbAMP_17972,Escherichia coli,Positive
10265,9783.0,Escherichia coli,Positive
10266,dbAMP_23570,Staphylococcus epidermidis,Positive
10267,dbAMP_15879,Escherichia coli,Positive
10268,dbAMP_20929,Klebsiella pneumoniae,Positive
10269,dbAMP_27091,Escherichia coli,Positive
10270,dbAMP_02673,Escherichia coli,Positive
10271,dbAMP_16271,Escherichia coli,Positive
10272,dbAMP_01964,Acinetobacter baumannii,Positive
10273,dbAMP_24946,Staphylococcus epidermidis,Positive
10274,21336.0,Acinetobacter baumannii,Positive
10275,dbAMP_27346,Candida albicans,Positive
10276,dbAMP_03658,Acinetobacter baumannii,Positive
10277,dbAMP_16006,Pseudomonas aeruginosa,Positive
10278,dbAMP_05766,Escherichia coli,Positive
10279,dbAMP_22976,Pseudomonas aeruginosa,Positive
10280,dbAMP_31692,Staphylococcus epidermidis,Positive
10281,dbAMP_17737,Klebsiella pneumoniae,Positive
10282,dbAMP_15872,Pseudomonas aeruginosa,Positive
10283,dbAMP_24402,Bacillus subtilis,Positive
10284,dbAMP_02949,Staphylococcus aureus,Positive
10285,dbAMP_19155,Pseudomonas aeruginosa,Positive
10286,dbAMP_18149,Escherichia coli,Positive
10287,dbAMP_18858,Pseudomonas aeruginosa,Positive
10288,18327.0,Bacillus subtilis,Positive
10289,dbAMP_18879,Staphylococcus epidermidis,Positive
10290,dbAMP_27389,Escherichia coli,Positive
10291,dbAMP_22399,Micrococcus luteus,Positive
10292,18283.0,Klebsiella pneumoniae,Positive
10293,dbAMP_22745,Escherichia coli,Positive
10294,dbAMP_10614,Pseudomonas aeruginosa,Positive
10295,20965.0,Staphylococcus aureus,Positive
10296,19866.0,Pseudomonas aeruginosa,Positive
10297,dbAMP_23669,Staphylococcus aureus,Positive
10298,21652.0,Staphylococcus aureus,Positive
10299,21171.0,Klebsiella pneumoniae,Positive
10300,dbAMP_14773,Bacillus megaterium,Positive
10301,dbAMP_34587,Staphylococcus aureus,Positive
10302,dbAMP_33605,Pseudomonas aeruginosa,Positive
10303,dbAMP_03866,Escherichia coli,Positive
10304,DRAMP03153,Escherichia coli,Positive
10305,dbAMP_27570,Staphylococcus aureus,Positive
10306,7464.0,Bacillus subtilis,Positive
10307,dbAMP_04596,Staphylococcus aureus,Positive
10308,dbAMP_17456,Staphylococcus aureus,Positive
10309,dbAMP_18233,Candida albicans,Positive
10310,dbAMP_19189,Klebsiella pneumoniae,Positive
10311,dbAMP_16816,Escherichia coli,Positive
10312,dbAMP_02937,Candida albicans,Positive
10313,dbAMP_10609,Klebsiella pneumoniae,Positive
10314,dbAMP_23098,Klebsiella pneumoniae,Positive
10315,dbAMP_16906,Pseudomonas aeruginosa,Positive
10316,6751.0,Escherichia coli,Positive
10317,dbAMP_09742,Candida albicans,Positive
10318,dbAMP_22976,Candida albicans,Positive
10319,DRAMP02923,Staphylococcus aureus,Positive
10320,20890.0,Escherichia coli,Positive
10321,dbAMP_12014,Salmonella enterica,Positive
10322,20347.0,Acinetobacter baumannii,Positive
10323,dbAMP_16161,Staphylococcus aureus,Positive
10324,dbAMP_11398,Bacillus subtilis,Positive
10325,dbAMP_17465,Pseudomonas aeruginosa,Positive
10326,3157.0,Enterococcus faecalis,Positive
10327,dbAMP_18521,Staphylococcus epidermidis,Positive
10328,dbAMP_17377,Staphylococcus aureus,Positive
10329,dbAMP_21090,Candida parapsilosis,Positive
10330,dbAMP_21976,Staphylococcus aureus,Positive
10331,dbAMP_23138,Escherichia coli,Positive
10332,dbAMP_22617,Candida albicans,Positive
10333,21745.0,Escherichia coli,Positive
10334,dbAMP_05513,Salmonella enterica,Positive
10335,dbAMP_18430,Staphylococcus epidermidis,Positive
10336,10842.0,Klebsiella pneumoniae,Positive
10337,21893.0,Acinetobacter baumannii,Positive
10338,dbAMP_17467,Cryptococcus neoformans,Positive
10339,DRAMP20877,Escherichia coli,Positive
10340,dbAMP_09795,Escherichia coli,Positive
10341,dbAMP_23724,Escherichia coli,Positive
10342,19927.0,Klebsiella pneumoniae,Positive
10343,dbAMP_18050,Escherichia coli,Positive
10344,dbAMP_19300,Listeria monocytogenes,Positive
10345,dbAMP_12767,Staphylococcus aureus,Positive
10346,20251.0,Bacillus subtilis,Positive
10347,19684.0,Escherichia coli,Positive
10348,dbAMP_03089,Staphylococcus aureus,Positive
10349,22094.0,Staphylococcus aureus,Positive
10350,dbAMP_19977,Enterococcus faecalis,Positive
10351,dbAMP_20727,Salmonella enterica,Positive
10352,dbAMP_11933,Candida albicans,Positive
10353,dbAMP_10341,Salmonella enterica,Positive
10354,dbAMP_25192,Pseudomonas aeruginosa,Positive
10355,7386.0,Staphylococcus epidermidis,Positive
10356,dbAMP_23830,Escherichia coli,Positive
10357,dbAMP_23570,Salmonella enterica,Positive
10358,dbAMP_22735,Micrococcus luteus,Positive
10359,dbAMP_14892,Staphylococcus aureus,Positive
10360,dbAMP_10476,Staphylococcus aureus,Positive
10361,dbAMP_04788,Candida parapsilosis,Positive
10362,21181.0,Bacillus subtilis,Positive
10363,dbAMP_16940,Salmonella enterica,Positive
10364,dbAMP_22077,Micrococcus luteus,Positive
10365,dbAMP_20465,Escherichia coli,Positive
10366,dbAMP_03680,Pseudomonas aeruginosa,Positive
10367,dbAMP_10339,Staphylococcus aureus,Positive
10368,dbAMP_00314,Listeria monocytogenes,Positive
10369,DRAMP20942,Candida albicans,Positive
10370,197.0,Klebsiella pneumoniae,Positive
10371,dbAMP_16703,Escherichia coli,Positive
10372,dbAMP_05591,Candida albicans,Positive
10373,18175.0,Escherichia coli,Positive
10374,dbAMP_16784,Acinetobacter baumannii,Positive
10375,dbAMP_32944,Bacillus subtilis,Positive
10376,dbAMP_11110,Staphylococcus aureus,Positive
10377,dbAMP_04853,Escherichia coli,Positive
10378,dbAMP_17448,Micrococcus luteus,Positive
10379,dbAMP_17459,Escherichia coli,Positive
10380,dbAMP_11060,Bacillus subtilis,Positive
10381,20771.0,Escherichia coli,Positive
10382,21112.0,Pseudomonas aeruginosa,Positive
10383,dbAMP_32021,Staphylococcus epidermidis,Positive
10384,dbAMP_16145,Micrococcus luteus,Positive
10385,dbAMP_27621,Staphylococcus aureus,Positive
10386,17454.0,Acinetobacter baumannii,Positive
10387,dbAMP_33018,Acinetobacter baumannii,Positive
10388,dbAMP_26064,Pseudomonas aeruginosa,Positive
10389,dbAMP_23287,Staphylococcus aureus,Positive
10390,19668.0,Escherichia coli,Positive
10391,dbAMP_33119,Bacillus cereus,Positive
10392,21255.0,Staphylococcus aureus,Positive
10393,dbAMP_19352,Escherichia coli,Positive
10394,19897.0,Escherichia coli,Positive
10395,20169.0,Klebsiella pneumoniae,Positive
10396,dbAMP_17996,Escherichia coli,Positive
10397,dbAMP_16752,Pseudomonas aeruginosa,Positive
10398,dbAMP_33196,Candida albicans,Positive
10399,dbAMP_34046,Staphylococcus epidermidis,Positive
10400,dbAMP_02021,Candida albicans,Positive
10401,dbAMP_16285,Escherichia coli,Positive
10402,dbAMP_17459,Candida albicans,Positive
10403,dbAMP_18632,Escherichia coli,Positive
10404,dbAMP_21080,Escherichia coli,Positive
10405,dbAMP_27640,Candida albicans,Positive
10406,dbAMP_23293,Escherichia coli,Positive
10407,dbAMP_23974,Staphylococcus aureus,Positive
10408,dbAMP_27936,Candida albicans,Positive
10409,dbAMP_00404,Escherichia coli,Positive
10410,dbAMP_25035,Staphylococcus aureus,Positive
10411,dbAMP_16150,Staphylococcus epidermidis,Positive
10412,dbAMP_27226,Candida albicans,Positive
10413,dbAMP_16309,Pseudomonas aeruginosa,Positive
10414,dbAMP_12767,Micrococcus luteus,Positive
10415,dbAMP_10311,Enterococcus faecalis,Positive
10416,dbAMP_09839,Escherichia coli,Positive
10417,dbAMP_18346,Escherichia coli,Positive
10418,dbAMP_18816,Escherichia coli,Positive
10419,dbAMP_25007,Pseudomonas aeruginosa,Positive
10420,18581.0,Candida parapsilosis,Positive
10421,dbAMP_10032,Bacillus subtilis,Positive
10422,dbAMP_33027,Bacillus subtilis,Positive
10423,dbAMP_03967,Enterococcus faecium,Positive
10424,dbAMP_19661,Escherichia coli,Positive
10425,dbAMP_17057,Enterococcus faecium,Positive
10426,DRAMP21084,Escherichia coli,Positive
10427,dbAMP_21529,Staphylococcus aureus,Positive
10428,dbAMP_11136,Pseudomonas aeruginosa,Positive
10429,dbAMP_33319,Staphylococcus aureus,Positive
10430,20337.0,Staphylococcus aureus,Positive
10431,21411.0,Staphylococcus epidermidis,Positive
10432,19882.0,Escherichia coli,Positive
10433,dbAMP_16175,Escherichia coli,Positive
10434,2302.0,Pseudomonas aeruginosa,Positive
10435,dbAMP_05400,Listeria monocytogenes,Positive
10436,dbAMP_23918,Staphylococcus aureus,Positive
10437,dbAMP_21192,Staphylococcus aureus,Positive
10438,dbAMP_19301,Pseudomonas aeruginosa,Positive
10439,dbAMP_16004,Klebsiella pneumoniae,Positive
10440,dbAMP_04879,Micrococcus luteus,Positive
10441,dbAMP_20446,Bacillus subtilis,Positive
10442,dbAMP_23367,Bacillus megaterium,Positive
10443,14204.0,Klebsiella pneumoniae,Positive
10444,1824.0,Micrococcus luteus,Positive
10445,dbAMP_33589,Salmonella enterica,Positive
10446,21719.0,Acinetobacter baumannii,Positive
10447,dbAMP_21289,Escherichia coli,Positive
10448,dbAMP_23184,Salmonella enterica,Positive
10449,dbAMP_22006,Candida albicans,Positive
10450,dbAMP_25372,Micrococcus luteus,Positive
10451,dbAMP_01953,Klebsiella pneumoniae,Positive
10452,dbAMP_14898,Pseudomonas aeruginosa,Positive
10453,dbAMP_02167,Salmonella enterica,Positive
10454,dbAMP_03046,Pseudomonas aeruginosa,Positive
10455,dbAMP_24413,Staphylococcus aureus,Positive
10456,dbAMP_20382,Staphylococcus aureus,Positive
10457,dbAMP_18559,Escherichia coli,Positive
10458,19017.0,Escherichia coli,Positive
10459,dbAMP_24296,Escherichia coli,Positive
10460,dbAMP_01793,Enterococcus faecalis,Positive
10461,dbAMP_23225,Staphylococcus aureus,Positive
10462,dbAMP_18944,Pseudomonas aeruginosa,Positive
10463,dbAMP_23330,Listeria monocytogenes,Positive
10464,21745.0,Acinetobacter baumannii,Positive
10465,dbAMP_20346,Pseudomonas aeruginosa,Positive
10466,dbAMP_21455,Salmonella enterica,Positive
10467,19017.0,Pseudomonas aeruginosa,Positive
10468,dbAMP_27542,Staphylococcus aureus,Positive
10469,dbAMP_05782,Bacillus subtilis,Positive
10470,12612.0,Pseudomonas aeruginosa,Positive
10471,20503.0,Pseudomonas aeruginosa,Positive
10472,dbAMP_03242,Bacillus subtilis,Positive
10473,dbAMP_24818,Staphylococcus aureus,Positive
10474,dbAMP_01290,Escherichia coli,Positive
10475,dbAMP_15913,Klebsiella pneumoniae,Positive
10476,19875.0,Staphylococcus aureus,Positive
10477,20208.0,Pseudomonas aeruginosa,Positive
10478,dbAMP_27064,Klebsiella pneumoniae,Positive
10479,dbAMP_21441,Escherichia coli,Positive
10480,dbAMP_33030,Bacillus subtilis,Positive
10481,dbAMP_18879,Pseudomonas aeruginosa,Positive
10482,dbAMP_03984,Escherichia coli,Positive
10483,dbAMP_02710,Bacillus subtilis,Positive
10484,dbAMP_22721,Escherichia coli,Positive
10485,dbAMP_22719,Escherichia coli,Positive
10486,dbAMP_27610,Candida albicans,Positive
10487,dbAMP_18180,Staphylococcus epidermidis,Positive
10488,dbAMP_23161,Escherichia coli,Positive
10489,dbAMP_15863,Escherichia coli,Positive
10490,21697.0,Escherichia coli,Positive
10491,dbAMP_14879,Bacillus subtilis,Positive
10492,dbAMP_28740,Staphylococcus aureus,Positive
10493,6755.0,Pseudomonas aeruginosa,Positive
10494,dbAMP_21035,Staphylococcus aureus,Positive
10495,dbAMP_22618,Staphylococcus epidermidis,Positive
10496,dbAMP_11160,Escherichia coli,Positive
10497,22003.0,Candida albicans,Positive
10498,17566.0,Pseudomonas aeruginosa,Positive
10499,dbAMP_14801,Micrococcus luteus,Positive
10500,19573.0,Pseudomonas aeruginosa,Positive
10501,dbAMP_16906,Salmonella enterica,Positive
10502,dbAMP_04079,Escherichia coli,Positive
10503,dbAMP_16141,Pseudomonas aeruginosa,Positive
10504,dbAMP_23112,Escherichia coli,Positive
10505,DRAMP03090,Bacillus subtilis,Positive
10506,dbAMP_27113,Enterococcus faecium,Positive
10507,dbAMP_10576,Staphylococcus aureus,Positive
10508,dbAMP_19103,Enterobacter cloacae,Positive
10509,20837.0,Bacillus subtilis,Positive
10510,19488.0,Escherichia coli,Positive
10511,dbAMP_17144,Klebsiella pneumoniae,Positive
10512,764.0,Klebsiella pneumoniae,Positive
10513,17706.0,Escherichia coli,Positive
10514,20579.0,Escherichia coli,Positive
10515,dbAMP_21131,Salmonella enterica,Positive
10516,dbAMP_17324,Escherichia coli,Positive
10517,dbAMP_24744,Pseudomonas aeruginosa,Positive
10518,1687.0,Pseudomonas aeruginosa,Positive
10519,22280.0,Pseudomonas aeruginosa,Positive
10520,dbAMP_16760,Staphylococcus aureus,Positive
10521,dbAMP_21494,Klebsiella pneumoniae,Positive
10522,dbAMP_10863,Bacillus subtilis,Positive
10523,18834.0,Staphylococcus epidermidis,Positive
10524,dbAMP_21899,Staphylococcus epidermidis,Positive
10525,dbAMP_01916,Staphylococcus aureus,Positive
10526,dbAMP_03090,Pseudomonas aeruginosa,Positive
10527,dbAMP_31814,Escherichia coli,Positive
10528,dbAMP_25132,Staphylococcus aureus,Positive
10529,dbAMP_16293,Escherichia coli,Positive
10530,21528.0,Enterococcus faecium,Positive
10531,dbAMP_22733,Micrococcus luteus,Positive
10532,dbAMP_02001,Enterococcus faecalis,Positive
10533,dbAMP_18587,Staphylococcus aureus,Positive
10534,dbAMP_11970,Pseudomonas aeruginosa,Positive
10535,dbAMP_10576,Escherichia coli,Positive
10536,dbAMP_15807,Bacillus subtilis,Positive
0,1004.0,Enterococcus faecalis,Negative
1,10154.0,Pseudomonas aeruginosa,Negative
2,10245.0,Bacillus subtilis,Negative
3,10249.0,Bacillus subtilis,Negative
4,10252.0,Escherichia coli,Negative
5,1030.0,Pseudomonas aeruginosa,Negative
6,10347.0,Candida albicans,Negative
7,10347.0,Cryptococcus neoformans,Negative
8,10380.0,Acinetobacter baumannii,Negative
9,10380.0,Enterococcus faecalis,Negative
10,10381.0,Acinetobacter baumannii,Negative
11,10381.0,Candida albicans,Negative
12,10634.0,Klebsiella pneumoniae,Negative
13,10723.0,Klebsiella pneumoniae,Negative
14,10723.0,Pseudomonas aeruginosa,Negative
15,10734.0,Pseudomonas aeruginosa,Negative
16,11025.0,Enterococcus faecalis,Negative
17,11025.0,Pseudomonas aeruginosa,Negative
18,11025.0,Staphylococcus aureus,Negative
19,11025.0,Staphylococcus epidermidis,Negative
20,11335.0,Candida albicans,Negative
21,1160.0,Acinetobacter baumannii,Negative
22,1160.0,Bacillus megaterium,Negative
23,1160.0,Bacillus subtilis,Negative
24,1160.0,Pseudomonas aeruginosa,Negative
25,12113.0,Candida albicans,Negative
26,12113.0,Enterococcus faecalis,Negative
27,12757.0,Pseudomonas aeruginosa,Negative
28,12761.0,Acinetobacter baumannii,Negative
29,12761.0,Candida albicans,Negative
30,12761.0,Klebsiella pneumoniae,Negative
31,13330.0,Candida albicans,Negative
32,1361.0,Enterococcus faecalis,Negative
33,13939.0,Pseudomonas aeruginosa,Negative
34,13939.0,Salmonella enterica,Negative
35,13939.0,Staphylococcus aureus,Negative
36,14380.0,Candida albicans,Negative
37,14619.0,Escherichia coli,Negative
38,14619.0,Staphylococcus aureus,Negative
39,1465.0,Klebsiella pneumoniae,Negative
40,14945.0,Acinetobacter baumannii,Negative
41,14945.0,Escherichia coli,Negative
42,14945.0,Klebsiella pneumoniae,Negative
43,15.0,Acinetobacter baumannii,Negative
44,15.0,Escherichia coli,Negative
45,15.0,Staphylococcus aureus,Negative
46,15020.0,Staphylococcus aureus,Negative
47,15570.0,Staphylococcus epidermidis,Negative
48,1564.0,Klebsiella pneumoniae,Negative
49,1564.0,Pseudomonas aeruginosa,Negative
50,15918.0,Pseudomonas aeruginosa,Negative
51,15955.0,Pseudomonas aeruginosa,Negative
52,16168.0,Staphylococcus aureus,Negative
53,16988.0,Candida albicans,Negative
54,17099.0,Bacillus subtilis,Negative
55,17184.0,Pseudomonas aeruginosa,Negative
56,17219.0,Acinetobacter baumannii,Negative
57,17236.0,Acinetobacter baumannii,Negative
58,17236.0,Escherichia coli,Negative
59,17236.0,Staphylococcus aureus,Negative
60,17239.0,Acinetobacter baumannii,Negative
61,17241.0,Acinetobacter baumannii,Negative
62,17241.0,Escherichia coli,Negative
63,17241.0,Staphylococcus aureus,Negative
64,17242.0,Staphylococcus aureus,Negative
65,17245.0,Acinetobacter baumannii,Negative
66,17245.0,Escherichia coli,Negative
67,17245.0,Staphylococcus aureus,Negative
68,17247.0,Acinetobacter baumannii,Negative
69,17247.0,Escherichia coli,Negative
70,17247.0,Staphylococcus aureus,Negative
71,17252.0,Acinetobacter baumannii,Negative
72,17252.0,Escherichia coli,Negative
73,17252.0,Staphylococcus aureus,Negative
74,17253.0,Acinetobacter baumannii,Negative
75,17253.0,Escherichia coli,Negative
76,17253.0,Staphylococcus aureus,Negative
77,17274.0,Candida albicans,Negative
78,17274.0,Pseudomonas aeruginosa,Negative
79,17274.0,Staphylococcus aureus,Negative
80,17281.0,Escherichia coli,Negative
81,17281.0,Salmonella enterica,Negative
82,17325.0,Candida albicans,Negative
83,17325.0,Pseudomonas aeruginosa,Negative
84,17325.0,Staphylococcus aureus,Negative
85,17326.0,Candida albicans,Negative
86,17326.0,Escherichia coli,Negative
87,17326.0,Pseudomonas aeruginosa,Negative
88,17326.0,Staphylococcus aureus,Negative
89,17329.0,Staphylococcus aureus,Negative
90,17330.0,Candida albicans,Negative
91,17330.0,Escherichia coli,Negative
92,17330.0,Pseudomonas aeruginosa,Negative
93,17330.0,Staphylococcus aureus,Negative
94,17333.0,Candida albicans,Negative
95,17333.0,Escherichia coli,Negative
96,17333.0,Pseudomonas aeruginosa,Negative
97,17333.0,Staphylococcus aureus,Negative
98,17348.0,Bacillus subtilis,Negative
99,17348.0,Escherichia coli,Negative
100,17354.0,Escherichia coli,Negative
101,17354.0,Pseudomonas aeruginosa,Negative
102,17354.0,Staphylococcus aureus,Negative
103,1738.0,Bacillus subtilis,Negative
104,1738.0,Klebsiella pneumoniae,Negative
105,17384.0,Candida parapsilosis,Negative
106,17386.0,Candida parapsilosis,Negative
107,17389.0,Enterobacter cloacae,Negative
108,17389.0,Enterococcus faecalis,Negative
109,17389.0,Staphylococcus aureus,Negative
110,17397.0,Escherichia coli,Negative
111,17397.0,Staphylococcus aureus,Negative
112,17401.0,Escherichia coli,Negative
113,17401.0,Staphylococcus aureus,Negative
114,17404.0,Escherichia coli,Negative
115,17404.0,Pseudomonas aeruginosa,Negative
116,17404.0,Staphylococcus aureus,Negative
117,17405.0,Staphylococcus aureus,Negative
118,17411.0,Acinetobacter baumannii,Negative
119,17411.0,Escherichia coli,Negative
120,17411.0,Klebsiella pneumoniae,Negative
121,17411.0,Pseudomonas aeruginosa,Negative
122,17412.0,Acinetobacter baumannii,Negative
123,17412.0,Klebsiella pneumoniae,Negative
124,17413.0,Acinetobacter baumannii,Negative
125,17414.0,Acinetobacter baumannii,Negative
126,17417.0,Acinetobacter baumannii,Negative
127,17417.0,Klebsiella pneumoniae,Negative
128,17434.0,Klebsiella pneumoniae,Negative
129,17453.0,Candida albicans,Negative
130,17453.0,Klebsiella pneumoniae,Negative
131,17453.0,Pseudomonas aeruginosa,Negative
132,17454.0,Klebsiella pneumoniae,Negative
133,17455.0,Acinetobacter baumannii,Negative
134,17455.0,Escherichia coli,Negative
135,17455.0,Klebsiella pneumoniae,Negative
136,17455.0,Pseudomonas aeruginosa,Negative
137,17457.0,Acinetobacter baumannii,Negative
138,17457.0,Escherichia coli,Negative
139,17457.0,Klebsiella pneumoniae,Negative
140,17457.0,Pseudomonas aeruginosa,Negative
141,17465.0,Acinetobacter baumannii,Negative
142,17465.0,Candida albicans,Negative
143,17465.0,Cryptococcus neoformans,Negative
144,17465.0,Escherichia coli,Negative
145,17465.0,Klebsiella pneumoniae,Negative
146,17465.0,Pseudomonas aeruginosa,Negative
147,17465.0,Staphylococcus aureus,Negative
148,17466.0,Acinetobacter baumannii,Negative
149,17466.0,Candida albicans,Negative
150,17466.0,Cryptococcus neoformans,Negative
151,17466.0,Escherichia coli,Negative
152,17466.0,Klebsiella pneumoniae,Negative
153,17466.0,Pseudomonas aeruginosa,Negative
154,17466.0,Staphylococcus aureus,Negative
155,17501.0,Acinetobacter baumannii,Negative
156,17501.0,Candida albicans,Negative
157,17501.0,Enterococcus faecium,Negative
158,17501.0,Klebsiella pneumoniae,Negative
159,17501.0,Pseudomonas aeruginosa,Negative
160,17501.0,Staphylococcus aureus,Negative
161,17503.0,Candida albicans,Negative
162,17503.0,Enterococcus faecium,Negative
163,17503.0,Klebsiella pneumoniae,Negative
164,17503.0,Pseudomonas aeruginosa,Negative
165,17503.0,Staphylococcus aureus,Negative
166,17504.0,Acinetobacter baumannii,Negative
167,17504.0,Candida albicans,Negative
168,17504.0,Enterococcus faecium,Negative
169,17504.0,Klebsiella pneumoniae,Negative
170,17504.0,Pseudomonas aeruginosa,Negative
171,17504.0,Staphylococcus aureus,Negative
172,17505.0,Candida albicans,Negative
173,17505.0,Enterococcus faecium,Negative
174,17505.0,Klebsiella pneumoniae,Negative
175,17505.0,Pseudomonas aeruginosa,Negative
176,17507.0,Acinetobacter baumannii,Negative
177,17507.0,Candida albicans,Negative
178,17507.0,Enterococcus faecium,Negative
179,17507.0,Klebsiella pneumoniae,Negative
180,17507.0,Pseudomonas aeruginosa,Negative
181,17507.0,Staphylococcus aureus,Negative
182,17508.0,Acinetobacter baumannii,Negative
183,17508.0,Candida albicans,Negative
184,17508.0,Enterococcus faecium,Negative
185,17508.0,Klebsiella pneumoniae,Negative
186,17508.0,Pseudomonas aeruginosa,Negative
187,17508.0,Staphylococcus aureus,Negative
188,17509.0,Candida albicans,Negative
189,17509.0,Enterococcus faecium,Negative
190,17510.0,Enterococcus faecium,Negative
191,17510.0,Klebsiella pneumoniae,Negative
192,17511.0,Acinetobacter baumannii,Negative
193,17511.0,Candida albicans,Negative
194,17511.0,Enterococcus faecium,Negative
195,17511.0,Klebsiella pneumoniae,Negative
196,17511.0,Pseudomonas aeruginosa,Negative
197,17511.0,Staphylococcus aureus,Negative
198,17512.0,Candida albicans,Negative
199,17512.0,Enterococcus faecium,Negative
200,17512.0,Klebsiella pneumoniae,Negative
201,17512.0,Pseudomonas aeruginosa,Negative
202,17512.0,Staphylococcus aureus,Negative
203,17513.0,Enterococcus faecium,Negative
204,17514.0,Enterococcus faecium,Negative
205,17515.0,Acinetobacter baumannii,Negative
206,17515.0,Candida albicans,Negative
207,17515.0,Enterococcus faecium,Negative
208,17515.0,Klebsiella pneumoniae,Negative
209,17516.0,Enterococcus faecium,Negative
210,17520.0,Acinetobacter baumannii,Negative
211,17520.0,Enterococcus faecium,Negative
212,17520.0,Klebsiella pneumoniae,Negative
213,17520.0,Pseudomonas aeruginosa,Negative
214,17521.0,Acinetobacter baumannii,Negative
215,17521.0,Enterococcus faecium,Negative
216,17522.0,Acinetobacter baumannii,Negative
217,17522.0,Candida albicans,Negative
218,17522.0,Enterococcus faecium,Negative
219,17522.0,Klebsiella pneumoniae,Negative
220,17522.0,Pseudomonas aeruginosa,Negative
221,17522.0,Staphylococcus aureus,Negative
222,17523.0,Acinetobacter baumannii,Negative
223,17523.0,Enterococcus faecium,Negative
224,17523.0,Klebsiella pneumoniae,Negative
225,17524.0,Acinetobacter baumannii,Negative
226,17524.0,Candida albicans,Negative
227,17524.0,Enterococcus faecium,Negative
228,17524.0,Klebsiella pneumoniae,Negative
229,17524.0,Pseudomonas aeruginosa,Negative
230,17524.0,Staphylococcus aureus,Negative
231,17525.0,Acinetobacter baumannii,Negative
232,17525.0,Candida albicans,Negative
233,17525.0,Enterococcus faecium,Negative
234,17525.0,Klebsiella pneumoniae,Negative
235,17525.0,Pseudomonas aeruginosa,Negative
236,1755.0,Acinetobacter baumannii,Negative
237,1755.0,Bacillus subtilis,Negative
238,17591.0,Candida albicans,Negative
239,17591.0,Escherichia coli,Negative
240,17591.0,Pseudomonas aeruginosa,Negative
241,17591.0,Salmonella enterica,Negative
242,17591.0,Staphylococcus aureus,Negative
243,17592.0,Escherichia coli,Negative
244,17592.0,Pseudomonas aeruginosa,Negative
245,17592.0,Salmonella enterica,Negative
246,17592.0,Staphylococcus aureus,Negative
247,17593.0,Candida albicans,Negative
248,17593.0,Cryptococcus neoformans,Negative
249,17594.0,Candida albicans,Negative
250,17595.0,Candida albicans,Negative
251,17595.0,Cryptococcus neoformans,Negative
252,17597.0,Candida albicans,Negative
253,17598.0,Candida albicans,Negative
254,17599.0,Pseudomonas aeruginosa,Negative
255,17600.0,Candida albicans,Negative
256,17605.0,Salmonella enterica,Negative
257,17605.0,Staphylococcus aureus,Negative
258,17607.0,Escherichia coli,Negative
259,17607.0,Salmonella enterica,Negative
260,17607.0,Staphylococcus aureus,Negative
261,17611.0,Escherichia coli,Negative
262,17611.0,Salmonella enterica,Negative
263,17611.0,Staphylococcus aureus,Negative
264,17612.0,Staphylococcus aureus,Negative
265,17620.0,Enterococcus faecalis,Negative
266,17620.0,Escherichia coli,Negative
267,17620.0,Salmonella enterica,Negative
268,17621.0,Enterococcus faecalis,Negative
269,17621.0,Escherichia coli,Negative
270,17621.0,Salmonella enterica,Negative
271,17625.0,Escherichia coli,Negative
272,17625.0,Pseudomonas aeruginosa,Negative
273,17625.0,Salmonella enterica,Negative
274,17625.0,Staphylococcus aureus,Negative
275,17635.0,Escherichia coli,Negative
276,17635.0,Salmonella enterica,Negative
277,17635.0,Staphylococcus aureus,Negative
278,17639.0,Escherichia coli,Negative
279,17639.0,Salmonella enterica,Negative
280,17639.0,Staphylococcus aureus,Negative
281,17668.0,Escherichia coli,Negative
282,17668.0,Pseudomonas aeruginosa,Negative
283,17668.0,Staphylococcus aureus,Negative
284,17720.0,Pseudomonas aeruginosa,Negative
285,17720.0,Staphylococcus aureus,Negative
286,17722.0,Pseudomonas aeruginosa,Negative
287,17722.0,Staphylococcus aureus,Negative
288,17761.0,Bacillus subtilis,Negative
289,17763.0,Bacillus subtilis,Negative
290,17763.0,Escherichia coli,Negative
291,17767.0,Bacillus subtilis,Negative
292,17767.0,Escherichia coli,Negative
293,17768.0,Escherichia coli,Negative
294,17768.0,Staphylococcus aureus,Negative
295,17771.0,Escherichia coli,Negative
296,17771.0,Staphylococcus aureus,Negative
297,17772.0,Escherichia coli,Negative
298,17772.0,Staphylococcus aureus,Negative
299,17773.0,Escherichia coli,Negative
300,17773.0,Staphylococcus aureus,Negative
301,17775.0,Escherichia coli,Negative
302,17775.0,Staphylococcus aureus,Negative
303,17776.0,Escherichia coli,Negative
304,17776.0,Staphylococcus aureus,Negative
305,17788.0,Escherichia coli,Negative
306,17789.0,Bacillus subtilis,Negative
307,17789.0,Escherichia coli,Negative
308,17791.0,Candida parapsilosis,Negative
309,17791.0,Escherichia coli,Negative
310,17796.0,Bacillus subtilis,Negative
311,17796.0,Candida parapsilosis,Negative
312,17796.0,Escherichia coli,Negative
313,17800.0,Escherichia coli,Negative
314,17802.0,Bacillus subtilis,Negative
315,17802.0,Escherichia coli,Negative
316,17805.0,Escherichia coli,Negative
317,17805.0,Staphylococcus aureus,Negative
318,17806.0,Escherichia coli,Negative
319,17806.0,Staphylococcus aureus,Negative
320,17807.0,Escherichia coli,Negative
321,17807.0,Staphylococcus aureus,Negative
322,17808.0,Escherichia coli,Negative
323,17808.0,Staphylococcus aureus,Negative
324,17809.0,Staphylococcus epidermidis,Negative
325,17816.0,Bacillus subtilis,Negative
326,17816.0,Candida albicans,Negative
327,17816.0,Escherichia coli,Negative
328,17816.0,Micrococcus luteus,Negative
329,17816.0,Pseudomonas aeruginosa,Negative
330,17816.0,Staphylococcus aureus,Negative
331,17817.0,Bacillus subtilis,Negative
332,17817.0,Candida albicans,Negative
333,17817.0,Escherichia coli,Negative
334,17817.0,Micrococcus luteus,Negative
335,17817.0,Pseudomonas aeruginosa,Negative
336,17817.0,Staphylococcus aureus,Negative
337,17818.0,Pseudomonas aeruginosa,Negative
338,17818.0,Staphylococcus aureus,Negative
339,17821.0,Escherichia coli,Negative
340,17821.0,Pseudomonas aeruginosa,Negative
341,17821.0,Staphylococcus aureus,Negative
342,17879.0,Candida albicans,Negative
343,17880.0,Candida albicans,Negative
344,17880.0,Escherichia coli,Negative
345,17880.0,Pseudomonas aeruginosa,Negative
346,17881.0,Candida albicans,Negative
347,17881.0,Escherichia coli,Negative
348,17881.0,Pseudomonas aeruginosa,Negative
349,17883.0,Staphylococcus aureus,Negative
350,17941.0,Staphylococcus aureus,Negative
351,17942.0,Staphylococcus aureus,Negative
352,17944.0,Staphylococcus aureus,Negative
353,17945.0,Staphylococcus aureus,Negative
354,17946.0,Staphylococcus aureus,Negative
355,17947.0,Staphylococcus aureus,Negative
356,17950.0,Staphylococcus aureus,Negative
357,17951.0,Staphylococcus aureus,Negative
358,17952.0,Staphylococcus aureus,Negative
359,17953.0,Staphylococcus aureus,Negative
360,17955.0,Staphylococcus aureus,Negative
361,17957.0,Staphylococcus aureus,Negative
362,17959.0,Staphylococcus aureus,Negative
363,17960.0,Staphylococcus aureus,Negative
364,17963.0,Staphylococcus aureus,Negative
365,17964.0,Staphylococcus aureus,Negative
366,17965.0,Staphylococcus aureus,Negative
367,17967.0,Staphylococcus aureus,Negative
368,17968.0,Staphylococcus aureus,Negative
369,17970.0,Staphylococcus aureus,Negative
370,17971.0,Staphylococcus aureus,Negative
371,17972.0,Staphylococcus aureus,Negative
372,17973.0,Staphylococcus aureus,Negative
373,17978.0,Staphylococcus aureus,Negative
374,17979.0,Staphylococcus aureus,Negative
375,17981.0,Staphylococcus aureus,Negative
376,18027.0,Bacillus subtilis,Negative
377,18038.0,Escherichia coli,Negative
378,18038.0,Klebsiella pneumoniae,Negative
379,18038.0,Pseudomonas aeruginosa,Negative
380,18038.0,Staphylococcus epidermidis,Negative
381,18039.0,Escherichia coli,Negative
382,18039.0,Klebsiella pneumoniae,Negative
383,18039.0,Pseudomonas aeruginosa,Negative
384,18039.0,Staphylococcus aureus,Negative
385,18039.0,Staphylococcus epidermidis,Negative
386,18040.0,Escherichia coli,Negative
387,18040.0,Klebsiella pneumoniae,Negative
388,18040.0,Pseudomonas aeruginosa,Negative
389,18040.0,Staphylococcus aureus,Negative
390,18041.0,Escherichia coli,Negative
391,18041.0,Klebsiella pneumoniae,Negative
392,18041.0,Pseudomonas aeruginosa,Negative
393,18041.0,Staphylococcus aureus,Negative
394,18041.0,Staphylococcus epidermidis,Negative
395,18045.0,Enterococcus faecalis,Negative
396,18047.0,Enterococcus faecalis,Negative
397,18047.0,Klebsiella pneumoniae,Negative
398,18047.0,Salmonella enterica,Negative
399,18047.0,Staphylococcus aureus,Negative
400,18053.0,Escherichia coli,Negative
401,18053.0,Pseudomonas aeruginosa,Negative
402,18054.0,Escherichia coli,Negative
403,18054.0,Pseudomonas aeruginosa,Negative
404,18055.0,Escherichia coli,Negative
405,18055.0,Pseudomonas aeruginosa,Negative
406,18055.0,Staphylococcus aureus,Negative
407,18056.0,Escherichia coli,Negative
408,18056.0,Pseudomonas aeruginosa,Negative
409,18057.0,Escherichia coli,Negative
410,18057.0,Pseudomonas aeruginosa,Negative
411,18058.0,Pseudomonas aeruginosa,Negative
412,18059.0,Escherichia coli,Negative
413,18059.0,Pseudomonas aeruginosa,Negative
414,18060.0,Escherichia coli,Negative
415,18060.0,Pseudomonas aeruginosa,Negative
416,18061.0,Escherichia coli,Negative
417,18061.0,Pseudomonas aeruginosa,Negative
418,18061.0,Staphylococcus aureus,Negative
419,18062.0,Escherichia coli,Negative
420,18062.0,Pseudomonas aeruginosa,Negative
421,18062.0,Staphylococcus aureus,Negative
422,18064.0,Escherichia coli,Negative
423,18064.0,Pseudomonas aeruginosa,Negative
424,18064.0,Staphylococcus aureus,Negative
425,18065.0,Escherichia coli,Negative
426,18065.0,Pseudomonas aeruginosa,Negative
427,18065.0,Staphylococcus aureus,Negative
428,18066.0,Escherichia coli,Negative
429,18066.0,Pseudomonas aeruginosa,Negative
430,18066.0,Staphylococcus aureus,Negative
431,18067.0,Pseudomonas aeruginosa,Negative
432,18071.0,Candida parapsilosis,Negative
433,18071.0,Enterococcus faecalis,Negative
434,18071.0,Staphylococcus aureus,Negative
435,18072.0,Candida parapsilosis,Negative
436,18072.0,Enterococcus faecalis,Negative
437,18072.0,Staphylococcus aureus,Negative
438,18080.0,Escherichia coli,Negative
439,18081.0,Acinetobacter baumannii,Negative
440,18081.0,Klebsiella pneumoniae,Negative
441,18081.0,Pseudomonas aeruginosa,Negative
442,18082.0,Escherichia coli,Negative
443,18085.0,Acinetobacter baumannii,Negative
444,18085.0,Escherichia coli,Negative
445,18085.0,Klebsiella pneumoniae,Negative
446,18085.0,Pseudomonas aeruginosa,Negative
447,18089.0,Escherichia coli,Negative
448,18090.0,Acinetobacter baumannii,Negative
449,18090.0,Escherichia coli,Negative
450,18090.0,Klebsiella pneumoniae,Negative
451,18090.0,Pseudomonas aeruginosa,Negative
452,18092.0,Escherichia coli,Negative
453,18104.0,Bacillus cereus,Negative
454,18104.0,Escherichia coli,Negative
455,18104.0,Listeria monocytogenes,Negative
456,18104.0,Salmonella enterica,Negative
457,18104.0,Staphylococcus aureus,Negative
458,18105.0,Escherichia coli,Negative
459,18105.0,Salmonella enterica,Negative
460,18105.0,Staphylococcus aureus,Negative
461,18108.0,Bacillus cereus,Negative
462,18108.0,Micrococcus luteus,Negative
463,18110.0,Bacillus cereus,Negative
464,18110.0,Escherichia coli,Negative
465,18110.0,Listeria monocytogenes,Negative
466,18110.0,Salmonella enterica,Negative
467,18110.0,Staphylococcus aureus,Negative
468,18112.0,Bacillus cereus,Negative
469,18112.0,Escherichia coli,Negative
470,18112.0,Listeria monocytogenes,Negative
471,18112.0,Salmonella enterica,Negative
472,18112.0,Staphylococcus aureus,Negative
473,18113.0,Escherichia coli,Negative
474,18113.0,Listeria monocytogenes,Negative
475,18113.0,Salmonella enterica,Negative
476,18113.0,Staphylococcus aureus,Negative
477,18114.0,Bacillus cereus,Negative
478,18114.0,Escherichia coli,Negative
479,18114.0,Salmonella enterica,Negative
480,18114.0,Staphylococcus aureus,Negative
481,18122.0,Staphylococcus aureus,Negative
482,18123.0,Staphylococcus aureus,Negative
483,18124.0,Staphylococcus aureus,Negative
484,18125.0,Staphylococcus aureus,Negative
485,18126.0,Staphylococcus aureus,Negative
486,18128.0,Staphylococcus aureus,Negative
487,18131.0,Staphylococcus aureus,Negative
488,18156.0,Bacillus subtilis,Negative
489,18156.0,Enterococcus faecalis,Negative
490,18156.0,Escherichia coli,Negative
491,18156.0,Staphylococcus aureus,Negative
492,18158.0,Bacillus subtilis,Negative
493,18158.0,Enterococcus faecalis,Negative
494,18158.0,Escherichia coli,Negative
495,18158.0,Staphylococcus aureus,Negative
496,18159.0,Escherichia coli,Negative
497,18159.0,Staphylococcus aureus,Negative
498,18162.0,Escherichia coli,Negative
499,18164.0,Escherichia coli,Negative
500,18164.0,Pseudomonas aeruginosa,Negative
501,18169.0,Klebsiella pneumoniae,Negative
502,18169.0,Pseudomonas aeruginosa,Negative
503,18172.0,Bacillus subtilis,Negative
504,18172.0,Klebsiella pneumoniae,Negative
505,18172.0,Pseudomonas aeruginosa,Negative
506,18172.0,Staphylococcus aureus,Negative
507,18175.0,Bacillus subtilis,Negative
508,18175.0,Staphylococcus aureus,Negative
509,18176.0,Bacillus subtilis,Negative
510,18176.0,Klebsiella pneumoniae,Negative
511,18176.0,Pseudomonas aeruginosa,Negative
512,18176.0,Staphylococcus aureus,Negative
513,18204.0,Escherichia coli,Negative
514,18234.0,Klebsiella pneumoniae,Negative
515,18234.0,Pseudomonas aeruginosa,Negative
516,1824.0,Enterococcus faecalis,Negative
517,1824.0,Pseudomonas aeruginosa,Negative
518,18250.0,Candida albicans,Negative
519,18250.0,Klebsiella pneumoniae,Negative
520,18250.0,Pseudomonas aeruginosa,Negative
521,18293.0,Escherichia coli,Negative
522,18293.0,Listeria monocytogenes,Negative
523,18296.0,Staphylococcus aureus,Negative
524,18299.0,Salmonella enterica,Negative
525,18299.0,Staphylococcus aureus,Negative
526,18306.0,Candida albicans,Negative
527,18318.0,Staphylococcus aureus,Negative
528,18320.0,Acinetobacter baumannii,Negative
529,18320.0,Candida albicans,Negative
530,18320.0,Candida parapsilosis,Negative
531,18320.0,Enterobacter cloacae,Negative
532,18320.0,Klebsiella pneumoniae,Negative
533,18320.0,Pseudomonas aeruginosa,Negative
534,18320.0,Staphylococcus aureus,Negative
535,18320.0,Staphylococcus epidermidis,Negative
536,18325.0,Enterococcus faecalis,Negative
537,18325.0,Pseudomonas aeruginosa,Negative
538,18326.0,Enterococcus faecalis,Negative
539,18326.0,Klebsiella pneumoniae,Negative
540,18326.0,Pseudomonas aeruginosa,Negative
541,18327.0,Enterobacter cloacae,Negative
542,18327.0,Enterococcus faecalis,Negative
543,18327.0,Pseudomonas aeruginosa,Negative
544,18328.0,Enterobacter cloacae,Negative
545,18328.0,Enterococcus faecalis,Negative
546,18328.0,Klebsiella pneumoniae,Negative
547,18328.0,Pseudomonas aeruginosa,Negative
548,18330.0,Bacillus subtilis,Negative
549,18330.0,Enterococcus faecalis,Negative
550,18330.0,Escherichia coli,Negative
551,18330.0,Klebsiella pneumoniae,Negative
552,18330.0,Pseudomonas aeruginosa,Negative
553,18330.0,Salmonella enterica,Negative
554,18330.0,Staphylococcus aureus,Negative
555,18331.0,Enterobacter cloacae,Negative
556,18331.0,Enterococcus faecalis,Negative
557,18331.0,Klebsiella pneumoniae,Negative
558,18331.0,Pseudomonas aeruginosa,Negative
559,18331.0,Salmonella enterica,Negative
560,18331.0,Staphylococcus aureus,Negative
561,18343.0,Staphylococcus aureus,Negative
562,18370.0,Enterococcus faecalis,Negative
563,18465.0,Candida albicans,Negative
564,18465.0,Enterococcus faecalis,Negative
565,18465.0,Listeria monocytogenes,Negative
566,18465.0,Staphylococcus aureus,Negative
567,18474.0,Candida albicans,Negative
568,18474.0,Escherichia coli,Negative
569,18474.0,Klebsiella pneumoniae,Negative
570,18474.0,Staphylococcus aureus,Negative
571,18477.0,Bacillus subtilis,Negative
572,18477.0,Candida albicans,Negative
573,18477.0,Candida parapsilosis,Negative
574,18477.0,Listeria monocytogenes,Negative
575,18477.0,Staphylococcus aureus,Negative
576,18511.0,Escherichia coli,Negative
577,18511.0,Salmonella enterica,Negative
578,18576.0,Salmonella enterica,Negative
579,18578.0,Candida albicans,Negative
580,18578.0,Candida parapsilosis,Negative
581,18578.0,Cryptococcus neoformans,Negative
582,18580.0,Candida albicans,Negative
583,18580.0,Candida parapsilosis,Negative
584,18580.0,Cryptococcus neoformans,Negative
585,18581.0,Candida albicans,Negative
586,18583.0,Candida albicans,Negative
587,18585.0,Candida albicans,Negative
588,18585.0,Candida parapsilosis,Negative
589,18585.0,Cryptococcus neoformans,Negative
590,18587.0,Candida albicans,Negative
591,18587.0,Candida parapsilosis,Negative
592,18587.0,Cryptococcus neoformans,Negative
593,18588.0,Candida albicans,Negative
594,18588.0,Candida parapsilosis,Negative
595,18588.0,Cryptococcus neoformans,Negative
596,18589.0,Candida albicans,Negative
597,18589.0,Candida parapsilosis,Negative
598,18589.0,Cryptococcus neoformans,Negative
599,18599.0,Escherichia coli,Negative
600,18599.0,Staphylococcus aureus,Negative
601,18600.0,Escherichia coli,Negative
602,18600.0,Micrococcus luteus,Negative
603,18600.0,Staphylococcus aureus,Negative
604,18602.0,Staphylococcus aureus,Negative
605,18604.0,Escherichia coli,Negative
606,18604.0,Staphylococcus aureus,Negative
607,18606.0,Escherichia coli,Negative
608,18606.0,Staphylococcus aureus,Negative
609,18609.0,Staphylococcus aureus,Negative
610,18611.0,Escherichia coli,Negative
611,18611.0,Klebsiella pneumoniae,Negative
612,18611.0,Micrococcus luteus,Negative
613,18611.0,Staphylococcus aureus,Negative
614,18612.0,Escherichia coli,Negative
615,18612.0,Klebsiella pneumoniae,Negative
616,18612.0,Staphylococcus aureus,Negative
617,18622.0,Escherichia coli,Negative
618,18622.0,Klebsiella pneumoniae,Negative
619,18622.0,Staphylococcus aureus,Negative
620,18623.0,Escherichia coli,Negative
621,18623.0,Klebsiella pneumoniae,Negative
622,18623.0,Staphylococcus aureus,Negative
623,18624.0,Escherichia coli,Negative
624,18643.0,Escherichia coli,Negative
625,18643.0,Pseudomonas aeruginosa,Negative
626,18643.0,Staphylococcus aureus,Negative
627,18644.0,Pseudomonas aeruginosa,Negative
628,18654.0,Bacillus subtilis,Negative
629,18654.0,Enterococcus faecalis,Negative
630,18654.0,Enterococcus faecium,Negative
631,18654.0,Escherichia coli,Negative
632,18654.0,Pseudomonas aeruginosa,Negative
633,18654.0,Staphylococcus aureus,Negative
634,18654.0,Staphylococcus epidermidis,Negative
635,18655.0,Bacillus subtilis,Negative
636,18655.0,Enterococcus faecalis,Negative
637,18655.0,Enterococcus faecium,Negative
638,18655.0,Escherichia coli,Negative
639,18655.0,Pseudomonas aeruginosa,Negative
640,18655.0,Staphylococcus aureus,Negative
641,18655.0,Staphylococcus epidermidis,Negative
642,18656.0,Enterococcus faecalis,Negative
643,18656.0,Escherichia coli,Negative
644,18656.0,Pseudomonas aeruginosa,Negative
645,18657.0,Enterococcus faecalis,Negative
646,18657.0,Enterococcus faecium,Negative
647,18657.0,Escherichia coli,Negative
648,18657.0,Pseudomonas aeruginosa,Negative
649,18658.0,Escherichia coli,Negative
650,18658.0,Pseudomonas aeruginosa,Negative
651,18660.0,Cryptococcus neoformans,Negative
652,18666.0,Enterococcus faecalis,Negative
653,18666.0,Escherichia coli,Negative
654,18666.0,Pseudomonas aeruginosa,Negative
655,18735.0,Candida albicans,Negative
656,18735.0,Escherichia coli,Negative
657,18735.0,Pseudomonas aeruginosa,Negative
658,18735.0,Staphylococcus aureus,Negative
659,18736.0,Candida albicans,Negative
660,18736.0,Escherichia coli,Negative
661,18736.0,Pseudomonas aeruginosa,Negative
662,18736.0,Staphylococcus aureus,Negative
663,18737.0,Candida albicans,Negative
664,18737.0,Escherichia coli,Negative
665,18737.0,Pseudomonas aeruginosa,Negative
666,18780.0,Staphylococcus aureus,Negative
667,18786.0,Klebsiella pneumoniae,Negative
668,18787.0,Pseudomonas aeruginosa,Negative
669,18788.0,Candida albicans,Negative
670,18788.0,Cryptococcus neoformans,Negative
671,18788.0,Enterococcus faecalis,Negative
672,18788.0,Escherichia coli,Negative
673,18788.0,Klebsiella pneumoniae,Negative
674,18788.0,Pseudomonas aeruginosa,Negative
675,18788.0,Staphylococcus aureus,Negative
676,18788.0,Staphylococcus epidermidis,Negative
677,18811.0,Enterococcus faecalis,Negative
678,18811.0,Salmonella enterica,Negative
679,18811.0,Staphylococcus aureus,Negative
680,18811.0,Staphylococcus epidermidis,Negative
681,18824.0,Pseudomonas aeruginosa,Negative
682,18832.0,Enterococcus faecalis,Negative
683,18832.0,Staphylococcus aureus,Negative
684,18832.0,Staphylococcus epidermidis,Negative
685,18835.0,Escherichia coli,Negative
686,18836.0,Escherichia coli,Negative
687,18838.0,Escherichia coli,Negative
688,18839.0,Escherichia coli,Negative
689,18843.0,Escherichia coli,Negative
690,18846.0,Escherichia coli,Negative
691,18847.0,Escherichia coli,Negative
692,18855.0,Bacillus subtilis,Negative
693,18855.0,Klebsiella pneumoniae,Negative
694,18855.0,Pseudomonas aeruginosa,Negative
695,18855.0,Staphylococcus epidermidis,Negative
696,18858.0,Bacillus subtilis,Negative
697,18858.0,Candida albicans,Negative
698,18858.0,Escherichia coli,Negative
699,18858.0,Klebsiella pneumoniae,Negative
700,18858.0,Pseudomonas aeruginosa,Negative
701,18858.0,Staphylococcus aureus,Negative
702,18858.0,Staphylococcus epidermidis,Negative
703,18982.0,Candida albicans,Negative
704,18982.0,Klebsiella pneumoniae,Negative
705,18982.0,Pseudomonas aeruginosa,Negative
706,19001.0,Candida albicans,Negative
707,19001.0,Candida parapsilosis,Negative
708,19001.0,Enterococcus faecalis,Negative
709,19003.0,Candida albicans,Negative
710,19003.0,Escherichia coli,Negative
711,19003.0,Pseudomonas aeruginosa,Negative
712,19003.0,Staphylococcus aureus,Negative
713,19019.0,Candida albicans,Negative
714,19019.0,Cryptococcus neoformans,Negative
715,19019.0,Micrococcus luteus,Negative
716,19019.0,Staphylococcus aureus,Negative
717,19076.0,Enterococcus faecalis,Negative
718,19076.0,Escherichia coli,Negative
719,19076.0,Listeria monocytogenes,Negative
720,19076.0,Pseudomonas aeruginosa,Negative
721,19076.0,Salmonella enterica,Negative
722,19076.0,Staphylococcus aureus,Negative
723,19076.0,Staphylococcus epidermidis,Negative
724,19120.0,Acinetobacter baumannii,Negative
725,19120.0,Enterobacter cloacae,Negative
726,19120.0,Klebsiella pneumoniae,Negative
727,19120.0,Pseudomonas aeruginosa,Negative
728,19124.0,Klebsiella pneumoniae,Negative
729,19125.0,Klebsiella pneumoniae,Negative
730,19126.0,Klebsiella pneumoniae,Negative
731,19127.0,Escherichia coli,Negative
732,19127.0,Klebsiella pneumoniae,Negative
733,19127.0,Pseudomonas aeruginosa,Negative
734,19127.0,Staphylococcus aureus,Negative
735,19127.0,Staphylococcus epidermidis,Negative
736,19134.0,Bacillus subtilis,Negative
737,19134.0,Escherichia coli,Negative
738,19134.0,Pseudomonas aeruginosa,Negative
739,19134.0,Staphylococcus aureus,Negative
740,19135.0,Bacillus subtilis,Negative
741,19135.0,Escherichia coli,Negative
742,19135.0,Pseudomonas aeruginosa,Negative
743,19135.0,Staphylococcus aureus,Negative
744,19136.0,Escherichia coli,Negative
745,19136.0,Pseudomonas aeruginosa,Negative
746,19138.0,Bacillus subtilis,Negative
747,19138.0,Escherichia coli,Negative
748,19138.0,Pseudomonas aeruginosa,Negative
749,19138.0,Staphylococcus aureus,Negative
750,19139.0,Bacillus subtilis,Negative
751,19139.0,Escherichia coli,Negative
752,19139.0,Pseudomonas aeruginosa,Negative
753,19139.0,Staphylococcus aureus,Negative
754,19147.0,Acinetobacter baumannii,Negative
755,19147.0,Bacillus subtilis,Negative
756,19147.0,Enterococcus faecium,Negative
757,19147.0,Escherichia coli,Negative
758,19147.0,Klebsiella pneumoniae,Negative
759,19147.0,Listeria monocytogenes,Negative
760,19147.0,Pseudomonas aeruginosa,Negative
761,19147.0,Staphylococcus aureus,Negative
762,19148.0,Acinetobacter baumannii,Negative
763,19148.0,Enterococcus faecium,Negative
764,19148.0,Escherichia coli,Negative
765,19148.0,Klebsiella pneumoniae,Negative
766,19148.0,Listeria monocytogenes,Negative
767,19148.0,Pseudomonas aeruginosa,Negative
768,19148.0,Staphylococcus aureus,Negative
769,19150.0,Acinetobacter baumannii,Negative
770,19150.0,Bacillus subtilis,Negative
771,19150.0,Escherichia coli,Negative
772,19150.0,Klebsiella pneumoniae,Negative
773,19150.0,Listeria monocytogenes,Negative
774,19150.0,Pseudomonas aeruginosa,Negative
775,19150.0,Staphylococcus aureus,Negative
776,19151.0,Acinetobacter baumannii,Negative
777,19151.0,Bacillus subtilis,Negative
778,19151.0,Enterococcus faecium,Negative
779,19151.0,Escherichia coli,Negative
780,19151.0,Klebsiella pneumoniae,Negative
781,19151.0,Listeria monocytogenes,Negative
782,19151.0,Pseudomonas aeruginosa,Negative
783,19151.0,Staphylococcus aureus,Negative
784,19152.0,Acinetobacter baumannii,Negative
785,19152.0,Bacillus subtilis,Negative
786,19152.0,Enterococcus faecium,Negative
787,19152.0,Escherichia coli,Negative
788,19152.0,Klebsiella pneumoniae,Negative
789,19152.0,Listeria monocytogenes,Negative
790,19152.0,Pseudomonas aeruginosa,Negative
791,19152.0,Staphylococcus aureus,Negative
792,19162.0,Escherichia coli,Negative
793,19162.0,Staphylococcus aureus,Negative
794,19197.0,Staphylococcus aureus,Negative
795,19204.0,Staphylococcus aureus,Negative
796,19246.0,Acinetobacter baumannii,Negative
797,19246.0,Enterobacter cloacae,Negative
798,19246.0,Enterococcus faecium,Negative
799,19246.0,Klebsiella pneumoniae,Negative
800,19248.0,Pseudomonas aeruginosa,Negative
801,19255.0,Acinetobacter baumannii,Negative
802,19255.0,Klebsiella pneumoniae,Negative
803,19255.0,Pseudomonas aeruginosa,Negative
804,19265.0,Escherichia coli,Negative
805,19283.0,Candida albicans,Negative
806,19286.0,Candida albicans,Negative
807,19286.0,Enterococcus faecalis,Negative
808,19286.0,Escherichia coli,Negative
809,19286.0,Klebsiella pneumoniae,Negative
810,19286.0,Pseudomonas aeruginosa,Negative
811,19286.0,Staphylococcus aureus,Negative
812,19289.0,Candida albicans,Negative
813,19289.0,Escherichia coli,Negative
814,19289.0,Staphylococcus aureus,Negative
815,19290.0,Candida albicans,Negative
816,19290.0,Escherichia coli,Negative
817,19290.0,Staphylococcus aureus,Negative
818,19291.0,Candida albicans,Negative
819,19292.0,Candida albicans,Negative
820,19292.0,Staphylococcus aureus,Negative
821,19293.0,Candida albicans,Negative
822,19302.0,Candida albicans,Negative
823,19302.0,Candida parapsilosis,Negative
824,19303.0,Candida albicans,Negative
825,19303.0,Candida parapsilosis,Negative
826,19309.0,Candida albicans,Negative
827,19313.0,Candida albicans,Negative
828,19355.0,Klebsiella pneumoniae,Negative
829,19358.0,Staphylococcus aureus,Negative
830,19359.0,Acinetobacter baumannii,Negative
831,19359.0,Bacillus subtilis,Negative
832,19359.0,Escherichia coli,Negative
833,19359.0,Klebsiella pneumoniae,Negative
834,19359.0,Pseudomonas aeruginosa,Negative
835,19359.0,Staphylococcus aureus,Negative
836,19369.0,Klebsiella pneumoniae,Negative
837,19375.0,Escherichia coli,Negative
838,19375.0,Pseudomonas aeruginosa,Negative
839,19375.0,Staphylococcus aureus,Negative
840,19411.0,Pseudomonas aeruginosa,Negative
841,19434.0,Escherichia coli,Negative
842,19436.0,Candida albicans,Negative
843,19437.0,Cryptococcus neoformans,Negative
844,19440.0,Candida albicans,Negative
845,19440.0,Cryptococcus neoformans,Negative
846,19442.0,Candida albicans,Negative
847,19442.0,Cryptococcus neoformans,Negative
848,19478.0,Acinetobacter baumannii,Negative
849,19478.0,Bacillus cereus,Negative
850,19478.0,Enterobacter cloacae,Negative
851,19478.0,Enterococcus faecalis,Negative
852,19478.0,Enterococcus faecium,Negative
853,19478.0,Escherichia coli,Negative
854,19478.0,Klebsiella pneumoniae,Negative
855,19478.0,Pseudomonas aeruginosa,Negative
856,19478.0,Staphylococcus aureus,Negative
857,19478.0,Staphylococcus epidermidis,Negative
858,19479.0,Acinetobacter baumannii,Negative
859,19479.0,Bacillus cereus,Negative
860,19479.0,Enterobacter cloacae,Negative
861,19479.0,Enterococcus faecalis,Negative
862,19479.0,Enterococcus faecium,Negative
863,19479.0,Escherichia coli,Negative
864,19479.0,Klebsiella pneumoniae,Negative
865,19479.0,Pseudomonas aeruginosa,Negative
866,19479.0,Staphylococcus aureus,Negative
867,19479.0,Staphylococcus epidermidis,Negative
868,19480.0,Enterobacter cloacae,Negative
869,19485.0,Bacillus cereus,Negative
870,19485.0,Enterobacter cloacae,Negative
871,19487.0,Enterobacter cloacae,Negative
872,19490.0,Staphylococcus aureus,Negative
873,19516.0,Enterococcus faecalis,Negative
874,19516.0,Pseudomonas aeruginosa,Negative
875,19516.0,Salmonella enterica,Negative
876,19516.0,Staphylococcus aureus,Negative
877,19516.0,Staphylococcus epidermidis,Negative
878,19517.0,Enterococcus faecalis,Negative
879,19517.0,Salmonella enterica,Negative
880,19517.0,Staphylococcus aureus,Negative
881,19517.0,Staphylococcus epidermidis,Negative
882,19518.0,Enterococcus faecalis,Negative
883,19518.0,Escherichia coli,Negative
884,19518.0,Pseudomonas aeruginosa,Negative
885,19518.0,Salmonella enterica,Negative
886,19518.0,Staphylococcus aureus,Negative
887,19518.0,Staphylococcus epidermidis,Negative
888,19520.0,Enterococcus faecalis,Negative
889,19520.0,Staphylococcus aureus,Negative
890,19520.0,Staphylococcus epidermidis,Negative
891,19521.0,Enterococcus faecalis,Negative
892,19521.0,Pseudomonas aeruginosa,Negative
893,19521.0,Salmonella enterica,Negative
894,19521.0,Staphylococcus aureus,Negative
895,19521.0,Staphylococcus epidermidis,Negative
896,19523.0,Enterococcus faecalis,Negative
897,19523.0,Pseudomonas aeruginosa,Negative
898,19523.0,Salmonella enterica,Negative
899,19523.0,Staphylococcus aureus,Negative
900,19523.0,Staphylococcus epidermidis,Negative
901,19524.0,Enterococcus faecalis,Negative
902,19524.0,Staphylococcus aureus,Negative
903,19524.0,Staphylococcus epidermidis,Negative
904,19526.0,Enterococcus faecalis,Negative
905,19526.0,Salmonella enterica,Negative
906,19526.0,Staphylococcus aureus,Negative
907,19526.0,Staphylococcus epidermidis,Negative
908,19527.0,Enterococcus faecalis,Negative
909,19527.0,Staphylococcus aureus,Negative
910,19527.0,Staphylococcus epidermidis,Negative
911,19552.0,Enterococcus faecalis,Negative
912,19552.0,Staphylococcus aureus,Negative
913,19552.0,Staphylococcus epidermidis,Negative
914,19556.0,Pseudomonas aeruginosa,Negative
915,19569.0,Enterococcus faecalis,Negative
916,19569.0,Escherichia coli,Negative
917,19569.0,Pseudomonas aeruginosa,Negative
918,19569.0,Staphylococcus aureus,Negative
919,19570.0,Enterococcus faecalis,Negative
920,19570.0,Escherichia coli,Negative
921,19570.0,Pseudomonas aeruginosa,Negative
922,19570.0,Staphylococcus aureus,Negative
923,19572.0,Enterococcus faecalis,Negative
924,19574.0,Enterococcus faecalis,Negative
925,19574.0,Escherichia coli,Negative
926,19574.0,Pseudomonas aeruginosa,Negative
927,19574.0,Staphylococcus aureus,Negative
928,19575.0,Enterococcus faecalis,Negative
929,19577.0,Enterococcus faecalis,Negative
930,19577.0,Escherichia coli,Negative
931,19577.0,Pseudomonas aeruginosa,Negative
932,19577.0,Staphylococcus aureus,Negative
933,19579.0,Enterococcus faecalis,Negative
934,19579.0,Staphylococcus aureus,Negative
935,19580.0,Enterococcus faecalis,Negative
936,19580.0,Escherichia coli,Negative
937,19580.0,Pseudomonas aeruginosa,Negative
938,19580.0,Staphylococcus aureus,Negative
939,19587.0,Escherichia coli,Negative
940,19603.0,Klebsiella pneumoniae,Negative
941,19606.0,Enterococcus faecalis,Negative
942,19606.0,Klebsiella pneumoniae,Negative
943,19606.0,Pseudomonas aeruginosa,Negative
944,19607.0,Bacillus subtilis,Negative
945,19607.0,Enterococcus faecalis,Negative
946,19607.0,Escherichia coli,Negative
947,19607.0,Klebsiella pneumoniae,Negative
948,19607.0,Pseudomonas aeruginosa,Negative
949,19607.0,Staphylococcus aureus,Negative
950,19607.0,Staphylococcus epidermidis,Negative
951,19609.0,Enterococcus faecalis,Negative
952,19609.0,Escherichia coli,Negative
953,19609.0,Klebsiella pneumoniae,Negative
954,19635.0,Acinetobacter baumannii,Negative
955,19635.0,Staphylococcus aureus,Negative
956,19637.0,Staphylococcus aureus,Negative
957,19638.0,Staphylococcus aureus,Negative
958,19646.0,Candida parapsilosis,Negative
959,19646.0,Escherichia coli,Negative
960,19646.0,Klebsiella pneumoniae,Negative
961,19646.0,Pseudomonas aeruginosa,Negative
962,19646.0,Staphylococcus aureus,Negative
963,19646.0,Staphylococcus epidermidis,Negative
964,19675.0,Staphylococcus epidermidis,Negative
965,19677.0,Staphylococcus epidermidis,Negative
966,19681.0,Staphylococcus epidermidis,Negative
967,19695.0,Escherichia coli,Negative
968,197.0,Enterococcus faecalis,Negative
969,19818.0,Enterococcus faecalis,Negative
970,19818.0,Staphylococcus aureus,Negative
971,19819.0,Enterococcus faecalis,Negative
972,19819.0,Enterococcus faecium,Negative
973,19819.0,Staphylococcus aureus,Negative
974,19820.0,Enterococcus faecalis,Negative
975,19820.0,Staphylococcus aureus,Negative
976,19825.0,Enterococcus faecalis,Negative
977,19825.0,Staphylococcus aureus,Negative
978,19826.0,Enterococcus faecalis,Negative
979,19827.0,Enterococcus faecalis,Negative
980,19827.0,Staphylococcus aureus,Negative
981,19828.0,Enterococcus faecalis,Negative
982,19828.0,Staphylococcus aureus,Negative
983,19830.0,Candida albicans,Negative
984,19833.0,Candida albicans,Negative
985,19833.0,Enterococcus faecalis,Negative
986,19833.0,Escherichia coli,Negative
987,19833.0,Klebsiella pneumoniae,Negative
988,19833.0,Pseudomonas aeruginosa,Negative
989,19833.0,Staphylococcus aureus,Negative
990,19834.0,Candida albicans,Negative
991,19834.0,Enterococcus faecalis,Negative
992,19834.0,Escherichia coli,Negative
993,19834.0,Klebsiella pneumoniae,Negative
994,19834.0,Pseudomonas aeruginosa,Negative
995,19834.0,Staphylococcus aureus,Negative
996,19835.0,Candida albicans,Negative
997,19835.0,Enterococcus faecalis,Negative
998,19835.0,Escherichia coli,Negative
999,19835.0,Klebsiella pneumoniae,Negative
1000,19835.0,Pseudomonas aeruginosa,Negative
1001,19835.0,Staphylococcus aureus,Negative
1002,19844.0,Escherichia coli,Negative
1003,19844.0,Klebsiella pneumoniae,Negative
1004,19844.0,Pseudomonas aeruginosa,Negative
1005,19846.0,Bacillus subtilis,Negative
1006,19846.0,Escherichia coli,Negative
1007,19846.0,Klebsiella pneumoniae,Negative
1008,19846.0,Pseudomonas aeruginosa,Negative
1009,19846.0,Staphylococcus aureus,Negative
1010,19847.0,Bacillus subtilis,Negative
1011,19847.0,Escherichia coli,Negative
1012,19847.0,Klebsiella pneumoniae,Negative
1013,19847.0,Pseudomonas aeruginosa,Negative
1014,19847.0,Staphylococcus aureus,Negative
1015,19849.0,Bacillus subtilis,Negative
1016,19849.0,Escherichia coli,Negative
1017,19849.0,Klebsiella pneumoniae,Negative
1018,19849.0,Pseudomonas aeruginosa,Negative
1019,19849.0,Staphylococcus aureus,Negative
1020,19850.0,Bacillus subtilis,Negative
1021,19850.0,Escherichia coli,Negative
1022,19850.0,Klebsiella pneumoniae,Negative
1023,19850.0,Pseudomonas aeruginosa,Negative
1024,19850.0,Staphylococcus aureus,Negative
1025,19851.0,Escherichia coli,Negative
1026,19851.0,Klebsiella pneumoniae,Negative
1027,19851.0,Pseudomonas aeruginosa,Negative
1028,19852.0,Escherichia coli,Negative
1029,19852.0,Klebsiella pneumoniae,Negative
1030,19852.0,Pseudomonas aeruginosa,Negative
1031,19854.0,Bacillus subtilis,Negative
1032,19854.0,Escherichia coli,Negative
1033,19854.0,Klebsiella pneumoniae,Negative
1034,19854.0,Pseudomonas aeruginosa,Negative
1035,19854.0,Staphylococcus aureus,Negative
1036,19856.0,Bacillus subtilis,Negative
1037,19856.0,Klebsiella pneumoniae,Negative
1038,19856.0,Staphylococcus aureus,Negative
1039,19860.0,Escherichia coli,Negative
1040,19860.0,Klebsiella pneumoniae,Negative
1041,19860.0,Pseudomonas aeruginosa,Negative
1042,19865.0,Acinetobacter baumannii,Negative
1043,19865.0,Enterococcus faecalis,Negative
1044,19865.0,Enterococcus faecium,Negative
1045,19865.0,Escherichia coli,Negative
1046,19865.0,Klebsiella pneumoniae,Negative
1047,19865.0,Pseudomonas aeruginosa,Negative
1048,19865.0,Salmonella enterica,Negative
1049,19865.0,Staphylococcus aureus,Negative
1050,19866.0,Enterococcus faecium,Negative
1051,19878.0,Staphylococcus aureus,Negative
1052,19881.0,Staphylococcus aureus,Negative
1053,19882.0,Staphylococcus aureus,Negative
1054,19885.0,Staphylococcus aureus,Negative
1055,19890.0,Bacillus subtilis,Negative
1056,19890.0,Candida albicans,Negative
1057,19890.0,Staphylococcus aureus,Negative
1058,19899.0,Acinetobacter baumannii,Negative
1059,19899.0,Escherichia coli,Negative
1060,19899.0,Staphylococcus aureus,Negative
1061,19900.0,Staphylococcus aureus,Negative
1062,19905.0,Pseudomonas aeruginosa,Negative
1063,19908.0,Acinetobacter baumannii,Negative
1064,19908.0,Pseudomonas aeruginosa,Negative
1065,19908.0,Staphylococcus aureus,Negative
1066,19912.0,Pseudomonas aeruginosa,Negative
1067,19913.0,Pseudomonas aeruginosa,Negative
1068,19914.0,Staphylococcus aureus,Negative
1069,19915.0,Acinetobacter baumannii,Negative
1070,19915.0,Pseudomonas aeruginosa,Negative
1071,19915.0,Staphylococcus aureus,Negative
1072,19916.0,Staphylococcus aureus,Negative
1073,19918.0,Acinetobacter baumannii,Negative
1074,19918.0,Escherichia coli,Negative
1075,19918.0,Pseudomonas aeruginosa,Negative
1076,19918.0,Staphylococcus aureus,Negative
1077,19919.0,Acinetobacter baumannii,Negative
1078,19919.0,Escherichia coli,Negative
1079,19919.0,Pseudomonas aeruginosa,Negative
1080,19919.0,Staphylococcus aureus,Negative
1081,19920.0,Acinetobacter baumannii,Negative
1082,19920.0,Escherichia coli,Negative
1083,19920.0,Pseudomonas aeruginosa,Negative
1084,19920.0,Staphylococcus aureus,Negative
1085,19922.0,Acinetobacter baumannii,Negative
1086,19922.0,Escherichia coli,Negative
1087,19922.0,Pseudomonas aeruginosa,Negative
1088,19922.0,Staphylococcus aureus,Negative
1089,19923.0,Acinetobacter baumannii,Negative
1090,19923.0,Candida albicans,Negative
1091,19923.0,Enterococcus faecalis,Negative
1092,19923.0,Pseudomonas aeruginosa,Negative
1093,19923.0,Staphylococcus aureus,Negative
1094,19924.0,Enterococcus faecalis,Negative
1095,19925.0,Candida albicans,Negative
1096,19925.0,Enterococcus faecalis,Negative
1097,19925.0,Escherichia coli,Negative
1098,19925.0,Pseudomonas aeruginosa,Negative
1099,19926.0,Acinetobacter baumannii,Negative
1100,19926.0,Candida albicans,Negative
1101,19926.0,Enterococcus faecalis,Negative
1102,19926.0,Klebsiella pneumoniae,Negative
1103,19926.0,Staphylococcus aureus,Negative
1104,19927.0,Candida albicans,Negative
1105,19927.0,Enterococcus faecalis,Negative
1106,19928.0,Candida albicans,Negative
1107,19928.0,Enterococcus faecalis,Negative
1108,19929.0,Candida albicans,Negative
1109,19929.0,Enterococcus faecalis,Negative
1110,19934.0,Escherichia coli,Negative
1111,19934.0,Pseudomonas aeruginosa,Negative
1112,19934.0,Salmonella enterica,Negative
1113,19934.0,Staphylococcus aureus,Negative
1114,19934.0,Staphylococcus epidermidis,Negative
1115,19935.0,Escherichia coli,Negative
1116,19935.0,Pseudomonas aeruginosa,Negative
1117,19935.0,Salmonella enterica,Negative
1118,19935.0,Staphylococcus aureus,Negative
1119,19935.0,Staphylococcus epidermidis,Negative
1120,19936.0,Escherichia coli,Negative
1121,19936.0,Pseudomonas aeruginosa,Negative
1122,19936.0,Salmonella enterica,Negative
1123,19936.0,Staphylococcus epidermidis,Negative
1124,19962.0,Enterococcus faecalis,Negative
1125,19963.0,Enterococcus faecalis,Negative
1126,19987.0,Acinetobacter baumannii,Negative
1127,19987.0,Escherichia coli,Negative
1128,19987.0,Staphylococcus epidermidis,Negative
1129,19988.0,Acinetobacter baumannii,Negative
1130,19988.0,Staphylococcus epidermidis,Negative
1131,19989.0,Acinetobacter baumannii,Negative
1132,19989.0,Bacillus cereus,Negative
1133,19989.0,Enterobacter cloacae,Negative
1134,19989.0,Enterococcus faecium,Negative
1135,19989.0,Pseudomonas aeruginosa,Negative
1136,19989.0,Staphylococcus aureus,Negative
1137,19991.0,Enterococcus faecalis,Negative
1138,19992.0,Enterococcus faecalis,Negative
1139,19996.0,Klebsiella pneumoniae,Negative
1140,20001.0,Klebsiella pneumoniae,Negative
1141,20016.0,Bacillus cereus,Negative
1142,20016.0,Escherichia coli,Negative
1143,20016.0,Staphylococcus aureus,Negative
1144,20022.0,Acinetobacter baumannii,Negative
1145,20022.0,Escherichia coli,Negative
1146,20022.0,Klebsiella pneumoniae,Negative
1147,20022.0,Pseudomonas aeruginosa,Negative
1148,20022.0,Staphylococcus aureus,Negative
1149,20023.0,Escherichia coli,Negative
1150,20023.0,Pseudomonas aeruginosa,Negative
1151,20023.0,Staphylococcus aureus,Negative
1152,20024.0,Acinetobacter baumannii,Negative
1153,20024.0,Escherichia coli,Negative
1154,20024.0,Pseudomonas aeruginosa,Negative
1155,20024.0,Staphylococcus aureus,Negative
1156,20035.0,Acinetobacter baumannii,Negative
1157,20035.0,Escherichia coli,Negative
1158,20035.0,Klebsiella pneumoniae,Negative
1159,20035.0,Salmonella enterica,Negative
1160,20036.0,Acinetobacter baumannii,Negative
1161,20036.0,Escherichia coli,Negative
1162,20036.0,Klebsiella pneumoniae,Negative
1163,20036.0,Salmonella enterica,Negative
1164,20037.0,Enterobacter cloacae,Negative
1165,20037.0,Staphylococcus aureus,Negative
1166,20041.0,Acinetobacter baumannii,Negative
1167,20041.0,Enterococcus faecalis,Negative
1168,20041.0,Escherichia coli,Negative
1169,20041.0,Klebsiella pneumoniae,Negative
1170,20041.0,Pseudomonas aeruginosa,Negative
1171,20042.0,Acinetobacter baumannii,Negative
1172,20042.0,Enterococcus faecalis,Negative
1173,20042.0,Escherichia coli,Negative
1174,20042.0,Klebsiella pneumoniae,Negative
1175,20042.0,Pseudomonas aeruginosa,Negative
1176,20043.0,Acinetobacter baumannii,Negative
1177,20043.0,Enterococcus faecalis,Negative
1178,20043.0,Escherichia coli,Negative
1179,20043.0,Klebsiella pneumoniae,Negative
1180,20045.0,Acinetobacter baumannii,Negative
1181,20045.0,Bacillus subtilis,Negative
1182,20045.0,Enterococcus faecalis,Negative
1183,20045.0,Escherichia coli,Negative
1184,20045.0,Klebsiella pneumoniae,Negative
1185,20045.0,Pseudomonas aeruginosa,Negative
1186,20045.0,Staphylococcus aureus,Negative
1187,20045.0,Staphylococcus epidermidis,Negative
1188,20059.0,Acinetobacter baumannii,Negative
1189,20061.0,Enterococcus faecalis,Negative
1190,20061.0,Klebsiella pneumoniae,Negative
1191,20066.0,Bacillus cereus,Negative
1192,20066.0,Micrococcus luteus,Negative
1193,20067.0,Staphylococcus aureus,Negative
1194,20069.0,Bacillus cereus,Negative
1195,20069.0,Micrococcus luteus,Negative
1196,20070.0,Bacillus cereus,Negative
1197,20075.0,Acinetobacter baumannii,Negative
1198,20075.0,Enterococcus faecalis,Negative
1199,20075.0,Escherichia coli,Negative
1200,20075.0,Klebsiella pneumoniae,Negative
1201,20075.0,Pseudomonas aeruginosa,Negative
1202,20076.0,Acinetobacter baumannii,Negative
1203,20076.0,Enterococcus faecalis,Negative
1204,20076.0,Klebsiella pneumoniae,Negative
1205,20076.0,Pseudomonas aeruginosa,Negative
1206,20077.0,Acinetobacter baumannii,Negative
1207,20077.0,Enterococcus faecalis,Negative
1208,20077.0,Klebsiella pneumoniae,Negative
1209,20077.0,Pseudomonas aeruginosa,Negative
1210,20078.0,Acinetobacter baumannii,Negative
1211,20078.0,Enterococcus faecalis,Negative
1212,20078.0,Klebsiella pneumoniae,Negative
1213,20079.0,Acinetobacter baumannii,Negative
1214,20079.0,Klebsiella pneumoniae,Negative
1215,20080.0,Acinetobacter baumannii,Negative
1216,20080.0,Bacillus subtilis,Negative
1217,20080.0,Enterococcus faecalis,Negative
1218,20080.0,Klebsiella pneumoniae,Negative
1219,20080.0,Pseudomonas aeruginosa,Negative
1220,20081.0,Acinetobacter baumannii,Negative
1221,20081.0,Enterococcus faecalis,Negative
1222,20081.0,Klebsiella pneumoniae,Negative
1223,20081.0,Pseudomonas aeruginosa,Negative
1224,20099.0,Escherichia coli,Negative
1225,20099.0,Staphylococcus aureus,Negative
1226,20100.0,Escherichia coli,Negative
1227,20100.0,Staphylococcus aureus,Negative
1228,20102.0,Escherichia coli,Negative
1229,20102.0,Staphylococcus aureus,Negative
1230,20103.0,Escherichia coli,Negative
1231,20103.0,Staphylococcus aureus,Negative
1232,20104.0,Escherichia coli,Negative
1233,20105.0,Escherichia coli,Negative
1234,20105.0,Staphylococcus aureus,Negative
1235,20106.0,Escherichia coli,Negative
1236,20106.0,Staphylococcus aureus,Negative
1237,20107.0,Escherichia coli,Negative
1238,20108.0,Escherichia coli,Negative
1239,20108.0,Staphylococcus aureus,Negative
1240,20159.0,Candida albicans,Negative
1241,20162.0,Acinetobacter baumannii,Negative
1242,20162.0,Candida albicans,Negative
1243,20162.0,Enterococcus faecalis,Negative
1244,20162.0,Escherichia coli,Negative
1245,20162.0,Klebsiella pneumoniae,Negative
1246,20162.0,Pseudomonas aeruginosa,Negative
1247,20162.0,Staphylococcus aureus,Negative
1248,20163.0,Acinetobacter baumannii,Negative
1249,20163.0,Candida albicans,Negative
1250,20163.0,Enterococcus faecalis,Negative
1251,20163.0,Escherichia coli,Negative
1252,20163.0,Klebsiella pneumoniae,Negative
1253,20163.0,Pseudomonas aeruginosa,Negative
1254,20163.0,Staphylococcus aureus,Negative
1255,20165.0,Acinetobacter baumannii,Negative
1256,20165.0,Candida albicans,Negative
1257,20165.0,Enterococcus faecalis,Negative
1258,20165.0,Escherichia coli,Negative
1259,20165.0,Klebsiella pneumoniae,Negative
1260,20165.0,Pseudomonas aeruginosa,Negative
1261,20165.0,Staphylococcus aureus,Negative
1262,20166.0,Enterococcus faecium,Negative
1263,20169.0,Enterococcus faecium,Negative
1264,20170.0,Escherichia coli,Negative
1265,20170.0,Klebsiella pneumoniae,Negative
1266,20170.0,Staphylococcus aureus,Negative
1267,20172.0,Bacillus subtilis,Negative
1268,20172.0,Escherichia coli,Negative
1269,20172.0,Klebsiella pneumoniae,Negative
1270,20172.0,Staphylococcus aureus,Negative
1271,20174.0,Escherichia coli,Negative
1272,20174.0,Klebsiella pneumoniae,Negative
1273,20174.0,Staphylococcus aureus,Negative
1274,20176.0,Escherichia coli,Negative
1275,20176.0,Klebsiella pneumoniae,Negative
1276,20176.0,Staphylococcus aureus,Negative
1277,20177.0,Klebsiella pneumoniae,Negative
1278,20177.0,Staphylococcus aureus,Negative
1279,20178.0,Escherichia coli,Negative
1280,20178.0,Klebsiella pneumoniae,Negative
1281,20178.0,Staphylococcus aureus,Negative
1282,20179.0,Klebsiella pneumoniae,Negative
1283,20179.0,Staphylococcus aureus,Negative
1284,20182.0,Pseudomonas aeruginosa,Negative
1285,20188.0,Acinetobacter baumannii,Negative
1286,20188.0,Enterococcus faecalis,Negative
1287,20188.0,Pseudomonas aeruginosa,Negative
1288,20188.0,Staphylococcus aureus,Negative
1289,20205.0,Candida albicans,Negative
1290,20214.0,Pseudomonas aeruginosa,Negative
1291,20274.0,Klebsiella pneumoniae,Negative
1292,20274.0,Pseudomonas aeruginosa,Negative
1293,20274.0,Staphylococcus aureus,Negative
1294,20275.0,Klebsiella pneumoniae,Negative
1295,20275.0,Pseudomonas aeruginosa,Negative
1296,20275.0,Staphylococcus aureus,Negative
1297,20278.0,Pseudomonas aeruginosa,Negative
1298,20279.0,Acinetobacter baumannii,Negative
1299,20279.0,Enterococcus faecium,Negative
1300,20279.0,Escherichia coli,Negative
1301,20279.0,Klebsiella pneumoniae,Negative
1302,20279.0,Pseudomonas aeruginosa,Negative
1303,20292.0,Klebsiella pneumoniae,Negative
1304,20293.0,Acinetobacter baumannii,Negative
1305,20293.0,Enterobacter cloacae,Negative
1306,20293.0,Klebsiella pneumoniae,Negative
1307,20293.0,Staphylococcus aureus,Negative
1308,20293.0,Staphylococcus epidermidis,Negative
1309,20294.0,Acinetobacter baumannii,Negative
1310,20294.0,Enterobacter cloacae,Negative
1311,20294.0,Klebsiella pneumoniae,Negative
1312,20294.0,Staphylococcus aureus,Negative
1313,20294.0,Staphylococcus epidermidis,Negative
1314,20296.0,Bacillus subtilis,Negative
1315,20296.0,Klebsiella pneumoniae,Negative
1316,20296.0,Staphylococcus aureus,Negative
1317,20305.0,Acinetobacter baumannii,Negative
1318,20305.0,Enterococcus faecalis,Negative
1319,20305.0,Pseudomonas aeruginosa,Negative
1320,20305.0,Staphylococcus aureus,Negative
1321,20306.0,Acinetobacter baumannii,Negative
1322,20306.0,Enterococcus faecalis,Negative
1323,20306.0,Pseudomonas aeruginosa,Negative
1324,20306.0,Staphylococcus aureus,Negative
1325,20307.0,Pseudomonas aeruginosa,Negative
1326,20309.0,Pseudomonas aeruginosa,Negative
1327,20310.0,Acinetobacter baumannii,Negative
1328,20310.0,Enterococcus faecalis,Negative
1329,20310.0,Pseudomonas aeruginosa,Negative
1330,20310.0,Staphylococcus aureus,Negative
1331,20311.0,Enterococcus faecalis,Negative
1332,20311.0,Pseudomonas aeruginosa,Negative
1333,20311.0,Staphylococcus aureus,Negative
1334,20312.0,Pseudomonas aeruginosa,Negative
1335,20322.0,Escherichia coli,Negative
1336,20322.0,Salmonella enterica,Negative
1337,20322.0,Staphylococcus aureus,Negative
1338,20324.0,Staphylococcus aureus,Negative
1339,20326.0,Salmonella enterica,Negative
1340,20326.0,Staphylococcus aureus,Negative
1341,20327.0,Salmonella enterica,Negative
1342,20327.0,Staphylococcus aureus,Negative
1343,20328.0,Escherichia coli,Negative
1344,20328.0,Salmonella enterica,Negative
1345,20328.0,Staphylococcus aureus,Negative
1346,20330.0,Escherichia coli,Negative
1347,20330.0,Salmonella enterica,Negative
1348,20330.0,Staphylococcus aureus,Negative
1349,20331.0,Escherichia coli,Negative
1350,20331.0,Salmonella enterica,Negative
1351,20331.0,Staphylococcus aureus,Negative
1352,20332.0,Escherichia coli,Negative
1353,20332.0,Salmonella enterica,Negative
1354,20332.0,Staphylococcus aureus,Negative
1355,20334.0,Escherichia coli,Negative
1356,20334.0,Salmonella enterica,Negative
1357,20334.0,Staphylococcus aureus,Negative
1358,20336.0,Escherichia coli,Negative
1359,20336.0,Salmonella enterica,Negative
1360,20336.0,Staphylococcus aureus,Negative
1361,20339.0,Pseudomonas aeruginosa,Negative
1362,20341.0,Pseudomonas aeruginosa,Negative
1363,20351.0,Escherichia coli,Negative
1364,20351.0,Salmonella enterica,Negative
1365,20351.0,Staphylococcus aureus,Negative
1366,20353.0,Salmonella enterica,Negative
1367,20353.0,Staphylococcus aureus,Negative
1368,20354.0,Escherichia coli,Negative
1369,20354.0,Salmonella enterica,Negative
1370,20354.0,Staphylococcus aureus,Negative
1371,20356.0,Escherichia coli,Negative
1372,20356.0,Salmonella enterica,Negative
1373,20356.0,Staphylococcus aureus,Negative
1374,20357.0,Escherichia coli,Negative
1375,20357.0,Salmonella enterica,Negative
1376,20357.0,Staphylococcus aureus,Negative
1377,20360.0,Escherichia coli,Negative
1378,20360.0,Salmonella enterica,Negative
1379,20360.0,Staphylococcus aureus,Negative
1380,20362.0,Escherichia coli,Negative
1381,20362.0,Salmonella enterica,Negative
1382,20362.0,Staphylococcus aureus,Negative
1383,20364.0,Escherichia coli,Negative
1384,20364.0,Salmonella enterica,Negative
1385,20364.0,Staphylococcus aureus,Negative
1386,20368.0,Salmonella enterica,Negative
1387,20369.0,Escherichia coli,Negative
1388,20369.0,Salmonella enterica,Negative
1389,20369.0,Staphylococcus aureus,Negative
1390,20370.0,Staphylococcus aureus,Negative
1391,20371.0,Escherichia coli,Negative
1392,20371.0,Salmonella enterica,Negative
1393,20371.0,Staphylococcus aureus,Negative
1394,20372.0,Escherichia coli,Negative
1395,20372.0,Salmonella enterica,Negative
1396,20372.0,Staphylococcus aureus,Negative
1397,20375.0,Escherichia coli,Negative
1398,20375.0,Salmonella enterica,Negative
1399,20375.0,Staphylococcus aureus,Negative
1400,20377.0,Escherichia coli,Negative
1401,20377.0,Salmonella enterica,Negative
1402,20377.0,Staphylococcus aureus,Negative
1403,20379.0,Salmonella enterica,Negative
1404,20379.0,Staphylococcus aureus,Negative
1405,20380.0,Escherichia coli,Negative
1406,20380.0,Salmonella enterica,Negative
1407,20380.0,Staphylococcus aureus,Negative
1408,20381.0,Salmonella enterica,Negative
1409,20381.0,Staphylococcus aureus,Negative
1410,20385.0,Salmonella enterica,Negative
1411,20388.0,Escherichia coli,Negative
1412,20388.0,Salmonella enterica,Negative
1413,20388.0,Staphylococcus aureus,Negative
1414,20389.0,Escherichia coli,Negative
1415,20389.0,Salmonella enterica,Negative
1416,20389.0,Staphylococcus aureus,Negative
1417,20392.0,Salmonella enterica,Negative
1418,20392.0,Staphylococcus aureus,Negative
1419,20394.0,Staphylococcus aureus,Negative
1420,20396.0,Escherichia coli,Negative
1421,20396.0,Salmonella enterica,Negative
1422,20396.0,Staphylococcus aureus,Negative
1423,20397.0,Escherichia coli,Negative
1424,20397.0,Salmonella enterica,Negative
1425,20397.0,Staphylococcus aureus,Negative
1426,20398.0,Escherichia coli,Negative
1427,20398.0,Salmonella enterica,Negative
1428,20398.0,Staphylococcus aureus,Negative
1429,20400.0,Escherichia coli,Negative
1430,20400.0,Salmonella enterica,Negative
1431,20400.0,Staphylococcus aureus,Negative
1432,20402.0,Salmonella enterica,Negative
1433,20402.0,Staphylococcus aureus,Negative
1434,20405.0,Escherichia coli,Negative
1435,20405.0,Salmonella enterica,Negative
1436,20405.0,Staphylococcus aureus,Negative
1437,20441.0,Escherichia coli,Negative
1438,20441.0,Salmonella enterica,Negative
1439,20441.0,Staphylococcus aureus,Negative
1440,20450.0,Staphylococcus aureus,Negative
1441,20458.0,Escherichia coli,Negative
1442,20458.0,Salmonella enterica,Negative
1443,20458.0,Staphylococcus aureus,Negative
1444,20493.0,Candida albicans,Negative
1445,20493.0,Enterococcus faecalis,Negative
1446,20493.0,Escherichia coli,Negative
1447,20493.0,Salmonella enterica,Negative
1448,20493.0,Staphylococcus aureus,Negative
1449,20493.0,Staphylococcus epidermidis,Negative
1450,20495.0,Staphylococcus aureus,Negative
1451,20496.0,Candida albicans,Negative
1452,20496.0,Enterococcus faecalis,Negative
1453,20496.0,Escherichia coli,Negative
1454,20496.0,Staphylococcus aureus,Negative
1455,20496.0,Staphylococcus epidermidis,Negative
1456,20498.0,Candida albicans,Negative
1457,20498.0,Escherichia coli,Negative
1458,20498.0,Salmonella enterica,Negative
1459,20498.0,Staphylococcus aureus,Negative
1460,20498.0,Staphylococcus epidermidis,Negative
1461,20499.0,Enterococcus faecalis,Negative
1462,20499.0,Escherichia coli,Negative
1463,20499.0,Staphylococcus aureus,Negative
1464,20499.0,Staphylococcus epidermidis,Negative
1465,20501.0,Enterobacter cloacae,Negative
1466,20501.0,Enterococcus faecium,Negative
1467,20501.0,Pseudomonas aeruginosa,Negative
1468,20502.0,Enterobacter cloacae,Negative
1469,20502.0,Enterococcus faecium,Negative
1470,20503.0,Enterobacter cloacae,Negative
1471,20503.0,Enterococcus faecium,Negative
1472,20503.0,Klebsiella pneumoniae,Negative
1473,20503.0,Staphylococcus aureus,Negative
1474,20504.0,Enterobacter cloacae,Negative
1475,20504.0,Enterococcus faecium,Negative
1476,20514.0,Escherichia coli,Negative
1477,20514.0,Pseudomonas aeruginosa,Negative
1478,20514.0,Salmonella enterica,Negative
1479,20515.0,Enterococcus faecalis,Negative
1480,20515.0,Staphylococcus aureus,Negative
1481,20515.0,Staphylococcus epidermidis,Negative
1482,20521.0,Klebsiella pneumoniae,Negative
1483,20536.0,Bacillus subtilis,Negative
1484,20536.0,Klebsiella pneumoniae,Negative
1485,20536.0,Pseudomonas aeruginosa,Negative
1486,20536.0,Staphylococcus aureus,Negative
1487,20538.0,Bacillus subtilis,Negative
1488,20538.0,Escherichia coli,Negative
1489,20538.0,Klebsiella pneumoniae,Negative
1490,20538.0,Pseudomonas aeruginosa,Negative
1491,20538.0,Staphylococcus aureus,Negative
1492,20539.0,Listeria monocytogenes,Negative
1493,20540.0,Escherichia coli,Negative
1494,20540.0,Staphylococcus aureus,Negative
1495,20542.0,Cryptococcus neoformans,Negative
1496,20542.0,Enterococcus faecalis,Negative
1497,20542.0,Enterococcus faecium,Negative
1498,20542.0,Listeria monocytogenes,Negative
1499,20544.0,Acinetobacter baumannii,Negative
1500,20544.0,Enterococcus faecalis,Negative
1501,20544.0,Enterococcus faecium,Negative
1502,20544.0,Escherichia coli,Negative
1503,20544.0,Pseudomonas aeruginosa,Negative
1504,20544.0,Staphylococcus aureus,Negative
1505,20544.0,Staphylococcus epidermidis,Negative
1506,20560.0,Escherichia coli,Negative
1507,20560.0,Klebsiella pneumoniae,Negative
1508,20560.0,Pseudomonas aeruginosa,Negative
1509,20560.0,Staphylococcus aureus,Negative
1510,20562.0,Escherichia coli,Negative
1511,20562.0,Klebsiella pneumoniae,Negative
1512,20562.0,Pseudomonas aeruginosa,Negative
1513,20562.0,Staphylococcus aureus,Negative
1514,20565.0,Escherichia coli,Negative
1515,20565.0,Klebsiella pneumoniae,Negative
1516,20565.0,Pseudomonas aeruginosa,Negative
1517,20565.0,Staphylococcus aureus,Negative
1518,20566.0,Escherichia coli,Negative
1519,20566.0,Klebsiella pneumoniae,Negative
1520,20566.0,Pseudomonas aeruginosa,Negative
1521,20566.0,Staphylococcus aureus,Negative
1522,20570.0,Escherichia coli,Negative
1523,20570.0,Klebsiella pneumoniae,Negative
1524,20570.0,Pseudomonas aeruginosa,Negative
1525,20570.0,Staphylococcus aureus,Negative
1526,20571.0,Klebsiella pneumoniae,Negative
1527,20572.0,Pseudomonas aeruginosa,Negative
1528,20574.0,Klebsiella pneumoniae,Negative
1529,20575.0,Klebsiella pneumoniae,Negative
1530,20576.0,Acinetobacter baumannii,Negative
1531,20576.0,Escherichia coli,Negative
1532,20576.0,Klebsiella pneumoniae,Negative
1533,20576.0,Staphylococcus aureus,Negative
1534,20578.0,Klebsiella pneumoniae,Negative
1535,20583.0,Acinetobacter baumannii,Negative
1536,20583.0,Bacillus cereus,Negative
1537,20583.0,Pseudomonas aeruginosa,Negative
1538,20583.0,Staphylococcus aureus,Negative
1539,20584.0,Acinetobacter baumannii,Negative
1540,20584.0,Bacillus cereus,Negative
1541,20584.0,Pseudomonas aeruginosa,Negative
1542,20584.0,Staphylococcus aureus,Negative
1543,20595.0,Acinetobacter baumannii,Negative
1544,20595.0,Bacillus cereus,Negative
1545,20595.0,Escherichia coli,Negative
1546,20595.0,Listeria monocytogenes,Negative
1547,20595.0,Pseudomonas aeruginosa,Negative
1548,20595.0,Salmonella enterica,Negative
1549,20595.0,Staphylococcus aureus,Negative
1550,20597.0,Acinetobacter baumannii,Negative
1551,20597.0,Bacillus cereus,Negative
1552,20597.0,Escherichia coli,Negative
1553,20597.0,Listeria monocytogenes,Negative
1554,20597.0,Pseudomonas aeruginosa,Negative
1555,20597.0,Salmonella enterica,Negative
1556,20597.0,Staphylococcus aureus,Negative
1557,20597.0,Staphylococcus epidermidis,Negative
1558,20610.0,Acinetobacter baumannii,Negative
1559,20610.0,Escherichia coli,Negative
1560,20610.0,Klebsiella pneumoniae,Negative
1561,20610.0,Staphylococcus aureus,Negative
1562,20646.0,Staphylococcus aureus,Negative
1563,20772.0,Enterococcus faecium,Negative
1564,20773.0,Enterococcus faecium,Negative
1565,20773.0,Pseudomonas aeruginosa,Negative
1566,20788.0,Candida albicans,Negative
1567,20788.0,Staphylococcus aureus,Negative
1568,20789.0,Candida albicans,Negative
1569,20789.0,Staphylococcus aureus,Negative
1570,20790.0,Candida albicans,Negative
1571,20790.0,Staphylococcus aureus,Negative
1572,20791.0,Candida albicans,Negative
1573,20791.0,Staphylococcus aureus,Negative
1574,20805.0,Listeria monocytogenes,Negative
1575,20806.0,Enterococcus faecalis,Negative
1576,20806.0,Listeria monocytogenes,Negative
1577,20806.0,Staphylococcus aureus,Negative
1578,20809.0,Enterococcus faecalis,Negative
1579,20809.0,Listeria monocytogenes,Negative
1580,20809.0,Staphylococcus aureus,Negative
1581,20810.0,Enterococcus faecium,Negative
1582,20810.0,Escherichia coli,Negative
1583,20812.0,Enterococcus faecium,Negative
1584,20812.0,Escherichia coli,Negative
1585,20813.0,Listeria monocytogenes,Negative
1586,20831.0,Candida albicans,Negative
1587,20831.0,Enterococcus faecalis,Negative
1588,20831.0,Escherichia coli,Negative
1589,20831.0,Klebsiella pneumoniae,Negative
1590,20831.0,Pseudomonas aeruginosa,Negative
1591,20831.0,Salmonella enterica,Negative
1592,20831.0,Staphylococcus aureus,Negative
1593,20841.0,Klebsiella pneumoniae,Negative
1594,20842.0,Klebsiella pneumoniae,Negative
1595,20855.0,Klebsiella pneumoniae,Negative
1596,20856.0,Klebsiella pneumoniae,Negative
1597,20931.0,Staphylococcus aureus,Negative
1598,20937.0,Escherichia coli,Negative
1599,20937.0,Pseudomonas aeruginosa,Negative
1600,20937.0,Staphylococcus aureus,Negative
1601,20952.0,Pseudomonas aeruginosa,Negative
1602,20953.0,Escherichia coli,Negative
1603,20953.0,Pseudomonas aeruginosa,Negative
1604,20953.0,Staphylococcus aureus,Negative
1605,20954.0,Pseudomonas aeruginosa,Negative
1606,20955.0,Acinetobacter baumannii,Negative
1607,20955.0,Escherichia coli,Negative
1608,20955.0,Pseudomonas aeruginosa,Negative
1609,20955.0,Staphylococcus aureus,Negative
1610,20956.0,Pseudomonas aeruginosa,Negative
1611,20960.0,Acinetobacter baumannii,Negative
1612,20960.0,Escherichia coli,Negative
1613,20960.0,Pseudomonas aeruginosa,Negative
1614,20960.0,Staphylococcus aureus,Negative
1615,20961.0,Acinetobacter baumannii,Negative
1616,20961.0,Pseudomonas aeruginosa,Negative
1617,20962.0,Acinetobacter baumannii,Negative
1618,20962.0,Escherichia coli,Negative
1619,20962.0,Pseudomonas aeruginosa,Negative
1620,20962.0,Staphylococcus aureus,Negative
1621,20965.0,Escherichia coli,Negative
1622,20965.0,Pseudomonas aeruginosa,Negative
1623,21003.0,Escherichia coli,Negative
1624,21004.0,Escherichia coli,Negative
1625,21004.0,Pseudomonas aeruginosa,Negative
1626,21008.0,Staphylococcus aureus,Negative
1627,21009.0,Staphylococcus aureus,Negative
1628,21029.0,Enterobacter cloacae,Negative
1629,21029.0,Enterococcus faecalis,Negative
1630,21029.0,Klebsiella pneumoniae,Negative
1631,21029.0,Pseudomonas aeruginosa,Negative
1632,21029.0,Salmonella enterica,Negative
1633,21030.0,Escherichia coli,Negative
1634,21030.0,Staphylococcus aureus,Negative
1635,21035.0,Candida albicans,Negative
1636,21035.0,Enterococcus faecalis,Negative
1637,21051.0,Enterococcus faecalis,Negative
1638,21051.0,Listeria monocytogenes,Negative
1639,21051.0,Pseudomonas aeruginosa,Negative
1640,21051.0,Staphylococcus epidermidis,Negative
1641,21053.0,Enterococcus faecalis,Negative
1642,21053.0,Pseudomonas aeruginosa,Negative
1643,21053.0,Salmonella enterica,Negative
1644,21053.0,Staphylococcus aureus,Negative
1645,21053.0,Staphylococcus epidermidis,Negative
1646,21073.0,Escherichia coli,Negative
1647,21073.0,Salmonella enterica,Negative
1648,21073.0,Staphylococcus aureus,Negative
1649,21073.0,Staphylococcus epidermidis,Negative
1650,21114.0,Klebsiella pneumoniae,Negative
1651,21114.0,Pseudomonas aeruginosa,Negative
1652,21114.0,Staphylococcus aureus,Negative
1653,21116.0,Pseudomonas aeruginosa,Negative
1654,21118.0,Acinetobacter baumannii,Negative
1655,21118.0,Escherichia coli,Negative
1656,21118.0,Klebsiella pneumoniae,Negative
1657,21118.0,Pseudomonas aeruginosa,Negative
1658,21118.0,Staphylococcus aureus,Negative
1659,21142.0,Escherichia coli,Negative
1660,21161.0,Bacillus subtilis,Negative
1661,21161.0,Escherichia coli,Negative
1662,21161.0,Pseudomonas aeruginosa,Negative
1663,21161.0,Staphylococcus aureus,Negative
1664,21163.0,Pseudomonas aeruginosa,Negative
1665,21163.0,Staphylococcus aureus,Negative
1666,21170.0,Candida albicans,Negative
1667,21170.0,Escherichia coli,Negative
1668,21170.0,Klebsiella pneumoniae,Negative
1669,21170.0,Pseudomonas aeruginosa,Negative
1670,21171.0,Candida albicans,Negative
1671,21173.0,Klebsiella pneumoniae,Negative
1672,21173.0,Pseudomonas aeruginosa,Negative
1673,21173.0,Staphylococcus aureus,Negative
1674,21175.0,Escherichia coli,Negative
1675,21175.0,Klebsiella pneumoniae,Negative
1676,21175.0,Pseudomonas aeruginosa,Negative
1677,21175.0,Staphylococcus aureus,Negative
1678,21178.0,Escherichia coli,Negative
1679,21178.0,Klebsiella pneumoniae,Negative
1680,21178.0,Pseudomonas aeruginosa,Negative
1681,21178.0,Staphylococcus aureus,Negative
1682,21179.0,Enterococcus faecalis,Negative
1683,21179.0,Pseudomonas aeruginosa,Negative
1684,21179.0,Staphylococcus aureus,Negative
1685,21179.0,Staphylococcus epidermidis,Negative
1686,21181.0,Enterococcus faecalis,Negative
1687,21181.0,Pseudomonas aeruginosa,Negative
1688,21189.0,Enterococcus faecalis,Negative
1689,21189.0,Escherichia coli,Negative
1690,21189.0,Staphylococcus aureus,Negative
1691,21190.0,Escherichia coli,Negative
1692,21190.0,Staphylococcus aureus,Negative
1693,21191.0,Escherichia coli,Negative
1694,21191.0,Staphylococcus aureus,Negative
1695,21194.0,Escherichia coli,Negative
1696,21194.0,Staphylococcus aureus,Negative
1697,21195.0,Escherichia coli,Negative
1698,21195.0,Staphylococcus aureus,Negative
1699,21196.0,Escherichia coli,Negative
1700,21196.0,Staphylococcus aureus,Negative
1701,21200.0,Escherichia coli,Negative
1702,21200.0,Staphylococcus aureus,Negative
1703,21201.0,Escherichia coli,Negative
1704,21201.0,Staphylococcus aureus,Negative
1705,21202.0,Escherichia coli,Negative
1706,21202.0,Staphylococcus aureus,Negative
1707,21203.0,Escherichia coli,Negative
1708,21203.0,Staphylococcus aureus,Negative
1709,21204.0,Escherichia coli,Negative
1710,21204.0,Staphylococcus aureus,Negative
1711,21214.0,Enterobacter cloacae,Negative
1712,21214.0,Klebsiella pneumoniae,Negative
1713,21214.0,Pseudomonas aeruginosa,Negative
1714,21248.0,Bacillus subtilis,Negative
1715,21248.0,Escherichia coli,Negative
1716,21248.0,Staphylococcus aureus,Negative
1717,21253.0,Enterococcus faecalis,Negative
1718,21270.0,Staphylococcus aureus,Negative
1719,21279.0,Escherichia coli,Negative
1720,21279.0,Pseudomonas aeruginosa,Negative
1721,21281.0,Acinetobacter baumannii,Negative
1722,21281.0,Escherichia coli,Negative
1723,21283.0,Acinetobacter baumannii,Negative
1724,21284.0,Escherichia coli,Negative
1725,21285.0,Escherichia coli,Negative
1726,21324.0,Candida albicans,Negative
1727,21324.0,Escherichia coli,Negative
1728,21324.0,Staphylococcus aureus,Negative
1729,21325.0,Candida albicans,Negative
1730,21325.0,Escherichia coli,Negative
1731,21325.0,Staphylococcus aureus,Negative
1732,21411.0,Escherichia coli,Negative
1733,21411.0,Klebsiella pneumoniae,Negative
1734,21411.0,Pseudomonas aeruginosa,Negative
1735,21413.0,Candida albicans,Negative
1736,21460.0,Enterococcus faecalis,Negative
1737,21460.0,Escherichia coli,Negative
1738,21460.0,Pseudomonas aeruginosa,Negative
1739,21460.0,Staphylococcus aureus,Negative
1740,21467.0,Pseudomonas aeruginosa,Negative
1741,21467.0,Staphylococcus aureus,Negative
1742,21468.0,Acinetobacter baumannii,Negative
1743,21468.0,Enterococcus faecalis,Negative
1744,21468.0,Pseudomonas aeruginosa,Negative
1745,21471.0,Micrococcus luteus,Negative
1746,21471.0,Staphylococcus aureus,Negative
1747,21472.0,Micrococcus luteus,Negative
1748,21472.0,Staphylococcus aureus,Negative
1749,21473.0,Candida parapsilosis,Negative
1750,21501.0,Acinetobacter baumannii,Negative
1751,21501.0,Candida albicans,Negative
1752,21501.0,Enterococcus faecalis,Negative
1753,21501.0,Escherichia coli,Negative
1754,21501.0,Pseudomonas aeruginosa,Negative
1755,21501.0,Staphylococcus aureus,Negative
1756,21502.0,Candida albicans,Negative
1757,21502.0,Enterococcus faecalis,Negative
1758,21515.0,Staphylococcus aureus,Negative
1759,21526.0,Klebsiella pneumoniae,Negative
1760,21532.0,Staphylococcus aureus,Negative
1761,21533.0,Pseudomonas aeruginosa,Negative
1762,21533.0,Staphylococcus aureus,Negative
1763,21534.0,Escherichia coli,Negative
1764,21534.0,Staphylococcus aureus,Negative
1765,21535.0,Escherichia coli,Negative
1766,21535.0,Klebsiella pneumoniae,Negative
1767,21535.0,Pseudomonas aeruginosa,Negative
1768,21535.0,Staphylococcus aureus,Negative
1769,21536.0,Klebsiella pneumoniae,Negative
1770,21536.0,Pseudomonas aeruginosa,Negative
1771,21536.0,Staphylococcus aureus,Negative
1772,21537.0,Pseudomonas aeruginosa,Negative
1773,21537.0,Staphylococcus aureus,Negative
1774,21538.0,Staphylococcus aureus,Negative
1775,21552.0,Candida albicans,Negative
1776,21552.0,Escherichia coli,Negative
1777,21552.0,Klebsiella pneumoniae,Negative
1778,21552.0,Pseudomonas aeruginosa,Negative
1779,21554.0,Candida albicans,Negative
1780,21554.0,Escherichia coli,Negative
1781,21554.0,Klebsiella pneumoniae,Negative
1782,21554.0,Pseudomonas aeruginosa,Negative
1783,21580.0,Enterococcus faecium,Negative
1784,21580.0,Escherichia coli,Negative
1785,21580.0,Klebsiella pneumoniae,Negative
1786,21580.0,Pseudomonas aeruginosa,Negative
1787,21580.0,Staphylococcus aureus,Negative
1788,21616.0,Staphylococcus aureus,Negative
1789,21619.0,Escherichia coli,Negative
1790,21619.0,Staphylococcus aureus,Negative
1791,2162.0,Bacillus cereus,Negative
1792,21622.0,Staphylococcus aureus,Negative
1793,21623.0,Candida albicans,Negative
1794,21640.0,Acinetobacter baumannii,Negative
1795,21640.0,Escherichia coli,Negative
1796,21640.0,Klebsiella pneumoniae,Negative
1797,21640.0,Staphylococcus aureus,Negative
1798,21642.0,Acinetobacter baumannii,Negative
1799,21642.0,Escherichia coli,Negative
1800,21642.0,Klebsiella pneumoniae,Negative
1801,21642.0,Staphylococcus aureus,Negative
1802,21644.0,Acinetobacter baumannii,Negative
1803,21644.0,Escherichia coli,Negative
1804,21644.0,Klebsiella pneumoniae,Negative
1805,21644.0,Staphylococcus aureus,Negative
1806,21647.0,Acinetobacter baumannii,Negative
1807,21647.0,Escherichia coli,Negative
1808,21647.0,Klebsiella pneumoniae,Negative
1809,21648.0,Staphylococcus aureus,Negative
1810,21649.0,Escherichia coli,Negative
1811,21649.0,Staphylococcus aureus,Negative
1812,21650.0,Escherichia coli,Negative
1813,21650.0,Staphylococcus aureus,Negative
1814,21651.0,Escherichia coli,Negative
1815,21651.0,Staphylococcus aureus,Negative
1816,21654.0,Acinetobacter baumannii,Negative
1817,21654.0,Klebsiella pneumoniae,Negative
1818,21654.0,Pseudomonas aeruginosa,Negative
1819,21654.0,Staphylococcus aureus,Negative
1820,21655.0,Acinetobacter baumannii,Negative
1821,21655.0,Klebsiella pneumoniae,Negative
1822,21657.0,Acinetobacter baumannii,Negative
1823,21657.0,Klebsiella pneumoniae,Negative
1824,21657.0,Pseudomonas aeruginosa,Negative
1825,21657.0,Staphylococcus aureus,Negative
1826,21658.0,Klebsiella pneumoniae,Negative
1827,21660.0,Acinetobacter baumannii,Negative
1828,21660.0,Escherichia coli,Negative
1829,21660.0,Klebsiella pneumoniae,Negative
1830,21662.0,Acinetobacter baumannii,Negative
1831,21662.0,Escherichia coli,Negative
1832,21662.0,Klebsiella pneumoniae,Negative
1833,21662.0,Staphylococcus aureus,Negative
1834,21663.0,Acinetobacter baumannii,Negative
1835,21663.0,Escherichia coli,Negative
1836,21663.0,Klebsiella pneumoniae,Negative
1837,21671.0,Klebsiella pneumoniae,Negative
1838,21672.0,Acinetobacter baumannii,Negative
1839,21672.0,Escherichia coli,Negative
1840,21672.0,Klebsiella pneumoniae,Negative
1841,21697.0,Klebsiella pneumoniae,Negative
1842,21704.0,Bacillus subtilis,Negative
1843,21704.0,Escherichia coli,Negative
1844,21704.0,Klebsiella pneumoniae,Negative
1845,21704.0,Pseudomonas aeruginosa,Negative
1846,21704.0,Staphylococcus aureus,Negative
1847,21715.0,Acinetobacter baumannii,Negative
1848,21715.0,Enterococcus faecalis,Negative
1849,21715.0,Pseudomonas aeruginosa,Negative
1850,21722.0,Candida albicans,Negative
1851,21722.0,Enterococcus faecalis,Negative
1852,21722.0,Pseudomonas aeruginosa,Negative
1853,21722.0,Staphylococcus aureus,Negative
1854,21722.0,Staphylococcus epidermidis,Negative
1855,21724.0,Candida albicans,Negative
1856,21724.0,Enterococcus faecalis,Negative
1857,21724.0,Pseudomonas aeruginosa,Negative
1858,21724.0,Staphylococcus aureus,Negative
1859,21724.0,Staphylococcus epidermidis,Negative
1860,21725.0,Candida albicans,Negative
1861,21725.0,Enterococcus faecalis,Negative
1862,21725.0,Pseudomonas aeruginosa,Negative
1863,21725.0,Staphylococcus aureus,Negative
1864,21725.0,Staphylococcus epidermidis,Negative
1865,21726.0,Acinetobacter baumannii,Negative
1866,21726.0,Candida albicans,Negative
1867,21726.0,Enterococcus faecalis,Negative
1868,21726.0,Pseudomonas aeruginosa,Negative
1869,21726.0,Staphylococcus aureus,Negative
1870,21726.0,Staphylococcus epidermidis,Negative
1871,21734.0,Candida albicans,Negative
1872,21737.0,Candida albicans,Negative
1873,21744.0,Candida albicans,Negative
1874,21744.0,Enterococcus faecalis,Negative
1875,21744.0,Pseudomonas aeruginosa,Negative
1876,21744.0,Staphylococcus aureus,Negative
1877,21744.0,Staphylococcus epidermidis,Negative
1878,21745.0,Candida albicans,Negative
1879,21745.0,Enterococcus faecalis,Negative
1880,21745.0,Staphylococcus aureus,Negative
1881,21745.0,Staphylococcus epidermidis,Negative
1882,21794.0,Acinetobacter baumannii,Negative
1883,21794.0,Enterococcus faecalis,Negative
1884,21794.0,Enterococcus faecium,Negative
1885,21794.0,Escherichia coli,Negative
1886,21794.0,Klebsiella pneumoniae,Negative
1887,21794.0,Pseudomonas aeruginosa,Negative
1888,21794.0,Staphylococcus aureus,Negative
1889,21794.0,Staphylococcus epidermidis,Negative
1890,21833.0,Escherichia coli,Negative
1891,21836.0,Escherichia coli,Negative
1892,21894.0,Acinetobacter baumannii,Negative
1893,21913.0,Escherichia coli,Negative
1894,21913.0,Micrococcus luteus,Negative
1895,21913.0,Staphylococcus epidermidis,Negative
1896,21914.0,Escherichia coli,Negative
1897,21914.0,Micrococcus luteus,Negative
1898,21914.0,Staphylococcus epidermidis,Negative
1899,21915.0,Escherichia coli,Negative
1900,21915.0,Micrococcus luteus,Negative
1901,21915.0,Staphylococcus epidermidis,Negative
1902,21916.0,Escherichia coli,Negative
1903,21916.0,Micrococcus luteus,Negative
1904,21916.0,Staphylococcus epidermidis,Negative
1905,21918.0,Escherichia coli,Negative
1906,21918.0,Staphylococcus epidermidis,Negative
1907,21919.0,Escherichia coli,Negative
1908,21922.0,Escherichia coli,Negative
1909,21924.0,Bacillus subtilis,Negative
1910,21924.0,Pseudomonas aeruginosa,Negative
1911,21926.0,Acinetobacter baumannii,Negative
1912,21926.0,Bacillus subtilis,Negative
1913,21926.0,Enterococcus faecalis,Negative
1914,21926.0,Escherichia coli,Negative
1915,21926.0,Pseudomonas aeruginosa,Negative
1916,21941.0,Bacillus cereus,Negative
1917,21941.0,Escherichia coli,Negative
1918,21941.0,Pseudomonas aeruginosa,Negative
1919,21941.0,Staphylococcus aureus,Negative
1920,21943.0,Escherichia coli,Negative
1921,21943.0,Pseudomonas aeruginosa,Negative
1922,21944.0,Acinetobacter baumannii,Negative
1923,21944.0,Pseudomonas aeruginosa,Negative
1924,21945.0,Acinetobacter baumannii,Negative
1925,21945.0,Escherichia coli,Negative
1926,21945.0,Pseudomonas aeruginosa,Negative
1927,21946.0,Acinetobacter baumannii,Negative
1928,21946.0,Bacillus subtilis,Negative
1929,21946.0,Enterococcus faecalis,Negative
1930,21946.0,Escherichia coli,Negative
1931,21946.0,Pseudomonas aeruginosa,Negative
1932,21946.0,Staphylococcus aureus,Negative
1933,21948.0,Acinetobacter baumannii,Negative
1934,21948.0,Bacillus subtilis,Negative
1935,21948.0,Enterococcus faecalis,Negative
1936,21948.0,Escherichia coli,Negative
1937,21948.0,Pseudomonas aeruginosa,Negative
1938,21948.0,Staphylococcus aureus,Negative
1939,21951.0,Staphylococcus aureus,Negative
1940,21952.0,Staphylococcus aureus,Negative
1941,21953.0,Staphylococcus aureus,Negative
1942,21954.0,Staphylococcus aureus,Negative
1943,21957.0,Staphylococcus aureus,Negative
1944,21959.0,Staphylococcus aureus,Negative
1945,21960.0,Staphylococcus aureus,Negative
1946,21965.0,Staphylococcus aureus,Negative
1947,21969.0,Bacillus subtilis,Negative
1948,21969.0,Enterococcus faecalis,Negative
1949,21969.0,Escherichia coli,Negative
1950,21969.0,Pseudomonas aeruginosa,Negative
1951,21969.0,Staphylococcus aureus,Negative
1952,21970.0,Bacillus subtilis,Negative
1953,21970.0,Enterococcus faecalis,Negative
1954,21971.0,Acinetobacter baumannii,Negative
1955,21971.0,Bacillus subtilis,Negative
1956,21971.0,Enterococcus faecalis,Negative
1957,21971.0,Pseudomonas aeruginosa,Negative
1958,21972.0,Acinetobacter baumannii,Negative
1959,21972.0,Bacillus subtilis,Negative
1960,21972.0,Enterococcus faecalis,Negative
1961,21972.0,Escherichia coli,Negative
1962,21972.0,Pseudomonas aeruginosa,Negative
1963,21973.0,Escherichia coli,Negative
1964,21984.0,Acinetobacter baumannii,Negative
1965,21984.0,Bacillus subtilis,Negative
1966,21984.0,Enterococcus faecalis,Negative
1967,21984.0,Escherichia coli,Negative
1968,21984.0,Pseudomonas aeruginosa,Negative
1969,21984.0,Staphylococcus aureus,Negative
1970,21985.0,Acinetobacter baumannii,Negative
1971,21985.0,Bacillus subtilis,Negative
1972,21985.0,Enterococcus faecalis,Negative
1973,21985.0,Escherichia coli,Negative
1974,21985.0,Pseudomonas aeruginosa,Negative
1975,21985.0,Staphylococcus aureus,Negative
1976,21986.0,Acinetobacter baumannii,Negative
1977,21986.0,Bacillus subtilis,Negative
1978,21986.0,Enterococcus faecalis,Negative
1979,21986.0,Escherichia coli,Negative
1980,21986.0,Pseudomonas aeruginosa,Negative
1981,21986.0,Staphylococcus aureus,Negative
1982,21991.0,Enterococcus faecalis,Negative
1983,21991.0,Pseudomonas aeruginosa,Negative
1984,21991.0,Staphylococcus aureus,Negative
1985,21991.0,Staphylococcus epidermidis,Negative
1986,21996.0,Escherichia coli,Negative
1987,21996.0,Staphylococcus aureus,Negative
1988,21998.0,Staphylococcus aureus,Negative
1989,22006.0,Bacillus cereus,Negative
1990,22006.0,Candida albicans,Negative
1991,22006.0,Escherichia coli,Negative
1992,22006.0,Klebsiella pneumoniae,Negative
1993,22006.0,Staphylococcus aureus,Negative
1994,22008.0,Bacillus cereus,Negative
1995,22008.0,Candida albicans,Negative
1996,22008.0,Escherichia coli,Negative
1997,22008.0,Klebsiella pneumoniae,Negative
1998,22008.0,Staphylococcus aureus,Negative
1999,22010.0,Bacillus cereus,Negative
2000,22010.0,Candida albicans,Negative
2001,22010.0,Escherichia coli,Negative
2002,22010.0,Klebsiella pneumoniae,Negative
2003,22010.0,Staphylococcus aureus,Negative
2004,22012.0,Bacillus cereus,Negative
2005,22012.0,Candida albicans,Negative
2006,22012.0,Escherichia coli,Negative
2007,22012.0,Klebsiella pneumoniae,Negative
2008,22012.0,Staphylococcus aureus,Negative
2009,22014.0,Bacillus cereus,Negative
2010,22014.0,Candida albicans,Negative
2011,22014.0,Escherichia coli,Negative
2012,22014.0,Klebsiella pneumoniae,Negative
2013,22014.0,Staphylococcus aureus,Negative
2014,22018.0,Candida albicans,Negative
2015,22018.0,Enterococcus faecium,Negative
2016,22018.0,Escherichia coli,Negative
2017,22018.0,Klebsiella pneumoniae,Negative
2018,22018.0,Pseudomonas aeruginosa,Negative
2019,22018.0,Staphylococcus aureus,Negative
2020,22020.0,Enterococcus faecalis,Negative
2021,22020.0,Salmonella enterica,Negative
2022,22020.0,Staphylococcus aureus,Negative
2023,22020.0,Staphylococcus epidermidis,Negative
2024,22021.0,Enterococcus faecalis,Negative
2025,22021.0,Pseudomonas aeruginosa,Negative
2026,22021.0,Salmonella enterica,Negative
2027,22021.0,Staphylococcus aureus,Negative
2028,22021.0,Staphylococcus epidermidis,Negative
2029,22023.0,Candida albicans,Negative
2030,22023.0,Escherichia coli,Negative
2031,22024.0,Candida albicans,Negative
2032,22025.0,Candida albicans,Negative
2033,22054.0,Acinetobacter baumannii,Negative
2034,22054.0,Escherichia coli,Negative
2035,22054.0,Pseudomonas aeruginosa,Negative
2036,22054.0,Staphylococcus aureus,Negative
2037,22086.0,Escherichia coli,Negative
2038,22086.0,Salmonella enterica,Negative
2039,22086.0,Staphylococcus aureus,Negative
2040,22086.0,Staphylococcus epidermidis,Negative
2041,22087.0,Escherichia coli,Negative
2042,22087.0,Salmonella enterica,Negative
2043,22106.0,Bacillus subtilis,Negative
2044,22106.0,Staphylococcus aureus,Negative
2045,22128.0,Bacillus subtilis,Negative
2046,22128.0,Candida parapsilosis,Negative
2047,22128.0,Escherichia coli,Negative
2048,22130.0,Bacillus subtilis,Negative
2049,22130.0,Escherichia coli,Negative
2050,22159.0,Acinetobacter baumannii,Negative
2051,22159.0,Enterococcus faecalis,Negative
2052,22159.0,Escherichia coli,Negative
2053,22159.0,Klebsiella pneumoniae,Negative
2054,22159.0,Pseudomonas aeruginosa,Negative
2055,22159.0,Staphylococcus aureus,Negative
2056,22159.0,Staphylococcus epidermidis,Negative
2057,22161.0,Pseudomonas aeruginosa,Negative
2058,22213.0,Staphylococcus epidermidis,Negative
2059,22215.0,Acinetobacter baumannii,Negative
2060,22215.0,Klebsiella pneumoniae,Negative
2061,22215.0,Staphylococcus epidermidis,Negative
2062,22216.0,Staphylococcus epidermidis,Negative
2063,22217.0,Candida albicans,Negative
2064,22219.0,Acinetobacter baumannii,Negative
2065,22219.0,Escherichia coli,Negative
2066,22219.0,Klebsiella pneumoniae,Negative
2067,22219.0,Staphylococcus epidermidis,Negative
2068,22230.0,Staphylococcus aureus,Negative
2069,22231.0,Escherichia coli,Negative
2070,22231.0,Staphylococcus aureus,Negative
2071,22232.0,Escherichia coli,Negative
2072,22232.0,Staphylococcus aureus,Negative
2073,22233.0,Escherichia coli,Negative
2074,22233.0,Staphylococcus aureus,Negative
2075,22250.0,Escherichia coli,Negative
2076,22250.0,Salmonella enterica,Negative
2077,22250.0,Staphylococcus aureus,Negative
2078,22251.0,Acinetobacter baumannii,Negative
2079,22251.0,Escherichia coli,Negative
2080,22251.0,Salmonella enterica,Negative
2081,22251.0,Staphylococcus aureus,Negative
2082,22263.0,Escherichia coli,Negative
2083,22263.0,Micrococcus luteus,Negative
2084,22263.0,Pseudomonas aeruginosa,Negative
2085,22263.0,Staphylococcus aureus,Negative
2086,22264.0,Escherichia coli,Negative
2087,22264.0,Micrococcus luteus,Negative
2088,22264.0,Pseudomonas aeruginosa,Negative
2089,22264.0,Staphylococcus aureus,Negative
2090,22265.0,Escherichia coli,Negative
2091,22265.0,Micrococcus luteus,Negative
2092,22265.0,Pseudomonas aeruginosa,Negative
2093,22265.0,Staphylococcus aureus,Negative
2094,22267.0,Escherichia coli,Negative
2095,22267.0,Pseudomonas aeruginosa,Negative
2096,22267.0,Staphylococcus aureus,Negative
2097,22270.0,Escherichia coli,Negative
2098,22270.0,Micrococcus luteus,Negative
2099,22270.0,Pseudomonas aeruginosa,Negative
2100,22270.0,Staphylococcus aureus,Negative
2101,22272.0,Escherichia coli,Negative
2102,22272.0,Micrococcus luteus,Negative
2103,22272.0,Pseudomonas aeruginosa,Negative
2104,22272.0,Staphylococcus aureus,Negative
2105,22273.0,Escherichia coli,Negative
2106,22273.0,Micrococcus luteus,Negative
2107,22273.0,Pseudomonas aeruginosa,Negative
2108,22273.0,Staphylococcus aureus,Negative
2109,22274.0,Escherichia coli,Negative
2110,22274.0,Micrococcus luteus,Negative
2111,22274.0,Pseudomonas aeruginosa,Negative
2112,22274.0,Staphylococcus aureus,Negative
2113,22275.0,Escherichia coli,Negative
2114,22275.0,Micrococcus luteus,Negative
2115,22275.0,Pseudomonas aeruginosa,Negative
2116,22275.0,Staphylococcus aureus,Negative
2117,22276.0,Escherichia coli,Negative
2118,22276.0,Micrococcus luteus,Negative
2119,22276.0,Pseudomonas aeruginosa,Negative
2120,22276.0,Staphylococcus aureus,Negative
2121,22280.0,Acinetobacter baumannii,Negative
2122,22283.0,Klebsiella pneumoniae,Negative
2123,22283.0,Pseudomonas aeruginosa,Negative
2124,22283.0,Staphylococcus aureus,Negative
2125,22284.0,Acinetobacter baumannii,Negative
2126,22284.0,Escherichia coli,Negative
2127,22284.0,Klebsiella pneumoniae,Negative
2128,22284.0,Pseudomonas aeruginosa,Negative
2129,22284.0,Staphylococcus aureus,Negative
2130,22285.0,Acinetobacter baumannii,Negative
2131,22285.0,Escherichia coli,Negative
2132,22285.0,Klebsiella pneumoniae,Negative
2133,22285.0,Salmonella enterica,Negative
2134,22289.0,Acinetobacter baumannii,Negative
2135,22289.0,Escherichia coli,Negative
2136,22289.0,Klebsiella pneumoniae,Negative
2137,22289.0,Pseudomonas aeruginosa,Negative
2138,22289.0,Salmonella enterica,Negative
2139,22292.0,Salmonella enterica,Negative
2140,22293.0,Klebsiella pneumoniae,Negative
2141,22293.0,Salmonella enterica,Negative
2142,22294.0,Acinetobacter baumannii,Negative
2143,22294.0,Escherichia coli,Negative
2144,22294.0,Klebsiella pneumoniae,Negative
2145,22294.0,Pseudomonas aeruginosa,Negative
2146,22294.0,Salmonella enterica,Negative
2147,22294.0,Staphylococcus aureus,Negative
2148,22296.0,Acinetobacter baumannii,Negative
2149,22296.0,Escherichia coli,Negative
2150,22296.0,Klebsiella pneumoniae,Negative
2151,22296.0,Pseudomonas aeruginosa,Negative
2152,22296.0,Salmonella enterica,Negative
2153,22322.0,Escherichia coli,Negative
2154,22322.0,Staphylococcus aureus,Negative
2155,22322.0,Staphylococcus epidermidis,Negative
2156,22323.0,Escherichia coli,Negative
2157,22323.0,Staphylococcus epidermidis,Negative
2158,22324.0,Pseudomonas aeruginosa,Negative
2159,22325.0,Escherichia coli,Negative
2160,22325.0,Pseudomonas aeruginosa,Negative
2161,22325.0,Staphylococcus aureus,Negative
2162,22338.0,Escherichia coli,Negative
2163,22338.0,Pseudomonas aeruginosa,Negative
2164,22343.0,Staphylococcus aureus,Negative
2165,22363.0,Acinetobacter baumannii,Negative
2166,22363.0,Candida albicans,Negative
2167,22363.0,Enterococcus faecium,Negative
2168,22363.0,Klebsiella pneumoniae,Negative
2169,22364.0,Acinetobacter baumannii,Negative
2170,22364.0,Candida albicans,Negative
2171,22364.0,Enterococcus faecium,Negative
2172,22365.0,Acinetobacter baumannii,Negative
2173,22365.0,Candida albicans,Negative
2174,22365.0,Enterococcus faecium,Negative
2175,22373.0,Staphylococcus aureus,Negative
2176,22377.0,Acinetobacter baumannii,Negative
2177,22377.0,Candida albicans,Negative
2178,22377.0,Enterococcus faecalis,Negative
2179,22377.0,Escherichia coli,Negative
2180,22377.0,Klebsiella pneumoniae,Negative
2181,22378.0,Acinetobacter baumannii,Negative
2182,22378.0,Candida albicans,Negative
2183,22378.0,Enterococcus faecalis,Negative
2184,22378.0,Staphylococcus aureus,Negative
2185,22379.0,Acinetobacter baumannii,Negative
2186,22379.0,Candida albicans,Negative
2187,22379.0,Enterococcus faecalis,Negative
2188,22379.0,Klebsiella pneumoniae,Negative
2189,22379.0,Pseudomonas aeruginosa,Negative
2190,22379.0,Staphylococcus aureus,Negative
2191,22381.0,Acinetobacter baumannii,Negative
2192,22381.0,Candida albicans,Negative
2193,22381.0,Enterococcus faecalis,Negative
2194,22381.0,Escherichia coli,Negative
2195,22381.0,Klebsiella pneumoniae,Negative
2196,22381.0,Pseudomonas aeruginosa,Negative
2197,22381.0,Staphylococcus aureus,Negative
2198,22382.0,Acinetobacter baumannii,Negative
2199,22382.0,Candida albicans,Negative
2200,22382.0,Enterococcus faecalis,Negative
2201,22382.0,Klebsiella pneumoniae,Negative
2202,22382.0,Pseudomonas aeruginosa,Negative
2203,22382.0,Staphylococcus aureus,Negative
2204,2302.0,Enterococcus faecalis,Negative
2205,2334.0,Klebsiella pneumoniae,Negative
2206,2512.0,Candida albicans,Negative
2207,2513.0,Candida albicans,Negative
2208,2583.0,Candida albicans,Negative
2209,260.0,Candida albicans,Negative
2210,2787.0,Pseudomonas aeruginosa,Negative
2211,2820.0,Klebsiella pneumoniae,Negative
2212,2854.0,Candida albicans,Negative
2213,2854.0,Enterococcus faecium,Negative
2214,2854.0,Salmonella enterica,Negative
2215,2999.0,Escherichia coli,Negative
2216,2999.0,Pseudomonas aeruginosa,Negative
2217,2999.0,Staphylococcus aureus,Negative
2218,3095.0,Bacillus subtilis,Negative
2219,3095.0,Candida albicans,Negative
2220,3114.0,Bacillus cereus,Negative
2221,3114.0,Bacillus subtilis,Negative
2222,3114.0,Candida albicans,Negative
2223,3114.0,Enterococcus faecalis,Negative
2224,3114.0,Escherichia coli,Negative
2225,3114.0,Salmonella enterica,Negative
2226,3116.0,Enterobacter cloacae,Negative
2227,3116.0,Enterococcus faecium,Negative
2228,3157.0,Acinetobacter baumannii,Negative
2229,3157.0,Enterobacter cloacae,Negative
2230,3157.0,Klebsiella pneumoniae,Negative
2231,3224.0,Bacillus subtilis,Negative
2232,3224.0,Escherichia coli,Negative
2233,3224.0,Pseudomonas aeruginosa,Negative
2234,3224.0,Staphylococcus aureus,Negative
2235,3241.0,Candida albicans,Negative
2236,3343.0,Enterobacter cloacae,Negative
2237,3343.0,Salmonella enterica,Negative
2238,3389.0,Listeria monocytogenes,Negative
2239,340.0,Candida albicans,Negative
2240,4201.0,Enterobacter cloacae,Negative
2241,4201.0,Staphylococcus epidermidis,Negative
2242,4298.0,Candida parapsilosis,Negative
2243,4298.0,Enterococcus faecalis,Negative
2244,4298.0,Escherichia coli,Negative
2245,4425.0,Candida albicans,Negative
2246,4493.0,Bacillus subtilis,Negative
2247,4493.0,Candida albicans,Negative
2248,4493.0,Listeria monocytogenes,Negative
2249,4493.0,Salmonella enterica,Negative
2250,4584.0,Candida albicans,Negative
2251,4594.0,Candida albicans,Negative
2252,481.0,Enterococcus faecalis,Negative
2253,481.0,Staphylococcus aureus,Negative
2254,4946.0,Candida albicans,Negative
2255,4946.0,Escherichia coli,Negative
2256,4946.0,Micrococcus luteus,Negative
2257,4946.0,Pseudomonas aeruginosa,Negative
2258,4946.0,Staphylococcus aureus,Negative
2259,4948.0,Candida albicans,Negative
2260,4948.0,Escherichia coli,Negative
2261,4948.0,Micrococcus luteus,Negative
2262,4948.0,Pseudomonas aeruginosa,Negative
2263,4948.0,Staphylococcus aureus,Negative
2264,4950.0,Candida albicans,Negative
2265,4950.0,Escherichia coli,Negative
2266,4950.0,Pseudomonas aeruginosa,Negative
2267,4950.0,Staphylococcus aureus,Negative
2268,506.0,Acinetobacter baumannii,Negative
2269,506.0,Escherichia coli,Negative
2270,506.0,Klebsiella pneumoniae,Negative
2271,506.0,Pseudomonas aeruginosa,Negative
2272,506.0,Salmonella enterica,Negative
2273,5135.0,Enterococcus faecalis,Negative
2274,5243.0,Enterococcus faecium,Negative
2275,5243.0,Staphylococcus aureus,Negative
2276,5349.0,Candida albicans,Negative
2277,5368.0,Enterococcus faecium,Negative
2278,564.0,Bacillus subtilis,Negative
2279,564.0,Staphylococcus aureus,Negative
2280,573.0,Bacillus subtilis,Negative
2281,573.0,Staphylococcus aureus,Negative
2282,573.0,Staphylococcus epidermidis,Negative
2283,6197.0,Acinetobacter baumannii,Negative
2284,6197.0,Enterococcus faecium,Negative
2285,6197.0,Escherichia coli,Negative
2286,6197.0,Klebsiella pneumoniae,Negative
2287,6197.0,Pseudomonas aeruginosa,Negative
2288,6199.0,Acinetobacter baumannii,Negative
2289,6199.0,Enterococcus faecalis,Negative
2290,6199.0,Escherichia coli,Negative
2291,6199.0,Klebsiella pneumoniae,Negative
2292,6199.0,Pseudomonas aeruginosa,Negative
2293,6199.0,Staphylococcus aureus,Negative
2294,6468.0,Escherichia coli,Negative
2295,6470.0,Bacillus cereus,Negative
2296,6470.0,Bacillus subtilis,Negative
2297,6488.0,Escherichia coli,Negative
2298,6651.0,Staphylococcus aureus,Negative
2299,6751.0,Candida albicans,Negative
2300,6804.0,Staphylococcus aureus,Negative
2301,6834.0,Pseudomonas aeruginosa,Negative
2302,6834.0,Salmonella enterica,Negative
2303,6834.0,Staphylococcus aureus,Negative
2304,6834.0,Staphylococcus epidermidis,Negative
2305,6855.0,Acinetobacter baumannii,Negative
2306,6855.0,Klebsiella pneumoniae,Negative
2307,691.0,Enterococcus faecalis,Negative
2308,7001.0,Staphylococcus aureus,Negative
2309,7152.0,Bacillus subtilis,Negative
2310,7152.0,Enterococcus faecalis,Negative
2311,7152.0,Escherichia coli,Negative
2312,7152.0,Klebsiella pneumoniae,Negative
2313,7152.0,Pseudomonas aeruginosa,Negative
2314,7152.0,Salmonella enterica,Negative
2315,7152.0,Staphylococcus aureus,Negative
2316,717.0,Enterococcus faecalis,Negative
2317,717.0,Pseudomonas aeruginosa,Negative
2318,717.0,Salmonella enterica,Negative
2319,7386.0,Candida albicans,Negative
2320,7386.0,Pseudomonas aeruginosa,Negative
2321,764.0,Bacillus cereus,Negative
2322,7783.0,Bacillus cereus,Negative
2323,7783.0,Bacillus subtilis,Negative
2324,7783.0,Candida albicans,Negative
2325,7783.0,Candida parapsilosis,Negative
2326,7783.0,Micrococcus luteus,Negative
2327,7783.0,Staphylococcus aureus,Negative
2328,7783.0,Staphylococcus epidermidis,Negative
2329,7785.0,Bacillus cereus,Negative
2330,7785.0,Bacillus subtilis,Negative
2331,7785.0,Candida albicans,Negative
2332,7785.0,Candida parapsilosis,Negative
2333,7785.0,Micrococcus luteus,Negative
2334,7785.0,Staphylococcus aureus,Negative
2335,7785.0,Staphylococcus epidermidis,Negative
2336,7791.0,Bacillus cereus,Negative
2337,7791.0,Bacillus subtilis,Negative
2338,7791.0,Candida albicans,Negative
2339,7791.0,Candida parapsilosis,Negative
2340,7791.0,Micrococcus luteus,Negative
2341,7791.0,Staphylococcus aureus,Negative
2342,7791.0,Staphylococcus epidermidis,Negative
2343,8004.0,Cryptococcus neoformans,Negative
2344,8004.0,Listeria monocytogenes,Negative
2345,8004.0,Pseudomonas aeruginosa,Negative
2346,8354.0,Pseudomonas aeruginosa,Negative
2347,8450.0,Candida albicans,Negative
2348,852.0,Acinetobacter baumannii,Negative
2349,8541.0,Enterococcus faecalis,Negative
2350,8647.0,Candida albicans,Negative
2351,8830.0,Klebsiella pneumoniae,Negative
2352,9015.0,Escherichia coli,Negative
2353,9015.0,Staphylococcus aureus,Negative
2354,9130.0,Escherichia coli,Negative
2355,9130.0,Staphylococcus aureus,Negative
2356,9175.0,Bacillus subtilis,Negative
2357,9175.0,Escherichia coli,Negative
2358,9175.0,Pseudomonas aeruginosa,Negative
2359,9175.0,Salmonella enterica,Negative
2360,9175.0,Staphylococcus epidermidis,Negative
2361,9297.0,Candida albicans,Negative
2362,9297.0,Escherichia coli,Negative
2363,9297.0,Staphylococcus aureus,Negative
2364,9443.0,Bacillus subtilis,Negative
2365,9443.0,Enterococcus faecalis,Negative
2366,9443.0,Enterococcus faecium,Negative
2367,9443.0,Klebsiella pneumoniae,Negative
2368,9443.0,Pseudomonas aeruginosa,Negative
2369,9443.0,Salmonella enterica,Negative
2370,9443.0,Staphylococcus aureus,Negative
2371,9443.0,Staphylococcus epidermidis,Negative
2372,9450.0,Acinetobacter baumannii,Negative
2373,9450.0,Pseudomonas aeruginosa,Negative
2374,9487.0,Escherichia coli,Negative
2375,9487.0,Staphylococcus aureus,Negative
2376,9494.0,Enterococcus faecalis,Negative
2377,957.0,Staphylococcus aureus,Negative
2378,9580.0,Acinetobacter baumannii,Negative
2379,9580.0,Staphylococcus aureus,Negative
2380,9587.0,Candida albicans,Negative
2381,9587.0,Pseudomonas aeruginosa,Negative
2382,9587.0,Staphylococcus aureus,Negative
2383,9825.0,Pseudomonas aeruginosa,Negative
2384,9826.0,Candida albicans,Negative
2385,9826.0,Escherichia coli,Negative
2386,9826.0,Klebsiella pneumoniae,Negative
2387,9826.0,Pseudomonas aeruginosa,Negative
2388,9835.0,Candida albicans,Negative
2389,9835.0,Escherichia coli,Negative
2390,9835.0,Klebsiella pneumoniae,Negative
2391,9835.0,Pseudomonas aeruginosa,Negative
2392,9835.0,Staphylococcus aureus,Negative
2393,DRAMP00277,Candida albicans,Negative
2394,DRAMP00766,Pseudomonas aeruginosa,Negative
2395,DRAMP00766,Salmonella enterica,Negative
2396,DRAMP00766,Staphylococcus aureus,Negative
2397,DRAMP00931,Bacillus subtilis,Negative
2398,DRAMP00931,Escherichia coli,Negative
2399,DRAMP00931,Pseudomonas aeruginosa,Negative
2400,DRAMP00931,Staphylococcus aureus,Negative
2401,DRAMP01202,Enterococcus faecalis,Negative
2402,DRAMP01214,Candida albicans,Negative
2403,DRAMP01214,Escherichia coli,Negative
2404,DRAMP01452,Candida albicans,Negative
2405,DRAMP01610,Bacillus cereus,Negative
2406,DRAMP01610,Micrococcus luteus,Negative
2407,DRAMP01610,Pseudomonas aeruginosa,Negative
2408,DRAMP01610,Staphylococcus aureus,Negative
2409,DRAMP01753,Escherichia coli,Negative
2410,DRAMP01754,Bacillus cereus,Negative
2411,DRAMP01754,Escherichia coli,Negative
2412,DRAMP01754,Staphylococcus aureus,Negative
2413,DRAMP01776,Bacillus megaterium,Negative
2414,DRAMP01776,Enterococcus faecalis,Negative
2415,DRAMP01776,Escherichia coli,Negative
2416,DRAMP01776,Staphylococcus aureus,Negative
2417,DRAMP01842,Staphylococcus aureus,Negative
2418,DRAMP01844,Candida albicans,Negative
2419,DRAMP01844,Enterococcus faecalis,Negative
2420,DRAMP01844,Staphylococcus aureus,Negative
2421,DRAMP01878,Candida albicans,Negative
2422,DRAMP02397,Bacillus subtilis,Negative
2423,DRAMP02397,Escherichia coli,Negative
2424,DRAMP02473,Enterococcus faecium,Negative
2425,DRAMP02925,Staphylococcus aureus,Negative
2426,DRAMP02952,Micrococcus luteus,Negative
2427,DRAMP03075,Bacillus subtilis,Negative
2428,DRAMP03075,Pseudomonas aeruginosa,Negative
2429,DRAMP03090,Micrococcus luteus,Negative
2430,DRAMP03116,Pseudomonas aeruginosa,Negative
2431,DRAMP03116,Staphylococcus aureus,Negative
2432,DRAMP03140,Bacillus cereus,Negative
2433,DRAMP03140,Listeria monocytogenes,Negative
2434,DRAMP03140,Staphylococcus aureus,Negative
2435,DRAMP03150,Micrococcus luteus,Negative
2436,DRAMP03278,Candida albicans,Negative
2437,DRAMP03405,Candida albicans,Negative
2438,DRAMP03467,Bacillus cereus,Negative
2439,DRAMP03467,Bacillus megaterium,Negative
2440,DRAMP03467,Bacillus subtilis,Negative
2441,DRAMP03600,Escherichia coli,Negative
2442,DRAMP03871,Enterococcus faecalis,Negative
2443,DRAMP03871,Escherichia coli,Negative
2444,DRAMP03871,Staphylococcus aureus,Negative
2445,DRAMP03872,Enterococcus faecalis,Negative
2446,DRAMP03872,Escherichia coli,Negative
2447,DRAMP03872,Staphylococcus aureus,Negative
2448,DRAMP03873,Enterococcus faecalis,Negative
2449,DRAMP03873,Escherichia coli,Negative
2450,DRAMP03873,Staphylococcus aureus,Negative
2451,DRAMP03874,Enterococcus faecalis,Negative
2452,DRAMP03874,Escherichia coli,Negative
2453,DRAMP03874,Staphylococcus aureus,Negative
2454,DRAMP03882,Escherichia coli,Negative
2455,DRAMP03882,Staphylococcus aureus,Negative
2456,DRAMP03883,Escherichia coli,Negative
2457,DRAMP03883,Staphylococcus aureus,Negative
2458,DRAMP03884,Escherichia coli,Negative
2459,DRAMP03884,Staphylococcus aureus,Negative
2460,DRAMP03885,Escherichia coli,Negative
2461,DRAMP03885,Staphylococcus aureus,Negative
2462,DRAMP03887,Escherichia coli,Negative
2463,DRAMP03887,Staphylococcus aureus,Negative
2464,DRAMP03888,Escherichia coli,Negative
2465,DRAMP03888,Staphylococcus aureus,Negative
2466,DRAMP03891,Escherichia coli,Negative
2467,DRAMP03891,Staphylococcus aureus,Negative
2468,DRAMP03894,Escherichia coli,Negative
2469,DRAMP03894,Staphylococcus aureus,Negative
2470,DRAMP03898,Staphylococcus aureus,Negative
2471,DRAMP03899,Escherichia coli,Negative
2472,DRAMP03900,Escherichia coli,Negative
2473,DRAMP03902,Escherichia coli,Negative
2474,DRAMP03903,Staphylococcus aureus,Negative
2475,DRAMP03904,Staphylococcus aureus,Negative
2476,DRAMP03905,Staphylococcus aureus,Negative
2477,DRAMP03907,Escherichia coli,Negative
2478,DRAMP03908,Staphylococcus aureus,Negative
2479,DRAMP03909,Escherichia coli,Negative
2480,DRAMP03910,Staphylococcus aureus,Negative
2481,DRAMP03930,Staphylococcus aureus,Negative
2482,DRAMP04236,Escherichia coli,Negative
2483,DRAMP04237,Escherichia coli,Negative
2484,DRAMP04376,Escherichia coli,Negative
2485,DRAMP18365,Enterococcus faecalis,Negative
2486,DRAMP18589,Candida albicans,Negative
2487,DRAMP18612,Bacillus subtilis,Negative
2488,DRAMP18660,Candida albicans,Negative
2489,DRAMP18669,Pseudomonas aeruginosa,Negative
2490,DRAMP18670,Bacillus subtilis,Negative
2491,DRAMP20776,Klebsiella pneumoniae,Negative
2492,DRAMP20776,Pseudomonas aeruginosa,Negative
2493,DRAMP20776,Staphylococcus aureus,Negative
2494,DRAMP20787,Candida parapsilosis,Negative
2495,DRAMP20792,Escherichia coli,Negative
2496,DRAMP20944,Pseudomonas aeruginosa,Negative
2497,DRAMP21258,Enterococcus faecalis,Negative
2498,DRAMP21258,Listeria monocytogenes,Negative
2499,DRAMP21258,Staphylococcus aureus,Negative
2500,DRAMP21258,Staphylococcus epidermidis,Negative
2501,DRAMP21305,Escherichia coli,Negative
2502,DRAMP21305,Staphylococcus aureus,Negative
2503,DRAMP21620,Enterococcus faecalis,Negative
2504,DRAMP21620,Escherichia coli,Negative
2505,DRAMP21620,Pseudomonas aeruginosa,Negative
2506,DRAMP21620,Staphylococcus aureus,Negative
2507,DRAMP28997,Staphylococcus aureus,Negative
2508,DRAMP28999,Staphylococcus aureus,Negative
2509,DRAMP29001,Staphylococcus aureus,Negative
2510,DRAMP29005,Staphylococcus aureus,Negative
2511,dbAMP_00024,Staphylococcus aureus,Negative
2512,dbAMP_00037,Candida albicans,Negative
2513,dbAMP_00037,Candida parapsilosis,Negative
2514,dbAMP_00037,Pseudomonas aeruginosa,Negative
2515,dbAMP_00037,Salmonella enterica,Negative
2516,dbAMP_00037,Staphylococcus aureus,Negative
2517,dbAMP_00037,Staphylococcus epidermidis,Negative
2518,dbAMP_00051,Klebsiella pneumoniae,Negative
2519,dbAMP_00051,Staphylococcus aureus,Negative
2520,dbAMP_00052,Bacillus subtilis,Negative
2521,dbAMP_00052,Candida albicans,Negative
2522,dbAMP_00052,Escherichia coli,Negative
2523,dbAMP_00055,Enterococcus faecalis,Negative
2524,dbAMP_00055,Pseudomonas aeruginosa,Negative
2525,dbAMP_00055,Staphylococcus aureus,Negative
2526,dbAMP_00058,Candida albicans,Negative
2527,dbAMP_00058,Escherichia coli,Negative
2528,dbAMP_00067,Candida albicans,Negative
2529,dbAMP_00078,Enterococcus faecalis,Negative
2530,dbAMP_00079,Enterococcus faecalis,Negative
2531,dbAMP_00079,Staphylococcus aureus,Negative
2532,dbAMP_00091,Escherichia coli,Negative
2533,dbAMP_00174,Escherichia coli,Negative
2534,dbAMP_00174,Staphylococcus aureus,Negative
2535,dbAMP_00185,Enterococcus faecalis,Negative
2536,dbAMP_00185,Staphylococcus aureus,Negative
2537,dbAMP_00215,Acinetobacter baumannii,Negative
2538,dbAMP_00217,Candida albicans,Negative
2539,dbAMP_00221,Pseudomonas aeruginosa,Negative
2540,dbAMP_00230,Enterococcus faecalis,Negative
2541,dbAMP_00230,Escherichia coli,Negative
2542,dbAMP_00230,Klebsiella pneumoniae,Negative
2543,dbAMP_00230,Pseudomonas aeruginosa,Negative
2544,dbAMP_00230,Salmonella enterica,Negative
2545,dbAMP_00235,Salmonella enterica,Negative
2546,dbAMP_00236,Escherichia coli,Negative
2547,dbAMP_00236,Klebsiella pneumoniae,Negative
2548,dbAMP_00254,Staphylococcus aureus,Negative
2549,dbAMP_00254,Staphylococcus epidermidis,Negative
2550,dbAMP_00259,Bacillus cereus,Negative
2551,dbAMP_00259,Escherichia coli,Negative
2552,dbAMP_00259,Pseudomonas aeruginosa,Negative
2553,dbAMP_00260,Bacillus cereus,Negative
2554,dbAMP_00260,Escherichia coli,Negative
2555,dbAMP_00260,Pseudomonas aeruginosa,Negative
2556,dbAMP_00312,Acinetobacter baumannii,Negative
2557,dbAMP_00312,Enterococcus faecium,Negative
2558,dbAMP_00312,Escherichia coli,Negative
2559,dbAMP_00312,Klebsiella pneumoniae,Negative
2560,dbAMP_00318,Bacillus subtilis,Negative
2561,dbAMP_00318,Escherichia coli,Negative
2562,dbAMP_00348,Candida albicans,Negative
2563,dbAMP_00385,Escherichia coli,Negative
2564,dbAMP_00385,Pseudomonas aeruginosa,Negative
2565,dbAMP_00385,Staphylococcus aureus,Negative
2566,dbAMP_00387,Listeria monocytogenes,Negative
2567,dbAMP_00387,Salmonella enterica,Negative
2568,dbAMP_00392,Enterococcus faecalis,Negative
2569,dbAMP_00392,Pseudomonas aeruginosa,Negative
2570,dbAMP_00392,Staphylococcus aureus,Negative
2571,dbAMP_00402,Staphylococcus aureus,Negative
2572,dbAMP_00404,Pseudomonas aeruginosa,Negative
2573,dbAMP_00419,Enterococcus faecalis,Negative
2574,dbAMP_00429,Candida albicans,Negative
2575,dbAMP_00435,Candida albicans,Negative
2576,dbAMP_00470,Escherichia coli,Negative
2577,dbAMP_00471,Escherichia coli,Negative
2578,dbAMP_00543,Escherichia coli,Negative
2579,dbAMP_00595,Bacillus subtilis,Negative
2580,dbAMP_00615,Escherichia coli,Negative
2581,dbAMP_00619,Escherichia coli,Negative
2582,dbAMP_00622,Escherichia coli,Negative
2583,dbAMP_00622,Micrococcus luteus,Negative
2584,dbAMP_00622,Pseudomonas aeruginosa,Negative
2585,dbAMP_00627,Escherichia coli,Negative
2586,dbAMP_00627,Salmonella enterica,Negative
2587,dbAMP_00667,Pseudomonas aeruginosa,Negative
2588,dbAMP_00667,Staphylococcus aureus,Negative
2589,dbAMP_00696,Acinetobacter baumannii,Negative
2590,dbAMP_00696,Enterococcus faecalis,Negative
2591,dbAMP_00696,Escherichia coli,Negative
2592,dbAMP_00696,Pseudomonas aeruginosa,Negative
2593,dbAMP_00696,Staphylococcus aureus,Negative
2594,dbAMP_00704,Escherichia coli,Negative
2595,dbAMP_00704,Staphylococcus aureus,Negative
2596,dbAMP_00877,Candida albicans,Negative
2597,dbAMP_00877,Cryptococcus neoformans,Negative
2598,dbAMP_00877,Enterococcus faecalis,Negative
2599,dbAMP_00877,Escherichia coli,Negative
2600,dbAMP_00877,Klebsiella pneumoniae,Negative
2601,dbAMP_00877,Pseudomonas aeruginosa,Negative
2602,dbAMP_00877,Salmonella enterica,Negative
2603,dbAMP_00877,Staphylococcus aureus,Negative
2604,dbAMP_00878,Escherichia coli,Negative
2605,dbAMP_00878,Staphylococcus aureus,Negative
2606,dbAMP_00880,Escherichia coli,Negative
2607,dbAMP_00880,Klebsiella pneumoniae,Negative
2608,dbAMP_00880,Pseudomonas aeruginosa,Negative
2609,dbAMP_00880,Salmonella enterica,Negative
2610,dbAMP_00881,Acinetobacter baumannii,Negative
2611,dbAMP_00881,Escherichia coli,Negative
2612,dbAMP_00881,Klebsiella pneumoniae,Negative
2613,dbAMP_00881,Micrococcus luteus,Negative
2614,dbAMP_00881,Staphylococcus epidermidis,Negative
2615,dbAMP_00886,Escherichia coli,Negative
2616,dbAMP_00886,Pseudomonas aeruginosa,Negative
2617,dbAMP_00886,Salmonella enterica,Negative
2618,dbAMP_00886,Staphylococcus aureus,Negative
2619,dbAMP_00917,Bacillus cereus,Negative
2620,dbAMP_00917,Candida albicans,Negative
2621,dbAMP_00943,Candida albicans,Negative
2622,dbAMP_00943,Escherichia coli,Negative
2623,dbAMP_00943,Pseudomonas aeruginosa,Negative
2624,dbAMP_00943,Staphylococcus aureus,Negative
2625,dbAMP_00968,Candida albicans,Negative
2626,dbAMP_00968,Escherichia coli,Negative
2627,dbAMP_00968,Pseudomonas aeruginosa,Negative
2628,dbAMP_00968,Staphylococcus aureus,Negative
2629,dbAMP_00976,Candida albicans,Negative
2630,dbAMP_00976,Escherichia coli,Negative
2631,dbAMP_00976,Pseudomonas aeruginosa,Negative
2632,dbAMP_00976,Staphylococcus aureus,Negative
2633,dbAMP_00990,Candida albicans,Negative
2634,dbAMP_01016,Escherichia coli,Negative
2635,dbAMP_01016,Klebsiella pneumoniae,Negative
2636,dbAMP_01016,Pseudomonas aeruginosa,Negative
2637,dbAMP_01017,Klebsiella pneumoniae,Negative
2638,dbAMP_01017,Pseudomonas aeruginosa,Negative
2639,dbAMP_01067,Acinetobacter baumannii,Negative
2640,dbAMP_01127,Bacillus megaterium,Negative
2641,dbAMP_01127,Bacillus subtilis,Negative
2642,dbAMP_01127,Enterobacter cloacae,Negative
2643,dbAMP_01127,Micrococcus luteus,Negative
2644,dbAMP_01127,Pseudomonas aeruginosa,Negative
2645,dbAMP_01127,Staphylococcus aureus,Negative
2646,dbAMP_01214,Candida albicans,Negative
2647,dbAMP_01214,Enterobacter cloacae,Negative
2648,dbAMP_01214,Enterococcus faecalis,Negative
2649,dbAMP_01230,Bacillus cereus,Negative
2650,dbAMP_01230,Pseudomonas aeruginosa,Negative
2651,dbAMP_01230,Salmonella enterica,Negative
2652,dbAMP_01230,Staphylococcus aureus,Negative
2653,dbAMP_01278,Listeria monocytogenes,Negative
2654,dbAMP_01288,Bacillus subtilis,Negative
2655,dbAMP_01288,Escherichia coli,Negative
2656,dbAMP_01288,Pseudomonas aeruginosa,Negative
2657,dbAMP_01289,Acinetobacter baumannii,Negative
2658,dbAMP_01289,Enterobacter cloacae,Negative
2659,dbAMP_01289,Escherichia coli,Negative
2660,dbAMP_01314,Bacillus cereus,Negative
2661,dbAMP_01314,Staphylococcus aureus,Negative
2662,dbAMP_01442,Escherichia coli,Negative
2663,dbAMP_01442,Staphylococcus aureus,Negative
2664,dbAMP_01468,Bacillus subtilis,Negative
2665,dbAMP_01474,Pseudomonas aeruginosa,Negative
2666,dbAMP_01474,Staphylococcus aureus,Negative
2667,dbAMP_01476,Candida albicans,Negative
2668,dbAMP_01476,Escherichia coli,Negative
2669,dbAMP_01476,Pseudomonas aeruginosa,Negative
2670,dbAMP_01476,Staphylococcus aureus,Negative
2671,dbAMP_01485,Candida albicans,Negative
2672,dbAMP_01485,Escherichia coli,Negative
2673,dbAMP_01554,Listeria monocytogenes,Negative
2674,dbAMP_01554,Micrococcus luteus,Negative
2675,dbAMP_01561,Pseudomonas aeruginosa,Negative
2676,dbAMP_01561,Staphylococcus aureus,Negative
2677,dbAMP_01561,Staphylococcus epidermidis,Negative
2678,dbAMP_01584,Bacillus subtilis,Negative
2679,dbAMP_01593,Klebsiella pneumoniae,Negative
2680,dbAMP_01594,Klebsiella pneumoniae,Negative
2681,dbAMP_01604,Candida albicans,Negative
2682,dbAMP_01604,Escherichia coli,Negative
2683,dbAMP_01616,Micrococcus luteus,Negative
2684,dbAMP_01616,Pseudomonas aeruginosa,Negative
2685,dbAMP_01625,Pseudomonas aeruginosa,Negative
2686,dbAMP_01653,Klebsiella pneumoniae,Negative
2687,dbAMP_01653,Pseudomonas aeruginosa,Negative
2688,dbAMP_01689,Staphylococcus aureus,Negative
2689,dbAMP_01695,Bacillus cereus,Negative
2690,dbAMP_01698,Enterococcus faecalis,Negative
2691,dbAMP_01698,Staphylococcus aureus,Negative
2692,dbAMP_01699,Bacillus cereus,Negative
2693,dbAMP_01701,Escherichia coli,Negative
2694,dbAMP_01702,Staphylococcus aureus,Negative
2695,dbAMP_01711,Escherichia coli,Negative
2696,dbAMP_01715,Escherichia coli,Negative
2697,dbAMP_01716,Candida parapsilosis,Negative
2698,dbAMP_01719,Candida albicans,Negative
2699,dbAMP_01719,Staphylococcus aureus,Negative
2700,dbAMP_01719,Staphylococcus epidermidis,Negative
2701,dbAMP_01727,Acinetobacter baumannii,Negative
2702,dbAMP_01727,Enterococcus faecalis,Negative
2703,dbAMP_01727,Escherichia coli,Negative
2704,dbAMP_01727,Klebsiella pneumoniae,Negative
2705,dbAMP_01727,Pseudomonas aeruginosa,Negative
2706,dbAMP_01727,Staphylococcus epidermidis,Negative
2707,dbAMP_01729,Escherichia coli,Negative
2708,dbAMP_01729,Pseudomonas aeruginosa,Negative
2709,dbAMP_01730,Escherichia coli,Negative
2710,dbAMP_01731,Escherichia coli,Negative
2711,dbAMP_01732,Candida albicans,Negative
2712,dbAMP_01732,Escherichia coli,Negative
2713,dbAMP_01732,Pseudomonas aeruginosa,Negative
2714,dbAMP_01732,Staphylococcus aureus,Negative
2715,dbAMP_01734,Enterobacter cloacae,Negative
2716,dbAMP_01734,Enterococcus faecalis,Negative
2717,dbAMP_01734,Pseudomonas aeruginosa,Negative
2718,dbAMP_01755,Escherichia coli,Negative
2719,dbAMP_01755,Staphylococcus aureus,Negative
2720,dbAMP_01759,Escherichia coli,Negative
2721,dbAMP_01766,Escherichia coli,Negative
2722,dbAMP_01766,Pseudomonas aeruginosa,Negative
2723,dbAMP_01767,Pseudomonas aeruginosa,Negative
2724,dbAMP_01768,Pseudomonas aeruginosa,Negative
2725,dbAMP_01769,Acinetobacter baumannii,Negative
2726,dbAMP_01769,Staphylococcus aureus,Negative
2727,dbAMP_01771,Escherichia coli,Negative
2728,dbAMP_01771,Salmonella enterica,Negative
2729,dbAMP_01772,Escherichia coli,Negative
2730,dbAMP_01772,Salmonella enterica,Negative
2731,dbAMP_01774,Candida albicans,Negative
2732,dbAMP_01774,Escherichia coli,Negative
2733,dbAMP_01776,Candida albicans,Negative
2734,dbAMP_01776,Candida parapsilosis,Negative
2735,dbAMP_01777,Acinetobacter baumannii,Negative
2736,dbAMP_01777,Candida parapsilosis,Negative
2737,dbAMP_01777,Escherichia coli,Negative
2738,dbAMP_01779,Escherichia coli,Negative
2739,dbAMP_01779,Staphylococcus aureus,Negative
2740,dbAMP_01794,Pseudomonas aeruginosa,Negative
2741,dbAMP_01795,Candida albicans,Negative
2742,dbAMP_01795,Pseudomonas aeruginosa,Negative
2743,dbAMP_01795,Staphylococcus aureus,Negative
2744,dbAMP_01811,Staphylococcus aureus,Negative
2745,dbAMP_01813,Staphylococcus aureus,Negative
2746,dbAMP_01819,Enterococcus faecalis,Negative
2747,dbAMP_01819,Pseudomonas aeruginosa,Negative
2748,dbAMP_01819,Staphylococcus aureus,Negative
2749,dbAMP_01840,Candida parapsilosis,Negative
2750,dbAMP_01848,Bacillus subtilis,Negative
2751,dbAMP_01848,Escherichia coli,Negative
2752,dbAMP_01850,Escherichia coli,Negative
2753,dbAMP_01850,Pseudomonas aeruginosa,Negative
2754,dbAMP_01850,Staphylococcus aureus,Negative
2755,dbAMP_01878,Escherichia coli,Negative
2756,dbAMP_01878,Staphylococcus aureus,Negative
2757,dbAMP_01880,Candida albicans,Negative
2758,dbAMP_01880,Escherichia coli,Negative
2759,dbAMP_01881,Escherichia coli,Negative
2760,dbAMP_01884,Escherichia coli,Negative
2761,dbAMP_01885,Escherichia coli,Negative
2762,dbAMP_01885,Klebsiella pneumoniae,Negative
2763,dbAMP_01885,Pseudomonas aeruginosa,Negative
2764,dbAMP_01885,Salmonella enterica,Negative
2765,dbAMP_01889,Escherichia coli,Negative
2766,dbAMP_01894,Pseudomonas aeruginosa,Negative
2767,dbAMP_01894,Salmonella enterica,Negative
2768,dbAMP_01895,Candida albicans,Negative
2769,dbAMP_01904,Candida albicans,Negative
2770,dbAMP_01908,Acinetobacter baumannii,Negative
2771,dbAMP_01908,Enterobacter cloacae,Negative
2772,dbAMP_01908,Escherichia coli,Negative
2773,dbAMP_01908,Klebsiella pneumoniae,Negative
2774,dbAMP_01908,Pseudomonas aeruginosa,Negative
2775,dbAMP_01908,Staphylococcus aureus,Negative
2776,dbAMP_01909,Escherichia coli,Negative
2777,dbAMP_01909,Pseudomonas aeruginosa,Negative
2778,dbAMP_01909,Staphylococcus aureus,Negative
2779,dbAMP_01910,Enterobacter cloacae,Negative
2780,dbAMP_01910,Klebsiella pneumoniae,Negative
2781,dbAMP_01911,Enterobacter cloacae,Negative
2782,dbAMP_01911,Klebsiella pneumoniae,Negative
2783,dbAMP_01913,Acinetobacter baumannii,Negative
2784,dbAMP_01913,Enterobacter cloacae,Negative
2785,dbAMP_01913,Klebsiella pneumoniae,Negative
2786,dbAMP_01913,Pseudomonas aeruginosa,Negative
2787,dbAMP_01914,Acinetobacter baumannii,Negative
2788,dbAMP_01914,Enterobacter cloacae,Negative
2789,dbAMP_01914,Escherichia coli,Negative
2790,dbAMP_01914,Klebsiella pneumoniae,Negative
2791,dbAMP_01914,Pseudomonas aeruginosa,Negative
2792,dbAMP_01914,Staphylococcus aureus,Negative
2793,dbAMP_01915,Acinetobacter baumannii,Negative
2794,dbAMP_01915,Enterobacter cloacae,Negative
2795,dbAMP_01915,Escherichia coli,Negative
2796,dbAMP_01915,Klebsiella pneumoniae,Negative
2797,dbAMP_01915,Pseudomonas aeruginosa,Negative
2798,dbAMP_01915,Staphylococcus aureus,Negative
2799,dbAMP_01916,Enterobacter cloacae,Negative
2800,dbAMP_01916,Klebsiella pneumoniae,Negative
2801,dbAMP_01917,Enterobacter cloacae,Negative
2802,dbAMP_01917,Klebsiella pneumoniae,Negative
2803,dbAMP_01918,Enterobacter cloacae,Negative
2804,dbAMP_01918,Klebsiella pneumoniae,Negative
2805,dbAMP_01928,Candida albicans,Negative
2806,dbAMP_01930,Bacillus subtilis,Negative
2807,dbAMP_01930,Candida albicans,Negative
2808,dbAMP_01932,Staphylococcus aureus,Negative
2809,dbAMP_01935,Escherichia coli,Negative
2810,dbAMP_01941,Candida albicans,Negative
2811,dbAMP_01941,Enterobacter cloacae,Negative
2812,dbAMP_01941,Enterococcus faecalis,Negative
2813,dbAMP_01941,Klebsiella pneumoniae,Negative
2814,dbAMP_01941,Pseudomonas aeruginosa,Negative
2815,dbAMP_01952,Candida albicans,Negative
2816,dbAMP_01952,Escherichia coli,Negative
2817,dbAMP_01952,Klebsiella pneumoniae,Negative
2818,dbAMP_01952,Pseudomonas aeruginosa,Negative
2819,dbAMP_01953,Candida albicans,Negative
2820,dbAMP_01953,Pseudomonas aeruginosa,Negative
2821,dbAMP_01964,Candida albicans,Negative
2822,dbAMP_01964,Candida parapsilosis,Negative
2823,dbAMP_01964,Klebsiella pneumoniae,Negative
2824,dbAMP_01964,Pseudomonas aeruginosa,Negative
2825,dbAMP_01964,Salmonella enterica,Negative
2826,dbAMP_01966,Escherichia coli,Negative
2827,dbAMP_01966,Staphylococcus aureus,Negative
2828,dbAMP_01970,Escherichia coli,Negative
2829,dbAMP_01970,Klebsiella pneumoniae,Negative
2830,dbAMP_01970,Pseudomonas aeruginosa,Negative
2831,dbAMP_01974,Escherichia coli,Negative
2832,dbAMP_01975,Candida albicans,Negative
2833,dbAMP_01975,Candida parapsilosis,Negative
2834,dbAMP_01975,Klebsiella pneumoniae,Negative
2835,dbAMP_01975,Pseudomonas aeruginosa,Negative
2836,dbAMP_01975,Salmonella enterica,Negative
2837,dbAMP_01982,Candida albicans,Negative
2838,dbAMP_01993,Candida albicans,Negative
2839,dbAMP_01999,Staphylococcus aureus,Negative
2840,dbAMP_02001,Staphylococcus aureus,Negative
2841,dbAMP_02003,Staphylococcus aureus,Negative
2842,dbAMP_02005,Staphylococcus aureus,Negative
2843,dbAMP_02006,Candida albicans,Negative
2844,dbAMP_02006,Staphylococcus aureus,Negative
2845,dbAMP_02007,Escherichia coli,Negative
2846,dbAMP_02007,Klebsiella pneumoniae,Negative
2847,dbAMP_02007,Pseudomonas aeruginosa,Negative
2848,dbAMP_02012,Candida albicans,Negative
2849,dbAMP_02012,Escherichia coli,Negative
2850,dbAMP_02012,Pseudomonas aeruginosa,Negative
2851,dbAMP_02012,Staphylococcus aureus,Negative
2852,dbAMP_02014,Candida albicans,Negative
2853,dbAMP_02014,Enterobacter cloacae,Negative
2854,dbAMP_02014,Enterococcus faecium,Negative
2855,dbAMP_02014,Escherichia coli,Negative
2856,dbAMP_02014,Klebsiella pneumoniae,Negative
2857,dbAMP_02015,Candida albicans,Negative
2858,dbAMP_02015,Enterobacter cloacae,Negative
2859,dbAMP_02015,Enterococcus faecium,Negative
2860,dbAMP_02015,Escherichia coli,Negative
2861,dbAMP_02015,Klebsiella pneumoniae,Negative
2862,dbAMP_02020,Candida albicans,Negative
2863,dbAMP_02021,Acinetobacter baumannii,Negative
2864,dbAMP_02024,Staphylococcus aureus,Negative
2865,dbAMP_02027,Escherichia coli,Negative
2866,dbAMP_02031,Escherichia coli,Negative
2867,dbAMP_02035,Klebsiella pneumoniae,Negative
2868,dbAMP_02041,Escherichia coli,Negative
2869,dbAMP_02045,Enterococcus faecalis,Negative
2870,dbAMP_02045,Staphylococcus aureus,Negative
2871,dbAMP_02045,Staphylococcus epidermidis,Negative
2872,dbAMP_02046,Escherichia coli,Negative
2873,dbAMP_02048,Klebsiella pneumoniae,Negative
2874,dbAMP_02049,Klebsiella pneumoniae,Negative
2875,dbAMP_02051,Klebsiella pneumoniae,Negative
2876,dbAMP_02053,Candida albicans,Negative
2877,dbAMP_02055,Escherichia coli,Negative
2878,dbAMP_02056,Candida albicans,Negative
2879,dbAMP_02056,Escherichia coli,Negative
2880,dbAMP_02058,Escherichia coli,Negative
2881,dbAMP_02058,Staphylococcus aureus,Negative
2882,dbAMP_02059,Candida albicans,Negative
2883,dbAMP_02059,Escherichia coli,Negative
2884,dbAMP_02059,Staphylococcus aureus,Negative
2885,dbAMP_02061,Candida albicans,Negative
2886,dbAMP_02061,Escherichia coli,Negative
2887,dbAMP_02062,Candida albicans,Negative
2888,dbAMP_02062,Escherichia coli,Negative
2889,dbAMP_02062,Klebsiella pneumoniae,Negative
2890,dbAMP_02064,Enterococcus faecalis,Negative
2891,dbAMP_02064,Staphylococcus aureus,Negative
2892,dbAMP_02065,Escherichia coli,Negative
2893,dbAMP_02068,Bacillus cereus,Negative
2894,dbAMP_02072,Bacillus subtilis,Negative
2895,dbAMP_02072,Candida albicans,Negative
2896,dbAMP_02072,Escherichia coli,Negative
2897,dbAMP_02072,Klebsiella pneumoniae,Negative
2898,dbAMP_02072,Pseudomonas aeruginosa,Negative
2899,dbAMP_02073,Escherichia coli,Negative
2900,dbAMP_02076,Bacillus megaterium,Negative
2901,dbAMP_02076,Candida albicans,Negative
2902,dbAMP_02076,Candida parapsilosis,Negative
2903,dbAMP_02076,Enterococcus faecalis,Negative
2904,dbAMP_02076,Escherichia coli,Negative
2905,dbAMP_02076,Pseudomonas aeruginosa,Negative
2906,dbAMP_02076,Staphylococcus aureus,Negative
2907,dbAMP_02084,Staphylococcus aureus,Negative
2908,dbAMP_02086,Enterococcus faecalis,Negative
2909,dbAMP_02086,Staphylococcus aureus,Negative
2910,dbAMP_02094,Escherichia coli,Negative
2911,dbAMP_02096,Escherichia coli,Negative
2912,dbAMP_02104,Listeria monocytogenes,Negative
2913,dbAMP_02108,Escherichia coli,Negative
2914,dbAMP_02121,Escherichia coli,Negative
2915,dbAMP_02121,Klebsiella pneumoniae,Negative
2916,dbAMP_02121,Pseudomonas aeruginosa,Negative
2917,dbAMP_02122,Escherichia coli,Negative
2918,dbAMP_02124,Bacillus subtilis,Negative
2919,dbAMP_02125,Enterococcus faecalis,Negative
2920,dbAMP_02129,Escherichia coli,Negative
2921,dbAMP_02129,Klebsiella pneumoniae,Negative
2922,dbAMP_02129,Pseudomonas aeruginosa,Negative
2923,dbAMP_02132,Staphylococcus aureus,Negative
2924,dbAMP_02136,Escherichia coli,Negative
2925,dbAMP_02136,Staphylococcus aureus,Negative
2926,dbAMP_02140,Enterobacter cloacae,Negative
2927,dbAMP_02140,Enterococcus faecium,Negative
2928,dbAMP_02140,Escherichia coli,Negative
2929,dbAMP_02140,Klebsiella pneumoniae,Negative
2930,dbAMP_02147,Escherichia coli,Negative
2931,dbAMP_02151,Bacillus subtilis,Negative
2932,dbAMP_02155,Klebsiella pneumoniae,Negative
2933,dbAMP_02160,Escherichia coli,Negative
2934,dbAMP_02162,Candida albicans,Negative
2935,dbAMP_02162,Escherichia coli,Negative
2936,dbAMP_02164,Escherichia coli,Negative
2937,dbAMP_02165,Candida albicans,Negative
2938,dbAMP_02167,Staphylococcus aureus,Negative
2939,dbAMP_02176,Staphylococcus aureus,Negative
2940,dbAMP_02178,Escherichia coli,Negative
2941,dbAMP_02178,Klebsiella pneumoniae,Negative
2942,dbAMP_02178,Pseudomonas aeruginosa,Negative
2943,dbAMP_02189,Enterococcus faecalis,Negative
2944,dbAMP_02189,Escherichia coli,Negative
2945,dbAMP_02189,Pseudomonas aeruginosa,Negative
2946,dbAMP_02190,Candida albicans,Negative
2947,dbAMP_02190,Enterobacter cloacae,Negative
2948,dbAMP_02190,Escherichia coli,Negative
2949,dbAMP_02190,Klebsiella pneumoniae,Negative
2950,dbAMP_02190,Pseudomonas aeruginosa,Negative
2951,dbAMP_02216,Candida albicans,Negative
2952,dbAMP_02216,Escherichia coli,Negative
2953,dbAMP_02219,Candida albicans,Negative
2954,dbAMP_02219,Candida parapsilosis,Negative
2955,dbAMP_02219,Escherichia coli,Negative
2956,dbAMP_02219,Klebsiella pneumoniae,Negative
2957,dbAMP_02219,Pseudomonas aeruginosa,Negative
2958,dbAMP_02223,Candida albicans,Negative
2959,dbAMP_02224,Candida albicans,Negative
2960,dbAMP_02224,Escherichia coli,Negative
2961,dbAMP_02224,Staphylococcus aureus,Negative
2962,dbAMP_02231,Candida albicans,Negative
2963,dbAMP_02231,Enterobacter cloacae,Negative
2964,dbAMP_02231,Enterococcus faecalis,Negative
2965,dbAMP_02231,Escherichia coli,Negative
2966,dbAMP_02231,Klebsiella pneumoniae,Negative
2967,dbAMP_02231,Pseudomonas aeruginosa,Negative
2968,dbAMP_02231,Salmonella enterica,Negative
2969,dbAMP_02233,Escherichia coli,Negative
2970,dbAMP_02235,Enterobacter cloacae,Negative
2971,dbAMP_02235,Escherichia coli,Negative
2972,dbAMP_02235,Salmonella enterica,Negative
2973,dbAMP_02238,Enterococcus faecalis,Negative
2974,dbAMP_02238,Escherichia coli,Negative
2975,dbAMP_02247,Klebsiella pneumoniae,Negative
2976,dbAMP_02247,Pseudomonas aeruginosa,Negative
2977,dbAMP_02251,Candida albicans,Negative
2978,dbAMP_02251,Enterobacter cloacae,Negative
2979,dbAMP_02251,Enterococcus faecium,Negative
2980,dbAMP_02251,Escherichia coli,Negative
2981,dbAMP_02251,Klebsiella pneumoniae,Negative
2982,dbAMP_02251,Pseudomonas aeruginosa,Negative
2983,dbAMP_02271,Staphylococcus aureus,Negative
2984,dbAMP_02290,Staphylococcus aureus,Negative
2985,dbAMP_02291,Escherichia coli,Negative
2986,dbAMP_02291,Staphylococcus aureus,Negative
2987,dbAMP_02292,Escherichia coli,Negative
2988,dbAMP_02292,Staphylococcus aureus,Negative
2989,dbAMP_02293,Escherichia coli,Negative
2990,dbAMP_02293,Staphylococcus aureus,Negative
2991,dbAMP_02294,Escherichia coli,Negative
2992,dbAMP_02294,Staphylococcus aureus,Negative
2993,dbAMP_02296,Candida albicans,Negative
2994,dbAMP_02296,Pseudomonas aeruginosa,Negative
2995,dbAMP_02300,Candida albicans,Negative
2996,dbAMP_02310,Enterococcus faecalis,Negative
2997,dbAMP_02310,Staphylococcus aureus,Negative
2998,dbAMP_02330,Acinetobacter baumannii,Negative
2999,dbAMP_02330,Escherichia coli,Negative
3000,dbAMP_02330,Pseudomonas aeruginosa,Negative
3001,dbAMP_02330,Staphylococcus aureus,Negative
3002,dbAMP_02340,Escherichia coli,Negative
3003,dbAMP_02340,Micrococcus luteus,Negative
3004,dbAMP_02370,Escherichia coli,Negative
3005,dbAMP_02375,Candida albicans,Negative
3006,dbAMP_02382,Escherichia coli,Negative
3007,dbAMP_02382,Klebsiella pneumoniae,Negative
3008,dbAMP_02394,Klebsiella pneumoniae,Negative
3009,dbAMP_02394,Pseudomonas aeruginosa,Negative
3010,dbAMP_02395,Salmonella enterica,Negative
3011,dbAMP_02402,Acinetobacter baumannii,Negative
3012,dbAMP_02402,Enterobacter cloacae,Negative
3013,dbAMP_02402,Klebsiella pneumoniae,Negative
3014,dbAMP_02402,Pseudomonas aeruginosa,Negative
3015,dbAMP_02406,Escherichia coli,Negative
3016,dbAMP_02407,Candida albicans,Negative
3017,dbAMP_02407,Candida parapsilosis,Negative
3018,dbAMP_02416,Enterobacter cloacae,Negative
3019,dbAMP_02416,Enterococcus faecalis,Negative
3020,dbAMP_02416,Enterococcus faecium,Negative
3021,dbAMP_02416,Klebsiella pneumoniae,Negative
3022,dbAMP_02416,Pseudomonas aeruginosa,Negative
3023,dbAMP_02416,Staphylococcus aureus,Negative
3024,dbAMP_02420,Pseudomonas aeruginosa,Negative
3025,dbAMP_02424,Escherichia coli,Negative
3026,dbAMP_02424,Klebsiella pneumoniae,Negative
3027,dbAMP_02424,Pseudomonas aeruginosa,Negative
3028,dbAMP_02424,Salmonella enterica,Negative
3029,dbAMP_02436,Escherichia coli,Negative
3030,dbAMP_02436,Staphylococcus aureus,Negative
3031,dbAMP_02436,Staphylococcus epidermidis,Negative
3032,dbAMP_02437,Bacillus subtilis,Negative
3033,dbAMP_02437,Escherichia coli,Negative
3034,dbAMP_02440,Escherichia coli,Negative
3035,dbAMP_02440,Staphylococcus aureus,Negative
3036,dbAMP_02445,Salmonella enterica,Negative
3037,dbAMP_02446,Candida albicans,Negative
3038,dbAMP_02446,Enterobacter cloacae,Negative
3039,dbAMP_02446,Enterococcus faecalis,Negative
3040,dbAMP_02446,Pseudomonas aeruginosa,Negative
3041,dbAMP_02446,Salmonella enterica,Negative
3042,dbAMP_02446,Staphylococcus aureus,Negative
3043,dbAMP_02450,Escherichia coli,Negative
3044,dbAMP_02450,Staphylococcus aureus,Negative
3045,dbAMP_02460,Escherichia coli,Negative
3046,dbAMP_02460,Staphylococcus aureus,Negative
3047,dbAMP_02460,Staphylococcus epidermidis,Negative
3048,dbAMP_02478,Enterococcus faecalis,Negative
3049,dbAMP_02478,Escherichia coli,Negative
3050,dbAMP_02478,Klebsiella pneumoniae,Negative
3051,dbAMP_02478,Pseudomonas aeruginosa,Negative
3052,dbAMP_02478,Staphylococcus aureus,Negative
3053,dbAMP_02522,Micrococcus luteus,Negative
3054,dbAMP_02522,Staphylococcus aureus,Negative
3055,dbAMP_02533,Candida albicans,Negative
3056,dbAMP_02537,Escherichia coli,Negative
3057,dbAMP_02548,Pseudomonas aeruginosa,Negative
3058,dbAMP_02548,Salmonella enterica,Negative
3059,dbAMP_02554,Salmonella enterica,Negative
3060,dbAMP_02567,Bacillus subtilis,Negative
3061,dbAMP_02570,Salmonella enterica,Negative
3062,dbAMP_02574,Escherichia coli,Negative
3063,dbAMP_02611,Candida albicans,Negative
3064,dbAMP_02611,Escherichia coli,Negative
3065,dbAMP_02611,Staphylococcus aureus,Negative
3066,dbAMP_02620,Candida albicans,Negative
3067,dbAMP_02622,Staphylococcus aureus,Negative
3068,dbAMP_02637,Candida albicans,Negative
3069,dbAMP_02637,Escherichia coli,Negative
3070,dbAMP_02637,Staphylococcus aureus,Negative
3071,dbAMP_02639,Candida albicans,Negative
3072,dbAMP_02639,Escherichia coli,Negative
3073,dbAMP_02639,Salmonella enterica,Negative
3074,dbAMP_02639,Staphylococcus aureus,Negative
3075,dbAMP_02639,Staphylococcus epidermidis,Negative
3076,dbAMP_02641,Candida albicans,Negative
3077,dbAMP_02642,Escherichia coli,Negative
3078,dbAMP_02642,Klebsiella pneumoniae,Negative
3079,dbAMP_02643,Escherichia coli,Negative
3080,dbAMP_02645,Candida albicans,Negative
3081,dbAMP_02645,Enterobacter cloacae,Negative
3082,dbAMP_02645,Klebsiella pneumoniae,Negative
3083,dbAMP_02645,Pseudomonas aeruginosa,Negative
3084,dbAMP_02657,Escherichia coli,Negative
3085,dbAMP_02669,Klebsiella pneumoniae,Negative
3086,dbAMP_02672,Candida albicans,Negative
3087,dbAMP_02672,Escherichia coli,Negative
3088,dbAMP_02673,Salmonella enterica,Negative
3089,dbAMP_02673,Staphylococcus aureus,Negative
3090,dbAMP_02679,Candida albicans,Negative
3091,dbAMP_02695,Candida albicans,Negative
3092,dbAMP_02695,Staphylococcus aureus,Negative
3093,dbAMP_02698,Bacillus subtilis,Negative
3094,dbAMP_02703,Bacillus cereus,Negative
3095,dbAMP_02703,Enterococcus faecalis,Negative
3096,dbAMP_02703,Escherichia coli,Negative
3097,dbAMP_02703,Micrococcus luteus,Negative
3098,dbAMP_02703,Staphylococcus aureus,Negative
3099,dbAMP_02710,Pseudomonas aeruginosa,Negative
3100,dbAMP_02711,Bacillus subtilis,Negative
3101,dbAMP_02711,Enterococcus faecalis,Negative
3102,dbAMP_02711,Escherichia coli,Negative
3103,dbAMP_02711,Micrococcus luteus,Negative
3104,dbAMP_02711,Pseudomonas aeruginosa,Negative
3105,dbAMP_02712,Escherichia coli,Negative
3106,dbAMP_02714,Escherichia coli,Negative
3107,dbAMP_02714,Klebsiella pneumoniae,Negative
3108,dbAMP_02714,Staphylococcus aureus,Negative
3109,dbAMP_02732,Escherichia coli,Negative
3110,dbAMP_02732,Pseudomonas aeruginosa,Negative
3111,dbAMP_02732,Staphylococcus aureus,Negative
3112,dbAMP_02777,Candida albicans,Negative
3113,dbAMP_02777,Candida parapsilosis,Negative
3114,dbAMP_02777,Staphylococcus aureus,Negative
3115,dbAMP_02826,Candida albicans,Negative
3116,dbAMP_02827,Candida albicans,Negative
3117,dbAMP_02827,Escherichia coli,Negative
3118,dbAMP_02827,Klebsiella pneumoniae,Negative
3119,dbAMP_02827,Pseudomonas aeruginosa,Negative
3120,dbAMP_02831,Candida albicans,Negative
3121,dbAMP_02907,Bacillus subtilis,Negative
3122,dbAMP_02907,Candida albicans,Negative
3123,dbAMP_02914,Escherichia coli,Negative
3124,dbAMP_02918,Bacillus subtilis,Negative
3125,dbAMP_02918,Candida albicans,Negative
3126,dbAMP_02918,Escherichia coli,Negative
3127,dbAMP_02942,Bacillus subtilis,Negative
3128,dbAMP_02942,Candida albicans,Negative
3129,dbAMP_02942,Escherichia coli,Negative
3130,dbAMP_02946,Bacillus subtilis,Negative
3131,dbAMP_02946,Candida albicans,Negative
3132,dbAMP_02946,Escherichia coli,Negative
3133,dbAMP_02949,Pseudomonas aeruginosa,Negative
3134,dbAMP_02951,Staphylococcus aureus,Negative
3135,dbAMP_02952,Candida albicans,Negative
3136,dbAMP_02952,Escherichia coli,Negative
3137,dbAMP_02952,Staphylococcus aureus,Negative
3138,dbAMP_02964,Escherichia coli,Negative
3139,dbAMP_02964,Staphylococcus aureus,Negative
3140,dbAMP_02967,Escherichia coli,Negative
3141,dbAMP_02970,Bacillus cereus,Negative
3142,dbAMP_02970,Pseudomonas aeruginosa,Negative
3143,dbAMP_02970,Staphylococcus aureus,Negative
3144,dbAMP_02983,Candida albicans,Negative
3145,dbAMP_02991,Escherichia coli,Negative
3146,dbAMP_02991,Pseudomonas aeruginosa,Negative
3147,dbAMP_02991,Salmonella enterica,Negative
3148,dbAMP_02993,Escherichia coli,Negative
3149,dbAMP_02993,Pseudomonas aeruginosa,Negative
3150,dbAMP_02993,Salmonella enterica,Negative
3151,dbAMP_02997,Pseudomonas aeruginosa,Negative
3152,dbAMP_02997,Salmonella enterica,Negative
3153,dbAMP_02998,Escherichia coli,Negative
3154,dbAMP_02999,Escherichia coli,Negative
3155,dbAMP_02999,Pseudomonas aeruginosa,Negative
3156,dbAMP_02999,Salmonella enterica,Negative
3157,dbAMP_02999,Staphylococcus aureus,Negative
3158,dbAMP_03017,Enterococcus faecium,Negative
3159,dbAMP_03017,Listeria monocytogenes,Negative
3160,dbAMP_03018,Candida albicans,Negative
3161,dbAMP_03018,Enterococcus faecalis,Negative
3162,dbAMP_03018,Staphylococcus aureus,Negative
3163,dbAMP_03021,Candida albicans,Negative
3164,dbAMP_03021,Enterococcus faecalis,Negative
3165,dbAMP_03021,Escherichia coli,Negative
3166,dbAMP_03021,Pseudomonas aeruginosa,Negative
3167,dbAMP_03021,Staphylococcus aureus,Negative
3168,dbAMP_03023,Klebsiella pneumoniae,Negative
3169,dbAMP_03023,Pseudomonas aeruginosa,Negative
3170,dbAMP_03027,Candida albicans,Negative
3171,dbAMP_03027,Escherichia coli,Negative
3172,dbAMP_03028,Candida albicans,Negative
3173,dbAMP_03028,Pseudomonas aeruginosa,Negative
3174,dbAMP_03035,Enterococcus faecalis,Negative
3175,dbAMP_03035,Escherichia coli,Negative
3176,dbAMP_03035,Staphylococcus aureus,Negative
3177,dbAMP_03038,Candida albicans,Negative
3178,dbAMP_03043,Escherichia coli,Negative
3179,dbAMP_03043,Staphylococcus aureus,Negative
3180,dbAMP_03049,Enterococcus faecalis,Negative
3181,dbAMP_03049,Pseudomonas aeruginosa,Negative
3182,dbAMP_03049,Salmonella enterica,Negative
3183,dbAMP_03056,Enterobacter cloacae,Negative
3184,dbAMP_03056,Enterococcus faecalis,Negative
3185,dbAMP_03056,Escherichia coli,Negative
3186,dbAMP_03056,Klebsiella pneumoniae,Negative
3187,dbAMP_03056,Pseudomonas aeruginosa,Negative
3188,dbAMP_03065,Candida albicans,Negative
3189,dbAMP_03065,Escherichia coli,Negative
3190,dbAMP_03070,Escherichia coli,Negative
3191,dbAMP_03073,Escherichia coli,Negative
3192,dbAMP_03073,Staphylococcus aureus,Negative
3193,dbAMP_03074,Staphylococcus aureus,Negative
3194,dbAMP_03078,Salmonella enterica,Negative
3195,dbAMP_03083,Candida albicans,Negative
3196,dbAMP_03088,Escherichia coli,Negative
3197,dbAMP_03088,Staphylococcus aureus,Negative
3198,dbAMP_03090,Candida albicans,Negative
3199,dbAMP_03090,Enterococcus faecalis,Negative
3200,dbAMP_03091,Candida albicans,Negative
3201,dbAMP_03097,Candida albicans,Negative
3202,dbAMP_03097,Escherichia coli,Negative
3203,dbAMP_03098,Salmonella enterica,Negative
3204,dbAMP_03107,Candida albicans,Negative
3205,dbAMP_03107,Escherichia coli,Negative
3206,dbAMP_03107,Staphylococcus aureus,Negative
3207,dbAMP_03109,Escherichia coli,Negative
3208,dbAMP_03115,Candida albicans,Negative
3209,dbAMP_03121,Candida albicans,Negative
3210,dbAMP_03121,Salmonella enterica,Negative
3211,dbAMP_03122,Candida albicans,Negative
3212,dbAMP_03122,Salmonella enterica,Negative
3213,dbAMP_03124,Candida albicans,Negative
3214,dbAMP_03136,Candida albicans,Negative
3215,dbAMP_03136,Escherichia coli,Negative
3216,dbAMP_03136,Staphylococcus aureus,Negative
3217,dbAMP_03141,Escherichia coli,Negative
3218,dbAMP_03141,Staphylococcus aureus,Negative
3219,dbAMP_03141,Staphylococcus epidermidis,Negative
3220,dbAMP_03150,Enterococcus faecalis,Negative
3221,dbAMP_03150,Staphylococcus aureus,Negative
3222,dbAMP_03156,Candida albicans,Negative
3223,dbAMP_03156,Staphylococcus aureus,Negative
3224,dbAMP_03159,Candida albicans,Negative
3225,dbAMP_03159,Escherichia coli,Negative
3226,dbAMP_03159,Micrococcus luteus,Negative
3227,dbAMP_03159,Pseudomonas aeruginosa,Negative
3228,dbAMP_03185,Staphylococcus aureus,Negative
3229,dbAMP_03204,Staphylococcus aureus,Negative
3230,dbAMP_03204,Staphylococcus epidermidis,Negative
3231,dbAMP_03211,Escherichia coli,Negative
3232,dbAMP_03211,Micrococcus luteus,Negative
3233,dbAMP_03214,Candida albicans,Negative
3234,dbAMP_03221,Staphylococcus aureus,Negative
3235,dbAMP_03236,Candida albicans,Negative
3236,dbAMP_03236,Pseudomonas aeruginosa,Negative
3237,dbAMP_03244,Escherichia coli,Negative
3238,dbAMP_03244,Staphylococcus aureus,Negative
3239,dbAMP_03247,Escherichia coli,Negative
3240,dbAMP_03271,Escherichia coli,Negative
3241,dbAMP_03273,Bacillus cereus,Negative
3242,dbAMP_03273,Escherichia coli,Negative
3243,dbAMP_03280,Escherichia coli,Negative
3244,dbAMP_03283,Bacillus cereus,Negative
3245,dbAMP_03283,Escherichia coli,Negative
3246,dbAMP_03283,Micrococcus luteus,Negative
3247,dbAMP_03283,Staphylococcus aureus,Negative
3248,dbAMP_03283,Staphylococcus epidermidis,Negative
3249,dbAMP_03286,Bacillus cereus,Negative
3250,dbAMP_03286,Escherichia coli,Negative
3251,dbAMP_03286,Micrococcus luteus,Negative
3252,dbAMP_03286,Staphylococcus epidermidis,Negative
3253,dbAMP_03287,Bacillus cereus,Negative
3254,dbAMP_03287,Escherichia coli,Negative
3255,dbAMP_03287,Micrococcus luteus,Negative
3256,dbAMP_03291,Klebsiella pneumoniae,Negative
3257,dbAMP_03291,Micrococcus luteus,Negative
3258,dbAMP_03291,Pseudomonas aeruginosa,Negative
3259,dbAMP_03291,Staphylococcus epidermidis,Negative
3260,dbAMP_03294,Bacillus cereus,Negative
3261,dbAMP_03294,Escherichia coli,Negative
3262,dbAMP_03294,Pseudomonas aeruginosa,Negative
3263,dbAMP_03302,Bacillus cereus,Negative
3264,dbAMP_03302,Escherichia coli,Negative
3265,dbAMP_03302,Micrococcus luteus,Negative
3266,dbAMP_03302,Staphylococcus aureus,Negative
3267,dbAMP_03302,Staphylococcus epidermidis,Negative
3268,dbAMP_03305,Bacillus cereus,Negative
3269,dbAMP_03305,Escherichia coli,Negative
3270,dbAMP_03305,Micrococcus luteus,Negative
3271,dbAMP_03305,Staphylococcus aureus,Negative
3272,dbAMP_03305,Staphylococcus epidermidis,Negative
3273,dbAMP_03310,Bacillus cereus,Negative
3274,dbAMP_03312,Candida albicans,Negative
3275,dbAMP_03322,Bacillus cereus,Negative
3276,dbAMP_03322,Enterococcus faecalis,Negative
3277,dbAMP_03322,Escherichia coli,Negative
3278,dbAMP_03322,Pseudomonas aeruginosa,Negative
3279,dbAMP_03322,Staphylococcus epidermidis,Negative
3280,dbAMP_03325,Bacillus cereus,Negative
3281,dbAMP_03325,Enterococcus faecalis,Negative
3282,dbAMP_03325,Escherichia coli,Negative
3283,dbAMP_03325,Micrococcus luteus,Negative
3284,dbAMP_03325,Staphylococcus epidermidis,Negative
3285,dbAMP_03328,Bacillus cereus,Negative
3286,dbAMP_03328,Escherichia coli,Negative
3287,dbAMP_03331,Enterobacter cloacae,Negative
3288,dbAMP_03331,Enterococcus faecalis,Negative
3289,dbAMP_03331,Escherichia coli,Negative
3290,dbAMP_03331,Pseudomonas aeruginosa,Negative
3291,dbAMP_03333,Bacillus cereus,Negative
3292,dbAMP_03333,Escherichia coli,Negative
3293,dbAMP_03335,Escherichia coli,Negative
3294,dbAMP_03344,Candida albicans,Negative
3295,dbAMP_03346,Staphylococcus aureus,Negative
3296,dbAMP_03347,Staphylococcus aureus,Negative
3297,dbAMP_03349,Escherichia coli,Negative
3298,dbAMP_03349,Listeria monocytogenes,Negative
3299,dbAMP_03349,Salmonella enterica,Negative
3300,dbAMP_03349,Staphylococcus aureus,Negative
3301,dbAMP_03351,Candida albicans,Negative
3302,dbAMP_03351,Pseudomonas aeruginosa,Negative
3303,dbAMP_03361,Staphylococcus aureus,Negative
3304,dbAMP_03386,Candida albicans,Negative
3305,dbAMP_03401,Enterobacter cloacae,Negative
3306,dbAMP_03401,Enterococcus faecalis,Negative
3307,dbAMP_03401,Escherichia coli,Negative
3308,dbAMP_03401,Pseudomonas aeruginosa,Negative
3309,dbAMP_03402,Bacillus megaterium,Negative
3310,dbAMP_03402,Enterobacter cloacae,Negative
3311,dbAMP_03402,Salmonella enterica,Negative
3312,dbAMP_03402,Staphylococcus aureus,Negative
3313,dbAMP_03407,Pseudomonas aeruginosa,Negative
3314,dbAMP_03450,Escherichia coli,Negative
3315,dbAMP_03461,Bacillus cereus,Negative
3316,dbAMP_03461,Escherichia coli,Negative
3317,dbAMP_03461,Micrococcus luteus,Negative
3318,dbAMP_03461,Staphylococcus aureus,Negative
3319,dbAMP_03461,Staphylococcus epidermidis,Negative
3320,dbAMP_03463,Bacillus cereus,Negative
3321,dbAMP_03463,Escherichia coli,Negative
3322,dbAMP_03463,Micrococcus luteus,Negative
3323,dbAMP_03463,Staphylococcus aureus,Negative
3324,dbAMP_03463,Staphylococcus epidermidis,Negative
3325,dbAMP_03464,Escherichia coli,Negative
3326,dbAMP_03464,Pseudomonas aeruginosa,Negative
3327,dbAMP_03464,Staphylococcus aureus,Negative
3328,dbAMP_03472,Staphylococcus aureus,Negative
3329,dbAMP_03474,Pseudomonas aeruginosa,Negative
3330,dbAMP_03480,Staphylococcus aureus,Negative
3331,dbAMP_03481,Bacillus cereus,Negative
3332,dbAMP_03481,Candida albicans,Negative
3333,dbAMP_03481,Klebsiella pneumoniae,Negative
3334,dbAMP_03481,Listeria monocytogenes,Negative
3335,dbAMP_03481,Salmonella enterica,Negative
3336,dbAMP_03481,Staphylococcus aureus,Negative
3337,dbAMP_03483,Staphylococcus aureus,Negative
3338,dbAMP_03485,Staphylococcus aureus,Negative
3339,dbAMP_03493,Candida albicans,Negative
3340,dbAMP_03493,Escherichia coli,Negative
3341,dbAMP_03493,Staphylococcus aureus,Negative
3342,dbAMP_03495,Enterococcus faecalis,Negative
3343,dbAMP_03498,Escherichia coli,Negative
3344,dbAMP_03498,Staphylococcus aureus,Negative
3345,dbAMP_03504,Escherichia coli,Negative
3346,dbAMP_03504,Micrococcus luteus,Negative
3347,dbAMP_03504,Staphylococcus aureus,Negative
3348,dbAMP_03506,Enterococcus faecalis,Negative
3349,dbAMP_03509,Staphylococcus aureus,Negative
3350,dbAMP_03511,Candida albicans,Negative
3351,dbAMP_03525,Candida albicans,Negative
3352,dbAMP_03533,Candida albicans,Negative
3353,dbAMP_03533,Enterobacter cloacae,Negative
3354,dbAMP_03533,Enterococcus faecalis,Negative
3355,dbAMP_03533,Klebsiella pneumoniae,Negative
3356,dbAMP_03533,Pseudomonas aeruginosa,Negative
3357,dbAMP_03533,Staphylococcus aureus,Negative
3358,dbAMP_03533,Staphylococcus epidermidis,Negative
3359,dbAMP_03548,Escherichia coli,Negative
3360,dbAMP_03550,Escherichia coli,Negative
3361,dbAMP_03558,Staphylococcus aureus,Negative
3362,dbAMP_03561,Escherichia coli,Negative
3363,dbAMP_03561,Micrococcus luteus,Negative
3364,dbAMP_03561,Staphylococcus aureus,Negative
3365,dbAMP_03569,Staphylococcus aureus,Negative
3366,dbAMP_03574,Pseudomonas aeruginosa,Negative
3367,dbAMP_03576,Candida albicans,Negative
3368,dbAMP_03576,Escherichia coli,Negative
3369,dbAMP_03576,Staphylococcus aureus,Negative
3370,dbAMP_03580,Bacillus cereus,Negative
3371,dbAMP_03580,Enterococcus faecalis,Negative
3372,dbAMP_03580,Escherichia coli,Negative
3373,dbAMP_03580,Micrococcus luteus,Negative
3374,dbAMP_03580,Staphylococcus aureus,Negative
3375,dbAMP_03580,Staphylococcus epidermidis,Negative
3376,dbAMP_03584,Acinetobacter baumannii,Negative
3377,dbAMP_03584,Pseudomonas aeruginosa,Negative
3378,dbAMP_03596,Bacillus subtilis,Negative
3379,dbAMP_03596,Escherichia coli,Negative
3380,dbAMP_03596,Staphylococcus aureus,Negative
3381,dbAMP_03604,Escherichia coli,Negative
3382,dbAMP_03624,Escherichia coli,Negative
3383,dbAMP_03624,Staphylococcus aureus,Negative
3384,dbAMP_03634,Salmonella enterica,Negative
3385,dbAMP_03638,Salmonella enterica,Negative
3386,dbAMP_03644,Bacillus subtilis,Negative
3387,dbAMP_03644,Escherichia coli,Negative
3388,dbAMP_03644,Klebsiella pneumoniae,Negative
3389,dbAMP_03644,Pseudomonas aeruginosa,Negative
3390,dbAMP_03645,Staphylococcus aureus,Negative
3391,dbAMP_03651,Staphylococcus aureus,Negative
3392,dbAMP_03658,Bacillus subtilis,Negative
3393,dbAMP_03659,Bacillus cereus,Negative
3394,dbAMP_03659,Escherichia coli,Negative
3395,dbAMP_03659,Staphylococcus aureus,Negative
3396,dbAMP_03659,Staphylococcus epidermidis,Negative
3397,dbAMP_03663,Candida albicans,Negative
3398,dbAMP_03668,Pseudomonas aeruginosa,Negative
3399,dbAMP_03671,Candida albicans,Negative
3400,dbAMP_03671,Klebsiella pneumoniae,Negative
3401,dbAMP_03671,Staphylococcus aureus,Negative
3402,dbAMP_03672,Escherichia coli,Negative
3403,dbAMP_03672,Staphylococcus aureus,Negative
3404,dbAMP_03673,Candida albicans,Negative
3405,dbAMP_03673,Klebsiella pneumoniae,Negative
3406,dbAMP_03673,Staphylococcus aureus,Negative
3407,dbAMP_03678,Candida albicans,Negative
3408,dbAMP_03678,Staphylococcus aureus,Negative
3409,dbAMP_03680,Candida albicans,Negative
3410,dbAMP_03682,Candida albicans,Negative
3411,dbAMP_03683,Bacillus cereus,Negative
3412,dbAMP_03683,Escherichia coli,Negative
3413,dbAMP_03683,Micrococcus luteus,Negative
3414,dbAMP_03683,Staphylococcus aureus,Negative
3415,dbAMP_03683,Staphylococcus epidermidis,Negative
3416,dbAMP_03695,Candida albicans,Negative
3417,dbAMP_03696,Candida parapsilosis,Negative
3418,dbAMP_03696,Enterococcus faecalis,Negative
3419,dbAMP_03700,Escherichia coli,Negative
3420,dbAMP_03700,Staphylococcus aureus,Negative
3421,dbAMP_03702,Candida albicans,Negative
3422,dbAMP_03702,Escherichia coli,Negative
3423,dbAMP_03702,Staphylococcus aureus,Negative
3424,dbAMP_03725,Candida albicans,Negative
3425,dbAMP_03725,Escherichia coli,Negative
3426,dbAMP_03725,Staphylococcus aureus,Negative
3427,dbAMP_03732,Candida albicans,Negative
3428,dbAMP_03732,Escherichia coli,Negative
3429,dbAMP_03732,Pseudomonas aeruginosa,Negative
3430,dbAMP_03732,Staphylococcus aureus,Negative
3431,dbAMP_03733,Escherichia coli,Negative
3432,dbAMP_03733,Salmonella enterica,Negative
3433,dbAMP_03733,Staphylococcus aureus,Negative
3434,dbAMP_03746,Bacillus cereus,Negative
3435,dbAMP_03746,Escherichia coli,Negative
3436,dbAMP_03746,Pseudomonas aeruginosa,Negative
3437,dbAMP_03746,Salmonella enterica,Negative
3438,dbAMP_03748,Enterobacter cloacae,Negative
3439,dbAMP_03748,Enterococcus faecalis,Negative
3440,dbAMP_03748,Enterococcus faecium,Negative
3441,dbAMP_03748,Staphylococcus aureus,Negative
3442,dbAMP_03778,Micrococcus luteus,Negative
3443,dbAMP_03794,Candida albicans,Negative
3444,dbAMP_03800,Salmonella enterica,Negative
3445,dbAMP_03807,Bacillus cereus,Negative
3446,dbAMP_03807,Escherichia coli,Negative
3447,dbAMP_03807,Staphylococcus aureus,Negative
3448,dbAMP_03807,Staphylococcus epidermidis,Negative
3449,dbAMP_03820,Candida albicans,Negative
3450,dbAMP_03823,Candida albicans,Negative
3451,dbAMP_03825,Enterococcus faecalis,Negative
3452,dbAMP_03825,Escherichia coli,Negative
3453,dbAMP_03825,Klebsiella pneumoniae,Negative
3454,dbAMP_03825,Staphylococcus aureus,Negative
3455,dbAMP_03832,Bacillus cereus,Negative
3456,dbAMP_03832,Staphylococcus aureus,Negative
3457,dbAMP_03832,Staphylococcus epidermidis,Negative
3458,dbAMP_03834,Bacillus cereus,Negative
3459,dbAMP_03834,Staphylococcus aureus,Negative
3460,dbAMP_03834,Staphylococcus epidermidis,Negative
3461,dbAMP_03838,Enterococcus faecalis,Negative
3462,dbAMP_03842,Staphylococcus aureus,Negative
3463,dbAMP_03851,Enterococcus faecalis,Negative
3464,dbAMP_03853,Enterococcus faecalis,Negative
3465,dbAMP_03853,Escherichia coli,Negative
3466,dbAMP_03855,Staphylococcus aureus,Negative
3467,dbAMP_03864,Escherichia coli,Negative
3468,dbAMP_03864,Klebsiella pneumoniae,Negative
3469,dbAMP_03864,Staphylococcus aureus,Negative
3470,dbAMP_03866,Staphylococcus aureus,Negative
3471,dbAMP_03867,Candida albicans,Negative
3472,dbAMP_03867,Staphylococcus aureus,Negative
3473,dbAMP_03869,Candida albicans,Negative
3474,dbAMP_03869,Enterococcus faecalis,Negative
3475,dbAMP_03869,Staphylococcus aureus,Negative
3476,dbAMP_03871,Pseudomonas aeruginosa,Negative
3477,dbAMP_03871,Staphylococcus aureus,Negative
3478,dbAMP_03872,Candida albicans,Negative
3479,dbAMP_03872,Escherichia coli,Negative
3480,dbAMP_03872,Klebsiella pneumoniae,Negative
3481,dbAMP_03872,Staphylococcus aureus,Negative
3482,dbAMP_03891,Pseudomonas aeruginosa,Negative
3483,dbAMP_03904,Bacillus megaterium,Negative
3484,dbAMP_03904,Bacillus subtilis,Negative
3485,dbAMP_03905,Bacillus megaterium,Negative
3486,dbAMP_03905,Bacillus subtilis,Negative
3487,dbAMP_03905,Staphylococcus aureus,Negative
3488,dbAMP_03917,Bacillus megaterium,Negative
3489,dbAMP_03917,Escherichia coli,Negative
3490,dbAMP_03917,Micrococcus luteus,Negative
3491,dbAMP_03917,Staphylococcus aureus,Negative
3492,dbAMP_03963,Bacillus cereus,Negative
3493,dbAMP_03963,Bacillus subtilis,Negative
3494,dbAMP_03963,Candida albicans,Negative
3495,dbAMP_03963,Escherichia coli,Negative
3496,dbAMP_03963,Staphylococcus epidermidis,Negative
3497,dbAMP_03967,Escherichia coli,Negative
3498,dbAMP_03967,Salmonella enterica,Negative
3499,dbAMP_03988,Escherichia coli,Negative
3500,dbAMP_03988,Staphylococcus aureus,Negative
3501,dbAMP_04006,Bacillus subtilis,Negative
3502,dbAMP_04006,Escherichia coli,Negative
3503,dbAMP_04007,Escherichia coli,Negative
3504,dbAMP_04007,Micrococcus luteus,Negative
3505,dbAMP_04016,Candida albicans,Negative
3506,dbAMP_04051,Micrococcus luteus,Negative
3507,dbAMP_04114,Escherichia coli,Negative
3508,dbAMP_04114,Micrococcus luteus,Negative
3509,dbAMP_04117,Candida albicans,Negative
3510,dbAMP_04117,Staphylococcus aureus,Negative
3511,dbAMP_04183,Staphylococcus aureus,Negative
3512,dbAMP_04183,Staphylococcus epidermidis,Negative
3513,dbAMP_04208,Escherichia coli,Negative
3514,dbAMP_04208,Klebsiella pneumoniae,Negative
3515,dbAMP_04208,Salmonella enterica,Negative
3516,dbAMP_04208,Staphylococcus aureus,Negative
3517,dbAMP_04209,Escherichia coli,Negative
3518,dbAMP_04209,Klebsiella pneumoniae,Negative
3519,dbAMP_04209,Salmonella enterica,Negative
3520,dbAMP_04209,Staphylococcus aureus,Negative
3521,dbAMP_04210,Escherichia coli,Negative
3522,dbAMP_04210,Klebsiella pneumoniae,Negative
3523,dbAMP_04210,Salmonella enterica,Negative
3524,dbAMP_04210,Staphylococcus aureus,Negative
3525,dbAMP_04211,Escherichia coli,Negative
3526,dbAMP_04211,Klebsiella pneumoniae,Negative
3527,dbAMP_04211,Salmonella enterica,Negative
3528,dbAMP_04211,Staphylococcus aureus,Negative
3529,dbAMP_04213,Candida albicans,Negative
3530,dbAMP_04213,Staphylococcus aureus,Negative
3531,dbAMP_04227,Escherichia coli,Negative
3532,dbAMP_04233,Bacillus cereus,Negative
3533,dbAMP_04233,Escherichia coli,Negative
3534,dbAMP_04233,Micrococcus luteus,Negative
3535,dbAMP_04233,Staphylococcus aureus,Negative
3536,dbAMP_04233,Staphylococcus epidermidis,Negative
3537,dbAMP_04234,Bacillus cereus,Negative
3538,dbAMP_04234,Escherichia coli,Negative
3539,dbAMP_04234,Micrococcus luteus,Negative
3540,dbAMP_04234,Staphylococcus aureus,Negative
3541,dbAMP_04234,Staphylococcus epidermidis,Negative
3542,dbAMP_04236,Escherichia coli,Negative
3543,dbAMP_04237,Escherichia coli,Negative
3544,dbAMP_04237,Klebsiella pneumoniae,Negative
3545,dbAMP_04237,Salmonella enterica,Negative
3546,dbAMP_04237,Staphylococcus aureus,Negative
3547,dbAMP_04238,Candida albicans,Negative
3548,dbAMP_04238,Enterococcus faecalis,Negative
3549,dbAMP_04238,Klebsiella pneumoniae,Negative
3550,dbAMP_04238,Pseudomonas aeruginosa,Negative
3551,dbAMP_04240,Candida albicans,Negative
3552,dbAMP_04243,Candida albicans,Negative
3553,dbAMP_04243,Micrococcus luteus,Negative
3554,dbAMP_04248,Bacillus subtilis,Negative
3555,dbAMP_04260,Staphylococcus aureus,Negative
3556,dbAMP_04261,Enterobacter cloacae,Negative
3557,dbAMP_04261,Enterococcus faecalis,Negative
3558,dbAMP_04261,Enterococcus faecium,Negative
3559,dbAMP_04261,Staphylococcus aureus,Negative
3560,dbAMP_04276,Candida albicans,Negative
3561,dbAMP_04276,Enterococcus faecalis,Negative
3562,dbAMP_04276,Pseudomonas aeruginosa,Negative
3563,dbAMP_04276,Staphylococcus aureus,Negative
3564,dbAMP_04284,Candida albicans,Negative
3565,dbAMP_04284,Escherichia coli,Negative
3566,dbAMP_04284,Staphylococcus aureus,Negative
3567,dbAMP_04291,Candida albicans,Negative
3568,dbAMP_04291,Enterococcus faecalis,Negative
3569,dbAMP_04291,Escherichia coli,Negative
3570,dbAMP_04291,Pseudomonas aeruginosa,Negative
3571,dbAMP_04291,Staphylococcus aureus,Negative
3572,dbAMP_04295,Escherichia coli,Negative
3573,dbAMP_04295,Klebsiella pneumoniae,Negative
3574,dbAMP_04295,Pseudomonas aeruginosa,Negative
3575,dbAMP_04295,Staphylococcus aureus,Negative
3576,dbAMP_04297,Candida albicans,Negative
3577,dbAMP_04297,Enterobacter cloacae,Negative
3578,dbAMP_04297,Enterococcus faecalis,Negative
3579,dbAMP_04297,Escherichia coli,Negative
3580,dbAMP_04297,Klebsiella pneumoniae,Negative
3581,dbAMP_04297,Pseudomonas aeruginosa,Negative
3582,dbAMP_04297,Staphylococcus aureus,Negative
3583,dbAMP_04297,Staphylococcus epidermidis,Negative
3584,dbAMP_04300,Candida albicans,Negative
3585,dbAMP_04300,Escherichia coli,Negative
3586,dbAMP_04300,Pseudomonas aeruginosa,Negative
3587,dbAMP_04304,Bacillus megaterium,Negative
3588,dbAMP_04304,Candida albicans,Negative
3589,dbAMP_04304,Listeria monocytogenes,Negative
3590,dbAMP_04305,Candida albicans,Negative
3591,dbAMP_04305,Enterobacter cloacae,Negative
3592,dbAMP_04305,Klebsiella pneumoniae,Negative
3593,dbAMP_04305,Pseudomonas aeruginosa,Negative
3594,dbAMP_04305,Staphylococcus aureus,Negative
3595,dbAMP_04306,Staphylococcus aureus,Negative
3596,dbAMP_04310,Staphylococcus aureus,Negative
3597,dbAMP_04316,Staphylococcus aureus,Negative
3598,dbAMP_04319,Escherichia coli,Negative
3599,dbAMP_04319,Staphylococcus aureus,Negative
3600,dbAMP_04320,Escherichia coli,Negative
3601,dbAMP_04325,Staphylococcus aureus,Negative
3602,dbAMP_04326,Bacillus subtilis,Negative
3603,dbAMP_04331,Candida albicans,Negative
3604,dbAMP_04338,Staphylococcus aureus,Negative
3605,dbAMP_04343,Staphylococcus epidermidis,Negative
3606,dbAMP_04362,Staphylococcus aureus,Negative
3607,dbAMP_04364,Micrococcus luteus,Negative
3608,dbAMP_04369,Candida albicans,Negative
3609,dbAMP_04369,Cryptococcus neoformans,Negative
3610,dbAMP_04369,Staphylococcus aureus,Negative
3611,dbAMP_04374,Micrococcus luteus,Negative
3612,dbAMP_04376,Micrococcus luteus,Negative
3613,dbAMP_04383,Micrococcus luteus,Negative
3614,dbAMP_04392,Pseudomonas aeruginosa,Negative
3615,dbAMP_04392,Salmonella enterica,Negative
3616,dbAMP_04392,Staphylococcus aureus,Negative
3617,dbAMP_04404,Candida albicans,Negative
3618,dbAMP_04404,Cryptococcus neoformans,Negative
3619,dbAMP_04423,Staphylococcus aureus,Negative
3620,dbAMP_04459,Staphylococcus aureus,Negative
3621,dbAMP_04472,Candida albicans,Negative
3622,dbAMP_04472,Enterococcus faecalis,Negative
3623,dbAMP_04474,Micrococcus luteus,Negative
3624,dbAMP_04475,Micrococcus luteus,Negative
3625,dbAMP_04477,Micrococcus luteus,Negative
3626,dbAMP_04492,Enterococcus faecalis,Negative
3627,dbAMP_04492,Pseudomonas aeruginosa,Negative
3628,dbAMP_04492,Staphylococcus aureus,Negative
3629,dbAMP_04492,Staphylococcus epidermidis,Negative
3630,dbAMP_04499,Staphylococcus aureus,Negative
3631,dbAMP_04500,Escherichia coli,Negative
3632,dbAMP_04500,Staphylococcus aureus,Negative
3633,dbAMP_04506,Escherichia coli,Negative
3634,dbAMP_04506,Staphylococcus aureus,Negative
3635,dbAMP_04508,Bacillus subtilis,Negative
3636,dbAMP_04517,Enterococcus faecalis,Negative
3637,dbAMP_04517,Staphylococcus aureus,Negative
3638,dbAMP_04523,Bacillus megaterium,Negative
3639,dbAMP_04523,Klebsiella pneumoniae,Negative
3640,dbAMP_04523,Staphylococcus aureus,Negative
3641,dbAMP_04562,Pseudomonas aeruginosa,Negative
3642,dbAMP_04575,Enterobacter cloacae,Negative
3643,dbAMP_04575,Escherichia coli,Negative
3644,dbAMP_04575,Salmonella enterica,Negative
3645,dbAMP_04577,Bacillus cereus,Negative
3646,dbAMP_04577,Pseudomonas aeruginosa,Negative
3647,dbAMP_04577,Salmonella enterica,Negative
3648,dbAMP_04594,Escherichia coli,Negative
3649,dbAMP_04594,Staphylococcus aureus,Negative
3650,dbAMP_04600,Escherichia coli,Negative
3651,dbAMP_04600,Staphylococcus aureus,Negative
3652,dbAMP_04634,Enterococcus faecalis,Negative
3653,dbAMP_04635,Bacillus subtilis,Negative
3654,dbAMP_04636,Bacillus subtilis,Negative
3655,dbAMP_04638,Enterococcus faecalis,Negative
3656,dbAMP_04638,Pseudomonas aeruginosa,Negative
3657,dbAMP_04643,Candida parapsilosis,Negative
3658,dbAMP_04648,Acinetobacter baumannii,Negative
3659,dbAMP_04648,Bacillus cereus,Negative
3660,dbAMP_04648,Enterobacter cloacae,Negative
3661,dbAMP_04648,Enterococcus faecalis,Negative
3662,dbAMP_04648,Enterococcus faecium,Negative
3663,dbAMP_04648,Klebsiella pneumoniae,Negative
3664,dbAMP_04648,Pseudomonas aeruginosa,Negative
3665,dbAMP_04648,Staphylococcus epidermidis,Negative
3666,dbAMP_04656,Candida albicans,Negative
3667,dbAMP_04657,Candida albicans,Negative
3668,dbAMP_04657,Klebsiella pneumoniae,Negative
3669,dbAMP_04657,Pseudomonas aeruginosa,Negative
3670,dbAMP_04657,Staphylococcus aureus,Negative
3671,dbAMP_04658,Candida albicans,Negative
3672,dbAMP_04658,Escherichia coli,Negative
3673,dbAMP_04658,Staphylococcus aureus,Negative
3674,dbAMP_04659,Candida albicans,Negative
3675,dbAMP_04667,Candida albicans,Negative
3676,dbAMP_04667,Pseudomonas aeruginosa,Negative
3677,dbAMP_04674,Klebsiella pneumoniae,Negative
3678,dbAMP_04674,Pseudomonas aeruginosa,Negative
3679,dbAMP_04674,Salmonella enterica,Negative
3680,dbAMP_04686,Enterobacter cloacae,Negative
3681,dbAMP_04686,Escherichia coli,Negative
3682,dbAMP_04686,Klebsiella pneumoniae,Negative
3683,dbAMP_04686,Micrococcus luteus,Negative
3684,dbAMP_04689,Acinetobacter baumannii,Negative
3685,dbAMP_04689,Candida albicans,Negative
3686,dbAMP_04689,Escherichia coli,Negative
3687,dbAMP_04689,Klebsiella pneumoniae,Negative
3688,dbAMP_04689,Pseudomonas aeruginosa,Negative
3689,dbAMP_04689,Staphylococcus aureus,Negative
3690,dbAMP_04689,Staphylococcus epidermidis,Negative
3691,dbAMP_04691,Acinetobacter baumannii,Negative
3692,dbAMP_04691,Enterobacter cloacae,Negative
3693,dbAMP_04691,Escherichia coli,Negative
3694,dbAMP_04691,Micrococcus luteus,Negative
3695,dbAMP_04691,Salmonella enterica,Negative
3696,dbAMP_04691,Staphylococcus aureus,Negative
3697,dbAMP_04696,Escherichia coli,Negative
3698,dbAMP_04704,Bacillus cereus,Negative
3699,dbAMP_04704,Klebsiella pneumoniae,Negative
3700,dbAMP_04720,Escherichia coli,Negative
3701,dbAMP_04724,Bacillus subtilis,Negative
3702,dbAMP_04724,Candida albicans,Negative
3703,dbAMP_04724,Escherichia coli,Negative
3704,dbAMP_04724,Staphylococcus aureus,Negative
3705,dbAMP_04735,Klebsiella pneumoniae,Negative
3706,dbAMP_04735,Pseudomonas aeruginosa,Negative
3707,dbAMP_04754,Escherichia coli,Negative
3708,dbAMP_04755,Escherichia coli,Negative
3709,dbAMP_04755,Staphylococcus aureus,Negative
3710,dbAMP_04757,Candida albicans,Negative
3711,dbAMP_04757,Escherichia coli,Negative
3712,dbAMP_04757,Staphylococcus aureus,Negative
3713,dbAMP_04759,Bacillus cereus,Negative
3714,dbAMP_04759,Candida albicans,Negative
3715,dbAMP_04759,Enterobacter cloacae,Negative
3716,dbAMP_04759,Enterococcus faecalis,Negative
3717,dbAMP_04759,Enterococcus faecium,Negative
3718,dbAMP_04759,Escherichia coli,Negative
3719,dbAMP_04759,Klebsiella pneumoniae,Negative
3720,dbAMP_04759,Pseudomonas aeruginosa,Negative
3721,dbAMP_04759,Staphylococcus aureus,Negative
3722,dbAMP_04775,Candida parapsilosis,Negative
3723,dbAMP_04787,Klebsiella pneumoniae,Negative
3724,dbAMP_04788,Candida albicans,Negative
3725,dbAMP_04788,Enterobacter cloacae,Negative
3726,dbAMP_04788,Enterococcus faecalis,Negative
3727,dbAMP_04798,Candida albicans,Negative
3728,dbAMP_04810,Pseudomonas aeruginosa,Negative
3729,dbAMP_04815,Pseudomonas aeruginosa,Negative
3730,dbAMP_04816,Pseudomonas aeruginosa,Negative
3731,dbAMP_04821,Enterococcus faecium,Negative
3732,dbAMP_04821,Pseudomonas aeruginosa,Negative
3733,dbAMP_04821,Salmonella enterica,Negative
3734,dbAMP_04821,Staphylococcus epidermidis,Negative
3735,dbAMP_04823,Pseudomonas aeruginosa,Negative
3736,dbAMP_04826,Bacillus subtilis,Negative
3737,dbAMP_04826,Escherichia coli,Negative
3738,dbAMP_04829,Staphylococcus aureus,Negative
3739,dbAMP_04829,Staphylococcus epidermidis,Negative
3740,dbAMP_04830,Staphylococcus aureus,Negative
3741,dbAMP_04830,Staphylococcus epidermidis,Negative
3742,dbAMP_04842,Bacillus subtilis,Negative
3743,dbAMP_04842,Klebsiella pneumoniae,Negative
3744,dbAMP_04842,Pseudomonas aeruginosa,Negative
3745,dbAMP_04847,Candida albicans,Negative
3746,dbAMP_04847,Escherichia coli,Negative
3747,dbAMP_04847,Pseudomonas aeruginosa,Negative
3748,dbAMP_04847,Staphylococcus aureus,Negative
3749,dbAMP_04895,Escherichia coli,Negative
3750,dbAMP_04895,Staphylococcus aureus,Negative
3751,dbAMP_04896,Escherichia coli,Negative
3752,dbAMP_04896,Staphylococcus aureus,Negative
3753,dbAMP_04897,Escherichia coli,Negative
3754,dbAMP_04898,Escherichia coli,Negative
3755,dbAMP_04899,Escherichia coli,Negative
3756,dbAMP_04925,Bacillus subtilis,Negative
3757,dbAMP_04925,Candida albicans,Negative
3758,dbAMP_04925,Escherichia coli,Negative
3759,dbAMP_04925,Pseudomonas aeruginosa,Negative
3760,dbAMP_04925,Staphylococcus aureus,Negative
3761,dbAMP_04932,Enterobacter cloacae,Negative
3762,dbAMP_04932,Klebsiella pneumoniae,Negative
3763,dbAMP_04943,Candida albicans,Negative
3764,dbAMP_04976,Enterococcus faecalis,Negative
3765,dbAMP_04976,Micrococcus luteus,Negative
3766,dbAMP_04976,Pseudomonas aeruginosa,Negative
3767,dbAMP_04977,Enterococcus faecalis,Negative
3768,dbAMP_04977,Pseudomonas aeruginosa,Negative
3769,dbAMP_04980,Candida albicans,Negative
3770,dbAMP_04980,Escherichia coli,Negative
3771,dbAMP_04980,Staphylococcus aureus,Negative
3772,dbAMP_04982,Bacillus megaterium,Negative
3773,dbAMP_04988,Candida albicans,Negative
3774,dbAMP_04988,Escherichia coli,Negative
3775,dbAMP_04988,Pseudomonas aeruginosa,Negative
3776,dbAMP_04988,Staphylococcus aureus,Negative
3777,dbAMP_04990,Candida albicans,Negative
3778,dbAMP_04990,Cryptococcus neoformans,Negative
3779,dbAMP_04990,Escherichia coli,Negative
3780,dbAMP_04990,Pseudomonas aeruginosa,Negative
3781,dbAMP_04990,Staphylococcus aureus,Negative
3782,dbAMP_04995,Staphylococcus aureus,Negative
3783,dbAMP_04996,Acinetobacter baumannii,Negative
3784,dbAMP_04996,Cryptococcus neoformans,Negative
3785,dbAMP_04996,Enterococcus faecalis,Negative
3786,dbAMP_04996,Staphylococcus epidermidis,Negative
3787,dbAMP_04997,Bacillus subtilis,Negative
3788,dbAMP_04997,Klebsiella pneumoniae,Negative
3789,dbAMP_04997,Staphylococcus aureus,Negative
3790,dbAMP_05087,Pseudomonas aeruginosa,Negative
3791,dbAMP_05087,Staphylococcus aureus,Negative
3792,dbAMP_05104,Escherichia coli,Negative
3793,dbAMP_05104,Staphylococcus aureus,Negative
3794,dbAMP_05105,Escherichia coli,Negative
3795,dbAMP_05105,Staphylococcus aureus,Negative
3796,dbAMP_05112,Acinetobacter baumannii,Negative
3797,dbAMP_05112,Bacillus cereus,Negative
3798,dbAMP_05112,Bacillus subtilis,Negative
3799,dbAMP_05112,Candida albicans,Negative
3800,dbAMP_05112,Cryptococcus neoformans,Negative
3801,dbAMP_05112,Enterococcus faecalis,Negative
3802,dbAMP_05112,Enterococcus faecium,Negative
3803,dbAMP_05112,Escherichia coli,Negative
3804,dbAMP_05112,Klebsiella pneumoniae,Negative
3805,dbAMP_05112,Pseudomonas aeruginosa,Negative
3806,dbAMP_05112,Salmonella enterica,Negative
3807,dbAMP_05112,Staphylococcus aureus,Negative
3808,dbAMP_05112,Staphylococcus epidermidis,Negative
3809,dbAMP_05113,Acinetobacter baumannii,Negative
3810,dbAMP_05113,Bacillus cereus,Negative
3811,dbAMP_05113,Cryptococcus neoformans,Negative
3812,dbAMP_05127,Salmonella enterica,Negative
3813,dbAMP_05144,Escherichia coli,Negative
3814,dbAMP_05156,Escherichia coli,Negative
3815,dbAMP_05156,Pseudomonas aeruginosa,Negative
3816,dbAMP_05156,Salmonella enterica,Negative
3817,dbAMP_05157,Escherichia coli,Negative
3818,dbAMP_05157,Pseudomonas aeruginosa,Negative
3819,dbAMP_05157,Salmonella enterica,Negative
3820,dbAMP_05158,Escherichia coli,Negative
3821,dbAMP_05158,Pseudomonas aeruginosa,Negative
3822,dbAMP_05158,Salmonella enterica,Negative
3823,dbAMP_05160,Salmonella enterica,Negative
3824,dbAMP_05162,Pseudomonas aeruginosa,Negative
3825,dbAMP_05190,Escherichia coli,Negative
3826,dbAMP_05190,Staphylococcus aureus,Negative
3827,dbAMP_05193,Candida albicans,Negative
3828,dbAMP_05193,Candida parapsilosis,Negative
3829,dbAMP_05193,Escherichia coli,Negative
3830,dbAMP_05193,Staphylococcus aureus,Negative
3831,dbAMP_05204,Escherichia coli,Negative
3832,dbAMP_05205,Enterococcus faecalis,Negative
3833,dbAMP_05206,Escherichia coli,Negative
3834,dbAMP_05244,Candida albicans,Negative
3835,dbAMP_05244,Cryptococcus neoformans,Negative
3836,dbAMP_05244,Pseudomonas aeruginosa,Negative
3837,dbAMP_05244,Staphylococcus aureus,Negative
3838,dbAMP_05249,Candida albicans,Negative
3839,dbAMP_05249,Candida parapsilosis,Negative
3840,dbAMP_05249,Escherichia coli,Negative
3841,dbAMP_05249,Pseudomonas aeruginosa,Negative
3842,dbAMP_05249,Staphylococcus aureus,Negative
3843,dbAMP_05257,Bacillus megaterium,Negative
3844,dbAMP_05257,Candida albicans,Negative
3845,dbAMP_05257,Candida parapsilosis,Negative
3846,dbAMP_05257,Escherichia coli,Negative
3847,dbAMP_05257,Klebsiella pneumoniae,Negative
3848,dbAMP_05257,Pseudomonas aeruginosa,Negative
3849,dbAMP_05257,Salmonella enterica,Negative
3850,dbAMP_05257,Staphylococcus aureus,Negative
3851,dbAMP_05257,Staphylococcus epidermidis,Negative
3852,dbAMP_05281,Candida albicans,Negative
3853,dbAMP_05281,Candida parapsilosis,Negative
3854,dbAMP_05281,Klebsiella pneumoniae,Negative
3855,dbAMP_05281,Listeria monocytogenes,Negative
3856,dbAMP_05282,Candida albicans,Negative
3857,dbAMP_05282,Candida parapsilosis,Negative
3858,dbAMP_05282,Escherichia coli,Negative
3859,dbAMP_05282,Klebsiella pneumoniae,Negative
3860,dbAMP_05282,Listeria monocytogenes,Negative
3861,dbAMP_05282,Pseudomonas aeruginosa,Negative
3862,dbAMP_05282,Staphylococcus aureus,Negative
3863,dbAMP_05292,Candida albicans,Negative
3864,dbAMP_05292,Candida parapsilosis,Negative
3865,dbAMP_05292,Enterococcus faecalis,Negative
3866,dbAMP_05292,Escherichia coli,Negative
3867,dbAMP_05292,Klebsiella pneumoniae,Negative
3868,dbAMP_05292,Listeria monocytogenes,Negative
3869,dbAMP_05292,Pseudomonas aeruginosa,Negative
3870,dbAMP_05292,Staphylococcus aureus,Negative
3871,dbAMP_05294,Klebsiella pneumoniae,Negative
3872,dbAMP_05295,Candida albicans,Negative
3873,dbAMP_05295,Candida parapsilosis,Negative
3874,dbAMP_05295,Pseudomonas aeruginosa,Negative
3875,dbAMP_05360,Bacillus subtilis,Negative
3876,dbAMP_05448,Micrococcus luteus,Negative
3877,dbAMP_05451,Escherichia coli,Negative
3878,dbAMP_05483,Bacillus subtilis,Negative
3879,dbAMP_05483,Enterococcus faecalis,Negative
3880,dbAMP_05488,Staphylococcus aureus,Negative
3881,dbAMP_05559,Escherichia coli,Negative
3882,dbAMP_05569,Bacillus subtilis,Negative
3883,dbAMP_05600,Bacillus subtilis,Negative
3884,dbAMP_05600,Escherichia coli,Negative
3885,dbAMP_05625,Enterobacter cloacae,Negative
3886,dbAMP_05625,Micrococcus luteus,Negative
3887,dbAMP_05646,Escherichia coli,Negative
3888,dbAMP_05646,Pseudomonas aeruginosa,Negative
3889,dbAMP_05646,Staphylococcus aureus,Negative
3890,dbAMP_05647,Candida albicans,Negative
3891,dbAMP_05647,Escherichia coli,Negative
3892,dbAMP_05647,Klebsiella pneumoniae,Negative
3893,dbAMP_05647,Pseudomonas aeruginosa,Negative
3894,dbAMP_05647,Staphylococcus aureus,Negative
3895,dbAMP_05722,Salmonella enterica,Negative
3896,dbAMP_05726,Enterococcus faecalis,Negative
3897,dbAMP_05726,Escherichia coli,Negative
3898,dbAMP_05726,Staphylococcus aureus,Negative
3899,dbAMP_05728,Escherichia coli,Negative
3900,dbAMP_05737,Acinetobacter baumannii,Negative
3901,dbAMP_05737,Bacillus megaterium,Negative
3902,dbAMP_05737,Enterobacter cloacae,Negative
3903,dbAMP_05737,Escherichia coli,Negative
3904,dbAMP_05737,Pseudomonas aeruginosa,Negative
3905,dbAMP_05737,Salmonella enterica,Negative
3906,dbAMP_05740,Escherichia coli,Negative
3907,dbAMP_05740,Pseudomonas aeruginosa,Negative
3908,dbAMP_05740,Staphylococcus aureus,Negative
3909,dbAMP_05766,Enterococcus faecalis,Negative
3910,dbAMP_05766,Pseudomonas aeruginosa,Negative
3911,dbAMP_05766,Staphylococcus aureus,Negative
3912,dbAMP_05780,Escherichia coli,Negative
3913,dbAMP_05780,Pseudomonas aeruginosa,Negative
3914,dbAMP_05780,Staphylococcus aureus,Negative
3915,dbAMP_05788,Candida albicans,Negative
3916,dbAMP_05788,Staphylococcus aureus,Negative
3917,dbAMP_05790,Candida albicans,Negative
3918,dbAMP_05790,Escherichia coli,Negative
3919,dbAMP_05790,Pseudomonas aeruginosa,Negative
3920,dbAMP_05790,Staphylococcus aureus,Negative
3921,dbAMP_05798,Klebsiella pneumoniae,Negative
3922,dbAMP_05805,Escherichia coli,Negative
3923,dbAMP_05806,Candida albicans,Negative
3924,dbAMP_05808,Escherichia coli,Negative
3925,dbAMP_05833,Candida albicans,Negative
3926,dbAMP_05848,Candida albicans,Negative
3927,dbAMP_05848,Candida parapsilosis,Negative
3928,dbAMP_05848,Enterococcus faecalis,Negative
3929,dbAMP_05848,Escherichia coli,Negative
3930,dbAMP_05848,Pseudomonas aeruginosa,Negative
3931,dbAMP_05868,Enterococcus faecalis,Negative
3932,dbAMP_05868,Escherichia coli,Negative
3933,dbAMP_05868,Klebsiella pneumoniae,Negative
3934,dbAMP_05868,Pseudomonas aeruginosa,Negative
3935,dbAMP_05868,Salmonella enterica,Negative
3936,dbAMP_05871,Candida albicans,Negative
3937,dbAMP_05871,Escherichia coli,Negative
3938,dbAMP_05871,Pseudomonas aeruginosa,Negative
3939,dbAMP_05871,Staphylococcus aureus,Negative
3940,dbAMP_05874,Bacillus subtilis,Negative
3941,dbAMP_05874,Escherichia coli,Negative
3942,dbAMP_05874,Klebsiella pneumoniae,Negative
3943,dbAMP_05874,Pseudomonas aeruginosa,Negative
3944,dbAMP_05889,Candida albicans,Negative
3945,dbAMP_05889,Staphylococcus aureus,Negative
3946,dbAMP_05931,Enterococcus faecalis,Negative
3947,dbAMP_05994,Acinetobacter baumannii,Negative
3948,dbAMP_05994,Escherichia coli,Negative
3949,dbAMP_05994,Pseudomonas aeruginosa,Negative
3950,dbAMP_05994,Staphylococcus aureus,Negative
3951,dbAMP_06009,Escherichia coli,Negative
3952,dbAMP_06009,Staphylococcus aureus,Negative
3953,dbAMP_06056,Bacillus subtilis,Negative
3954,dbAMP_06056,Escherichia coli,Negative
3955,dbAMP_06056,Listeria monocytogenes,Negative
3956,dbAMP_06056,Staphylococcus aureus,Negative
3957,dbAMP_06060,Escherichia coli,Negative
3958,dbAMP_06060,Micrococcus luteus,Negative
3959,dbAMP_06081,Escherichia coli,Negative
3960,dbAMP_06098,Bacillus subtilis,Negative
3961,dbAMP_06098,Escherichia coli,Negative
3962,dbAMP_06098,Klebsiella pneumoniae,Negative
3963,dbAMP_06098,Pseudomonas aeruginosa,Negative
3964,dbAMP_06098,Salmonella enterica,Negative
3965,dbAMP_07562,Escherichia coli,Negative
3966,dbAMP_07562,Pseudomonas aeruginosa,Negative
3967,dbAMP_08389,Bacillus subtilis,Negative
3968,dbAMP_08915,Escherichia coli,Negative
3969,dbAMP_08915,Staphylococcus aureus,Negative
3970,dbAMP_09485,Bacillus subtilis,Negative
3971,dbAMP_09485,Escherichia coli,Negative
3972,dbAMP_09485,Micrococcus luteus,Negative
3973,dbAMP_09560,Escherichia coli,Negative
3974,dbAMP_09560,Pseudomonas aeruginosa,Negative
3975,dbAMP_09560,Staphylococcus aureus,Negative
3976,dbAMP_09564,Escherichia coli,Negative
3977,dbAMP_09564,Micrococcus luteus,Negative
3978,dbAMP_09680,Staphylococcus aureus,Negative
3979,dbAMP_09684,Candida albicans,Negative
3980,dbAMP_09684,Escherichia coli,Negative
3981,dbAMP_09692,Klebsiella pneumoniae,Negative
3982,dbAMP_09692,Staphylococcus aureus,Negative
3983,dbAMP_09737,Pseudomonas aeruginosa,Negative
3984,dbAMP_09742,Staphylococcus aureus,Negative
3985,dbAMP_09744,Escherichia coli,Negative
3986,dbAMP_09744,Staphylococcus aureus,Negative
3987,dbAMP_09833,Escherichia coli,Negative
3988,dbAMP_09904,Candida albicans,Negative
3989,dbAMP_09904,Candida parapsilosis,Negative
3990,dbAMP_09904,Klebsiella pneumoniae,Negative
3991,dbAMP_09904,Staphylococcus aureus,Negative
3992,dbAMP_09904,Staphylococcus epidermidis,Negative
3993,dbAMP_09934,Bacillus subtilis,Negative
3994,dbAMP_09972,Acinetobacter baumannii,Negative
3995,dbAMP_09972,Escherichia coli,Negative
3996,dbAMP_09972,Pseudomonas aeruginosa,Negative
3997,dbAMP_09972,Staphylococcus aureus,Negative
3998,dbAMP_10032,Escherichia coli,Negative
3999,dbAMP_10032,Pseudomonas aeruginosa,Negative
4000,dbAMP_10100,Staphylococcus aureus,Negative
4001,dbAMP_10172,Pseudomonas aeruginosa,Negative
4002,dbAMP_10201,Candida albicans,Negative
4003,dbAMP_10201,Micrococcus luteus,Negative
4004,dbAMP_10201,Staphylococcus aureus,Negative
4005,dbAMP_10201,Staphylococcus epidermidis,Negative
4006,dbAMP_10247,Staphylococcus aureus,Negative
4007,dbAMP_10270,Escherichia coli,Negative
4008,dbAMP_10270,Staphylococcus aureus,Negative
4009,dbAMP_10300,Klebsiella pneumoniae,Negative
4010,dbAMP_10300,Salmonella enterica,Negative
4011,dbAMP_10304,Klebsiella pneumoniae,Negative
4012,dbAMP_10304,Staphylococcus aureus,Negative
4013,dbAMP_10305,Enterobacter cloacae,Negative
4014,dbAMP_10305,Salmonella enterica,Negative
4015,dbAMP_10311,Klebsiella pneumoniae,Negative
4016,dbAMP_10311,Pseudomonas aeruginosa,Negative
4017,dbAMP_10324,Micrococcus luteus,Negative
4018,dbAMP_10327,Staphylococcus aureus,Negative
4019,dbAMP_10411,Candida albicans,Negative
4020,dbAMP_10416,Pseudomonas aeruginosa,Negative
4021,dbAMP_10416,Staphylococcus aureus,Negative
4022,dbAMP_10416,Staphylococcus epidermidis,Negative
4023,dbAMP_10426,Candida albicans,Negative
4024,dbAMP_10427,Enterococcus faecalis,Negative
4025,dbAMP_10427,Staphylococcus epidermidis,Negative
4026,dbAMP_10476,Candida albicans,Negative
4027,dbAMP_10481,Candida albicans,Negative
4028,dbAMP_10482,Listeria monocytogenes,Negative
4029,dbAMP_10527,Candida albicans,Negative
4030,dbAMP_10527,Enterobacter cloacae,Negative
4031,dbAMP_10531,Candida albicans,Negative
4032,dbAMP_10566,Candida albicans,Negative
4033,dbAMP_10566,Enterococcus faecalis,Negative
4034,dbAMP_10591,Escherichia coli,Negative
4035,dbAMP_10591,Staphylococcus aureus,Negative
4036,dbAMP_10598,Acinetobacter baumannii,Negative
4037,dbAMP_10598,Listeria monocytogenes,Negative
4038,dbAMP_10598,Staphylococcus aureus,Negative
4039,dbAMP_10609,Acinetobacter baumannii,Negative
4040,dbAMP_10609,Pseudomonas aeruginosa,Negative
4041,dbAMP_10613,Escherichia coli,Negative
4042,dbAMP_10613,Staphylococcus aureus,Negative
4043,dbAMP_10614,Acinetobacter baumannii,Negative
4044,dbAMP_10614,Enterococcus faecalis,Negative
4045,dbAMP_10614,Staphylococcus aureus,Negative
4046,dbAMP_10631,Bacillus subtilis,Negative
4047,dbAMP_10639,Staphylococcus aureus,Negative
4048,dbAMP_10653,Pseudomonas aeruginosa,Negative
4049,dbAMP_10653,Staphylococcus epidermidis,Negative
4050,dbAMP_10716,Acinetobacter baumannii,Negative
4051,dbAMP_10716,Enterobacter cloacae,Negative
4052,dbAMP_10716,Klebsiella pneumoniae,Negative
4053,dbAMP_10720,Candida albicans,Negative
4054,dbAMP_10721,Pseudomonas aeruginosa,Negative
4055,dbAMP_10721,Staphylococcus aureus,Negative
4056,dbAMP_10757,Bacillus subtilis,Negative
4057,dbAMP_10757,Escherichia coli,Negative
4058,dbAMP_10779,Candida albicans,Negative
4059,dbAMP_10779,Escherichia coli,Negative
4060,dbAMP_10779,Pseudomonas aeruginosa,Negative
4061,dbAMP_10779,Salmonella enterica,Negative
4062,dbAMP_10779,Staphylococcus aureus,Negative
4063,dbAMP_10779,Staphylococcus epidermidis,Negative
4064,dbAMP_10825,Escherichia coli,Negative
4065,dbAMP_10825,Staphylococcus aureus,Negative
4066,dbAMP_10887,Candida albicans,Negative
4067,dbAMP_10887,Escherichia coli,Negative
4068,dbAMP_10887,Pseudomonas aeruginosa,Negative
4069,dbAMP_10887,Staphylococcus aureus,Negative
4070,dbAMP_10962,Candida albicans,Negative
4071,dbAMP_10962,Klebsiella pneumoniae,Negative
4072,dbAMP_10964,Escherichia coli,Negative
4073,dbAMP_10969,Candida albicans,Negative
4074,dbAMP_10969,Klebsiella pneumoniae,Negative
4075,dbAMP_10969,Pseudomonas aeruginosa,Negative
4076,dbAMP_10969,Staphylococcus aureus,Negative
4077,dbAMP_10987,Escherichia coli,Negative
4078,dbAMP_11019,Enterobacter cloacae,Negative
4079,dbAMP_11019,Escherichia coli,Negative
4080,dbAMP_11020,Enterobacter cloacae,Negative
4081,dbAMP_11020,Escherichia coli,Negative
4082,dbAMP_11022,Enterobacter cloacae,Negative
4083,dbAMP_11022,Escherichia coli,Negative
4084,dbAMP_11040,Bacillus subtilis,Negative
4085,dbAMP_11055,Enterococcus faecalis,Negative
4086,dbAMP_11055,Enterococcus faecium,Negative
4087,dbAMP_11055,Staphylococcus aureus,Negative
4088,dbAMP_11056,Enterococcus faecalis,Negative
4089,dbAMP_11056,Enterococcus faecium,Negative
4090,dbAMP_11056,Staphylococcus aureus,Negative
4091,dbAMP_11057,Enterobacter cloacae,Negative
4092,dbAMP_11058,Candida albicans,Negative
4093,dbAMP_11058,Micrococcus luteus,Negative
4094,dbAMP_11058,Staphylococcus aureus,Negative
4095,dbAMP_11062,Pseudomonas aeruginosa,Negative
4096,dbAMP_11063,Pseudomonas aeruginosa,Negative
4097,dbAMP_11076,Bacillus subtilis,Negative
4098,dbAMP_11083,Bacillus subtilis,Negative
4099,dbAMP_11108,Escherichia coli,Negative
4100,dbAMP_11108,Klebsiella pneumoniae,Negative
4101,dbAMP_11109,Candida albicans,Negative
4102,dbAMP_11109,Salmonella enterica,Negative
4103,dbAMP_11129,Pseudomonas aeruginosa,Negative
4104,dbAMP_11133,Enterococcus faecium,Negative
4105,dbAMP_11136,Klebsiella pneumoniae,Negative
4106,dbAMP_11141,Staphylococcus aureus,Negative
4107,dbAMP_11142,Acinetobacter baumannii,Negative
4108,dbAMP_11142,Candida albicans,Negative
4109,dbAMP_11142,Enterococcus faecium,Negative
4110,dbAMP_11142,Escherichia coli,Negative
4111,dbAMP_11142,Klebsiella pneumoniae,Negative
4112,dbAMP_11142,Listeria monocytogenes,Negative
4113,dbAMP_11142,Pseudomonas aeruginosa,Negative
4114,dbAMP_11142,Staphylococcus aureus,Negative
4115,dbAMP_11142,Staphylococcus epidermidis,Negative
4116,dbAMP_11170,Candida albicans,Negative
4117,dbAMP_11170,Staphylococcus aureus,Negative
4118,dbAMP_11173,Candida albicans,Negative
4119,dbAMP_11173,Staphylococcus aureus,Negative
4120,dbAMP_11190,Bacillus cereus,Negative
4121,dbAMP_11190,Candida albicans,Negative
4122,dbAMP_11190,Staphylococcus epidermidis,Negative
4123,dbAMP_11208,Escherichia coli,Negative
4124,dbAMP_11227,Candida parapsilosis,Negative
4125,dbAMP_11227,Cryptococcus neoformans,Negative
4126,dbAMP_11230,Candida parapsilosis,Negative
4127,dbAMP_11230,Cryptococcus neoformans,Negative
4128,dbAMP_11238,Staphylococcus aureus,Negative
4129,dbAMP_11243,Bacillus subtilis,Negative
4130,dbAMP_11243,Candida albicans,Negative
4131,dbAMP_11243,Enterococcus faecalis,Negative
4132,dbAMP_11243,Escherichia coli,Negative
4133,dbAMP_11243,Micrococcus luteus,Negative
4134,dbAMP_11243,Pseudomonas aeruginosa,Negative
4135,dbAMP_11243,Salmonella enterica,Negative
4136,dbAMP_11243,Staphylococcus aureus,Negative
4137,dbAMP_11245,Candida albicans,Negative
4138,dbAMP_11245,Enterococcus faecium,Negative
4139,dbAMP_11245,Escherichia coli,Negative
4140,dbAMP_11245,Staphylococcus epidermidis,Negative
4141,dbAMP_11253,Escherichia coli,Negative
4142,dbAMP_11253,Pseudomonas aeruginosa,Negative
4143,dbAMP_11253,Staphylococcus aureus,Negative
4144,dbAMP_11278,Bacillus subtilis,Negative
4145,dbAMP_11278,Candida parapsilosis,Negative
4146,dbAMP_11278,Cryptococcus neoformans,Negative
4147,dbAMP_11278,Enterococcus faecalis,Negative
4148,dbAMP_11281,Escherichia coli,Negative
4149,dbAMP_11281,Micrococcus luteus,Negative
4150,dbAMP_11304,Pseudomonas aeruginosa,Negative
4151,dbAMP_11308,Klebsiella pneumoniae,Negative
4152,dbAMP_11308,Pseudomonas aeruginosa,Negative
4153,dbAMP_11308,Staphylococcus aureus,Negative
4154,dbAMP_11360,Bacillus subtilis,Negative
4155,dbAMP_11398,Pseudomonas aeruginosa,Negative
4156,dbAMP_11436,Candida albicans,Negative
4157,dbAMP_11455,Pseudomonas aeruginosa,Negative
4158,dbAMP_11646,Bacillus subtilis,Negative
4159,dbAMP_11646,Klebsiella pneumoniae,Negative
4160,dbAMP_11646,Staphylococcus aureus,Negative
4161,dbAMP_11647,Candida albicans,Negative
4162,dbAMP_11647,Escherichia coli,Negative
4163,dbAMP_11647,Pseudomonas aeruginosa,Negative
4164,dbAMP_11647,Staphylococcus aureus,Negative
4165,dbAMP_11661,Bacillus subtilis,Negative
4166,dbAMP_11661,Klebsiella pneumoniae,Negative
4167,dbAMP_11672,Escherichia coli,Negative
4168,dbAMP_11688,Bacillus megaterium,Negative
4169,dbAMP_11688,Bacillus subtilis,Negative
4170,dbAMP_11688,Enterobacter cloacae,Negative
4171,dbAMP_11688,Enterococcus faecalis,Negative
4172,dbAMP_11688,Escherichia coli,Negative
4173,dbAMP_11688,Klebsiella pneumoniae,Negative
4174,dbAMP_11688,Micrococcus luteus,Negative
4175,dbAMP_11688,Pseudomonas aeruginosa,Negative
4176,dbAMP_11688,Salmonella enterica,Negative
4177,dbAMP_11688,Staphylococcus aureus,Negative
4178,dbAMP_11690,Bacillus subtilis,Negative
4179,dbAMP_11692,Escherichia coli,Negative
4180,dbAMP_11722,Enterobacter cloacae,Negative
4181,dbAMP_11722,Pseudomonas aeruginosa,Negative
4182,dbAMP_11727,Candida albicans,Negative
4183,dbAMP_11727,Escherichia coli,Negative
4184,dbAMP_11727,Pseudomonas aeruginosa,Negative
4185,dbAMP_11727,Staphylococcus aureus,Negative
4186,dbAMP_11732,Candida parapsilosis,Negative
4187,dbAMP_11732,Cryptococcus neoformans,Negative
4188,dbAMP_11732,Escherichia coli,Negative
4189,dbAMP_11732,Staphylococcus aureus,Negative
4190,dbAMP_11753,Escherichia coli,Negative
4191,dbAMP_11753,Micrococcus luteus,Negative
4192,dbAMP_11753,Pseudomonas aeruginosa,Negative
4193,dbAMP_11753,Salmonella enterica,Negative
4194,dbAMP_11764,Escherichia coli,Negative
4195,dbAMP_11764,Pseudomonas aeruginosa,Negative
4196,dbAMP_11764,Staphylococcus aureus,Negative
4197,dbAMP_11770,Bacillus subtilis,Negative
4198,dbAMP_11812,Escherichia coli,Negative
4199,dbAMP_11830,Escherichia coli,Negative
4200,dbAMP_11830,Salmonella enterica,Negative
4201,dbAMP_11834,Staphylococcus aureus,Negative
4202,dbAMP_11838,Bacillus subtilis,Negative
4203,dbAMP_11838,Listeria monocytogenes,Negative
4204,dbAMP_11838,Staphylococcus aureus,Negative
4205,dbAMP_11860,Candida albicans,Negative
4206,dbAMP_11860,Micrococcus luteus,Negative
4207,dbAMP_11860,Pseudomonas aeruginosa,Negative
4208,dbAMP_11860,Salmonella enterica,Negative
4209,dbAMP_11923,Candida albicans,Negative
4210,dbAMP_11923,Escherichia coli,Negative
4211,dbAMP_11923,Pseudomonas aeruginosa,Negative
4212,dbAMP_11924,Bacillus subtilis,Negative
4213,dbAMP_11924,Escherichia coli,Negative
4214,dbAMP_11924,Pseudomonas aeruginosa,Negative
4215,dbAMP_11946,Candida albicans,Negative
4216,dbAMP_11946,Escherichia coli,Negative
4217,dbAMP_11946,Pseudomonas aeruginosa,Negative
4218,dbAMP_11946,Staphylococcus aureus,Negative
4219,dbAMP_11976,Candida albicans,Negative
4220,dbAMP_11976,Escherichia coli,Negative
4221,dbAMP_11976,Pseudomonas aeruginosa,Negative
4222,dbAMP_11976,Staphylococcus aureus,Negative
4223,dbAMP_11978,Candida albicans,Negative
4224,dbAMP_11978,Escherichia coli,Negative
4225,dbAMP_11978,Pseudomonas aeruginosa,Negative
4226,dbAMP_11978,Staphylococcus aureus,Negative
4227,dbAMP_11986,Pseudomonas aeruginosa,Negative
4228,dbAMP_12013,Candida albicans,Negative
4229,dbAMP_12035,Escherichia coli,Negative
4230,dbAMP_12035,Pseudomonas aeruginosa,Negative
4231,dbAMP_12035,Staphylococcus aureus,Negative
4232,dbAMP_12035,Staphylococcus epidermidis,Negative
4233,dbAMP_12040,Salmonella enterica,Negative
4234,dbAMP_12052,Candida albicans,Negative
4235,dbAMP_12052,Staphylococcus aureus,Negative
4236,dbAMP_12052,Staphylococcus epidermidis,Negative
4237,dbAMP_12246,Staphylococcus aureus,Negative
4238,dbAMP_12284,Bacillus cereus,Negative
4239,dbAMP_12344,Staphylococcus aureus,Negative
4240,dbAMP_12360,Candida albicans,Negative
4241,dbAMP_12360,Escherichia coli,Negative
4242,dbAMP_12360,Staphylococcus aureus,Negative
4243,dbAMP_12361,Enterococcus faecalis,Negative
4244,dbAMP_12361,Listeria monocytogenes,Negative
4245,dbAMP_12361,Staphylococcus epidermidis,Negative
4246,dbAMP_12767,Candida albicans,Negative
4247,dbAMP_12767,Escherichia coli,Negative
4248,dbAMP_12767,Klebsiella pneumoniae,Negative
4249,dbAMP_12767,Pseudomonas aeruginosa,Negative
4250,dbAMP_12827,Bacillus subtilis,Negative
4251,dbAMP_12827,Escherichia coli,Negative
4252,dbAMP_12827,Staphylococcus aureus,Negative
4253,dbAMP_12829,Bacillus subtilis,Negative
4254,dbAMP_12829,Candida albicans,Negative
4255,dbAMP_12829,Escherichia coli,Negative
4256,dbAMP_12829,Klebsiella pneumoniae,Negative
4257,dbAMP_12829,Pseudomonas aeruginosa,Negative
4258,dbAMP_12829,Salmonella enterica,Negative
4259,dbAMP_12829,Staphylococcus aureus,Negative
4260,dbAMP_12829,Staphylococcus epidermidis,Negative
4261,dbAMP_12830,Klebsiella pneumoniae,Negative
4262,dbAMP_12830,Pseudomonas aeruginosa,Negative
4263,dbAMP_12830,Staphylococcus epidermidis,Negative
4264,dbAMP_12832,Acinetobacter baumannii,Negative
4265,dbAMP_12832,Candida albicans,Negative
4266,dbAMP_12832,Enterococcus faecalis,Negative
4267,dbAMP_12832,Escherichia coli,Negative
4268,dbAMP_12832,Micrococcus luteus,Negative
4269,dbAMP_12941,Candida albicans,Negative
4270,dbAMP_12941,Cryptococcus neoformans,Negative
4271,dbAMP_12941,Staphylococcus aureus,Negative
4272,dbAMP_12941,Staphylococcus epidermidis,Negative
4273,dbAMP_12945,Bacillus subtilis,Negative
4274,dbAMP_12945,Klebsiella pneumoniae,Negative
4275,dbAMP_12945,Staphylococcus aureus,Negative
4276,dbAMP_12945,Staphylococcus epidermidis,Negative
4277,dbAMP_12947,Candida albicans,Negative
4278,dbAMP_12947,Escherichia coli,Negative
4279,dbAMP_12947,Staphylococcus aureus,Negative
4280,dbAMP_13954,Staphylococcus aureus,Negative
4281,dbAMP_14243,Candida albicans,Negative
4282,dbAMP_14617,Acinetobacter baumannii,Negative
4283,dbAMP_14617,Candida albicans,Negative
4284,dbAMP_14617,Escherichia coli,Negative
4285,dbAMP_14617,Klebsiella pneumoniae,Negative
4286,dbAMP_14617,Pseudomonas aeruginosa,Negative
4287,dbAMP_14648,Candida albicans,Negative
4288,dbAMP_14648,Escherichia coli,Negative
4289,dbAMP_14648,Pseudomonas aeruginosa,Negative
4290,dbAMP_14648,Staphylococcus aureus,Negative
4291,dbAMP_14656,Escherichia coli,Negative
4292,dbAMP_14656,Salmonella enterica,Negative
4293,dbAMP_14689,Staphylococcus aureus,Negative
4294,dbAMP_14693,Enterococcus faecalis,Negative
4295,dbAMP_14693,Escherichia coli,Negative
4296,dbAMP_14693,Pseudomonas aeruginosa,Negative
4297,dbAMP_14695,Candida albicans,Negative
4298,dbAMP_14696,Candida albicans,Negative
4299,dbAMP_14696,Escherichia coli,Negative
4300,dbAMP_14696,Pseudomonas aeruginosa,Negative
4301,dbAMP_14697,Escherichia coli,Negative
4302,dbAMP_14697,Staphylococcus aureus,Negative
4303,dbAMP_14698,Candida albicans,Negative
4304,dbAMP_14710,Pseudomonas aeruginosa,Negative
4305,dbAMP_14712,Klebsiella pneumoniae,Negative
4306,dbAMP_14712,Micrococcus luteus,Negative
4307,dbAMP_14712,Pseudomonas aeruginosa,Negative
4308,dbAMP_14712,Salmonella enterica,Negative
4309,dbAMP_14714,Staphylococcus aureus,Negative
4310,dbAMP_14716,Candida albicans,Negative
4311,dbAMP_14716,Pseudomonas aeruginosa,Negative
4312,dbAMP_14716,Salmonella enterica,Negative
4313,dbAMP_14716,Staphylococcus aureus,Negative
4314,dbAMP_14721,Candida albicans,Negative
4315,dbAMP_14721,Enterococcus faecalis,Negative
4316,dbAMP_14721,Pseudomonas aeruginosa,Negative
4317,dbAMP_14721,Staphylococcus aureus,Negative
4318,dbAMP_14725,Candida albicans,Negative
4319,dbAMP_14725,Pseudomonas aeruginosa,Negative
4320,dbAMP_14725,Salmonella enterica,Negative
4321,dbAMP_14725,Staphylococcus aureus,Negative
4322,dbAMP_14783,Candida albicans,Negative
4323,dbAMP_14785,Candida albicans,Negative
4324,dbAMP_14786,Candida albicans,Negative
4325,dbAMP_14794,Candida albicans,Negative
4326,dbAMP_14796,Candida albicans,Negative
4327,dbAMP_14798,Candida albicans,Negative
4328,dbAMP_14800,Candida albicans,Negative
4329,dbAMP_14801,Bacillus subtilis,Negative
4330,dbAMP_14801,Escherichia coli,Negative
4331,dbAMP_14801,Klebsiella pneumoniae,Negative
4332,dbAMP_14801,Pseudomonas aeruginosa,Negative
4333,dbAMP_14801,Salmonella enterica,Negative
4334,dbAMP_14801,Staphylococcus aureus,Negative
4335,dbAMP_14801,Staphylococcus epidermidis,Negative
4336,dbAMP_14802,Escherichia coli,Negative
4337,dbAMP_14802,Klebsiella pneumoniae,Negative
4338,dbAMP_14802,Pseudomonas aeruginosa,Negative
4339,dbAMP_14802,Salmonella enterica,Negative
4340,dbAMP_14802,Staphylococcus epidermidis,Negative
4341,dbAMP_14803,Bacillus subtilis,Negative
4342,dbAMP_14803,Escherichia coli,Negative
4343,dbAMP_14803,Klebsiella pneumoniae,Negative
4344,dbAMP_14803,Micrococcus luteus,Negative
4345,dbAMP_14803,Pseudomonas aeruginosa,Negative
4346,dbAMP_14803,Salmonella enterica,Negative
4347,dbAMP_14803,Staphylococcus epidermidis,Negative
4348,dbAMP_14805,Pseudomonas aeruginosa,Negative
4349,dbAMP_14806,Candida albicans,Negative
4350,dbAMP_14807,Escherichia coli,Negative
4351,dbAMP_14807,Klebsiella pneumoniae,Negative
4352,dbAMP_14807,Pseudomonas aeruginosa,Negative
4353,dbAMP_14807,Salmonella enterica,Negative
4354,dbAMP_14821,Candida albicans,Negative
4355,dbAMP_14821,Pseudomonas aeruginosa,Negative
4356,dbAMP_14821,Salmonella enterica,Negative
4357,dbAMP_14821,Staphylococcus aureus,Negative
4358,dbAMP_14829,Staphylococcus aureus,Negative
4359,dbAMP_14830,Staphylococcus aureus,Negative
4360,dbAMP_14831,Staphylococcus aureus,Negative
4361,dbAMP_14837,Salmonella enterica,Negative
4362,dbAMP_14848,Candida albicans,Negative
4363,dbAMP_14848,Staphylococcus epidermidis,Negative
4364,dbAMP_14850,Candida albicans,Negative
4365,dbAMP_14870,Pseudomonas aeruginosa,Negative
4366,dbAMP_14870,Staphylococcus aureus,Negative
4367,dbAMP_14876,Enterococcus faecalis,Negative
4368,dbAMP_14876,Escherichia coli,Negative
4369,dbAMP_14876,Pseudomonas aeruginosa,Negative
4370,dbAMP_14876,Salmonella enterica,Negative
4371,dbAMP_14876,Staphylococcus aureus,Negative
4372,dbAMP_14876,Staphylococcus epidermidis,Negative
4373,dbAMP_14879,Escherichia coli,Negative
4374,dbAMP_14879,Klebsiella pneumoniae,Negative
4375,dbAMP_14879,Micrococcus luteus,Negative
4376,dbAMP_14879,Pseudomonas aeruginosa,Negative
4377,dbAMP_14879,Salmonella enterica,Negative
4378,dbAMP_14879,Staphylococcus epidermidis,Negative
4379,dbAMP_14880,Bacillus subtilis,Negative
4380,dbAMP_14880,Klebsiella pneumoniae,Negative
4381,dbAMP_14880,Micrococcus luteus,Negative
4382,dbAMP_14880,Pseudomonas aeruginosa,Negative
4383,dbAMP_14880,Salmonella enterica,Negative
4384,dbAMP_14880,Staphylococcus epidermidis,Negative
4385,dbAMP_14881,Bacillus subtilis,Negative
4386,dbAMP_14881,Escherichia coli,Negative
4387,dbAMP_14881,Klebsiella pneumoniae,Negative
4388,dbAMP_14881,Micrococcus luteus,Negative
4389,dbAMP_14881,Pseudomonas aeruginosa,Negative
4390,dbAMP_14881,Salmonella enterica,Negative
4391,dbAMP_14881,Staphylococcus epidermidis,Negative
4392,dbAMP_14882,Pseudomonas aeruginosa,Negative
4393,dbAMP_14882,Salmonella enterica,Negative
4394,dbAMP_14884,Klebsiella pneumoniae,Negative
4395,dbAMP_14884,Salmonella enterica,Negative
4396,dbAMP_14885,Salmonella enterica,Negative
4397,dbAMP_14886,Candida albicans,Negative
4398,dbAMP_14887,Escherichia coli,Negative
4399,dbAMP_14887,Klebsiella pneumoniae,Negative
4400,dbAMP_14887,Pseudomonas aeruginosa,Negative
4401,dbAMP_14887,Salmonella enterica,Negative
4402,dbAMP_14888,Pseudomonas aeruginosa,Negative
4403,dbAMP_14899,Escherichia coli,Negative
4404,dbAMP_14900,Bacillus subtilis,Negative
4405,dbAMP_14905,Bacillus subtilis,Negative
4406,dbAMP_14905,Escherichia coli,Negative
4407,dbAMP_14906,Bacillus subtilis,Negative
4408,dbAMP_14906,Escherichia coli,Negative
4409,dbAMP_14911,Escherichia coli,Negative
4410,dbAMP_14912,Escherichia coli,Negative
4411,dbAMP_14913,Escherichia coli,Negative
4412,dbAMP_14916,Escherichia coli,Negative
4413,dbAMP_14917,Bacillus subtilis,Negative
4414,dbAMP_14917,Escherichia coli,Negative
4415,dbAMP_14918,Bacillus subtilis,Negative
4416,dbAMP_14918,Escherichia coli,Negative
4417,dbAMP_14920,Bacillus subtilis,Negative
4418,dbAMP_14922,Bacillus subtilis,Negative
4419,dbAMP_14922,Escherichia coli,Negative
4420,dbAMP_14923,Bacillus subtilis,Negative
4421,dbAMP_14923,Escherichia coli,Negative
4422,dbAMP_14924,Bacillus subtilis,Negative
4423,dbAMP_14924,Escherichia coli,Negative
4424,dbAMP_14926,Bacillus subtilis,Negative
4425,dbAMP_14929,Bacillus subtilis,Negative
4426,dbAMP_15397,Candida albicans,Negative
4427,dbAMP_15573,Bacillus subtilis,Negative
4428,dbAMP_15573,Escherichia coli,Negative
4429,dbAMP_15573,Klebsiella pneumoniae,Negative
4430,dbAMP_15573,Micrococcus luteus,Negative
4431,dbAMP_15573,Pseudomonas aeruginosa,Negative
4432,dbAMP_15573,Salmonella enterica,Negative
4433,dbAMP_15573,Staphylococcus aureus,Negative
4434,dbAMP_15573,Staphylococcus epidermidis,Negative
4435,dbAMP_15577,Bacillus subtilis,Negative
4436,dbAMP_15577,Escherichia coli,Negative
4437,dbAMP_15579,Bacillus subtilis,Negative
4438,dbAMP_15579,Escherichia coli,Negative
4439,dbAMP_15702,Staphylococcus aureus,Negative
4440,dbAMP_15725,Escherichia coli,Negative
4441,dbAMP_15725,Pseudomonas aeruginosa,Negative
4442,dbAMP_15726,Pseudomonas aeruginosa,Negative
4443,dbAMP_15740,Escherichia coli,Negative
4444,dbAMP_15740,Pseudomonas aeruginosa,Negative
4445,dbAMP_15740,Staphylococcus aureus,Negative
4446,dbAMP_15741,Pseudomonas aeruginosa,Negative
4447,dbAMP_15742,Pseudomonas aeruginosa,Negative
4448,dbAMP_15743,Pseudomonas aeruginosa,Negative
4449,dbAMP_15744,Escherichia coli,Negative
4450,dbAMP_15744,Pseudomonas aeruginosa,Negative
4451,dbAMP_15744,Staphylococcus aureus,Negative
4452,dbAMP_15745,Escherichia coli,Negative
4453,dbAMP_15745,Pseudomonas aeruginosa,Negative
4454,dbAMP_15745,Staphylococcus aureus,Negative
4455,dbAMP_15747,Candida albicans,Negative
4456,dbAMP_15747,Escherichia coli,Negative
4457,dbAMP_15747,Staphylococcus aureus,Negative
4458,dbAMP_15748,Candida albicans,Negative
4459,dbAMP_15748,Escherichia coli,Negative
4460,dbAMP_15748,Staphylococcus aureus,Negative
4461,dbAMP_15749,Bacillus subtilis,Negative
4462,dbAMP_15767,Pseudomonas aeruginosa,Negative
4463,dbAMP_15768,Pseudomonas aeruginosa,Negative
4464,dbAMP_15768,Staphylococcus aureus,Negative
4465,dbAMP_15772,Candida albicans,Negative
4466,dbAMP_15772,Pseudomonas aeruginosa,Negative
4467,dbAMP_15773,Candida albicans,Negative
4468,dbAMP_15773,Pseudomonas aeruginosa,Negative
4469,dbAMP_15774,Staphylococcus aureus,Negative
4470,dbAMP_15787,Staphylococcus aureus,Negative
4471,dbAMP_15790,Pseudomonas aeruginosa,Negative
4472,dbAMP_15790,Staphylococcus aureus,Negative
4473,dbAMP_15794,Pseudomonas aeruginosa,Negative
4474,dbAMP_15794,Staphylococcus aureus,Negative
4475,dbAMP_15799,Pseudomonas aeruginosa,Negative
4476,dbAMP_15799,Staphylococcus aureus,Negative
4477,dbAMP_15800,Bacillus subtilis,Negative
4478,dbAMP_15800,Escherichia coli,Negative
4479,dbAMP_15800,Pseudomonas aeruginosa,Negative
4480,dbAMP_15800,Staphylococcus aureus,Negative
4481,dbAMP_15802,Pseudomonas aeruginosa,Negative
4482,dbAMP_15824,Acinetobacter baumannii,Negative
4483,dbAMP_15824,Enterococcus faecalis,Negative
4484,dbAMP_15824,Pseudomonas aeruginosa,Negative
4485,dbAMP_15825,Staphylococcus aureus,Negative
4486,dbAMP_15825,Staphylococcus epidermidis,Negative
4487,dbAMP_15827,Klebsiella pneumoniae,Negative
4488,dbAMP_15827,Pseudomonas aeruginosa,Negative
4489,dbAMP_15831,Staphylococcus aureus,Negative
4490,dbAMP_15832,Salmonella enterica,Negative
4491,dbAMP_15832,Staphylococcus aureus,Negative
4492,dbAMP_15832,Staphylococcus epidermidis,Negative
4493,dbAMP_15833,Escherichia coli,Negative
4494,dbAMP_15833,Pseudomonas aeruginosa,Negative
4495,dbAMP_15849,Bacillus subtilis,Negative
4496,dbAMP_15849,Enterococcus faecalis,Negative
4497,dbAMP_15849,Pseudomonas aeruginosa,Negative
4498,dbAMP_15849,Salmonella enterica,Negative
4499,dbAMP_15849,Staphylococcus aureus,Negative
4500,dbAMP_15849,Staphylococcus epidermidis,Negative
4501,dbAMP_15850,Bacillus subtilis,Negative
4502,dbAMP_15850,Enterococcus faecalis,Negative
4503,dbAMP_15850,Escherichia coli,Negative
4504,dbAMP_15850,Pseudomonas aeruginosa,Negative
4505,dbAMP_15850,Salmonella enterica,Negative
4506,dbAMP_15850,Staphylococcus aureus,Negative
4507,dbAMP_15850,Staphylococcus epidermidis,Negative
4508,dbAMP_15852,Candida parapsilosis,Negative
4509,dbAMP_15852,Enterococcus faecalis,Negative
4510,dbAMP_15858,Bacillus subtilis,Negative
4511,dbAMP_15858,Escherichia coli,Negative
4512,dbAMP_15858,Pseudomonas aeruginosa,Negative
4513,dbAMP_15859,Acinetobacter baumannii,Negative
4514,dbAMP_15859,Escherichia coli,Negative
4515,dbAMP_15859,Pseudomonas aeruginosa,Negative
4516,dbAMP_15859,Staphylococcus aureus,Negative
4517,dbAMP_15862,Candida albicans,Negative
4518,dbAMP_15863,Candida albicans,Negative
4519,dbAMP_15863,Enterococcus faecalis,Negative
4520,dbAMP_15863,Staphylococcus aureus,Negative
4521,dbAMP_15863,Staphylococcus epidermidis,Negative
4522,dbAMP_15874,Escherichia coli,Negative
4523,dbAMP_15875,Enterococcus faecalis,Negative
4524,dbAMP_15875,Escherichia coli,Negative
4525,dbAMP_15878,Candida albicans,Negative
4526,dbAMP_15878,Enterococcus faecalis,Negative
4527,dbAMP_15881,Bacillus cereus,Negative
4528,dbAMP_15881,Escherichia coli,Negative
4529,dbAMP_15881,Salmonella enterica,Negative
4530,dbAMP_15881,Staphylococcus aureus,Negative
4531,dbAMP_15889,Enterobacter cloacae,Negative
4532,dbAMP_15889,Klebsiella pneumoniae,Negative
4533,dbAMP_15894,Escherichia coli,Negative
4534,dbAMP_15895,Staphylococcus aureus,Negative
4535,dbAMP_15920,Candida albicans,Negative
4536,dbAMP_15920,Staphylococcus aureus,Negative
4537,dbAMP_15922,Klebsiella pneumoniae,Negative
4538,dbAMP_15922,Pseudomonas aeruginosa,Negative
4539,dbAMP_15923,Escherichia coli,Negative
4540,dbAMP_15923,Klebsiella pneumoniae,Negative
4541,dbAMP_15923,Pseudomonas aeruginosa,Negative
4542,dbAMP_15931,Candida albicans,Negative
4543,dbAMP_15931,Pseudomonas aeruginosa,Negative
4544,dbAMP_15932,Candida albicans,Negative
4545,dbAMP_15932,Pseudomonas aeruginosa,Negative
4546,dbAMP_15933,Candida albicans,Negative
4547,dbAMP_15933,Pseudomonas aeruginosa,Negative
4548,dbAMP_15933,Staphylococcus aureus,Negative
4549,dbAMP_15934,Pseudomonas aeruginosa,Negative
4550,dbAMP_15934,Staphylococcus aureus,Negative
4551,dbAMP_15936,Candida albicans,Negative
4552,dbAMP_15936,Pseudomonas aeruginosa,Negative
4553,dbAMP_15936,Staphylococcus aureus,Negative
4554,dbAMP_15937,Candida albicans,Negative
4555,dbAMP_15937,Pseudomonas aeruginosa,Negative
4556,dbAMP_15937,Staphylococcus aureus,Negative
4557,dbAMP_15938,Candida albicans,Negative
4558,dbAMP_15938,Pseudomonas aeruginosa,Negative
4559,dbAMP_15938,Staphylococcus aureus,Negative
4560,dbAMP_15939,Candida albicans,Negative
4561,dbAMP_15939,Pseudomonas aeruginosa,Negative
4562,dbAMP_15941,Candida albicans,Negative
4563,dbAMP_15941,Pseudomonas aeruginosa,Negative
4564,dbAMP_15942,Candida albicans,Negative
4565,dbAMP_15942,Pseudomonas aeruginosa,Negative
4566,dbAMP_15943,Candida albicans,Negative
4567,dbAMP_15943,Pseudomonas aeruginosa,Negative
4568,dbAMP_15944,Candida albicans,Negative
4569,dbAMP_15944,Pseudomonas aeruginosa,Negative
4570,dbAMP_15945,Candida albicans,Negative
4571,dbAMP_15945,Pseudomonas aeruginosa,Negative
4572,dbAMP_15945,Staphylococcus aureus,Negative
4573,dbAMP_15946,Pseudomonas aeruginosa,Negative
4574,dbAMP_15949,Staphylococcus aureus,Negative
4575,dbAMP_15951,Staphylococcus epidermidis,Negative
4576,dbAMP_15956,Candida albicans,Negative
4577,dbAMP_15956,Escherichia coli,Negative
4578,dbAMP_15956,Staphylococcus aureus,Negative
4579,dbAMP_15956,Staphylococcus epidermidis,Negative
4580,dbAMP_15958,Candida parapsilosis,Negative
4581,dbAMP_15959,Enterobacter cloacae,Negative
4582,dbAMP_15967,Escherichia coli,Negative
4583,dbAMP_15967,Listeria monocytogenes,Negative
4584,dbAMP_15967,Salmonella enterica,Negative
4585,dbAMP_15967,Staphylococcus aureus,Negative
4586,dbAMP_15970,Bacillus subtilis,Negative
4587,dbAMP_15970,Staphylococcus aureus,Negative
4588,dbAMP_15972,Candida albicans,Negative
4589,dbAMP_15974,Candida albicans,Negative
4590,dbAMP_15975,Candida albicans,Negative
4591,dbAMP_15980,Escherichia coli,Negative
4592,dbAMP_15984,Bacillus subtilis,Negative
4593,dbAMP_15984,Escherichia coli,Negative
4594,dbAMP_15985,Escherichia coli,Negative
4595,dbAMP_16005,Staphylococcus aureus,Negative
4596,dbAMP_16006,Staphylococcus aureus,Negative
4597,dbAMP_16007,Staphylococcus aureus,Negative
4598,dbAMP_16021,Pseudomonas aeruginosa,Negative
4599,dbAMP_16021,Staphylococcus aureus,Negative
4600,dbAMP_16031,Enterococcus faecalis,Negative
4601,dbAMP_16031,Escherichia coli,Negative
4602,dbAMP_16031,Salmonella enterica,Negative
4603,dbAMP_16031,Staphylococcus aureus,Negative
4604,dbAMP_16031,Staphylococcus epidermidis,Negative
4605,dbAMP_16033,Enterococcus faecalis,Negative
4606,dbAMP_16033,Staphylococcus aureus,Negative
4607,dbAMP_16033,Staphylococcus epidermidis,Negative
4608,dbAMP_16035,Enterococcus faecalis,Negative
4609,dbAMP_16035,Pseudomonas aeruginosa,Negative
4610,dbAMP_16035,Staphylococcus aureus,Negative
4611,dbAMP_16035,Staphylococcus epidermidis,Negative
4612,dbAMP_16037,Pseudomonas aeruginosa,Negative
4613,dbAMP_16039,Pseudomonas aeruginosa,Negative
4614,dbAMP_16041,Enterococcus faecalis,Negative
4615,dbAMP_16041,Pseudomonas aeruginosa,Negative
4616,dbAMP_16041,Salmonella enterica,Negative
4617,dbAMP_16041,Staphylococcus aureus,Negative
4618,dbAMP_16041,Staphylococcus epidermidis,Negative
4619,dbAMP_16042,Enterococcus faecalis,Negative
4620,dbAMP_16042,Pseudomonas aeruginosa,Negative
4621,dbAMP_16042,Salmonella enterica,Negative
4622,dbAMP_16042,Staphylococcus aureus,Negative
4623,dbAMP_16042,Staphylococcus epidermidis,Negative
4624,dbAMP_16046,Staphylococcus aureus,Negative
4625,dbAMP_16047,Pseudomonas aeruginosa,Negative
4626,dbAMP_16047,Staphylococcus aureus,Negative
4627,dbAMP_16051,Staphylococcus aureus,Negative
4628,dbAMP_16053,Staphylococcus aureus,Negative
4629,dbAMP_16057,Enterococcus faecium,Negative
4630,dbAMP_16060,Klebsiella pneumoniae,Negative
4631,dbAMP_16065,Escherichia coli,Negative
4632,dbAMP_16065,Listeria monocytogenes,Negative
4633,dbAMP_16065,Pseudomonas aeruginosa,Negative
4634,dbAMP_16065,Salmonella enterica,Negative
4635,dbAMP_16065,Staphylococcus aureus,Negative
4636,dbAMP_16074,Escherichia coli,Negative
4637,dbAMP_16074,Staphylococcus aureus,Negative
4638,dbAMP_16075,Staphylococcus aureus,Negative
4639,dbAMP_16077,Staphylococcus aureus,Negative
4640,dbAMP_16078,Escherichia coli,Negative
4641,dbAMP_16078,Pseudomonas aeruginosa,Negative
4642,dbAMP_16078,Salmonella enterica,Negative
4643,dbAMP_16078,Staphylococcus aureus,Negative
4644,dbAMP_16079,Escherichia coli,Negative
4645,dbAMP_16079,Pseudomonas aeruginosa,Negative
4646,dbAMP_16079,Salmonella enterica,Negative
4647,dbAMP_16079,Staphylococcus aureus,Negative
4648,dbAMP_16079,Staphylococcus epidermidis,Negative
4649,dbAMP_16081,Escherichia coli,Negative
4650,dbAMP_16081,Salmonella enterica,Negative
4651,dbAMP_16081,Staphylococcus aureus,Negative
4652,dbAMP_16081,Staphylococcus epidermidis,Negative
4653,dbAMP_16082,Enterococcus faecalis,Negative
4654,dbAMP_16082,Escherichia coli,Negative
4655,dbAMP_16082,Salmonella enterica,Negative
4656,dbAMP_16082,Staphylococcus aureus,Negative
4657,dbAMP_16087,Pseudomonas aeruginosa,Negative
4658,dbAMP_16087,Staphylococcus aureus,Negative
4659,dbAMP_16090,Bacillus cereus,Negative
4660,dbAMP_16090,Candida parapsilosis,Negative
4661,dbAMP_16090,Pseudomonas aeruginosa,Negative
4662,dbAMP_16097,Staphylococcus aureus,Negative
4663,dbAMP_16098,Candida albicans,Negative
4664,dbAMP_16098,Enterococcus faecalis,Negative
4665,dbAMP_16098,Pseudomonas aeruginosa,Negative
4666,dbAMP_16103,Candida albicans,Negative
4667,dbAMP_16103,Escherichia coli,Negative
4668,dbAMP_16103,Pseudomonas aeruginosa,Negative
4669,dbAMP_16103,Staphylococcus aureus,Negative
4670,dbAMP_16103,Staphylococcus epidermidis,Negative
4671,dbAMP_16104,Candida albicans,Negative
4672,dbAMP_16104,Pseudomonas aeruginosa,Negative
4673,dbAMP_16123,Staphylococcus aureus,Negative
4674,dbAMP_16124,Pseudomonas aeruginosa,Negative
4675,dbAMP_16125,Listeria monocytogenes,Negative
4676,dbAMP_16125,Staphylococcus aureus,Negative
4677,dbAMP_16129,Listeria monocytogenes,Negative
4678,dbAMP_16129,Pseudomonas aeruginosa,Negative
4679,dbAMP_16129,Staphylococcus aureus,Negative
4680,dbAMP_16130,Bacillus cereus,Negative
4681,dbAMP_16132,Bacillus cereus,Negative
4682,dbAMP_16134,Bacillus cereus,Negative
4683,dbAMP_16134,Candida albicans,Negative
4684,dbAMP_16134,Micrococcus luteus,Negative
4685,dbAMP_16136,Bacillus cereus,Negative
4686,dbAMP_16136,Candida albicans,Negative
4687,dbAMP_16136,Escherichia coli,Negative
4688,dbAMP_16136,Listeria monocytogenes,Negative
4689,dbAMP_16136,Micrococcus luteus,Negative
4690,dbAMP_16136,Salmonella enterica,Negative
4691,dbAMP_16136,Staphylococcus aureus,Negative
4692,dbAMP_16137,Bacillus cereus,Negative
4693,dbAMP_16137,Candida albicans,Negative
4694,dbAMP_16137,Escherichia coli,Negative
4695,dbAMP_16137,Listeria monocytogenes,Negative
4696,dbAMP_16137,Micrococcus luteus,Negative
4697,dbAMP_16137,Salmonella enterica,Negative
4698,dbAMP_16137,Staphylococcus aureus,Negative
4699,dbAMP_16138,Bacillus subtilis,Negative
4700,dbAMP_16138,Candida albicans,Negative
4701,dbAMP_16138,Escherichia coli,Negative
4702,dbAMP_16138,Pseudomonas aeruginosa,Negative
4703,dbAMP_16138,Staphylococcus aureus,Negative
4704,dbAMP_16138,Staphylococcus epidermidis,Negative
4705,dbAMP_16142,Candida albicans,Negative
4706,dbAMP_16146,Candida albicans,Negative
4707,dbAMP_16149,Pseudomonas aeruginosa,Negative
4708,dbAMP_16157,Candida albicans,Negative
4709,dbAMP_16157,Enterococcus faecalis,Negative
4710,dbAMP_16157,Escherichia coli,Negative
4711,dbAMP_16157,Pseudomonas aeruginosa,Negative
4712,dbAMP_16157,Staphylococcus aureus,Negative
4713,dbAMP_16167,Bacillus subtilis,Negative
4714,dbAMP_16167,Escherichia coli,Negative
4715,dbAMP_16167,Pseudomonas aeruginosa,Negative
4716,dbAMP_16167,Salmonella enterica,Negative
4717,dbAMP_16167,Staphylococcus aureus,Negative
4718,dbAMP_16167,Staphylococcus epidermidis,Negative
4719,dbAMP_16168,Bacillus subtilis,Negative
4720,dbAMP_16168,Staphylococcus aureus,Negative
4721,dbAMP_16168,Staphylococcus epidermidis,Negative
4722,dbAMP_16170,Bacillus subtilis,Negative
4723,dbAMP_16170,Enterococcus faecalis,Negative
4724,dbAMP_16170,Escherichia coli,Negative
4725,dbAMP_16170,Pseudomonas aeruginosa,Negative
4726,dbAMP_16170,Salmonella enterica,Negative
4727,dbAMP_16170,Staphylococcus aureus,Negative
4728,dbAMP_16170,Staphylococcus epidermidis,Negative
4729,dbAMP_16172,Pseudomonas aeruginosa,Negative
4730,dbAMP_16172,Salmonella enterica,Negative
4731,dbAMP_16173,Bacillus subtilis,Negative
4732,dbAMP_16173,Enterococcus faecalis,Negative
4733,dbAMP_16173,Escherichia coli,Negative
4734,dbAMP_16173,Pseudomonas aeruginosa,Negative
4735,dbAMP_16173,Salmonella enterica,Negative
4736,dbAMP_16173,Staphylococcus aureus,Negative
4737,dbAMP_16173,Staphylococcus epidermidis,Negative
4738,dbAMP_16187,Staphylococcus aureus,Negative
4739,dbAMP_16189,Staphylococcus aureus,Negative
4740,dbAMP_16190,Staphylococcus aureus,Negative
4741,dbAMP_16192,Staphylococcus aureus,Negative
4742,dbAMP_16193,Staphylococcus aureus,Negative
4743,dbAMP_16194,Staphylococcus aureus,Negative
4744,dbAMP_16201,Staphylococcus aureus,Negative
4745,dbAMP_16202,Staphylococcus aureus,Negative
4746,dbAMP_16204,Staphylococcus aureus,Negative
4747,dbAMP_16205,Staphylococcus aureus,Negative
4748,dbAMP_16206,Staphylococcus aureus,Negative
4749,dbAMP_16208,Staphylococcus aureus,Negative
4750,dbAMP_16209,Staphylococcus aureus,Negative
4751,dbAMP_16210,Staphylococcus aureus,Negative
4752,dbAMP_16211,Staphylococcus aureus,Negative
4753,dbAMP_16212,Staphylococcus aureus,Negative
4754,dbAMP_16219,Salmonella enterica,Negative
4755,dbAMP_16221,Salmonella enterica,Negative
4756,dbAMP_16221,Staphylococcus aureus,Negative
4757,dbAMP_16221,Staphylococcus epidermidis,Negative
4758,dbAMP_16236,Pseudomonas aeruginosa,Negative
4759,dbAMP_16242,Enterococcus faecalis,Negative
4760,dbAMP_16242,Pseudomonas aeruginosa,Negative
4761,dbAMP_16243,Candida albicans,Negative
4762,dbAMP_16243,Enterococcus faecalis,Negative
4763,dbAMP_16243,Pseudomonas aeruginosa,Negative
4764,dbAMP_16244,Pseudomonas aeruginosa,Negative
4765,dbAMP_16253,Pseudomonas aeruginosa,Negative
4766,dbAMP_16255,Candida albicans,Negative
4767,dbAMP_16255,Candida parapsilosis,Negative
4768,dbAMP_16255,Escherichia coli,Negative
4769,dbAMP_16255,Pseudomonas aeruginosa,Negative
4770,dbAMP_16255,Salmonella enterica,Negative
4771,dbAMP_16255,Staphylococcus aureus,Negative
4772,dbAMP_16255,Staphylococcus epidermidis,Negative
4773,dbAMP_16256,Salmonella enterica,Negative
4774,dbAMP_16256,Staphylococcus aureus,Negative
4775,dbAMP_16256,Staphylococcus epidermidis,Negative
4776,dbAMP_16257,Staphylococcus aureus,Negative
4777,dbAMP_16257,Staphylococcus epidermidis,Negative
4778,dbAMP_16260,Staphylococcus aureus,Negative
4779,dbAMP_16260,Staphylococcus epidermidis,Negative
4780,dbAMP_16262,Candida albicans,Negative
4781,dbAMP_16262,Candida parapsilosis,Negative
4782,dbAMP_16262,Salmonella enterica,Negative
4783,dbAMP_16262,Staphylococcus aureus,Negative
4784,dbAMP_16262,Staphylococcus epidermidis,Negative
4785,dbAMP_16264,Pseudomonas aeruginosa,Negative
4786,dbAMP_16265,Pseudomonas aeruginosa,Negative
4787,dbAMP_16281,Enterobacter cloacae,Negative
4788,dbAMP_16281,Klebsiella pneumoniae,Negative
4789,dbAMP_16287,Escherichia coli,Negative
4790,dbAMP_16296,Candida albicans,Negative
4791,dbAMP_16296,Escherichia coli,Negative
4792,dbAMP_16296,Pseudomonas aeruginosa,Negative
4793,dbAMP_16296,Staphylococcus aureus,Negative
4794,dbAMP_16303,Klebsiella pneumoniae,Negative
4795,dbAMP_16303,Salmonella enterica,Negative
4796,dbAMP_16304,Acinetobacter baumannii,Negative
4797,dbAMP_16304,Bacillus subtilis,Negative
4798,dbAMP_16304,Enterococcus faecalis,Negative
4799,dbAMP_16304,Pseudomonas aeruginosa,Negative
4800,dbAMP_16304,Salmonella enterica,Negative
4801,dbAMP_16304,Staphylococcus aureus,Negative
4802,dbAMP_16308,Bacillus subtilis,Negative
4803,dbAMP_16308,Enterococcus faecalis,Negative
4804,dbAMP_16308,Pseudomonas aeruginosa,Negative
4805,dbAMP_16308,Salmonella enterica,Negative
4806,dbAMP_16308,Staphylococcus aureus,Negative
4807,dbAMP_16308,Staphylococcus epidermidis,Negative
4808,dbAMP_16327,Bacillus subtilis,Negative
4809,dbAMP_16327,Enterococcus faecalis,Negative
4810,dbAMP_16328,Staphylococcus aureus,Negative
4811,dbAMP_16329,Staphylococcus aureus,Negative
4812,dbAMP_16331,Escherichia coli,Negative
4813,dbAMP_16331,Salmonella enterica,Negative
4814,dbAMP_16331,Staphylococcus aureus,Negative
4815,dbAMP_16331,Staphylococcus epidermidis,Negative
4816,dbAMP_16332,Bacillus megaterium,Negative
4817,dbAMP_16332,Enterococcus faecalis,Negative
4818,dbAMP_16332,Escherichia coli,Negative
4819,dbAMP_16332,Staphylococcus aureus,Negative
4820,dbAMP_16333,Enterococcus faecalis,Negative
4821,dbAMP_16333,Staphylococcus aureus,Negative
4822,dbAMP_16346,Bacillus cereus,Negative
4823,dbAMP_16346,Bacillus subtilis,Negative
4824,dbAMP_16364,Escherichia coli,Negative
4825,dbAMP_16364,Pseudomonas aeruginosa,Negative
4826,dbAMP_16375,Acinetobacter baumannii,Negative
4827,dbAMP_16375,Enterobacter cloacae,Negative
4828,dbAMP_16375,Escherichia coli,Negative
4829,dbAMP_16375,Klebsiella pneumoniae,Negative
4830,dbAMP_16375,Pseudomonas aeruginosa,Negative
4831,dbAMP_16375,Staphylococcus aureus,Negative
4832,dbAMP_16376,Enterobacter cloacae,Negative
4833,dbAMP_16376,Escherichia coli,Negative
4834,dbAMP_16376,Klebsiella pneumoniae,Negative
4835,dbAMP_16376,Pseudomonas aeruginosa,Negative
4836,dbAMP_16377,Escherichia coli,Negative
4837,dbAMP_16377,Klebsiella pneumoniae,Negative
4838,dbAMP_16377,Pseudomonas aeruginosa,Negative
4839,dbAMP_16378,Enterobacter cloacae,Negative
4840,dbAMP_16378,Escherichia coli,Negative
4841,dbAMP_16378,Klebsiella pneumoniae,Negative
4842,dbAMP_16378,Staphylococcus aureus,Negative
4843,dbAMP_16379,Enterobacter cloacae,Negative
4844,dbAMP_16379,Klebsiella pneumoniae,Negative
4845,dbAMP_16379,Staphylococcus aureus,Negative
4846,dbAMP_16381,Bacillus subtilis,Negative
4847,dbAMP_16383,Bacillus megaterium,Negative
4848,dbAMP_16383,Escherichia coli,Negative
4849,dbAMP_16386,Pseudomonas aeruginosa,Negative
4850,dbAMP_16386,Staphylococcus epidermidis,Negative
4851,dbAMP_16390,Bacillus subtilis,Negative
4852,dbAMP_16390,Candida albicans,Negative
4853,dbAMP_16390,Escherichia coli,Negative
4854,dbAMP_16390,Pseudomonas aeruginosa,Negative
4855,dbAMP_16397,Staphylococcus aureus,Negative
4856,dbAMP_16398,Bacillus subtilis,Negative
4857,dbAMP_16398,Candida albicans,Negative
4858,dbAMP_16398,Escherichia coli,Negative
4859,dbAMP_16398,Pseudomonas aeruginosa,Negative
4860,dbAMP_16398,Staphylococcus aureus,Negative
4861,dbAMP_16401,Escherichia coli,Negative
4862,dbAMP_16401,Staphylococcus aureus,Negative
4863,dbAMP_16403,Pseudomonas aeruginosa,Negative
4864,dbAMP_16404,Pseudomonas aeruginosa,Negative
4865,dbAMP_16406,Bacillus subtilis,Negative
4866,dbAMP_16406,Candida albicans,Negative
4867,dbAMP_16406,Escherichia coli,Negative
4868,dbAMP_16406,Pseudomonas aeruginosa,Negative
4869,dbAMP_16406,Staphylococcus aureus,Negative
4870,dbAMP_16407,Pseudomonas aeruginosa,Negative
4871,dbAMP_16411,Enterococcus faecalis,Negative
4872,dbAMP_16411,Escherichia coli,Negative
4873,dbAMP_16411,Pseudomonas aeruginosa,Negative
4874,dbAMP_16411,Staphylococcus aureus,Negative
4875,dbAMP_16412,Enterococcus faecalis,Negative
4876,dbAMP_16412,Escherichia coli,Negative
4877,dbAMP_16412,Pseudomonas aeruginosa,Negative
4878,dbAMP_16412,Staphylococcus aureus,Negative
4879,dbAMP_16413,Enterococcus faecalis,Negative
4880,dbAMP_16413,Escherichia coli,Negative
4881,dbAMP_16413,Pseudomonas aeruginosa,Negative
4882,dbAMP_16413,Staphylococcus aureus,Negative
4883,dbAMP_16414,Enterococcus faecalis,Negative
4884,dbAMP_16414,Pseudomonas aeruginosa,Negative
4885,dbAMP_16418,Enterococcus faecalis,Negative
4886,dbAMP_16418,Escherichia coli,Negative
4887,dbAMP_16418,Pseudomonas aeruginosa,Negative
4888,dbAMP_16418,Staphylococcus aureus,Negative
4889,dbAMP_16419,Enterococcus faecalis,Negative
4890,dbAMP_16419,Escherichia coli,Negative
4891,dbAMP_16419,Pseudomonas aeruginosa,Negative
4892,dbAMP_16419,Staphylococcus aureus,Negative
4893,dbAMP_16420,Enterococcus faecalis,Negative
4894,dbAMP_16420,Pseudomonas aeruginosa,Negative
4895,dbAMP_16420,Staphylococcus aureus,Negative
4896,dbAMP_16421,Enterococcus faecalis,Negative
4897,dbAMP_16421,Pseudomonas aeruginosa,Negative
4898,dbAMP_16421,Staphylococcus aureus,Negative
4899,dbAMP_16422,Enterococcus faecalis,Negative
4900,dbAMP_16423,Enterococcus faecalis,Negative
4901,dbAMP_16423,Pseudomonas aeruginosa,Negative
4902,dbAMP_16424,Pseudomonas aeruginosa,Negative
4903,dbAMP_16426,Bacillus subtilis,Negative
4904,dbAMP_16426,Enterococcus faecalis,Negative
4905,dbAMP_16426,Escherichia coli,Negative
4906,dbAMP_16426,Pseudomonas aeruginosa,Negative
4907,dbAMP_16426,Staphylococcus aureus,Negative
4908,dbAMP_16427,Enterococcus faecalis,Negative
4909,dbAMP_16427,Pseudomonas aeruginosa,Negative
4910,dbAMP_16427,Staphylococcus aureus,Negative
4911,dbAMP_16428,Enterococcus faecalis,Negative
4912,dbAMP_16428,Pseudomonas aeruginosa,Negative
4913,dbAMP_16428,Staphylococcus aureus,Negative
4914,dbAMP_16436,Pseudomonas aeruginosa,Negative
4915,dbAMP_16437,Pseudomonas aeruginosa,Negative
4916,dbAMP_16440,Bacillus subtilis,Negative
4917,dbAMP_16440,Escherichia coli,Negative
4918,dbAMP_16440,Pseudomonas aeruginosa,Negative
4919,dbAMP_16441,Escherichia coli,Negative
4920,dbAMP_16449,Staphylococcus aureus,Negative
4921,dbAMP_16453,Escherichia coli,Negative
4922,dbAMP_16472,Bacillus subtilis,Negative
4923,dbAMP_16472,Pseudomonas aeruginosa,Negative
4924,dbAMP_16475,Bacillus subtilis,Negative
4925,dbAMP_16475,Pseudomonas aeruginosa,Negative
4926,dbAMP_16497,Escherichia coli,Negative
4927,dbAMP_16497,Salmonella enterica,Negative
4928,dbAMP_16497,Staphylococcus aureus,Negative
4929,dbAMP_16497,Staphylococcus epidermidis,Negative
4930,dbAMP_16498,Escherichia coli,Negative
4931,dbAMP_16498,Salmonella enterica,Negative
4932,dbAMP_16498,Staphylococcus aureus,Negative
4933,dbAMP_16498,Staphylococcus epidermidis,Negative
4934,dbAMP_16506,Escherichia coli,Negative
4935,dbAMP_16506,Pseudomonas aeruginosa,Negative
4936,dbAMP_16509,Bacillus subtilis,Negative
4937,dbAMP_16509,Staphylococcus aureus,Negative
4938,dbAMP_16509,Staphylococcus epidermidis,Negative
4939,dbAMP_16524,Candida albicans,Negative
4940,dbAMP_16524,Enterococcus faecium,Negative
4941,dbAMP_16524,Escherichia coli,Negative
4942,dbAMP_16524,Pseudomonas aeruginosa,Negative
4943,dbAMP_16542,Acinetobacter baumannii,Negative
4944,dbAMP_16542,Candida albicans,Negative
4945,dbAMP_16542,Candida parapsilosis,Negative
4946,dbAMP_16542,Enterococcus faecalis,Negative
4947,dbAMP_16542,Escherichia coli,Negative
4948,dbAMP_16542,Klebsiella pneumoniae,Negative
4949,dbAMP_16542,Pseudomonas aeruginosa,Negative
4950,dbAMP_16542,Salmonella enterica,Negative
4951,dbAMP_16542,Staphylococcus aureus,Negative
4952,dbAMP_16543,Acinetobacter baumannii,Negative
4953,dbAMP_16543,Candida albicans,Negative
4954,dbAMP_16543,Candida parapsilosis,Negative
4955,dbAMP_16543,Enterococcus faecalis,Negative
4956,dbAMP_16543,Escherichia coli,Negative
4957,dbAMP_16543,Klebsiella pneumoniae,Negative
4958,dbAMP_16543,Pseudomonas aeruginosa,Negative
4959,dbAMP_16543,Salmonella enterica,Negative
4960,dbAMP_16543,Staphylococcus aureus,Negative
4961,dbAMP_16545,Pseudomonas aeruginosa,Negative
4962,dbAMP_16553,Pseudomonas aeruginosa,Negative
4963,dbAMP_16553,Staphylococcus aureus,Negative
4964,dbAMP_16554,Staphylococcus aureus,Negative
4965,dbAMP_16556,Staphylococcus aureus,Negative
4966,dbAMP_16563,Acinetobacter baumannii,Negative
4967,dbAMP_16563,Bacillus cereus,Negative
4968,dbAMP_16563,Staphylococcus aureus,Negative
4969,dbAMP_16563,Staphylococcus epidermidis,Negative
4970,dbAMP_16564,Candida albicans,Negative
4971,dbAMP_16592,Candida albicans,Negative
4972,dbAMP_16592,Escherichia coli,Negative
4973,dbAMP_16592,Staphylococcus aureus,Negative
4974,dbAMP_16608,Escherichia coli,Negative
4975,dbAMP_16608,Pseudomonas aeruginosa,Negative
4976,dbAMP_16611,Bacillus cereus,Negative
4977,dbAMP_16611,Escherichia coli,Negative
4978,dbAMP_16611,Salmonella enterica,Negative
4979,dbAMP_16611,Staphylococcus aureus,Negative
4980,dbAMP_16613,Bacillus cereus,Negative
4981,dbAMP_16613,Escherichia coli,Negative
4982,dbAMP_16613,Salmonella enterica,Negative
4983,dbAMP_16613,Staphylococcus aureus,Negative
4984,dbAMP_16614,Bacillus cereus,Negative
4985,dbAMP_16614,Escherichia coli,Negative
4986,dbAMP_16614,Salmonella enterica,Negative
4987,dbAMP_16614,Staphylococcus aureus,Negative
4988,dbAMP_16615,Bacillus cereus,Negative
4989,dbAMP_16615,Escherichia coli,Negative
4990,dbAMP_16615,Salmonella enterica,Negative
4991,dbAMP_16615,Staphylococcus aureus,Negative
4992,dbAMP_16631,Escherichia coli,Negative
4993,dbAMP_16636,Escherichia coli,Negative
4994,dbAMP_16658,Enterococcus faecium,Negative
4995,dbAMP_16658,Staphylococcus aureus,Negative
4996,dbAMP_16661,Bacillus subtilis,Negative
4997,dbAMP_16661,Candida albicans,Negative
4998,dbAMP_16661,Escherichia coli,Negative
4999,dbAMP_16661,Staphylococcus epidermidis,Negative
5000,dbAMP_16662,Escherichia coli,Negative
5001,dbAMP_16664,Klebsiella pneumoniae,Negative
5002,dbAMP_16664,Pseudomonas aeruginosa,Negative
5003,dbAMP_16664,Staphylococcus aureus,Negative
5004,dbAMP_16664,Staphylococcus epidermidis,Negative
5005,dbAMP_16665,Candida albicans,Negative
5006,dbAMP_16665,Escherichia coli,Negative
5007,dbAMP_16665,Staphylococcus aureus,Negative
5008,dbAMP_16680,Enterococcus faecalis,Negative
5009,dbAMP_16680,Escherichia coli,Negative
5010,dbAMP_16681,Escherichia coli,Negative
5011,dbAMP_16682,Enterococcus faecalis,Negative
5012,dbAMP_16682,Escherichia coli,Negative
5013,dbAMP_16684,Enterococcus faecalis,Negative
5014,dbAMP_16684,Escherichia coli,Negative
5015,dbAMP_16685,Enterococcus faecalis,Negative
5016,dbAMP_16685,Escherichia coli,Negative
5017,dbAMP_16709,Escherichia coli,Negative
5018,dbAMP_16711,Acinetobacter baumannii,Negative
5019,dbAMP_16711,Bacillus cereus,Negative
5020,dbAMP_16711,Bacillus megaterium,Negative
5021,dbAMP_16711,Candida albicans,Negative
5022,dbAMP_16711,Enterococcus faecalis,Negative
5023,dbAMP_16711,Enterococcus faecium,Negative
5024,dbAMP_16711,Escherichia coli,Negative
5025,dbAMP_16711,Pseudomonas aeruginosa,Negative
5026,dbAMP_16711,Staphylococcus aureus,Negative
5027,dbAMP_16714,Enterococcus faecalis,Negative
5028,dbAMP_16716,Acinetobacter baumannii,Negative
5029,dbAMP_16716,Bacillus cereus,Negative
5030,dbAMP_16716,Candida albicans,Negative
5031,dbAMP_16716,Enterococcus faecalis,Negative
5032,dbAMP_16716,Enterococcus faecium,Negative
5033,dbAMP_16716,Staphylococcus epidermidis,Negative
5034,dbAMP_16718,Escherichia coli,Negative
5035,dbAMP_16718,Pseudomonas aeruginosa,Negative
5036,dbAMP_16718,Staphylococcus aureus,Negative
5037,dbAMP_16719,Escherichia coli,Negative
5038,dbAMP_16719,Pseudomonas aeruginosa,Negative
5039,dbAMP_16719,Staphylococcus aureus,Negative
5040,dbAMP_16724,Acinetobacter baumannii,Negative
5041,dbAMP_16724,Pseudomonas aeruginosa,Negative
5042,dbAMP_16727,Klebsiella pneumoniae,Negative
5043,dbAMP_16729,Klebsiella pneumoniae,Negative
5044,dbAMP_16731,Klebsiella pneumoniae,Negative
5045,dbAMP_16733,Escherichia coli,Negative
5046,dbAMP_16733,Salmonella enterica,Negative
5047,dbAMP_16733,Staphylococcus aureus,Negative
5048,dbAMP_16733,Staphylococcus epidermidis,Negative
5049,dbAMP_16744,Candida albicans,Negative
5050,dbAMP_16744,Enterococcus faecalis,Negative
5051,dbAMP_16744,Escherichia coli,Negative
5052,dbAMP_16744,Klebsiella pneumoniae,Negative
5053,dbAMP_16744,Pseudomonas aeruginosa,Negative
5054,dbAMP_16744,Staphylococcus aureus,Negative
5055,dbAMP_16748,Enterococcus faecalis,Negative
5056,dbAMP_16749,Enterococcus faecalis,Negative
5057,dbAMP_16752,Escherichia coli,Negative
5058,dbAMP_16753,Enterococcus faecalis,Negative
5059,dbAMP_16753,Escherichia coli,Negative
5060,dbAMP_16755,Bacillus subtilis,Negative
5061,dbAMP_16755,Enterococcus faecalis,Negative
5062,dbAMP_16755,Enterococcus faecium,Negative
5063,dbAMP_16755,Escherichia coli,Negative
5064,dbAMP_16755,Pseudomonas aeruginosa,Negative
5065,dbAMP_16755,Salmonella enterica,Negative
5066,dbAMP_16755,Staphylococcus aureus,Negative
5067,dbAMP_16755,Staphylococcus epidermidis,Negative
5068,dbAMP_16756,Enterococcus faecalis,Negative
5069,dbAMP_16756,Enterococcus faecium,Negative
5070,dbAMP_16756,Escherichia coli,Negative
5071,dbAMP_16756,Salmonella enterica,Negative
5072,dbAMP_16756,Staphylococcus aureus,Negative
5073,dbAMP_16759,Enterococcus faecalis,Negative
5074,dbAMP_16760,Enterococcus faecalis,Negative
5075,dbAMP_16760,Enterococcus faecium,Negative
5076,dbAMP_16763,Bacillus subtilis,Negative
5077,dbAMP_16763,Escherichia coli,Negative
5078,dbAMP_16763,Pseudomonas aeruginosa,Negative
5079,dbAMP_16763,Salmonella enterica,Negative
5080,dbAMP_16763,Staphylococcus aureus,Negative
5081,dbAMP_16763,Staphylococcus epidermidis,Negative
5082,dbAMP_16764,Bacillus subtilis,Negative
5083,dbAMP_16764,Escherichia coli,Negative
5084,dbAMP_16764,Pseudomonas aeruginosa,Negative
5085,dbAMP_16764,Salmonella enterica,Negative
5086,dbAMP_16764,Staphylococcus aureus,Negative
5087,dbAMP_16764,Staphylococcus epidermidis,Negative
5088,dbAMP_16765,Bacillus subtilis,Negative
5089,dbAMP_16765,Escherichia coli,Negative
5090,dbAMP_16765,Pseudomonas aeruginosa,Negative
5091,dbAMP_16765,Salmonella enterica,Negative
5092,dbAMP_16765,Staphylococcus aureus,Negative
5093,dbAMP_16765,Staphylococcus epidermidis,Negative
5094,dbAMP_16766,Pseudomonas aeruginosa,Negative
5095,dbAMP_16768,Candida albicans,Negative
5096,dbAMP_16768,Pseudomonas aeruginosa,Negative
5097,dbAMP_16770,Pseudomonas aeruginosa,Negative
5098,dbAMP_16772,Salmonella enterica,Negative
5099,dbAMP_16773,Salmonella enterica,Negative
5100,dbAMP_16785,Pseudomonas aeruginosa,Negative
5101,dbAMP_16785,Staphylococcus aureus,Negative
5102,dbAMP_16802,Bacillus cereus,Negative
5103,dbAMP_16802,Escherichia coli,Negative
5104,dbAMP_16802,Pseudomonas aeruginosa,Negative
5105,dbAMP_16804,Bacillus cereus,Negative
5106,dbAMP_16804,Pseudomonas aeruginosa,Negative
5107,dbAMP_16813,Staphylococcus aureus,Negative
5108,dbAMP_16816,Pseudomonas aeruginosa,Negative
5109,dbAMP_16862,Micrococcus luteus,Negative
5110,dbAMP_16868,Bacillus cereus,Negative
5111,dbAMP_16868,Escherichia coli,Negative
5112,dbAMP_16868,Klebsiella pneumoniae,Negative
5113,dbAMP_16868,Pseudomonas aeruginosa,Negative
5114,dbAMP_16868,Salmonella enterica,Negative
5115,dbAMP_16868,Staphylococcus aureus,Negative
5116,dbAMP_16869,Bacillus cereus,Negative
5117,dbAMP_16869,Escherichia coli,Negative
5118,dbAMP_16869,Klebsiella pneumoniae,Negative
5119,dbAMP_16869,Pseudomonas aeruginosa,Negative
5120,dbAMP_16869,Salmonella enterica,Negative
5121,dbAMP_16869,Staphylococcus aureus,Negative
5122,dbAMP_16870,Bacillus cereus,Negative
5123,dbAMP_16870,Escherichia coli,Negative
5124,dbAMP_16870,Klebsiella pneumoniae,Negative
5125,dbAMP_16870,Pseudomonas aeruginosa,Negative
5126,dbAMP_16870,Salmonella enterica,Negative
5127,dbAMP_16870,Staphylococcus aureus,Negative
5128,dbAMP_16876,Escherichia coli,Negative
5129,dbAMP_16876,Klebsiella pneumoniae,Negative
5130,dbAMP_16876,Pseudomonas aeruginosa,Negative
5131,dbAMP_16876,Staphylococcus aureus,Negative
5132,dbAMP_16878,Escherichia coli,Negative
5133,dbAMP_16878,Klebsiella pneumoniae,Negative
5134,dbAMP_16878,Pseudomonas aeruginosa,Negative
5135,dbAMP_16878,Staphylococcus aureus,Negative
5136,dbAMP_16879,Escherichia coli,Negative
5137,dbAMP_16879,Klebsiella pneumoniae,Negative
5138,dbAMP_16879,Pseudomonas aeruginosa,Negative
5139,dbAMP_16879,Staphylococcus aureus,Negative
5140,dbAMP_16880,Klebsiella pneumoniae,Negative
5141,dbAMP_16880,Staphylococcus aureus,Negative
5142,dbAMP_16881,Klebsiella pneumoniae,Negative
5143,dbAMP_16881,Pseudomonas aeruginosa,Negative
5144,dbAMP_16881,Staphylococcus aureus,Negative
5145,dbAMP_16882,Klebsiella pneumoniae,Negative
5146,dbAMP_16884,Pseudomonas aeruginosa,Negative
5147,dbAMP_16885,Candida albicans,Negative
5148,dbAMP_16885,Enterococcus faecalis,Negative
5149,dbAMP_16885,Escherichia coli,Negative
5150,dbAMP_16885,Klebsiella pneumoniae,Negative
5151,dbAMP_16885,Pseudomonas aeruginosa,Negative
5152,dbAMP_16885,Staphylococcus aureus,Negative
5153,dbAMP_16892,Bacillus subtilis,Negative
5154,dbAMP_16892,Candida albicans,Negative
5155,dbAMP_16892,Salmonella enterica,Negative
5156,dbAMP_16893,Bacillus subtilis,Negative
5157,dbAMP_16893,Enterobacter cloacae,Negative
5158,dbAMP_16893,Pseudomonas aeruginosa,Negative
5159,dbAMP_16893,Salmonella enterica,Negative
5160,dbAMP_16902,Escherichia coli,Negative
5161,dbAMP_16907,Enterococcus faecalis,Negative
5162,dbAMP_16907,Escherichia coli,Negative
5163,dbAMP_16907,Klebsiella pneumoniae,Negative
5164,dbAMP_16907,Listeria monocytogenes,Negative
5165,dbAMP_16907,Pseudomonas aeruginosa,Negative
5166,dbAMP_16907,Salmonella enterica,Negative
5167,dbAMP_16907,Staphylococcus aureus,Negative
5168,dbAMP_16908,Klebsiella pneumoniae,Negative
5169,dbAMP_16909,Enterococcus faecalis,Negative
5170,dbAMP_16909,Escherichia coli,Negative
5171,dbAMP_16909,Klebsiella pneumoniae,Negative
5172,dbAMP_16909,Listeria monocytogenes,Negative
5173,dbAMP_16909,Pseudomonas aeruginosa,Negative
5174,dbAMP_16909,Staphylococcus aureus,Negative
5175,dbAMP_16910,Enterococcus faecalis,Negative
5176,dbAMP_16910,Escherichia coli,Negative
5177,dbAMP_16910,Klebsiella pneumoniae,Negative
5178,dbAMP_16910,Listeria monocytogenes,Negative
5179,dbAMP_16910,Salmonella enterica,Negative
5180,dbAMP_16911,Enterococcus faecalis,Negative
5181,dbAMP_16911,Escherichia coli,Negative
5182,dbAMP_16911,Listeria monocytogenes,Negative
5183,dbAMP_16911,Salmonella enterica,Negative
5184,dbAMP_16912,Acinetobacter baumannii,Negative
5185,dbAMP_16912,Escherichia coli,Negative
5186,dbAMP_16912,Klebsiella pneumoniae,Negative
5187,dbAMP_16912,Pseudomonas aeruginosa,Negative
5188,dbAMP_16912,Staphylococcus aureus,Negative
5189,dbAMP_16913,Enterococcus faecalis,Negative
5190,dbAMP_16913,Klebsiella pneumoniae,Negative
5191,dbAMP_16913,Listeria monocytogenes,Negative
5192,dbAMP_16913,Salmonella enterica,Negative
5193,dbAMP_16915,Candida parapsilosis,Negative
5194,dbAMP_16915,Enterobacter cloacae,Negative
5195,dbAMP_16915,Pseudomonas aeruginosa,Negative
5196,dbAMP_16915,Salmonella enterica,Negative
5197,dbAMP_16915,Staphylococcus aureus,Negative
5198,dbAMP_16915,Staphylococcus epidermidis,Negative
5199,dbAMP_16917,Candida parapsilosis,Negative
5200,dbAMP_16917,Enterobacter cloacae,Negative
5201,dbAMP_16917,Escherichia coli,Negative
5202,dbAMP_16917,Klebsiella pneumoniae,Negative
5203,dbAMP_16917,Pseudomonas aeruginosa,Negative
5204,dbAMP_16917,Salmonella enterica,Negative
5205,dbAMP_16917,Staphylococcus aureus,Negative
5206,dbAMP_16917,Staphylococcus epidermidis,Negative
5207,dbAMP_16921,Escherichia coli,Negative
5208,dbAMP_16925,Pseudomonas aeruginosa,Negative
5209,dbAMP_16925,Staphylococcus aureus,Negative
5210,dbAMP_16930,Staphylococcus aureus,Negative
5211,dbAMP_16931,Bacillus subtilis,Negative
5212,dbAMP_16931,Escherichia coli,Negative
5213,dbAMP_16931,Micrococcus luteus,Negative
5214,dbAMP_16931,Pseudomonas aeruginosa,Negative
5215,dbAMP_16931,Staphylococcus aureus,Negative
5216,dbAMP_16958,Escherichia coli,Negative
5217,dbAMP_16958,Pseudomonas aeruginosa,Negative
5218,dbAMP_16958,Staphylococcus aureus,Negative
5219,dbAMP_16971,Escherichia coli,Negative
5220,dbAMP_16971,Pseudomonas aeruginosa,Negative
5221,dbAMP_16971,Staphylococcus aureus,Negative
5222,dbAMP_16972,Escherichia coli,Negative
5223,dbAMP_16972,Pseudomonas aeruginosa,Negative
5224,dbAMP_16972,Staphylococcus aureus,Negative
5225,dbAMP_16976,Acinetobacter baumannii,Negative
5226,dbAMP_16976,Candida albicans,Negative
5227,dbAMP_16976,Enterobacter cloacae,Negative
5228,dbAMP_16976,Enterococcus faecalis,Negative
5229,dbAMP_16976,Escherichia coli,Negative
5230,dbAMP_16976,Pseudomonas aeruginosa,Negative
5231,dbAMP_16976,Staphylococcus aureus,Negative
5232,dbAMP_16987,Bacillus subtilis,Negative
5233,dbAMP_16987,Escherichia coli,Negative
5234,dbAMP_16989,Bacillus subtilis,Negative
5235,dbAMP_16989,Escherichia coli,Negative
5236,dbAMP_16991,Bacillus subtilis,Negative
5237,dbAMP_16991,Escherichia coli,Negative
5238,dbAMP_16992,Bacillus subtilis,Negative
5239,dbAMP_16992,Escherichia coli,Negative
5240,dbAMP_16993,Bacillus subtilis,Negative
5241,dbAMP_16993,Escherichia coli,Negative
5242,dbAMP_16994,Escherichia coli,Negative
5243,dbAMP_16995,Bacillus subtilis,Negative
5244,dbAMP_16995,Escherichia coli,Negative
5245,dbAMP_16996,Bacillus subtilis,Negative
5246,dbAMP_16996,Escherichia coli,Negative
5247,dbAMP_17014,Candida albicans,Negative
5248,dbAMP_17014,Escherichia coli,Negative
5249,dbAMP_17014,Staphylococcus aureus,Negative
5250,dbAMP_17016,Escherichia coli,Negative
5251,dbAMP_17017,Pseudomonas aeruginosa,Negative
5252,dbAMP_17022,Escherichia coli,Negative
5253,dbAMP_17022,Klebsiella pneumoniae,Negative
5254,dbAMP_17022,Listeria monocytogenes,Negative
5255,dbAMP_17022,Salmonella enterica,Negative
5256,dbAMP_17022,Staphylococcus aureus,Negative
5257,dbAMP_17023,Escherichia coli,Negative
5258,dbAMP_17023,Klebsiella pneumoniae,Negative
5259,dbAMP_17023,Listeria monocytogenes,Negative
5260,dbAMP_17023,Pseudomonas aeruginosa,Negative
5261,dbAMP_17023,Salmonella enterica,Negative
5262,dbAMP_17023,Staphylococcus aureus,Negative
5263,dbAMP_17027,Escherichia coli,Negative
5264,dbAMP_17027,Klebsiella pneumoniae,Negative
5265,dbAMP_17027,Salmonella enterica,Negative
5266,dbAMP_17027,Staphylococcus aureus,Negative
5267,dbAMP_17034,Escherichia coli,Negative
5268,dbAMP_17043,Escherichia coli,Negative
5269,dbAMP_17043,Klebsiella pneumoniae,Negative
5270,dbAMP_17043,Salmonella enterica,Negative
5271,dbAMP_17043,Staphylococcus aureus,Negative
5272,dbAMP_17045,Escherichia coli,Negative
5273,dbAMP_17045,Klebsiella pneumoniae,Negative
5274,dbAMP_17045,Salmonella enterica,Negative
5275,dbAMP_17045,Staphylococcus aureus,Negative
5276,dbAMP_17046,Staphylococcus aureus,Negative
5277,dbAMP_17047,Staphylococcus aureus,Negative
5278,dbAMP_17049,Pseudomonas aeruginosa,Negative
5279,dbAMP_17049,Staphylococcus aureus,Negative
5280,dbAMP_17059,Escherichia coli,Negative
5281,dbAMP_17059,Klebsiella pneumoniae,Negative
5282,dbAMP_17059,Salmonella enterica,Negative
5283,dbAMP_17059,Staphylococcus aureus,Negative
5284,dbAMP_17061,Bacillus subtilis,Negative
5285,dbAMP_17061,Enterococcus faecalis,Negative
5286,dbAMP_17061,Pseudomonas aeruginosa,Negative
5287,dbAMP_17061,Staphylococcus aureus,Negative
5288,dbAMP_17061,Staphylococcus epidermidis,Negative
5289,dbAMP_17066,Escherichia coli,Negative
5290,dbAMP_17066,Klebsiella pneumoniae,Negative
5291,dbAMP_17066,Salmonella enterica,Negative
5292,dbAMP_17066,Staphylococcus aureus,Negative
5293,dbAMP_17067,Enterococcus faecium,Negative
5294,dbAMP_17067,Staphylococcus aureus,Negative
5295,dbAMP_17070,Escherichia coli,Negative
5296,dbAMP_17083,Escherichia coli,Negative
5297,dbAMP_17083,Klebsiella pneumoniae,Negative
5298,dbAMP_17083,Salmonella enterica,Negative
5299,dbAMP_17083,Staphylococcus aureus,Negative
5300,dbAMP_17092,Escherichia coli,Negative
5301,dbAMP_17092,Pseudomonas aeruginosa,Negative
5302,dbAMP_17092,Staphylococcus aureus,Negative
5303,dbAMP_17095,Candida albicans,Negative
5304,dbAMP_17095,Escherichia coli,Negative
5305,dbAMP_17095,Staphylococcus aureus,Negative
5306,dbAMP_17099,Enterobacter cloacae,Negative
5307,dbAMP_17099,Escherichia coli,Negative
5308,dbAMP_17099,Salmonella enterica,Negative
5309,dbAMP_17100,Enterobacter cloacae,Negative
5310,dbAMP_17100,Escherichia coli,Negative
5311,dbAMP_17100,Salmonella enterica,Negative
5312,dbAMP_17105,Acinetobacter baumannii,Negative
5313,dbAMP_17105,Escherichia coli,Negative
5314,dbAMP_17105,Klebsiella pneumoniae,Negative
5315,dbAMP_17105,Pseudomonas aeruginosa,Negative
5316,dbAMP_17105,Staphylococcus aureus,Negative
5317,dbAMP_17110,Enterococcus faecalis,Negative
5318,dbAMP_17112,Enterococcus faecalis,Negative
5319,dbAMP_17116,Bacillus cereus,Negative
5320,dbAMP_17116,Escherichia coli,Negative
5321,dbAMP_17117,Bacillus subtilis,Negative
5322,dbAMP_17117,Candida albicans,Negative
5323,dbAMP_17117,Cryptococcus neoformans,Negative
5324,dbAMP_17118,Bacillus cereus,Negative
5325,dbAMP_17121,Bacillus cereus,Negative
5326,dbAMP_17121,Escherichia coli,Negative
5327,dbAMP_17121,Pseudomonas aeruginosa,Negative
5328,dbAMP_17123,Candida albicans,Negative
5329,dbAMP_17123,Cryptococcus neoformans,Negative
5330,dbAMP_17125,Bacillus cereus,Negative
5331,dbAMP_17127,Bacillus cereus,Negative
5332,dbAMP_17128,Bacillus cereus,Negative
5333,dbAMP_17138,Bacillus subtilis,Negative
5334,dbAMP_17138,Klebsiella pneumoniae,Negative
5335,dbAMP_17138,Pseudomonas aeruginosa,Negative
5336,dbAMP_17180,Candida albicans,Negative
5337,dbAMP_17182,Candida albicans,Negative
5338,dbAMP_17183,Candida albicans,Negative
5339,dbAMP_17189,Candida albicans,Negative
5340,dbAMP_17189,Cryptococcus neoformans,Negative
5341,dbAMP_17189,Escherichia coli,Negative
5342,dbAMP_17189,Pseudomonas aeruginosa,Negative
5343,dbAMP_17189,Staphylococcus aureus,Negative
5344,dbAMP_17189,Staphylococcus epidermidis,Negative
5345,dbAMP_17191,Candida albicans,Negative
5346,dbAMP_17191,Cryptococcus neoformans,Negative
5347,dbAMP_17191,Escherichia coli,Negative
5348,dbAMP_17191,Pseudomonas aeruginosa,Negative
5349,dbAMP_17191,Staphylococcus aureus,Negative
5350,dbAMP_17191,Staphylococcus epidermidis,Negative
5351,dbAMP_17198,Escherichia coli,Negative
5352,dbAMP_17198,Klebsiella pneumoniae,Negative
5353,dbAMP_17198,Salmonella enterica,Negative
5354,dbAMP_17198,Staphylococcus aureus,Negative
5355,dbAMP_17202,Candida albicans,Negative
5356,dbAMP_17202,Escherichia coli,Negative
5357,dbAMP_17202,Staphylococcus aureus,Negative
5358,dbAMP_17205,Escherichia coli,Negative
5359,dbAMP_17206,Escherichia coli,Negative
5360,dbAMP_17206,Staphylococcus aureus,Negative
5361,dbAMP_17207,Escherichia coli,Negative
5362,dbAMP_17207,Staphylococcus aureus,Negative
5363,dbAMP_17208,Staphylococcus aureus,Negative
5364,dbAMP_17209,Bacillus cereus,Negative
5365,dbAMP_17209,Escherichia coli,Negative
5366,dbAMP_17209,Staphylococcus epidermidis,Negative
5367,dbAMP_17210,Candida albicans,Negative
5368,dbAMP_17210,Pseudomonas aeruginosa,Negative
5369,dbAMP_17217,Escherichia coli,Negative
5370,dbAMP_17217,Pseudomonas aeruginosa,Negative
5371,dbAMP_17217,Staphylococcus aureus,Negative
5372,dbAMP_17218,Escherichia coli,Negative
5373,dbAMP_17218,Pseudomonas aeruginosa,Negative
5374,dbAMP_17218,Staphylococcus aureus,Negative
5375,dbAMP_17225,Bacillus subtilis,Negative
5376,dbAMP_17290,Enterococcus faecalis,Negative
5377,dbAMP_17317,Staphylococcus aureus,Negative
5378,dbAMP_17318,Escherichia coli,Negative
5379,dbAMP_17318,Staphylococcus aureus,Negative
5380,dbAMP_17319,Escherichia coli,Negative
5381,dbAMP_17319,Staphylococcus aureus,Negative
5382,dbAMP_17320,Escherichia coli,Negative
5383,dbAMP_17320,Staphylococcus aureus,Negative
5384,dbAMP_17323,Escherichia coli,Negative
5385,dbAMP_17323,Staphylococcus aureus,Negative
5386,dbAMP_17324,Staphylococcus aureus,Negative
5387,dbAMP_17325,Staphylococcus aureus,Negative
5388,dbAMP_17327,Bacillus cereus,Negative
5389,dbAMP_17329,Candida albicans,Negative
5390,dbAMP_17329,Escherichia coli,Negative
5391,dbAMP_17329,Staphylococcus epidermidis,Negative
5392,dbAMP_17330,Candida albicans,Negative
5393,dbAMP_17330,Escherichia coli,Negative
5394,dbAMP_17330,Staphylococcus epidermidis,Negative
5395,dbAMP_17331,Candida albicans,Negative
5396,dbAMP_17331,Escherichia coli,Negative
5397,dbAMP_17331,Staphylococcus epidermidis,Negative
5398,dbAMP_17333,Bacillus cereus,Negative
5399,dbAMP_17333,Enterococcus faecalis,Negative
5400,dbAMP_17333,Escherichia coli,Negative
5401,dbAMP_17333,Pseudomonas aeruginosa,Negative
5402,dbAMP_17333,Staphylococcus aureus,Negative
5403,dbAMP_17340,Listeria monocytogenes,Negative
5404,dbAMP_17340,Staphylococcus aureus,Negative
5405,dbAMP_17341,Listeria monocytogenes,Negative
5406,dbAMP_17341,Staphylococcus aureus,Negative
5407,dbAMP_17342,Escherichia coli,Negative
5408,dbAMP_17342,Pseudomonas aeruginosa,Negative
5409,dbAMP_17343,Bacillus subtilis,Negative
5410,dbAMP_17347,Salmonella enterica,Negative
5411,dbAMP_17348,Escherichia coli,Negative
5412,dbAMP_17348,Klebsiella pneumoniae,Negative
5413,dbAMP_17348,Staphylococcus aureus,Negative
5414,dbAMP_17354,Klebsiella pneumoniae,Negative
5415,dbAMP_17354,Staphylococcus aureus,Negative
5416,dbAMP_17366,Candida albicans,Negative
5417,dbAMP_17366,Candida parapsilosis,Negative
5418,dbAMP_17369,Candida albicans,Negative
5419,dbAMP_17369,Candida parapsilosis,Negative
5420,dbAMP_17370,Candida albicans,Negative
5421,dbAMP_17370,Candida parapsilosis,Negative
5422,dbAMP_17371,Candida albicans,Negative
5423,dbAMP_17371,Candida parapsilosis,Negative
5424,dbAMP_17372,Candida albicans,Negative
5425,dbAMP_17372,Candida parapsilosis,Negative
5426,dbAMP_17373,Candida albicans,Negative
5427,dbAMP_17373,Candida parapsilosis,Negative
5428,dbAMP_17376,Bacillus subtilis,Negative
5429,dbAMP_17376,Enterococcus faecalis,Negative
5430,dbAMP_17376,Escherichia coli,Negative
5431,dbAMP_17376,Pseudomonas aeruginosa,Negative
5432,dbAMP_17376,Staphylococcus aureus,Negative
5433,dbAMP_17376,Staphylococcus epidermidis,Negative
5434,dbAMP_17377,Bacillus subtilis,Negative
5435,dbAMP_17377,Enterococcus faecalis,Negative
5436,dbAMP_17377,Staphylococcus epidermidis,Negative
5437,dbAMP_17383,Bacillus megaterium,Negative
5438,dbAMP_17383,Bacillus subtilis,Negative
5439,dbAMP_17385,Staphylococcus aureus,Negative
5440,dbAMP_17386,Staphylococcus aureus,Negative
5441,dbAMP_17387,Staphylococcus aureus,Negative
5442,dbAMP_17391,Staphylococcus aureus,Negative
5443,dbAMP_17414,Staphylococcus aureus,Negative
5444,dbAMP_17415,Staphylococcus aureus,Negative
5445,dbAMP_17436,Candida albicans,Negative
5446,dbAMP_17436,Escherichia coli,Negative
5447,dbAMP_17436,Micrococcus luteus,Negative
5448,dbAMP_17436,Pseudomonas aeruginosa,Negative
5449,dbAMP_17436,Staphylococcus aureus,Negative
5450,dbAMP_17439,Staphylococcus aureus,Negative
5451,dbAMP_17443,Escherichia coli,Negative
5452,dbAMP_17443,Staphylococcus aureus,Negative
5453,dbAMP_17447,Escherichia coli,Negative
5454,dbAMP_17447,Pseudomonas aeruginosa,Negative
5455,dbAMP_17447,Staphylococcus aureus,Negative
5456,dbAMP_17457,Staphylococcus aureus,Negative
5457,dbAMP_17479,Staphylococcus aureus,Negative
5458,dbAMP_17483,Escherichia coli,Negative
5459,dbAMP_17483,Pseudomonas aeruginosa,Negative
5460,dbAMP_17483,Staphylococcus aureus,Negative
5461,dbAMP_17494,Staphylococcus aureus,Negative
5462,dbAMP_17505,Staphylococcus aureus,Negative
5463,dbAMP_17514,Escherichia coli,Negative
5464,dbAMP_17514,Pseudomonas aeruginosa,Negative
5465,dbAMP_17514,Staphylococcus aureus,Negative
5466,dbAMP_17515,Staphylococcus aureus,Negative
5467,dbAMP_17519,Enterococcus faecalis,Negative
5468,dbAMP_17520,Enterococcus faecalis,Negative
5469,dbAMP_17521,Enterococcus faecalis,Negative
5470,dbAMP_17521,Escherichia coli,Negative
5471,dbAMP_17521,Klebsiella pneumoniae,Negative
5472,dbAMP_17521,Pseudomonas aeruginosa,Negative
5473,dbAMP_17521,Staphylococcus aureus,Negative
5474,dbAMP_17523,Pseudomonas aeruginosa,Negative
5475,dbAMP_17523,Staphylococcus aureus,Negative
5476,dbAMP_17526,Klebsiella pneumoniae,Negative
5477,dbAMP_17526,Staphylococcus aureus,Negative
5478,dbAMP_17528,Acinetobacter baumannii,Negative
5479,dbAMP_17528,Candida albicans,Negative
5480,dbAMP_17528,Enterococcus faecium,Negative
5481,dbAMP_17528,Escherichia coli,Negative
5482,dbAMP_17528,Klebsiella pneumoniae,Negative
5483,dbAMP_17528,Listeria monocytogenes,Negative
5484,dbAMP_17528,Pseudomonas aeruginosa,Negative
5485,dbAMP_17528,Staphylococcus aureus,Negative
5486,dbAMP_17528,Staphylococcus epidermidis,Negative
5487,dbAMP_17539,Staphylococcus aureus,Negative
5488,dbAMP_17542,Staphylococcus aureus,Negative
5489,dbAMP_17543,Staphylococcus aureus,Negative
5490,dbAMP_17546,Pseudomonas aeruginosa,Negative
5491,dbAMP_17552,Staphylococcus aureus,Negative
5492,dbAMP_17554,Enterococcus faecalis,Negative
5493,dbAMP_17554,Salmonella enterica,Negative
5494,dbAMP_17554,Staphylococcus aureus,Negative
5495,dbAMP_17557,Staphylococcus aureus,Negative
5496,dbAMP_17568,Candida albicans,Negative
5497,dbAMP_17568,Enterococcus faecalis,Negative
5498,dbAMP_17568,Escherichia coli,Negative
5499,dbAMP_17568,Klebsiella pneumoniae,Negative
5500,dbAMP_17568,Staphylococcus aureus,Negative
5501,dbAMP_17569,Candida albicans,Negative
5502,dbAMP_17569,Enterococcus faecalis,Negative
5503,dbAMP_17569,Klebsiella pneumoniae,Negative
5504,dbAMP_17569,Pseudomonas aeruginosa,Negative
5505,dbAMP_17572,Candida albicans,Negative
5506,dbAMP_17577,Candida albicans,Negative
5507,dbAMP_17585,Escherichia coli,Negative
5508,dbAMP_17585,Pseudomonas aeruginosa,Negative
5509,dbAMP_17585,Staphylococcus aureus,Negative
5510,dbAMP_17593,Enterobacter cloacae,Negative
5511,dbAMP_17593,Enterococcus faecalis,Negative
5512,dbAMP_17593,Escherichia coli,Negative
5513,dbAMP_17593,Pseudomonas aeruginosa,Negative
5514,dbAMP_17593,Staphylococcus aureus,Negative
5515,dbAMP_17594,Enterobacter cloacae,Negative
5516,dbAMP_17594,Enterococcus faecalis,Negative
5517,dbAMP_17594,Staphylococcus aureus,Negative
5518,dbAMP_17636,Escherichia coli,Negative
5519,dbAMP_17637,Bacillus subtilis,Negative
5520,dbAMP_17637,Pseudomonas aeruginosa,Negative
5521,dbAMP_17639,Bacillus subtilis,Negative
5522,dbAMP_17639,Pseudomonas aeruginosa,Negative
5523,dbAMP_17640,Pseudomonas aeruginosa,Negative
5524,dbAMP_17642,Pseudomonas aeruginosa,Negative
5525,dbAMP_17643,Pseudomonas aeruginosa,Negative
5526,dbAMP_17645,Pseudomonas aeruginosa,Negative
5527,dbAMP_17646,Pseudomonas aeruginosa,Negative
5528,dbAMP_17647,Pseudomonas aeruginosa,Negative
5529,dbAMP_17648,Pseudomonas aeruginosa,Negative
5530,dbAMP_17649,Pseudomonas aeruginosa,Negative
5531,dbAMP_17650,Pseudomonas aeruginosa,Negative
5532,dbAMP_17653,Pseudomonas aeruginosa,Negative
5533,dbAMP_17653,Staphylococcus aureus,Negative
5534,dbAMP_17657,Pseudomonas aeruginosa,Negative
5535,dbAMP_17658,Pseudomonas aeruginosa,Negative
5536,dbAMP_17662,Pseudomonas aeruginosa,Negative
5537,dbAMP_17663,Pseudomonas aeruginosa,Negative
5538,dbAMP_17669,Pseudomonas aeruginosa,Negative
5539,dbAMP_17671,Pseudomonas aeruginosa,Negative
5540,dbAMP_17673,Pseudomonas aeruginosa,Negative
5541,dbAMP_17674,Pseudomonas aeruginosa,Negative
5542,dbAMP_17676,Pseudomonas aeruginosa,Negative
5543,dbAMP_17681,Pseudomonas aeruginosa,Negative
5544,dbAMP_17682,Pseudomonas aeruginosa,Negative
5545,dbAMP_17684,Pseudomonas aeruginosa,Negative
5546,dbAMP_17688,Pseudomonas aeruginosa,Negative
5547,dbAMP_17690,Pseudomonas aeruginosa,Negative
5548,dbAMP_17692,Pseudomonas aeruginosa,Negative
5549,dbAMP_17697,Pseudomonas aeruginosa,Negative
5550,dbAMP_17698,Pseudomonas aeruginosa,Negative
5551,dbAMP_17724,Staphylococcus aureus,Negative
5552,dbAMP_17725,Escherichia coli,Negative
5553,dbAMP_17725,Staphylococcus aureus,Negative
5554,dbAMP_17729,Candida albicans,Negative
5555,dbAMP_17729,Cryptococcus neoformans,Negative
5556,dbAMP_17729,Micrococcus luteus,Negative
5557,dbAMP_17756,Candida albicans,Negative
5558,dbAMP_17756,Candida parapsilosis,Negative
5559,dbAMP_17757,Candida albicans,Negative
5560,dbAMP_17757,Candida parapsilosis,Negative
5561,dbAMP_17758,Candida albicans,Negative
5562,dbAMP_17762,Enterococcus faecalis,Negative
5563,dbAMP_17762,Escherichia coli,Negative
5564,dbAMP_17762,Klebsiella pneumoniae,Negative
5565,dbAMP_17762,Pseudomonas aeruginosa,Negative
5566,dbAMP_17762,Staphylococcus aureus,Negative
5567,dbAMP_17765,Candida albicans,Negative
5568,dbAMP_17765,Enterococcus faecalis,Negative
5569,dbAMP_17765,Escherichia coli,Negative
5570,dbAMP_17765,Pseudomonas aeruginosa,Negative
5571,dbAMP_17765,Staphylococcus aureus,Negative
5572,dbAMP_17766,Bacillus subtilis,Negative
5573,dbAMP_17766,Enterococcus faecalis,Negative
5574,dbAMP_17766,Escherichia coli,Negative
5575,dbAMP_17766,Klebsiella pneumoniae,Negative
5576,dbAMP_17766,Pseudomonas aeruginosa,Negative
5577,dbAMP_17766,Salmonella enterica,Negative
5578,dbAMP_17766,Staphylococcus aureus,Negative
5579,dbAMP_17767,Bacillus subtilis,Negative
5580,dbAMP_17767,Enterococcus faecalis,Negative
5581,dbAMP_17767,Escherichia coli,Negative
5582,dbAMP_17767,Klebsiella pneumoniae,Negative
5583,dbAMP_17767,Pseudomonas aeruginosa,Negative
5584,dbAMP_17767,Salmonella enterica,Negative
5585,dbAMP_17767,Staphylococcus aureus,Negative
5586,dbAMP_17768,Bacillus subtilis,Negative
5587,dbAMP_17768,Enterococcus faecalis,Negative
5588,dbAMP_17768,Escherichia coli,Negative
5589,dbAMP_17768,Klebsiella pneumoniae,Negative
5590,dbAMP_17768,Pseudomonas aeruginosa,Negative
5591,dbAMP_17768,Salmonella enterica,Negative
5592,dbAMP_17768,Staphylococcus aureus,Negative
5593,dbAMP_17769,Bacillus subtilis,Negative
5594,dbAMP_17769,Enterococcus faecalis,Negative
5595,dbAMP_17769,Escherichia coli,Negative
5596,dbAMP_17769,Klebsiella pneumoniae,Negative
5597,dbAMP_17769,Pseudomonas aeruginosa,Negative
5598,dbAMP_17769,Salmonella enterica,Negative
5599,dbAMP_17769,Staphylococcus aureus,Negative
5600,dbAMP_17770,Bacillus subtilis,Negative
5601,dbAMP_17770,Enterococcus faecalis,Negative
5602,dbAMP_17770,Escherichia coli,Negative
5603,dbAMP_17770,Klebsiella pneumoniae,Negative
5604,dbAMP_17770,Pseudomonas aeruginosa,Negative
5605,dbAMP_17770,Salmonella enterica,Negative
5606,dbAMP_17770,Staphylococcus aureus,Negative
5607,dbAMP_17771,Bacillus subtilis,Negative
5608,dbAMP_17771,Enterococcus faecalis,Negative
5609,dbAMP_17771,Klebsiella pneumoniae,Negative
5610,dbAMP_17771,Pseudomonas aeruginosa,Negative
5611,dbAMP_17771,Salmonella enterica,Negative
5612,dbAMP_17771,Staphylococcus aureus,Negative
5613,dbAMP_17779,Staphylococcus epidermidis,Negative
5614,dbAMP_17780,Bacillus subtilis,Negative
5615,dbAMP_17780,Enterococcus faecalis,Negative
5616,dbAMP_17780,Klebsiella pneumoniae,Negative
5617,dbAMP_17780,Pseudomonas aeruginosa,Negative
5618,dbAMP_17780,Salmonella enterica,Negative
5619,dbAMP_17780,Staphylococcus aureus,Negative
5620,dbAMP_17783,Bacillus subtilis,Negative
5621,dbAMP_17783,Escherichia coli,Negative
5622,dbAMP_17783,Klebsiella pneumoniae,Negative
5623,dbAMP_17783,Pseudomonas aeruginosa,Negative
5624,dbAMP_17783,Salmonella enterica,Negative
5625,dbAMP_17785,Escherichia coli,Negative
5626,dbAMP_17785,Klebsiella pneumoniae,Negative
5627,dbAMP_17785,Staphylococcus aureus,Negative
5628,dbAMP_17796,Candida albicans,Negative
5629,dbAMP_17796,Escherichia coli,Negative
5630,dbAMP_17796,Staphylococcus aureus,Negative
5631,dbAMP_17799,Acinetobacter baumannii,Negative
5632,dbAMP_17799,Enterococcus faecalis,Negative
5633,dbAMP_17799,Escherichia coli,Negative
5634,dbAMP_17801,Escherichia coli,Negative
5635,dbAMP_17801,Staphylococcus aureus,Negative
5636,dbAMP_17802,Acinetobacter baumannii,Negative
5637,dbAMP_17802,Enterococcus faecalis,Negative
5638,dbAMP_17802,Escherichia coli,Negative
5639,dbAMP_17803,Escherichia coli,Negative
5640,dbAMP_17810,Acinetobacter baumannii,Negative
5641,dbAMP_17810,Escherichia coli,Negative
5642,dbAMP_17810,Pseudomonas aeruginosa,Negative
5643,dbAMP_17810,Staphylococcus aureus,Negative
5644,dbAMP_17814,Escherichia coli,Negative
5645,dbAMP_17815,Bacillus cereus,Negative
5646,dbAMP_17815,Staphylococcus aureus,Negative
5647,dbAMP_17838,Staphylococcus aureus,Negative
5648,dbAMP_17839,Staphylococcus aureus,Negative
5649,dbAMP_17845,Staphylococcus aureus,Negative
5650,dbAMP_17852,Pseudomonas aeruginosa,Negative
5651,dbAMP_17852,Staphylococcus epidermidis,Negative
5652,dbAMP_17859,Candida albicans,Negative
5653,dbAMP_17859,Escherichia coli,Negative
5654,dbAMP_17859,Pseudomonas aeruginosa,Negative
5655,dbAMP_17859,Staphylococcus aureus,Negative
5656,dbAMP_17860,Escherichia coli,Negative
5657,dbAMP_17861,Escherichia coli,Negative
5658,dbAMP_17862,Bacillus subtilis,Negative
5659,dbAMP_17862,Pseudomonas aeruginosa,Negative
5660,dbAMP_17862,Staphylococcus aureus,Negative
5661,dbAMP_17863,Escherichia coli,Negative
5662,dbAMP_17863,Staphylococcus aureus,Negative
5663,dbAMP_17876,Candida albicans,Negative
5664,dbAMP_17876,Candida parapsilosis,Negative
5665,dbAMP_17884,Staphylococcus epidermidis,Negative
5666,dbAMP_17885,Escherichia coli,Negative
5667,dbAMP_17885,Salmonella enterica,Negative
5668,dbAMP_17886,Candida albicans,Negative
5669,dbAMP_17886,Candida parapsilosis,Negative
5670,dbAMP_17886,Enterococcus faecalis,Negative
5671,dbAMP_17886,Listeria monocytogenes,Negative
5672,dbAMP_17886,Staphylococcus aureus,Negative
5673,dbAMP_17887,Candida albicans,Negative
5674,dbAMP_17887,Candida parapsilosis,Negative
5675,dbAMP_17897,Staphylococcus epidermidis,Negative
5676,dbAMP_17898,Staphylococcus epidermidis,Negative
5677,dbAMP_17899,Staphylococcus epidermidis,Negative
5678,dbAMP_17900,Staphylococcus epidermidis,Negative
5679,dbAMP_17904,Bacillus subtilis,Negative
5680,dbAMP_17904,Escherichia coli,Negative
5681,dbAMP_17906,Candida albicans,Negative
5682,dbAMP_17906,Escherichia coli,Negative
5683,dbAMP_17906,Staphylococcus aureus,Negative
5684,dbAMP_17907,Escherichia coli,Negative
5685,dbAMP_17915,Escherichia coli,Negative
5686,dbAMP_17916,Candida albicans,Negative
5687,dbAMP_17916,Escherichia coli,Negative
5688,dbAMP_17916,Staphylococcus aureus,Negative
5689,dbAMP_17921,Escherichia coli,Negative
5690,dbAMP_17921,Pseudomonas aeruginosa,Negative
5691,dbAMP_17921,Staphylococcus aureus,Negative
5692,dbAMP_17930,Pseudomonas aeruginosa,Negative
5693,dbAMP_17932,Escherichia coli,Negative
5694,dbAMP_17932,Pseudomonas aeruginosa,Negative
5695,dbAMP_17932,Staphylococcus aureus,Negative
5696,dbAMP_17936,Candida albicans,Negative
5697,dbAMP_17936,Pseudomonas aeruginosa,Negative
5698,dbAMP_17936,Staphylococcus aureus,Negative
5699,dbAMP_17938,Candida albicans,Negative
5700,dbAMP_17938,Escherichia coli,Negative
5701,dbAMP_17938,Pseudomonas aeruginosa,Negative
5702,dbAMP_17938,Staphylococcus aureus,Negative
5703,dbAMP_17939,Candida albicans,Negative
5704,dbAMP_17939,Pseudomonas aeruginosa,Negative
5705,dbAMP_17940,Candida albicans,Negative
5706,dbAMP_17940,Enterococcus faecalis,Negative
5707,dbAMP_17940,Escherichia coli,Negative
5708,dbAMP_17940,Pseudomonas aeruginosa,Negative
5709,dbAMP_17940,Staphylococcus aureus,Negative
5710,dbAMP_17949,Escherichia coli,Negative
5711,dbAMP_17949,Staphylococcus aureus,Negative
5712,dbAMP_17950,Escherichia coli,Negative
5713,dbAMP_17950,Staphylococcus aureus,Negative
5714,dbAMP_17951,Escherichia coli,Negative
5715,dbAMP_17951,Staphylococcus aureus,Negative
5716,dbAMP_17968,Salmonella enterica,Negative
5717,dbAMP_17971,Escherichia coli,Negative
5718,dbAMP_17971,Listeria monocytogenes,Negative
5719,dbAMP_17971,Pseudomonas aeruginosa,Negative
5720,dbAMP_17971,Staphylococcus aureus,Negative
5721,dbAMP_17973,Listeria monocytogenes,Negative
5722,dbAMP_17979,Escherichia coli,Negative
5723,dbAMP_17979,Listeria monocytogenes,Negative
5724,dbAMP_17979,Pseudomonas aeruginosa,Negative
5725,dbAMP_17979,Staphylococcus aureus,Negative
5726,dbAMP_17981,Candida albicans,Negative
5727,dbAMP_17981,Escherichia coli,Negative
5728,dbAMP_17981,Micrococcus luteus,Negative
5729,dbAMP_17981,Staphylococcus aureus,Negative
5730,dbAMP_17984,Bacillus subtilis,Negative
5731,dbAMP_17984,Escherichia coli,Negative
5732,dbAMP_17984,Salmonella enterica,Negative
5733,dbAMP_17984,Staphylococcus aureus,Negative
5734,dbAMP_17990,Pseudomonas aeruginosa,Negative
5735,dbAMP_17990,Staphylococcus aureus,Negative
5736,dbAMP_18011,Candida albicans,Negative
5737,dbAMP_18011,Escherichia coli,Negative
5738,dbAMP_18011,Micrococcus luteus,Negative
5739,dbAMP_18011,Staphylococcus aureus,Negative
5740,dbAMP_18013,Candida albicans,Negative
5741,dbAMP_18015,Candida albicans,Negative
5742,dbAMP_18015,Escherichia coli,Negative
5743,dbAMP_18015,Micrococcus luteus,Negative
5744,dbAMP_18015,Staphylococcus aureus,Negative
5745,dbAMP_18016,Candida albicans,Negative
5746,dbAMP_18016,Escherichia coli,Negative
5747,dbAMP_18016,Micrococcus luteus,Negative
5748,dbAMP_18016,Staphylococcus aureus,Negative
5749,dbAMP_18017,Candida albicans,Negative
5750,dbAMP_18017,Micrococcus luteus,Negative
5751,dbAMP_18018,Candida albicans,Negative
5752,dbAMP_18018,Escherichia coli,Negative
5753,dbAMP_18018,Micrococcus luteus,Negative
5754,dbAMP_18018,Staphylococcus aureus,Negative
5755,dbAMP_18020,Candida albicans,Negative
5756,dbAMP_18020,Escherichia coli,Negative
5757,dbAMP_18020,Micrococcus luteus,Negative
5758,dbAMP_18020,Staphylococcus aureus,Negative
5759,dbAMP_18021,Escherichia coli,Negative
5760,dbAMP_18022,Escherichia coli,Negative
5761,dbAMP_18025,Staphylococcus aureus,Negative
5762,dbAMP_18030,Klebsiella pneumoniae,Negative
5763,dbAMP_18030,Pseudomonas aeruginosa,Negative
5764,dbAMP_18030,Salmonella enterica,Negative
5765,dbAMP_18030,Staphylococcus aureus,Negative
5766,dbAMP_18031,Acinetobacter baumannii,Negative
5767,dbAMP_18031,Escherichia coli,Negative
5768,dbAMP_18031,Klebsiella pneumoniae,Negative
5769,dbAMP_18031,Pseudomonas aeruginosa,Negative
5770,dbAMP_18031,Salmonella enterica,Negative
5771,dbAMP_18031,Staphylococcus aureus,Negative
5772,dbAMP_18039,Candida parapsilosis,Negative
5773,dbAMP_18044,Candida albicans,Negative
5774,dbAMP_18044,Candida parapsilosis,Negative
5775,dbAMP_18044,Staphylococcus aureus,Negative
5776,dbAMP_18044,Staphylococcus epidermidis,Negative
5777,dbAMP_18046,Staphylococcus aureus,Negative
5778,dbAMP_18048,Acinetobacter baumannii,Negative
5779,dbAMP_18048,Klebsiella pneumoniae,Negative
5780,dbAMP_18049,Candida parapsilosis,Negative
5781,dbAMP_18052,Candida parapsilosis,Negative
5782,dbAMP_18070,Escherichia coli,Negative
5783,dbAMP_18070,Klebsiella pneumoniae,Negative
5784,dbAMP_18070,Pseudomonas aeruginosa,Negative
5785,dbAMP_18072,Escherichia coli,Negative
5786,dbAMP_18072,Klebsiella pneumoniae,Negative
5787,dbAMP_18072,Pseudomonas aeruginosa,Negative
5788,dbAMP_18074,Escherichia coli,Negative
5789,dbAMP_18074,Klebsiella pneumoniae,Negative
5790,dbAMP_18074,Pseudomonas aeruginosa,Negative
5791,dbAMP_18079,Escherichia coli,Negative
5792,dbAMP_18080,Enterococcus faecalis,Negative
5793,dbAMP_18080,Listeria monocytogenes,Negative
5794,dbAMP_18080,Salmonella enterica,Negative
5795,dbAMP_18085,Enterococcus faecalis,Negative
5796,dbAMP_18085,Listeria monocytogenes,Negative
5797,dbAMP_18085,Salmonella enterica,Negative
5798,dbAMP_18093,Escherichia coli,Negative
5799,dbAMP_18093,Pseudomonas aeruginosa,Negative
5800,dbAMP_18094,Escherichia coli,Negative
5801,dbAMP_18094,Pseudomonas aeruginosa,Negative
5802,dbAMP_18094,Staphylococcus aureus,Negative
5803,dbAMP_18096,Escherichia coli,Negative
5804,dbAMP_18096,Pseudomonas aeruginosa,Negative
5805,dbAMP_18097,Klebsiella pneumoniae,Negative
5806,dbAMP_18100,Klebsiella pneumoniae,Negative
5807,dbAMP_18100,Pseudomonas aeruginosa,Negative
5808,dbAMP_18100,Salmonella enterica,Negative
5809,dbAMP_18102,Escherichia coli,Negative
5810,dbAMP_18102,Pseudomonas aeruginosa,Negative
5811,dbAMP_18105,Klebsiella pneumoniae,Negative
5812,dbAMP_18105,Salmonella enterica,Negative
5813,dbAMP_18106,Klebsiella pneumoniae,Negative
5814,dbAMP_18113,Enterococcus faecalis,Negative
5815,dbAMP_18113,Escherichia coli,Negative
5816,dbAMP_18113,Pseudomonas aeruginosa,Negative
5817,dbAMP_18113,Staphylococcus aureus,Negative
5818,dbAMP_18114,Escherichia coli,Negative
5819,dbAMP_18114,Pseudomonas aeruginosa,Negative
5820,dbAMP_18133,Bacillus megaterium,Negative
5821,dbAMP_18133,Escherichia coli,Negative
5822,dbAMP_18133,Pseudomonas aeruginosa,Negative
5823,dbAMP_18133,Salmonella enterica,Negative
5824,dbAMP_18133,Staphylococcus aureus,Negative
5825,dbAMP_18135,Acinetobacter baumannii,Negative
5826,dbAMP_18135,Escherichia coli,Negative
5827,dbAMP_18135,Klebsiella pneumoniae,Negative
5828,dbAMP_18135,Pseudomonas aeruginosa,Negative
5829,dbAMP_18135,Salmonella enterica,Negative
5830,dbAMP_18138,Pseudomonas aeruginosa,Negative
5831,dbAMP_18138,Salmonella enterica,Negative
5832,dbAMP_18139,Klebsiella pneumoniae,Negative
5833,dbAMP_18139,Pseudomonas aeruginosa,Negative
5834,dbAMP_18139,Salmonella enterica,Negative
5835,dbAMP_18140,Klebsiella pneumoniae,Negative
5836,dbAMP_18140,Pseudomonas aeruginosa,Negative
5837,dbAMP_18147,Acinetobacter baumannii,Negative
5838,dbAMP_18147,Escherichia coli,Negative
5839,dbAMP_18147,Klebsiella pneumoniae,Negative
5840,dbAMP_18147,Pseudomonas aeruginosa,Negative
5841,dbAMP_18147,Salmonella enterica,Negative
5842,dbAMP_18148,Pseudomonas aeruginosa,Negative
5843,dbAMP_18153,Klebsiella pneumoniae,Negative
5844,dbAMP_18153,Pseudomonas aeruginosa,Negative
5845,dbAMP_18158,Klebsiella pneumoniae,Negative
5846,dbAMP_18158,Pseudomonas aeruginosa,Negative
5847,dbAMP_18159,Pseudomonas aeruginosa,Negative
5848,dbAMP_18168,Escherichia coli,Negative
5849,dbAMP_18168,Pseudomonas aeruginosa,Negative
5850,dbAMP_18178,Bacillus subtilis,Negative
5851,dbAMP_18178,Staphylococcus epidermidis,Negative
5852,dbAMP_18193,Enterococcus faecium,Negative
5853,dbAMP_18200,Bacillus megaterium,Negative
5854,dbAMP_18200,Escherichia coli,Negative
5855,dbAMP_18200,Pseudomonas aeruginosa,Negative
5856,dbAMP_18200,Salmonella enterica,Negative
5857,dbAMP_18200,Staphylococcus aureus,Negative
5858,dbAMP_18204,Listeria monocytogenes,Negative
5859,dbAMP_18205,Listeria monocytogenes,Negative
5860,dbAMP_18206,Bacillus subtilis,Negative
5861,dbAMP_18206,Staphylococcus epidermidis,Negative
5862,dbAMP_18214,Pseudomonas aeruginosa,Negative
5863,dbAMP_18218,Enterobacter cloacae,Negative
5864,dbAMP_18218,Klebsiella pneumoniae,Negative
5865,dbAMP_18219,Enterobacter cloacae,Negative
5866,dbAMP_18219,Escherichia coli,Negative
5867,dbAMP_18219,Klebsiella pneumoniae,Negative
5868,dbAMP_18226,Enterobacter cloacae,Negative
5869,dbAMP_18226,Klebsiella pneumoniae,Negative
5870,dbAMP_18226,Staphylococcus aureus,Negative
5871,dbAMP_18228,Bacillus cereus,Negative
5872,dbAMP_18228,Enterococcus faecium,Negative
5873,dbAMP_18228,Escherichia coli,Negative
5874,dbAMP_18228,Pseudomonas aeruginosa,Negative
5875,dbAMP_18228,Salmonella enterica,Negative
5876,dbAMP_18229,Bacillus cereus,Negative
5877,dbAMP_18229,Enterococcus faecium,Negative
5878,dbAMP_18229,Micrococcus luteus,Negative
5879,dbAMP_18229,Salmonella enterica,Negative
5880,dbAMP_18229,Staphylococcus epidermidis,Negative
5881,dbAMP_18230,Bacillus cereus,Negative
5882,dbAMP_18230,Enterococcus faecium,Negative
5883,dbAMP_18230,Escherichia coli,Negative
5884,dbAMP_18230,Micrococcus luteus,Negative
5885,dbAMP_18230,Pseudomonas aeruginosa,Negative
5886,dbAMP_18230,Salmonella enterica,Negative
5887,dbAMP_18230,Staphylococcus aureus,Negative
5888,dbAMP_18230,Staphylococcus epidermidis,Negative
5889,dbAMP_18232,Bacillus cereus,Negative
5890,dbAMP_18232,Candida albicans,Negative
5891,dbAMP_18232,Pseudomonas aeruginosa,Negative
5892,dbAMP_18236,Bacillus cereus,Negative
5893,dbAMP_18237,Bacillus subtilis,Negative
5894,dbAMP_18237,Enterobacter cloacae,Negative
5895,dbAMP_18237,Pseudomonas aeruginosa,Negative
5896,dbAMP_18237,Staphylococcus epidermidis,Negative
5897,dbAMP_18240,Staphylococcus aureus,Negative
5898,dbAMP_18244,Escherichia coli,Negative
5899,dbAMP_18244,Staphylococcus aureus,Negative
5900,dbAMP_18245,Klebsiella pneumoniae,Negative
5901,dbAMP_18245,Staphylococcus aureus,Negative
5902,dbAMP_18246,Staphylococcus aureus,Negative
5903,dbAMP_18247,Escherichia coli,Negative
5904,dbAMP_18247,Staphylococcus aureus,Negative
5905,dbAMP_18250,Escherichia coli,Negative
5906,dbAMP_18250,Staphylococcus aureus,Negative
5907,dbAMP_18255,Escherichia coli,Negative
5908,dbAMP_18255,Staphylococcus aureus,Negative
5909,dbAMP_18256,Staphylococcus aureus,Negative
5910,dbAMP_18257,Escherichia coli,Negative
5911,dbAMP_18258,Escherichia coli,Negative
5912,dbAMP_18258,Staphylococcus aureus,Negative
5913,dbAMP_18260,Escherichia coli,Negative
5914,dbAMP_18260,Staphylococcus aureus,Negative
5915,dbAMP_18261,Escherichia coli,Negative
5916,dbAMP_18261,Staphylococcus aureus,Negative
5917,dbAMP_18286,Acinetobacter baumannii,Negative
5918,dbAMP_18286,Bacillus subtilis,Negative
5919,dbAMP_18286,Candida albicans,Negative
5920,dbAMP_18286,Enterococcus faecalis,Negative
5921,dbAMP_18286,Escherichia coli,Negative
5922,dbAMP_18286,Pseudomonas aeruginosa,Negative
5923,dbAMP_18286,Staphylococcus aureus,Negative
5924,dbAMP_18286,Staphylococcus epidermidis,Negative
5925,dbAMP_18293,Acinetobacter baumannii,Negative
5926,dbAMP_18293,Bacillus subtilis,Negative
5927,dbAMP_18293,Candida albicans,Negative
5928,dbAMP_18293,Enterococcus faecalis,Negative
5929,dbAMP_18293,Escherichia coli,Negative
5930,dbAMP_18293,Pseudomonas aeruginosa,Negative
5931,dbAMP_18293,Staphylococcus aureus,Negative
5932,dbAMP_18293,Staphylococcus epidermidis,Negative
5933,dbAMP_18343,Escherichia coli,Negative
5934,dbAMP_18366,Bacillus subtilis,Negative
5935,dbAMP_18366,Escherichia coli,Negative
5936,dbAMP_18366,Pseudomonas aeruginosa,Negative
5937,dbAMP_18366,Staphylococcus aureus,Negative
5938,dbAMP_18370,Staphylococcus aureus,Negative
5939,dbAMP_18370,Staphylococcus epidermidis,Negative
5940,dbAMP_18371,Escherichia coli,Negative
5941,dbAMP_18371,Pseudomonas aeruginosa,Negative
5942,dbAMP_18371,Salmonella enterica,Negative
5943,dbAMP_18371,Staphylococcus aureus,Negative
5944,dbAMP_18371,Staphylococcus epidermidis,Negative
5945,dbAMP_18372,Escherichia coli,Negative
5946,dbAMP_18372,Pseudomonas aeruginosa,Negative
5947,dbAMP_18372,Salmonella enterica,Negative
5948,dbAMP_18372,Staphylococcus aureus,Negative
5949,dbAMP_18372,Staphylococcus epidermidis,Negative
5950,dbAMP_18375,Pseudomonas aeruginosa,Negative
5951,dbAMP_18375,Staphylococcus aureus,Negative
5952,dbAMP_18375,Staphylococcus epidermidis,Negative
5953,dbAMP_18376,Staphylococcus aureus,Negative
5954,dbAMP_18376,Staphylococcus epidermidis,Negative
5955,dbAMP_18379,Staphylococcus epidermidis,Negative
5956,dbAMP_18407,Candida albicans,Negative
5957,dbAMP_18407,Candida parapsilosis,Negative
5958,dbAMP_18407,Pseudomonas aeruginosa,Negative
5959,dbAMP_18408,Candida albicans,Negative
5960,dbAMP_18408,Candida parapsilosis,Negative
5961,dbAMP_18408,Escherichia coli,Negative
5962,dbAMP_18408,Pseudomonas aeruginosa,Negative
5963,dbAMP_18408,Salmonella enterica,Negative
5964,dbAMP_18408,Staphylococcus aureus,Negative
5965,dbAMP_18408,Staphylococcus epidermidis,Negative
5966,dbAMP_18414,Staphylococcus aureus,Negative
5967,dbAMP_18415,Staphylococcus aureus,Negative
5968,dbAMP_18422,Escherichia coli,Negative
5969,dbAMP_18422,Salmonella enterica,Negative
5970,dbAMP_18425,Escherichia coli,Negative
5971,dbAMP_18425,Salmonella enterica,Negative
5972,dbAMP_18426,Escherichia coli,Negative
5973,dbAMP_18426,Salmonella enterica,Negative
5974,dbAMP_18428,Escherichia coli,Negative
5975,dbAMP_18428,Salmonella enterica,Negative
5976,dbAMP_18429,Candida albicans,Negative
5977,dbAMP_18429,Candida parapsilosis,Negative
5978,dbAMP_18429,Pseudomonas aeruginosa,Negative
5979,dbAMP_18429,Staphylococcus aureus,Negative
5980,dbAMP_18429,Staphylococcus epidermidis,Negative
5981,dbAMP_18431,Candida albicans,Negative
5982,dbAMP_18431,Candida parapsilosis,Negative
5983,dbAMP_18432,Candida albicans,Negative
5984,dbAMP_18432,Candida parapsilosis,Negative
5985,dbAMP_18432,Pseudomonas aeruginosa,Negative
5986,dbAMP_18432,Staphylococcus aureus,Negative
5987,dbAMP_18432,Staphylococcus epidermidis,Negative
5988,dbAMP_18433,Candida albicans,Negative
5989,dbAMP_18433,Candida parapsilosis,Negative
5990,dbAMP_18433,Pseudomonas aeruginosa,Negative
5991,dbAMP_18437,Pseudomonas aeruginosa,Negative
5992,dbAMP_18508,Candida albicans,Negative
5993,dbAMP_18508,Candida parapsilosis,Negative
5994,dbAMP_18508,Escherichia coli,Negative
5995,dbAMP_18508,Pseudomonas aeruginosa,Negative
5996,dbAMP_18508,Salmonella enterica,Negative
5997,dbAMP_18508,Staphylococcus aureus,Negative
5998,dbAMP_18508,Staphylococcus epidermidis,Negative
5999,dbAMP_18509,Acinetobacter baumannii,Negative
6000,dbAMP_18509,Pseudomonas aeruginosa,Negative
6001,dbAMP_18511,Pseudomonas aeruginosa,Negative
6002,dbAMP_18512,Acinetobacter baumannii,Negative
6003,dbAMP_18512,Enterococcus faecium,Negative
6004,dbAMP_18512,Pseudomonas aeruginosa,Negative
6005,dbAMP_18513,Pseudomonas aeruginosa,Negative
6006,dbAMP_18519,Enterococcus faecalis,Negative
6007,dbAMP_18519,Pseudomonas aeruginosa,Negative
6008,dbAMP_18520,Escherichia coli,Negative
6009,dbAMP_18520,Staphylococcus epidermidis,Negative
6010,dbAMP_18521,Escherichia coli,Negative
6011,dbAMP_18522,Enterococcus faecalis,Negative
6012,dbAMP_18522,Staphylococcus aureus,Negative
6013,dbAMP_18524,Enterococcus faecalis,Negative
6014,dbAMP_18524,Klebsiella pneumoniae,Negative
6015,dbAMP_18524,Pseudomonas aeruginosa,Negative
6016,dbAMP_18524,Staphylococcus aureus,Negative
6017,dbAMP_18525,Acinetobacter baumannii,Negative
6018,dbAMP_18525,Enterococcus faecalis,Negative
6019,dbAMP_18525,Escherichia coli,Negative
6020,dbAMP_18525,Klebsiella pneumoniae,Negative
6021,dbAMP_18525,Pseudomonas aeruginosa,Negative
6022,dbAMP_18525,Staphylococcus aureus,Negative
6023,dbAMP_18526,Enterococcus faecalis,Negative
6024,dbAMP_18526,Klebsiella pneumoniae,Negative
6025,dbAMP_18526,Pseudomonas aeruginosa,Negative
6026,dbAMP_18526,Staphylococcus aureus,Negative
6027,dbAMP_18527,Acinetobacter baumannii,Negative
6028,dbAMP_18527,Enterococcus faecalis,Negative
6029,dbAMP_18527,Klebsiella pneumoniae,Negative
6030,dbAMP_18527,Staphylococcus aureus,Negative
6031,dbAMP_18545,Enterococcus faecalis,Negative
6032,dbAMP_18545,Escherichia coli,Negative
6033,dbAMP_18545,Klebsiella pneumoniae,Negative
6034,dbAMP_18545,Pseudomonas aeruginosa,Negative
6035,dbAMP_18545,Salmonella enterica,Negative
6036,dbAMP_18545,Staphylococcus aureus,Negative
6037,dbAMP_18577,Acinetobacter baumannii,Negative
6038,dbAMP_18577,Enterococcus faecalis,Negative
6039,dbAMP_18577,Escherichia coli,Negative
6040,dbAMP_18577,Klebsiella pneumoniae,Negative
6041,dbAMP_18577,Pseudomonas aeruginosa,Negative
6042,dbAMP_18577,Salmonella enterica,Negative
6043,dbAMP_18577,Staphylococcus aureus,Negative
6044,dbAMP_18579,Escherichia coli,Negative
6045,dbAMP_18580,Escherichia coli,Negative
6046,dbAMP_18581,Escherichia coli,Negative
6047,dbAMP_18582,Escherichia coli,Negative
6048,dbAMP_18583,Escherichia coli,Negative
6049,dbAMP_18585,Escherichia coli,Negative
6050,dbAMP_18587,Acinetobacter baumannii,Negative
6051,dbAMP_18587,Cryptococcus neoformans,Negative
6052,dbAMP_18587,Enterococcus faecalis,Negative
6053,dbAMP_18587,Staphylococcus epidermidis,Negative
6054,dbAMP_18657,Candida albicans,Negative
6055,dbAMP_18657,Escherichia coli,Negative
6056,dbAMP_18657,Pseudomonas aeruginosa,Negative
6057,dbAMP_18657,Staphylococcus aureus,Negative
6058,dbAMP_18658,Candida albicans,Negative
6059,dbAMP_18658,Staphylococcus aureus,Negative
6060,dbAMP_18659,Candida albicans,Negative
6061,dbAMP_18659,Staphylococcus aureus,Negative
6062,dbAMP_18660,Candida albicans,Negative
6063,dbAMP_18660,Staphylococcus aureus,Negative
6064,dbAMP_18661,Candida albicans,Negative
6065,dbAMP_18661,Staphylococcus aureus,Negative
6066,dbAMP_18664,Candida albicans,Negative
6067,dbAMP_18666,Candida albicans,Negative
6068,dbAMP_18666,Staphylococcus aureus,Negative
6069,dbAMP_18667,Candida albicans,Negative
6070,dbAMP_18667,Staphylococcus aureus,Negative
6071,dbAMP_18668,Candida albicans,Negative
6072,dbAMP_18668,Staphylococcus aureus,Negative
6073,dbAMP_18670,Candida albicans,Negative
6074,dbAMP_18670,Cryptococcus neoformans,Negative
6075,dbAMP_18670,Escherichia coli,Negative
6076,dbAMP_18670,Staphylococcus aureus,Negative
6077,dbAMP_18671,Candida albicans,Negative
6078,dbAMP_18671,Cryptococcus neoformans,Negative
6079,dbAMP_18671,Staphylococcus aureus,Negative
6080,dbAMP_18673,Candida albicans,Negative
6081,dbAMP_18673,Pseudomonas aeruginosa,Negative
6082,dbAMP_18673,Staphylococcus aureus,Negative
6083,dbAMP_18674,Candida albicans,Negative
6084,dbAMP_18674,Cryptococcus neoformans,Negative
6085,dbAMP_18674,Escherichia coli,Negative
6086,dbAMP_18674,Pseudomonas aeruginosa,Negative
6087,dbAMP_18674,Staphylococcus aureus,Negative
6088,dbAMP_18676,Candida albicans,Negative
6089,dbAMP_18676,Escherichia coli,Negative
6090,dbAMP_18676,Pseudomonas aeruginosa,Negative
6091,dbAMP_18676,Staphylococcus aureus,Negative
6092,dbAMP_18677,Candida albicans,Negative
6093,dbAMP_18677,Cryptococcus neoformans,Negative
6094,dbAMP_18677,Pseudomonas aeruginosa,Negative
6095,dbAMP_18679,Candida albicans,Negative
6096,dbAMP_18679,Pseudomonas aeruginosa,Negative
6097,dbAMP_18679,Staphylococcus aureus,Negative
6098,dbAMP_18681,Candida albicans,Negative
6099,dbAMP_18681,Pseudomonas aeruginosa,Negative
6100,dbAMP_18681,Staphylococcus aureus,Negative
6101,dbAMP_18682,Candida albicans,Negative
6102,dbAMP_18682,Staphylococcus aureus,Negative
6103,dbAMP_18688,Candida albicans,Negative
6104,dbAMP_18688,Pseudomonas aeruginosa,Negative
6105,dbAMP_18688,Staphylococcus aureus,Negative
6106,dbAMP_18690,Candida albicans,Negative
6107,dbAMP_18690,Staphylococcus aureus,Negative
6108,dbAMP_18696,Candida albicans,Negative
6109,dbAMP_18696,Pseudomonas aeruginosa,Negative
6110,dbAMP_18696,Staphylococcus aureus,Negative
6111,dbAMP_18697,Candida albicans,Negative
6112,dbAMP_18697,Escherichia coli,Negative
6113,dbAMP_18697,Pseudomonas aeruginosa,Negative
6114,dbAMP_18697,Staphylococcus aureus,Negative
6115,dbAMP_18698,Candida albicans,Negative
6116,dbAMP_18698,Escherichia coli,Negative
6117,dbAMP_18698,Pseudomonas aeruginosa,Negative
6118,dbAMP_18698,Staphylococcus aureus,Negative
6119,dbAMP_18699,Candida albicans,Negative
6120,dbAMP_18699,Cryptococcus neoformans,Negative
6121,dbAMP_18699,Escherichia coli,Negative
6122,dbAMP_18699,Pseudomonas aeruginosa,Negative
6123,dbAMP_18699,Staphylococcus aureus,Negative
6124,dbAMP_18700,Candida albicans,Negative
6125,dbAMP_18700,Escherichia coli,Negative
6126,dbAMP_18700,Staphylococcus aureus,Negative
6127,dbAMP_18705,Candida albicans,Negative
6128,dbAMP_18705,Pseudomonas aeruginosa,Negative
6129,dbAMP_18705,Staphylococcus aureus,Negative
6130,dbAMP_18706,Candida albicans,Negative
6131,dbAMP_18706,Cryptococcus neoformans,Negative
6132,dbAMP_18706,Escherichia coli,Negative
6133,dbAMP_18706,Pseudomonas aeruginosa,Negative
6134,dbAMP_18706,Staphylococcus aureus,Negative
6135,dbAMP_18707,Candida albicans,Negative
6136,dbAMP_18707,Cryptococcus neoformans,Negative
6137,dbAMP_18707,Escherichia coli,Negative
6138,dbAMP_18707,Pseudomonas aeruginosa,Negative
6139,dbAMP_18707,Staphylococcus aureus,Negative
6140,dbAMP_18715,Pseudomonas aeruginosa,Negative
6141,dbAMP_18716,Pseudomonas aeruginosa,Negative
6142,dbAMP_18717,Pseudomonas aeruginosa,Negative
6143,dbAMP_18718,Escherichia coli,Negative
6144,dbAMP_18718,Pseudomonas aeruginosa,Negative
6145,dbAMP_18718,Salmonella enterica,Negative
6146,dbAMP_18718,Staphylococcus aureus,Negative
6147,dbAMP_18718,Staphylococcus epidermidis,Negative
6148,dbAMP_18719,Escherichia coli,Negative
6149,dbAMP_18719,Pseudomonas aeruginosa,Negative
6150,dbAMP_18719,Salmonella enterica,Negative
6151,dbAMP_18719,Staphylococcus aureus,Negative
6152,dbAMP_18719,Staphylococcus epidermidis,Negative
6153,dbAMP_18720,Escherichia coli,Negative
6154,dbAMP_18720,Pseudomonas aeruginosa,Negative
6155,dbAMP_18720,Salmonella enterica,Negative
6156,dbAMP_18720,Staphylococcus aureus,Negative
6157,dbAMP_18720,Staphylococcus epidermidis,Negative
6158,dbAMP_18726,Escherichia coli,Negative
6159,dbAMP_18726,Pseudomonas aeruginosa,Negative
6160,dbAMP_18726,Salmonella enterica,Negative
6161,dbAMP_18726,Staphylococcus aureus,Negative
6162,dbAMP_18726,Staphylococcus epidermidis,Negative
6163,dbAMP_18728,Bacillus subtilis,Negative
6164,dbAMP_18728,Escherichia coli,Negative
6165,dbAMP_18728,Klebsiella pneumoniae,Negative
6166,dbAMP_18728,Micrococcus luteus,Negative
6167,dbAMP_18728,Pseudomonas aeruginosa,Negative
6168,dbAMP_18728,Salmonella enterica,Negative
6169,dbAMP_18728,Staphylococcus aureus,Negative
6170,dbAMP_18729,Staphylococcus aureus,Negative
6171,dbAMP_18732,Staphylococcus aureus,Negative
6172,dbAMP_18740,Klebsiella pneumoniae,Negative
6173,dbAMP_18740,Pseudomonas aeruginosa,Negative
6174,dbAMP_18743,Escherichia coli,Negative
6175,dbAMP_18743,Salmonella enterica,Negative
6176,dbAMP_18747,Pseudomonas aeruginosa,Negative
6177,dbAMP_18748,Escherichia coli,Negative
6178,dbAMP_18748,Pseudomonas aeruginosa,Negative
6179,dbAMP_18749,Escherichia coli,Negative
6180,dbAMP_18749,Pseudomonas aeruginosa,Negative
6181,dbAMP_18749,Staphylococcus aureus,Negative
6182,dbAMP_18749,Staphylococcus epidermidis,Negative
6183,dbAMP_18750,Pseudomonas aeruginosa,Negative
6184,dbAMP_18751,Escherichia coli,Negative
6185,dbAMP_18751,Pseudomonas aeruginosa,Negative
6186,dbAMP_18751,Staphylococcus aureus,Negative
6187,dbAMP_18751,Staphylococcus epidermidis,Negative
6188,dbAMP_18752,Pseudomonas aeruginosa,Negative
6189,dbAMP_18755,Pseudomonas aeruginosa,Negative
6190,dbAMP_18757,Pseudomonas aeruginosa,Negative
6191,dbAMP_18758,Pseudomonas aeruginosa,Negative
6192,dbAMP_18759,Pseudomonas aeruginosa,Negative
6193,dbAMP_18760,Pseudomonas aeruginosa,Negative
6194,dbAMP_18763,Pseudomonas aeruginosa,Negative
6195,dbAMP_18775,Escherichia coli,Negative
6196,dbAMP_18775,Pseudomonas aeruginosa,Negative
6197,dbAMP_18775,Staphylococcus aureus,Negative
6198,dbAMP_18778,Escherichia coli,Negative
6199,dbAMP_18778,Staphylococcus aureus,Negative
6200,dbAMP_18787,Bacillus subtilis,Negative
6201,dbAMP_18787,Escherichia coli,Negative
6202,dbAMP_18829,Pseudomonas aeruginosa,Negative
6203,dbAMP_18834,Pseudomonas aeruginosa,Negative
6204,dbAMP_18836,Pseudomonas aeruginosa,Negative
6205,dbAMP_18836,Staphylococcus aureus,Negative
6206,dbAMP_18837,Staphylococcus aureus,Negative
6207,dbAMP_18838,Bacillus subtilis,Negative
6208,dbAMP_18838,Escherichia coli,Negative
6209,dbAMP_18838,Salmonella enterica,Negative
6210,dbAMP_18838,Staphylococcus aureus,Negative
6211,dbAMP_18840,Bacillus subtilis,Negative
6212,dbAMP_18840,Escherichia coli,Negative
6213,dbAMP_18840,Salmonella enterica,Negative
6214,dbAMP_18840,Staphylococcus aureus,Negative
6215,dbAMP_18872,Staphylococcus aureus,Negative
6216,dbAMP_18873,Acinetobacter baumannii,Negative
6217,dbAMP_18873,Enterococcus faecalis,Negative
6218,dbAMP_18873,Escherichia coli,Negative
6219,dbAMP_18873,Klebsiella pneumoniae,Negative
6220,dbAMP_18873,Pseudomonas aeruginosa,Negative
6221,dbAMP_18873,Salmonella enterica,Negative
6222,dbAMP_18873,Staphylococcus aureus,Negative
6223,dbAMP_18879,Staphylococcus aureus,Negative
6224,dbAMP_18880,Acinetobacter baumannii,Negative
6225,dbAMP_18880,Enterococcus faecalis,Negative
6226,dbAMP_18880,Escherichia coli,Negative
6227,dbAMP_18880,Klebsiella pneumoniae,Negative
6228,dbAMP_18880,Pseudomonas aeruginosa,Negative
6229,dbAMP_18880,Salmonella enterica,Negative
6230,dbAMP_18880,Staphylococcus aureus,Negative
6231,dbAMP_18882,Acinetobacter baumannii,Negative
6232,dbAMP_18882,Enterococcus faecalis,Negative
6233,dbAMP_18882,Escherichia coli,Negative
6234,dbAMP_18882,Klebsiella pneumoniae,Negative
6235,dbAMP_18882,Pseudomonas aeruginosa,Negative
6236,dbAMP_18882,Salmonella enterica,Negative
6237,dbAMP_18882,Staphylococcus aureus,Negative
6238,dbAMP_18883,Acinetobacter baumannii,Negative
6239,dbAMP_18883,Enterococcus faecalis,Negative
6240,dbAMP_18883,Escherichia coli,Negative
6241,dbAMP_18883,Klebsiella pneumoniae,Negative
6242,dbAMP_18883,Pseudomonas aeruginosa,Negative
6243,dbAMP_18883,Salmonella enterica,Negative
6244,dbAMP_18883,Staphylococcus aureus,Negative
6245,dbAMP_18885,Acinetobacter baumannii,Negative
6246,dbAMP_18885,Enterococcus faecalis,Negative
6247,dbAMP_18885,Escherichia coli,Negative
6248,dbAMP_18885,Klebsiella pneumoniae,Negative
6249,dbAMP_18885,Pseudomonas aeruginosa,Negative
6250,dbAMP_18885,Salmonella enterica,Negative
6251,dbAMP_18885,Staphylococcus aureus,Negative
6252,dbAMP_18886,Acinetobacter baumannii,Negative
6253,dbAMP_18886,Enterococcus faecalis,Negative
6254,dbAMP_18886,Escherichia coli,Negative
6255,dbAMP_18886,Klebsiella pneumoniae,Negative
6256,dbAMP_18886,Pseudomonas aeruginosa,Negative
6257,dbAMP_18886,Salmonella enterica,Negative
6258,dbAMP_18886,Staphylococcus aureus,Negative
6259,dbAMP_18887,Acinetobacter baumannii,Negative
6260,dbAMP_18887,Enterococcus faecalis,Negative
6261,dbAMP_18887,Escherichia coli,Negative
6262,dbAMP_18887,Klebsiella pneumoniae,Negative
6263,dbAMP_18887,Pseudomonas aeruginosa,Negative
6264,dbAMP_18887,Salmonella enterica,Negative
6265,dbAMP_18887,Staphylococcus aureus,Negative
6266,dbAMP_18888,Enterococcus faecalis,Negative
6267,dbAMP_18888,Klebsiella pneumoniae,Negative
6268,dbAMP_18888,Pseudomonas aeruginosa,Negative
6269,dbAMP_18888,Staphylococcus aureus,Negative
6270,dbAMP_18890,Bacillus subtilis,Negative
6271,dbAMP_18890,Pseudomonas aeruginosa,Negative
6272,dbAMP_18892,Bacillus subtilis,Negative
6273,dbAMP_18892,Escherichia coli,Negative
6274,dbAMP_18892,Pseudomonas aeruginosa,Negative
6275,dbAMP_18895,Escherichia coli,Negative
6276,dbAMP_18895,Pseudomonas aeruginosa,Negative
6277,dbAMP_18896,Pseudomonas aeruginosa,Negative
6278,dbAMP_18899,Pseudomonas aeruginosa,Negative
6279,dbAMP_18905,Bacillus subtilis,Negative
6280,dbAMP_18905,Cryptococcus neoformans,Negative
6281,dbAMP_18905,Enterococcus faecalis,Negative
6282,dbAMP_18905,Escherichia coli,Negative
6283,dbAMP_18905,Pseudomonas aeruginosa,Negative
6284,dbAMP_18905,Staphylococcus aureus,Negative
6285,dbAMP_18911,Acinetobacter baumannii,Negative
6286,dbAMP_18912,Acinetobacter baumannii,Negative
6287,dbAMP_18916,Bacillus subtilis,Negative
6288,dbAMP_18916,Escherichia coli,Negative
6289,dbAMP_18917,Bacillus subtilis,Negative
6290,dbAMP_18917,Escherichia coli,Negative
6291,dbAMP_18919,Bacillus subtilis,Negative
6292,dbAMP_18919,Escherichia coli,Negative
6293,dbAMP_18921,Bacillus subtilis,Negative
6294,dbAMP_18921,Escherichia coli,Negative
6295,dbAMP_18922,Bacillus subtilis,Negative
6296,dbAMP_18922,Escherichia coli,Negative
6297,dbAMP_18925,Bacillus subtilis,Negative
6298,dbAMP_18925,Escherichia coli,Negative
6299,dbAMP_18926,Escherichia coli,Negative
6300,dbAMP_18927,Escherichia coli,Negative
6301,dbAMP_18937,Candida albicans,Negative
6302,dbAMP_18937,Staphylococcus aureus,Negative
6303,dbAMP_18938,Candida albicans,Negative
6304,dbAMP_18938,Staphylococcus aureus,Negative
6305,dbAMP_18940,Enterococcus faecalis,Negative
6306,dbAMP_18941,Bacillus subtilis,Negative
6307,dbAMP_18941,Enterococcus faecalis,Negative
6308,dbAMP_18941,Staphylococcus aureus,Negative
6309,dbAMP_18941,Staphylococcus epidermidis,Negative
6310,dbAMP_18942,Bacillus subtilis,Negative
6311,dbAMP_18942,Enterococcus faecalis,Negative
6312,dbAMP_18942,Pseudomonas aeruginosa,Negative
6313,dbAMP_18942,Staphylococcus aureus,Negative
6314,dbAMP_18942,Staphylococcus epidermidis,Negative
6315,dbAMP_18952,Klebsiella pneumoniae,Negative
6316,dbAMP_18952,Pseudomonas aeruginosa,Negative
6317,dbAMP_18956,Pseudomonas aeruginosa,Negative
6318,dbAMP_18961,Escherichia coli,Negative
6319,dbAMP_18961,Staphylococcus aureus,Negative
6320,dbAMP_18962,Escherichia coli,Negative
6321,dbAMP_18962,Staphylococcus aureus,Negative
6322,dbAMP_18964,Escherichia coli,Negative
6323,dbAMP_18965,Staphylococcus aureus,Negative
6324,dbAMP_18978,Bacillus cereus,Negative
6325,dbAMP_18978,Candida albicans,Negative
6326,dbAMP_18978,Cryptococcus neoformans,Negative
6327,dbAMP_18978,Escherichia coli,Negative
6328,dbAMP_18978,Pseudomonas aeruginosa,Negative
6329,dbAMP_18978,Staphylococcus aureus,Negative
6330,dbAMP_18978,Staphylococcus epidermidis,Negative
6331,dbAMP_18979,Bacillus cereus,Negative
6332,dbAMP_18979,Candida albicans,Negative
6333,dbAMP_18979,Escherichia coli,Negative
6334,dbAMP_18979,Pseudomonas aeruginosa,Negative
6335,dbAMP_18979,Staphylococcus aureus,Negative
6336,dbAMP_18980,Bacillus cereus,Negative
6337,dbAMP_18980,Bacillus subtilis,Negative
6338,dbAMP_18980,Candida albicans,Negative
6339,dbAMP_18980,Escherichia coli,Negative
6340,dbAMP_18980,Pseudomonas aeruginosa,Negative
6341,dbAMP_18980,Staphylococcus aureus,Negative
6342,dbAMP_18980,Staphylococcus epidermidis,Negative
6343,dbAMP_18981,Pseudomonas aeruginosa,Negative
6344,dbAMP_18988,Escherichia coli,Negative
6345,dbAMP_18988,Klebsiella pneumoniae,Negative
6346,dbAMP_18988,Pseudomonas aeruginosa,Negative
6347,dbAMP_18989,Pseudomonas aeruginosa,Negative
6348,dbAMP_18993,Pseudomonas aeruginosa,Negative
6349,dbAMP_18994,Pseudomonas aeruginosa,Negative
6350,dbAMP_18995,Pseudomonas aeruginosa,Negative
6351,dbAMP_18999,Pseudomonas aeruginosa,Negative
6352,dbAMP_19000,Klebsiella pneumoniae,Negative
6353,dbAMP_19000,Pseudomonas aeruginosa,Negative
6354,dbAMP_19001,Klebsiella pneumoniae,Negative
6355,dbAMP_19001,Pseudomonas aeruginosa,Negative
6356,dbAMP_19002,Escherichia coli,Negative
6357,dbAMP_19002,Pseudomonas aeruginosa,Negative
6358,dbAMP_19002,Staphylococcus aureus,Negative
6359,dbAMP_19003,Escherichia coli,Negative
6360,dbAMP_19003,Klebsiella pneumoniae,Negative
6361,dbAMP_19003,Pseudomonas aeruginosa,Negative
6362,dbAMP_19003,Staphylococcus aureus,Negative
6363,dbAMP_19006,Escherichia coli,Negative
6364,dbAMP_19006,Klebsiella pneumoniae,Negative
6365,dbAMP_19006,Pseudomonas aeruginosa,Negative
6366,dbAMP_19006,Staphylococcus aureus,Negative
6367,dbAMP_19008,Escherichia coli,Negative
6368,dbAMP_19008,Klebsiella pneumoniae,Negative
6369,dbAMP_19008,Pseudomonas aeruginosa,Negative
6370,dbAMP_19008,Staphylococcus aureus,Negative
6371,dbAMP_19010,Candida albicans,Negative
6372,dbAMP_19010,Escherichia coli,Negative
6373,dbAMP_19010,Pseudomonas aeruginosa,Negative
6374,dbAMP_19010,Staphylococcus aureus,Negative
6375,dbAMP_19011,Escherichia coli,Negative
6376,dbAMP_19011,Klebsiella pneumoniae,Negative
6377,dbAMP_19011,Pseudomonas aeruginosa,Negative
6378,dbAMP_19015,Escherichia coli,Negative
6379,dbAMP_19015,Klebsiella pneumoniae,Negative
6380,dbAMP_19015,Pseudomonas aeruginosa,Negative
6381,dbAMP_19016,Escherichia coli,Negative
6382,dbAMP_19016,Klebsiella pneumoniae,Negative
6383,dbAMP_19016,Pseudomonas aeruginosa,Negative
6384,dbAMP_19017,Escherichia coli,Negative
6385,dbAMP_19017,Klebsiella pneumoniae,Negative
6386,dbAMP_19017,Pseudomonas aeruginosa,Negative
6387,dbAMP_19019,Escherichia coli,Negative
6388,dbAMP_19019,Klebsiella pneumoniae,Negative
6389,dbAMP_19019,Pseudomonas aeruginosa,Negative
6390,dbAMP_19020,Escherichia coli,Negative
6391,dbAMP_19020,Klebsiella pneumoniae,Negative
6392,dbAMP_19020,Pseudomonas aeruginosa,Negative
6393,dbAMP_19022,Escherichia coli,Negative
6394,dbAMP_19022,Klebsiella pneumoniae,Negative
6395,dbAMP_19022,Pseudomonas aeruginosa,Negative
6396,dbAMP_19024,Escherichia coli,Negative
6397,dbAMP_19024,Klebsiella pneumoniae,Negative
6398,dbAMP_19024,Pseudomonas aeruginosa,Negative
6399,dbAMP_19025,Escherichia coli,Negative
6400,dbAMP_19025,Klebsiella pneumoniae,Negative
6401,dbAMP_19025,Pseudomonas aeruginosa,Negative
6402,dbAMP_19047,Enterococcus faecium,Negative
6403,dbAMP_19048,Enterococcus faecium,Negative
6404,dbAMP_19054,Bacillus cereus,Negative
6405,dbAMP_19054,Bacillus subtilis,Negative
6406,dbAMP_19054,Enterococcus faecalis,Negative
6407,dbAMP_19054,Enterococcus faecium,Negative
6408,dbAMP_19054,Escherichia coli,Negative
6409,dbAMP_19054,Pseudomonas aeruginosa,Negative
6410,dbAMP_19054,Salmonella enterica,Negative
6411,dbAMP_19054,Staphylococcus aureus,Negative
6412,dbAMP_19055,Bacillus cereus,Negative
6413,dbAMP_19055,Bacillus subtilis,Negative
6414,dbAMP_19055,Enterococcus faecalis,Negative
6415,dbAMP_19055,Enterococcus faecium,Negative
6416,dbAMP_19055,Escherichia coli,Negative
6417,dbAMP_19055,Pseudomonas aeruginosa,Negative
6418,dbAMP_19055,Salmonella enterica,Negative
6419,dbAMP_19055,Staphylococcus aureus,Negative
6420,dbAMP_19056,Bacillus cereus,Negative
6421,dbAMP_19056,Bacillus subtilis,Negative
6422,dbAMP_19056,Enterococcus faecalis,Negative
6423,dbAMP_19056,Enterococcus faecium,Negative
6424,dbAMP_19056,Escherichia coli,Negative
6425,dbAMP_19056,Pseudomonas aeruginosa,Negative
6426,dbAMP_19056,Salmonella enterica,Negative
6427,dbAMP_19056,Staphylococcus aureus,Negative
6428,dbAMP_19057,Bacillus cereus,Negative
6429,dbAMP_19057,Bacillus subtilis,Negative
6430,dbAMP_19057,Enterococcus faecalis,Negative
6431,dbAMP_19057,Enterococcus faecium,Negative
6432,dbAMP_19057,Escherichia coli,Negative
6433,dbAMP_19057,Pseudomonas aeruginosa,Negative
6434,dbAMP_19057,Salmonella enterica,Negative
6435,dbAMP_19057,Staphylococcus aureus,Negative
6436,dbAMP_19060,Bacillus cereus,Negative
6437,dbAMP_19060,Bacillus subtilis,Negative
6438,dbAMP_19060,Enterococcus faecalis,Negative
6439,dbAMP_19060,Enterococcus faecium,Negative
6440,dbAMP_19060,Escherichia coli,Negative
6441,dbAMP_19060,Pseudomonas aeruginosa,Negative
6442,dbAMP_19060,Salmonella enterica,Negative
6443,dbAMP_19060,Staphylococcus aureus,Negative
6444,dbAMP_19061,Bacillus cereus,Negative
6445,dbAMP_19061,Bacillus subtilis,Negative
6446,dbAMP_19061,Enterococcus faecalis,Negative
6447,dbAMP_19061,Enterococcus faecium,Negative
6448,dbAMP_19061,Escherichia coli,Negative
6449,dbAMP_19061,Pseudomonas aeruginosa,Negative
6450,dbAMP_19061,Salmonella enterica,Negative
6451,dbAMP_19061,Staphylococcus aureus,Negative
6452,dbAMP_19066,Bacillus cereus,Negative
6453,dbAMP_19066,Bacillus subtilis,Negative
6454,dbAMP_19066,Enterococcus faecalis,Negative
6455,dbAMP_19066,Enterococcus faecium,Negative
6456,dbAMP_19066,Escherichia coli,Negative
6457,dbAMP_19066,Pseudomonas aeruginosa,Negative
6458,dbAMP_19066,Salmonella enterica,Negative
6459,dbAMP_19066,Staphylococcus aureus,Negative
6460,dbAMP_19067,Bacillus cereus,Negative
6461,dbAMP_19067,Bacillus subtilis,Negative
6462,dbAMP_19067,Enterococcus faecalis,Negative
6463,dbAMP_19067,Enterococcus faecium,Negative
6464,dbAMP_19067,Escherichia coli,Negative
6465,dbAMP_19067,Pseudomonas aeruginosa,Negative
6466,dbAMP_19067,Salmonella enterica,Negative
6467,dbAMP_19067,Staphylococcus aureus,Negative
6468,dbAMP_19069,Acinetobacter baumannii,Negative
6469,dbAMP_19069,Enterobacter cloacae,Negative
6470,dbAMP_19069,Klebsiella pneumoniae,Negative
6471,dbAMP_19077,Escherichia coli,Negative
6472,dbAMP_19078,Bacillus subtilis,Negative
6473,dbAMP_19078,Escherichia coli,Negative
6474,dbAMP_19082,Escherichia coli,Negative
6475,dbAMP_19083,Escherichia coli,Negative
6476,dbAMP_19084,Bacillus subtilis,Negative
6477,dbAMP_19084,Escherichia coli,Negative
6478,dbAMP_19086,Escherichia coli,Negative
6479,dbAMP_19087,Escherichia coli,Negative
6480,dbAMP_19090,Enterobacter cloacae,Negative
6481,dbAMP_19090,Klebsiella pneumoniae,Negative
6482,dbAMP_19090,Staphylococcus aureus,Negative
6483,dbAMP_19091,Escherichia coli,Negative
6484,dbAMP_19093,Escherichia coli,Negative
6485,dbAMP_19097,Escherichia coli,Negative
6486,dbAMP_19101,Bacillus subtilis,Negative
6487,dbAMP_19101,Escherichia coli,Negative
6488,dbAMP_19103,Enterococcus faecalis,Negative
6489,dbAMP_19103,Staphylococcus aureus,Negative
6490,dbAMP_19104,Enterococcus faecalis,Negative
6491,dbAMP_19104,Staphylococcus aureus,Negative
6492,dbAMP_19105,Bacillus subtilis,Negative
6493,dbAMP_19105,Escherichia coli,Negative
6494,dbAMP_19110,Acinetobacter baumannii,Negative
6495,dbAMP_19110,Pseudomonas aeruginosa,Negative
6496,dbAMP_19114,Candida albicans,Negative
6497,dbAMP_19114,Staphylococcus aureus,Negative
6498,dbAMP_19114,Staphylococcus epidermidis,Negative
6499,dbAMP_19124,Escherichia coli,Negative
6500,dbAMP_19124,Salmonella enterica,Negative
6501,dbAMP_19125,Escherichia coli,Negative
6502,dbAMP_19125,Listeria monocytogenes,Negative
6503,dbAMP_19125,Salmonella enterica,Negative
6504,dbAMP_19126,Escherichia coli,Negative
6505,dbAMP_19126,Pseudomonas aeruginosa,Negative
6506,dbAMP_19145,Staphylococcus epidermidis,Negative
6507,dbAMP_19157,Salmonella enterica,Negative
6508,dbAMP_19160,Pseudomonas aeruginosa,Negative
6509,dbAMP_19160,Staphylococcus aureus,Negative
6510,dbAMP_19160,Staphylococcus epidermidis,Negative
6511,dbAMP_19161,Klebsiella pneumoniae,Negative
6512,dbAMP_19161,Pseudomonas aeruginosa,Negative
6513,dbAMP_19163,Pseudomonas aeruginosa,Negative
6514,dbAMP_19164,Escherichia coli,Negative
6515,dbAMP_19164,Staphylococcus aureus,Negative
6516,dbAMP_19166,Staphylococcus aureus,Negative
6517,dbAMP_19188,Escherichia coli,Negative
6518,dbAMP_19191,Enterococcus faecalis,Negative
6519,dbAMP_19191,Pseudomonas aeruginosa,Negative
6520,dbAMP_19191,Staphylococcus aureus,Negative
6521,dbAMP_19192,Klebsiella pneumoniae,Negative
6522,dbAMP_19192,Staphylococcus aureus,Negative
6523,dbAMP_19213,Bacillus subtilis,Negative
6524,dbAMP_19213,Klebsiella pneumoniae,Negative
6525,dbAMP_19213,Pseudomonas aeruginosa,Negative
6526,dbAMP_19213,Salmonella enterica,Negative
6527,dbAMP_19213,Staphylococcus aureus,Negative
6528,dbAMP_19214,Bacillus subtilis,Negative
6529,dbAMP_19214,Enterococcus faecalis,Negative
6530,dbAMP_19214,Enterococcus faecium,Negative
6531,dbAMP_19214,Escherichia coli,Negative
6532,dbAMP_19214,Klebsiella pneumoniae,Negative
6533,dbAMP_19214,Pseudomonas aeruginosa,Negative
6534,dbAMP_19214,Salmonella enterica,Negative
6535,dbAMP_19214,Staphylococcus aureus,Negative
6536,dbAMP_19218,Enterococcus faecalis,Negative
6537,dbAMP_19218,Salmonella enterica,Negative
6538,dbAMP_19219,Candida albicans,Negative
6539,dbAMP_19219,Enterococcus faecalis,Negative
6540,dbAMP_19219,Klebsiella pneumoniae,Negative
6541,dbAMP_19219,Staphylococcus aureus,Negative
6542,dbAMP_19224,Acinetobacter baumannii,Negative
6543,dbAMP_19224,Enterococcus faecium,Negative
6544,dbAMP_19224,Pseudomonas aeruginosa,Negative
6545,dbAMP_19224,Staphylococcus aureus,Negative
6546,dbAMP_19224,Staphylococcus epidermidis,Negative
6547,dbAMP_19229,Staphylococcus aureus,Negative
6548,dbAMP_19232,Candida albicans,Negative
6549,dbAMP_19232,Escherichia coli,Negative
6550,dbAMP_19232,Pseudomonas aeruginosa,Negative
6551,dbAMP_19232,Staphylococcus aureus,Negative
6552,dbAMP_19240,Bacillus megaterium,Negative
6553,dbAMP_19240,Salmonella enterica,Negative
6554,dbAMP_19240,Staphylococcus aureus,Negative
6555,dbAMP_19246,Escherichia coli,Negative
6556,dbAMP_19246,Pseudomonas aeruginosa,Negative
6557,dbAMP_19246,Staphylococcus aureus,Negative
6558,dbAMP_19247,Staphylococcus aureus,Negative
6559,dbAMP_19248,Staphylococcus aureus,Negative
6560,dbAMP_19253,Bacillus subtilis,Negative
6561,dbAMP_19253,Enterococcus faecalis,Negative
6562,dbAMP_19253,Staphylococcus aureus,Negative
6563,dbAMP_19255,Bacillus subtilis,Negative
6564,dbAMP_19255,Enterococcus faecalis,Negative
6565,dbAMP_19255,Staphylococcus aureus,Negative
6566,dbAMP_19265,Bacillus subtilis,Negative
6567,dbAMP_19265,Enterococcus faecalis,Negative
6568,dbAMP_19265,Staphylococcus aureus,Negative
6569,dbAMP_19267,Acinetobacter baumannii,Negative
6570,dbAMP_19267,Bacillus subtilis,Negative
6571,dbAMP_19267,Enterococcus faecalis,Negative
6572,dbAMP_19267,Escherichia coli,Negative
6573,dbAMP_19267,Pseudomonas aeruginosa,Negative
6574,dbAMP_19267,Salmonella enterica,Negative
6575,dbAMP_19267,Staphylococcus aureus,Negative
6576,dbAMP_19281,Acinetobacter baumannii,Negative
6577,dbAMP_19281,Escherichia coli,Negative
6578,dbAMP_19281,Klebsiella pneumoniae,Negative
6579,dbAMP_19281,Pseudomonas aeruginosa,Negative
6580,dbAMP_19281,Salmonella enterica,Negative
6581,dbAMP_19281,Staphylococcus aureus,Negative
6582,dbAMP_19281,Staphylococcus epidermidis,Negative
6583,dbAMP_19286,Enterococcus faecalis,Negative
6584,dbAMP_19293,Pseudomonas aeruginosa,Negative
6585,dbAMP_19298,Candida albicans,Negative
6586,dbAMP_19298,Enterobacter cloacae,Negative
6587,dbAMP_19298,Escherichia coli,Negative
6588,dbAMP_19298,Pseudomonas aeruginosa,Negative
6589,dbAMP_19298,Staphylococcus aureus,Negative
6590,dbAMP_19301,Candida albicans,Negative
6591,dbAMP_19313,Escherichia coli,Negative
6592,dbAMP_19315,Escherichia coli,Negative
6593,dbAMP_19315,Pseudomonas aeruginosa,Negative
6594,dbAMP_19315,Staphylococcus aureus,Negative
6595,dbAMP_19317,Escherichia coli,Negative
6596,dbAMP_19317,Pseudomonas aeruginosa,Negative
6597,dbAMP_19317,Staphylococcus aureus,Negative
6598,dbAMP_19318,Escherichia coli,Negative
6599,dbAMP_19318,Pseudomonas aeruginosa,Negative
6600,dbAMP_19318,Staphylococcus aureus,Negative
6601,dbAMP_19322,Escherichia coli,Negative
6602,dbAMP_19322,Salmonella enterica,Negative
6603,dbAMP_19328,Escherichia coli,Negative
6604,dbAMP_19331,Escherichia coli,Negative
6605,dbAMP_19332,Escherichia coli,Negative
6606,dbAMP_19334,Escherichia coli,Negative
6607,dbAMP_19335,Bacillus cereus,Negative
6608,dbAMP_19335,Escherichia coli,Negative
6609,dbAMP_19335,Listeria monocytogenes,Negative
6610,dbAMP_19335,Pseudomonas aeruginosa,Negative
6611,dbAMP_19335,Salmonella enterica,Negative
6612,dbAMP_19335,Staphylococcus aureus,Negative
6613,dbAMP_19353,Candida albicans,Negative
6614,dbAMP_19353,Escherichia coli,Negative
6615,dbAMP_19353,Klebsiella pneumoniae,Negative
6616,dbAMP_19353,Staphylococcus aureus,Negative
6617,dbAMP_19354,Candida albicans,Negative
6618,dbAMP_19354,Escherichia coli,Negative
6619,dbAMP_19354,Klebsiella pneumoniae,Negative
6620,dbAMP_19354,Staphylococcus aureus,Negative
6621,dbAMP_19355,Candida albicans,Negative
6622,dbAMP_19355,Escherichia coli,Negative
6623,dbAMP_19355,Klebsiella pneumoniae,Negative
6624,dbAMP_19355,Staphylococcus aureus,Negative
6625,dbAMP_19356,Candida albicans,Negative
6626,dbAMP_19356,Escherichia coli,Negative
6627,dbAMP_19356,Klebsiella pneumoniae,Negative
6628,dbAMP_19356,Staphylococcus aureus,Negative
6629,dbAMP_19364,Candida albicans,Negative
6630,dbAMP_19364,Escherichia coli,Negative
6631,dbAMP_19364,Pseudomonas aeruginosa,Negative
6632,dbAMP_19364,Salmonella enterica,Negative
6633,dbAMP_19364,Staphylococcus aureus,Negative
6634,dbAMP_19369,Escherichia coli,Negative
6635,dbAMP_19369,Micrococcus luteus,Negative
6636,dbAMP_19369,Salmonella enterica,Negative
6637,dbAMP_19369,Staphylococcus aureus,Negative
6638,dbAMP_19370,Escherichia coli,Negative
6639,dbAMP_19370,Staphylococcus aureus,Negative
6640,dbAMP_19377,Candida albicans,Negative
6641,dbAMP_19378,Candida albicans,Negative
6642,dbAMP_19379,Candida albicans,Negative
6643,dbAMP_19380,Candida albicans,Negative
6644,dbAMP_19380,Candida parapsilosis,Negative
6645,dbAMP_19380,Enterococcus faecalis,Negative
6646,dbAMP_19380,Klebsiella pneumoniae,Negative
6647,dbAMP_19380,Staphylococcus aureus,Negative
6648,dbAMP_19387,Bacillus subtilis,Negative
6649,dbAMP_19387,Escherichia coli,Negative
6650,dbAMP_19388,Escherichia coli,Negative
6651,dbAMP_19389,Escherichia coli,Negative
6652,dbAMP_19415,Acinetobacter baumannii,Negative
6653,dbAMP_19415,Klebsiella pneumoniae,Negative
6654,dbAMP_19415,Pseudomonas aeruginosa,Negative
6655,dbAMP_19415,Staphylococcus aureus,Negative
6656,dbAMP_19423,Pseudomonas aeruginosa,Negative
6657,dbAMP_19423,Staphylococcus aureus,Negative
6658,dbAMP_19431,Klebsiella pneumoniae,Negative
6659,dbAMP_19529,Micrococcus luteus,Negative
6660,dbAMP_19531,Bacillus cereus,Negative
6661,dbAMP_19531,Staphylococcus aureus,Negative
6662,dbAMP_19532,Staphylococcus aureus,Negative
6663,dbAMP_19533,Bacillus cereus,Negative
6664,dbAMP_19533,Staphylococcus aureus,Negative
6665,dbAMP_19534,Bacillus cereus,Negative
6666,dbAMP_19534,Listeria monocytogenes,Negative
6667,dbAMP_19534,Salmonella enterica,Negative
6668,dbAMP_19534,Staphylococcus aureus,Negative
6669,dbAMP_19538,Staphylococcus epidermidis,Negative
6670,dbAMP_19540,Salmonella enterica,Negative
6671,dbAMP_19540,Staphylococcus aureus,Negative
6672,dbAMP_19540,Staphylococcus epidermidis,Negative
6673,dbAMP_19543,Bacillus subtilis,Negative
6674,dbAMP_19543,Escherichia coli,Negative
6675,dbAMP_19543,Staphylococcus aureus,Negative
6676,dbAMP_19543,Staphylococcus epidermidis,Negative
6677,dbAMP_19544,Bacillus subtilis,Negative
6678,dbAMP_19544,Escherichia coli,Negative
6679,dbAMP_19544,Staphylococcus aureus,Negative
6680,dbAMP_19544,Staphylococcus epidermidis,Negative
6681,dbAMP_19551,Bacillus subtilis,Negative
6682,dbAMP_19551,Candida albicans,Negative
6683,dbAMP_19552,Candida albicans,Negative
6684,dbAMP_19552,Pseudomonas aeruginosa,Negative
6685,dbAMP_19561,Bacillus subtilis,Negative
6686,dbAMP_19561,Escherichia coli,Negative
6687,dbAMP_19561,Micrococcus luteus,Negative
6688,dbAMP_19561,Pseudomonas aeruginosa,Negative
6689,dbAMP_19561,Staphylococcus aureus,Negative
6690,dbAMP_19565,Candida albicans,Negative
6691,dbAMP_19565,Candida parapsilosis,Negative
6692,dbAMP_19565,Escherichia coli,Negative
6693,dbAMP_19565,Staphylococcus aureus,Negative
6694,dbAMP_19566,Candida albicans,Negative
6695,dbAMP_19566,Candida parapsilosis,Negative
6696,dbAMP_19566,Escherichia coli,Negative
6697,dbAMP_19566,Staphylococcus aureus,Negative
6698,dbAMP_19569,Candida albicans,Negative
6699,dbAMP_19569,Candida parapsilosis,Negative
6700,dbAMP_19572,Candida albicans,Negative
6701,dbAMP_19572,Candida parapsilosis,Negative
6702,dbAMP_19572,Escherichia coli,Negative
6703,dbAMP_19572,Staphylococcus aureus,Negative
6704,dbAMP_19573,Candida albicans,Negative
6705,dbAMP_19573,Candida parapsilosis,Negative
6706,dbAMP_19573,Escherichia coli,Negative
6707,dbAMP_19573,Staphylococcus aureus,Negative
6708,dbAMP_19574,Candida albicans,Negative
6709,dbAMP_19574,Candida parapsilosis,Negative
6710,dbAMP_19574,Escherichia coli,Negative
6711,dbAMP_19574,Staphylococcus aureus,Negative
6712,dbAMP_19579,Acinetobacter baumannii,Negative
6713,dbAMP_19579,Enterobacter cloacae,Negative
6714,dbAMP_19579,Klebsiella pneumoniae,Negative
6715,dbAMP_19580,Acinetobacter baumannii,Negative
6716,dbAMP_19580,Escherichia coli,Negative
6717,dbAMP_19580,Klebsiella pneumoniae,Negative
6718,dbAMP_19580,Pseudomonas aeruginosa,Negative
6719,dbAMP_19580,Staphylococcus aureus,Negative
6720,dbAMP_19582,Acinetobacter baumannii,Negative
6721,dbAMP_19582,Escherichia coli,Negative
6722,dbAMP_19582,Klebsiella pneumoniae,Negative
6723,dbAMP_19582,Pseudomonas aeruginosa,Negative
6724,dbAMP_19582,Staphylococcus aureus,Negative
6725,dbAMP_19583,Acinetobacter baumannii,Negative
6726,dbAMP_19583,Escherichia coli,Negative
6727,dbAMP_19583,Klebsiella pneumoniae,Negative
6728,dbAMP_19583,Pseudomonas aeruginosa,Negative
6729,dbAMP_19583,Staphylococcus aureus,Negative
6730,dbAMP_19588,Enterobacter cloacae,Negative
6731,dbAMP_19596,Candida albicans,Negative
6732,dbAMP_19596,Escherichia coli,Negative
6733,dbAMP_19596,Pseudomonas aeruginosa,Negative
6734,dbAMP_19596,Staphylococcus aureus,Negative
6735,dbAMP_19597,Candida albicans,Negative
6736,dbAMP_19597,Escherichia coli,Negative
6737,dbAMP_19597,Pseudomonas aeruginosa,Negative
6738,dbAMP_19598,Staphylococcus aureus,Negative
6739,dbAMP_19599,Staphylococcus aureus,Negative
6740,dbAMP_19601,Staphylococcus aureus,Negative
6741,dbAMP_19602,Staphylococcus aureus,Negative
6742,dbAMP_19604,Staphylococcus aureus,Negative
6743,dbAMP_19605,Staphylococcus aureus,Negative
6744,dbAMP_19625,Candida albicans,Negative
6745,dbAMP_19625,Enterococcus faecalis,Negative
6746,dbAMP_19625,Escherichia coli,Negative
6747,dbAMP_19625,Pseudomonas aeruginosa,Negative
6748,dbAMP_19625,Staphylococcus epidermidis,Negative
6749,dbAMP_19626,Candida albicans,Negative
6750,dbAMP_19626,Enterococcus faecalis,Negative
6751,dbAMP_19626,Escherichia coli,Negative
6752,dbAMP_19626,Pseudomonas aeruginosa,Negative
6753,dbAMP_19626,Staphylococcus epidermidis,Negative
6754,dbAMP_19627,Candida albicans,Negative
6755,dbAMP_19627,Enterococcus faecalis,Negative
6756,dbAMP_19627,Escherichia coli,Negative
6757,dbAMP_19627,Pseudomonas aeruginosa,Negative
6758,dbAMP_19627,Staphylococcus epidermidis,Negative
6759,dbAMP_19637,Acinetobacter baumannii,Negative
6760,dbAMP_19637,Enterococcus faecium,Negative
6761,dbAMP_19637,Escherichia coli,Negative
6762,dbAMP_19637,Klebsiella pneumoniae,Negative
6763,dbAMP_19637,Pseudomonas aeruginosa,Negative
6764,dbAMP_19637,Staphylococcus aureus,Negative
6765,dbAMP_19639,Escherichia coli,Negative
6766,dbAMP_19639,Pseudomonas aeruginosa,Negative
6767,dbAMP_19639,Staphylococcus aureus,Negative
6768,dbAMP_19659,Acinetobacter baumannii,Negative
6769,dbAMP_19663,Enterococcus faecalis,Negative
6770,dbAMP_19663,Staphylococcus aureus,Negative
6771,dbAMP_19666,Staphylococcus aureus,Negative
6772,dbAMP_19694,Candida albicans,Negative
6773,dbAMP_19694,Enterococcus faecalis,Negative
6774,dbAMP_19694,Escherichia coli,Negative
6775,dbAMP_19694,Klebsiella pneumoniae,Negative
6776,dbAMP_19694,Pseudomonas aeruginosa,Negative
6777,dbAMP_19694,Staphylococcus aureus,Negative
6778,dbAMP_19696,Candida albicans,Negative
6779,dbAMP_19696,Enterococcus faecalis,Negative
6780,dbAMP_19696,Escherichia coli,Negative
6781,dbAMP_19696,Klebsiella pneumoniae,Negative
6782,dbAMP_19696,Pseudomonas aeruginosa,Negative
6783,dbAMP_19696,Staphylococcus aureus,Negative
6784,dbAMP_19697,Klebsiella pneumoniae,Negative
6785,dbAMP_19698,Candida albicans,Negative
6786,dbAMP_19698,Klebsiella pneumoniae,Negative
6787,dbAMP_19699,Candida albicans,Negative
6788,dbAMP_19699,Klebsiella pneumoniae,Negative
6789,dbAMP_19701,Candida albicans,Negative
6790,dbAMP_19701,Enterococcus faecalis,Negative
6791,dbAMP_19701,Escherichia coli,Negative
6792,dbAMP_19701,Pseudomonas aeruginosa,Negative
6793,dbAMP_19701,Staphylococcus aureus,Negative
6794,dbAMP_19702,Candida albicans,Negative
6795,dbAMP_19702,Enterococcus faecalis,Negative
6796,dbAMP_19702,Escherichia coli,Negative
6797,dbAMP_19702,Pseudomonas aeruginosa,Negative
6798,dbAMP_19702,Staphylococcus aureus,Negative
6799,dbAMP_19703,Candida albicans,Negative
6800,dbAMP_19703,Pseudomonas aeruginosa,Negative
6801,dbAMP_19704,Candida albicans,Negative
6802,dbAMP_19704,Enterococcus faecalis,Negative
6803,dbAMP_19704,Escherichia coli,Negative
6804,dbAMP_19704,Pseudomonas aeruginosa,Negative
6805,dbAMP_19704,Staphylococcus aureus,Negative
6806,dbAMP_19706,Candida albicans,Negative
6807,dbAMP_19706,Enterococcus faecalis,Negative
6808,dbAMP_19706,Escherichia coli,Negative
6809,dbAMP_19706,Pseudomonas aeruginosa,Negative
6810,dbAMP_19706,Staphylococcus aureus,Negative
6811,dbAMP_19707,Candida albicans,Negative
6812,dbAMP_19707,Enterococcus faecalis,Negative
6813,dbAMP_19707,Escherichia coli,Negative
6814,dbAMP_19707,Pseudomonas aeruginosa,Negative
6815,dbAMP_19707,Staphylococcus aureus,Negative
6816,dbAMP_19708,Candida albicans,Negative
6817,dbAMP_19708,Enterococcus faecalis,Negative
6818,dbAMP_19708,Escherichia coli,Negative
6819,dbAMP_19708,Pseudomonas aeruginosa,Negative
6820,dbAMP_19708,Staphylococcus aureus,Negative
6821,dbAMP_19711,Enterococcus faecalis,Negative
6822,dbAMP_19711,Escherichia coli,Negative
6823,dbAMP_19711,Pseudomonas aeruginosa,Negative
6824,dbAMP_19712,Candida albicans,Negative
6825,dbAMP_19712,Enterococcus faecalis,Negative
6826,dbAMP_19712,Escherichia coli,Negative
6827,dbAMP_19712,Pseudomonas aeruginosa,Negative
6828,dbAMP_19712,Staphylococcus aureus,Negative
6829,dbAMP_19716,Acinetobacter baumannii,Negative
6830,dbAMP_19716,Candida albicans,Negative
6831,dbAMP_19716,Klebsiella pneumoniae,Negative
6832,dbAMP_19716,Pseudomonas aeruginosa,Negative
6833,dbAMP_19718,Candida albicans,Negative
6834,dbAMP_19718,Pseudomonas aeruginosa,Negative
6835,dbAMP_19718,Staphylococcus aureus,Negative
6836,dbAMP_19719,Acinetobacter baumannii,Negative
6837,dbAMP_19719,Candida albicans,Negative
6838,dbAMP_19719,Klebsiella pneumoniae,Negative
6839,dbAMP_19719,Pseudomonas aeruginosa,Negative
6840,dbAMP_19719,Staphylococcus aureus,Negative
6841,dbAMP_19720,Acinetobacter baumannii,Negative
6842,dbAMP_19720,Candida albicans,Negative
6843,dbAMP_19720,Klebsiella pneumoniae,Negative
6844,dbAMP_19720,Pseudomonas aeruginosa,Negative
6845,dbAMP_19721,Acinetobacter baumannii,Negative
6846,dbAMP_19721,Candida albicans,Negative
6847,dbAMP_19721,Klebsiella pneumoniae,Negative
6848,dbAMP_19721,Pseudomonas aeruginosa,Negative
6849,dbAMP_19721,Staphylococcus aureus,Negative
6850,dbAMP_19723,Acinetobacter baumannii,Negative
6851,dbAMP_19723,Candida albicans,Negative
6852,dbAMP_19723,Enterococcus faecium,Negative
6853,dbAMP_19723,Klebsiella pneumoniae,Negative
6854,dbAMP_19723,Pseudomonas aeruginosa,Negative
6855,dbAMP_19723,Staphylococcus aureus,Negative
6856,dbAMP_19734,Candida albicans,Negative
6857,dbAMP_19734,Klebsiella pneumoniae,Negative
6858,dbAMP_19734,Listeria monocytogenes,Negative
6859,dbAMP_19734,Pseudomonas aeruginosa,Negative
6860,dbAMP_19747,Escherichia coli,Negative
6861,dbAMP_19750,Escherichia coli,Negative
6862,dbAMP_19750,Staphylococcus aureus,Negative
6863,dbAMP_19751,Escherichia coli,Negative
6864,dbAMP_19751,Staphylococcus aureus,Negative
6865,dbAMP_19753,Escherichia coli,Negative
6866,dbAMP_19753,Staphylococcus aureus,Negative
6867,dbAMP_19755,Escherichia coli,Negative
6868,dbAMP_19755,Staphylococcus aureus,Negative
6869,dbAMP_19756,Escherichia coli,Negative
6870,dbAMP_19756,Staphylococcus aureus,Negative
6871,dbAMP_19757,Escherichia coli,Negative
6872,dbAMP_19757,Staphylococcus aureus,Negative
6873,dbAMP_19771,Pseudomonas aeruginosa,Negative
6874,dbAMP_19772,Candida albicans,Negative
6875,dbAMP_19773,Candida albicans,Negative
6876,dbAMP_19784,Candida albicans,Negative
6877,dbAMP_19784,Escherichia coli,Negative
6878,dbAMP_19784,Pseudomonas aeruginosa,Negative
6879,dbAMP_19784,Staphylococcus aureus,Negative
6880,dbAMP_19793,Candida albicans,Negative
6881,dbAMP_19793,Pseudomonas aeruginosa,Negative
6882,dbAMP_19793,Staphylococcus aureus,Negative
6883,dbAMP_19796,Candida albicans,Negative
6884,dbAMP_19796,Pseudomonas aeruginosa,Negative
6885,dbAMP_19796,Staphylococcus aureus,Negative
6886,dbAMP_19806,Candida albicans,Negative
6887,dbAMP_19806,Pseudomonas aeruginosa,Negative
6888,dbAMP_19806,Staphylococcus aureus,Negative
6889,dbAMP_19810,Acinetobacter baumannii,Negative
6890,dbAMP_19810,Escherichia coli,Negative
6891,dbAMP_19810,Staphylococcus aureus,Negative
6892,dbAMP_19825,Escherichia coli,Negative
6893,dbAMP_19825,Pseudomonas aeruginosa,Negative
6894,dbAMP_19825,Staphylococcus aureus,Negative
6895,dbAMP_19826,Staphylococcus aureus,Negative
6896,dbAMP_19835,Candida albicans,Negative
6897,dbAMP_19835,Cryptococcus neoformans,Negative
6898,dbAMP_19835,Klebsiella pneumoniae,Negative
6899,dbAMP_19835,Salmonella enterica,Negative
6900,dbAMP_19839,Staphylococcus aureus,Negative
6901,dbAMP_19844,Escherichia coli,Negative
6902,dbAMP_19844,Pseudomonas aeruginosa,Negative
6903,dbAMP_19844,Staphylococcus aureus,Negative
6904,dbAMP_19845,Escherichia coli,Negative
6905,dbAMP_19845,Pseudomonas aeruginosa,Negative
6906,dbAMP_19845,Staphylococcus aureus,Negative
6907,dbAMP_19846,Escherichia coli,Negative
6908,dbAMP_19846,Pseudomonas aeruginosa,Negative
6909,dbAMP_19846,Staphylococcus aureus,Negative
6910,dbAMP_19847,Escherichia coli,Negative
6911,dbAMP_19847,Pseudomonas aeruginosa,Negative
6912,dbAMP_19847,Staphylococcus aureus,Negative
6913,dbAMP_19848,Escherichia coli,Negative
6914,dbAMP_19848,Pseudomonas aeruginosa,Negative
6915,dbAMP_19848,Staphylococcus aureus,Negative
6916,dbAMP_19849,Escherichia coli,Negative
6917,dbAMP_19849,Pseudomonas aeruginosa,Negative
6918,dbAMP_19849,Staphylococcus aureus,Negative
6919,dbAMP_19850,Escherichia coli,Negative
6920,dbAMP_19850,Pseudomonas aeruginosa,Negative
6921,dbAMP_19850,Staphylococcus aureus,Negative
6922,dbAMP_19866,Enterococcus faecalis,Negative
6923,dbAMP_19868,Enterococcus faecalis,Negative
6924,dbAMP_19868,Staphylococcus aureus,Negative
6925,dbAMP_19868,Staphylococcus epidermidis,Negative
6926,dbAMP_19869,Enterococcus faecalis,Negative
6927,dbAMP_19869,Escherichia coli,Negative
6928,dbAMP_19869,Salmonella enterica,Negative
6929,dbAMP_19869,Staphylococcus aureus,Negative
6930,dbAMP_19869,Staphylococcus epidermidis,Negative
6931,dbAMP_19870,Enterococcus faecalis,Negative
6932,dbAMP_19870,Salmonella enterica,Negative
6933,dbAMP_19870,Staphylococcus aureus,Negative
6934,dbAMP_19870,Staphylococcus epidermidis,Negative
6935,dbAMP_20098,Escherichia coli,Negative
6936,dbAMP_20101,Staphylococcus epidermidis,Negative
6937,dbAMP_20102,Staphylococcus epidermidis,Negative
6938,dbAMP_20103,Staphylococcus epidermidis,Negative
6939,dbAMP_20104,Staphylococcus epidermidis,Negative
6940,dbAMP_20106,Staphylococcus epidermidis,Negative
6941,dbAMP_20108,Staphylococcus epidermidis,Negative
6942,dbAMP_20118,Staphylococcus aureus,Negative
6943,dbAMP_20119,Candida albicans,Negative
6944,dbAMP_20119,Enterococcus faecium,Negative
6945,dbAMP_20119,Listeria monocytogenes,Negative
6946,dbAMP_20119,Pseudomonas aeruginosa,Negative
6947,dbAMP_20119,Staphylococcus aureus,Negative
6948,dbAMP_20119,Staphylococcus epidermidis,Negative
6949,dbAMP_20120,Candida albicans,Negative
6950,dbAMP_20120,Enterococcus faecium,Negative
6951,dbAMP_20120,Listeria monocytogenes,Negative
6952,dbAMP_20120,Pseudomonas aeruginosa,Negative
6953,dbAMP_20120,Staphylococcus aureus,Negative
6954,dbAMP_20120,Staphylococcus epidermidis,Negative
6955,dbAMP_20128,Acinetobacter baumannii,Negative
6956,dbAMP_20128,Candida albicans,Negative
6957,dbAMP_20128,Enterococcus faecium,Negative
6958,dbAMP_20128,Escherichia coli,Negative
6959,dbAMP_20128,Klebsiella pneumoniae,Negative
6960,dbAMP_20128,Listeria monocytogenes,Negative
6961,dbAMP_20128,Pseudomonas aeruginosa,Negative
6962,dbAMP_20128,Staphylococcus aureus,Negative
6963,dbAMP_20128,Staphylococcus epidermidis,Negative
6964,dbAMP_20131,Acinetobacter baumannii,Negative
6965,dbAMP_20131,Candida albicans,Negative
6966,dbAMP_20131,Enterococcus faecium,Negative
6967,dbAMP_20131,Escherichia coli,Negative
6968,dbAMP_20131,Klebsiella pneumoniae,Negative
6969,dbAMP_20131,Listeria monocytogenes,Negative
6970,dbAMP_20131,Micrococcus luteus,Negative
6971,dbAMP_20131,Pseudomonas aeruginosa,Negative
6972,dbAMP_20131,Staphylococcus aureus,Negative
6973,dbAMP_20131,Staphylococcus epidermidis,Negative
6974,dbAMP_20132,Acinetobacter baumannii,Negative
6975,dbAMP_20132,Candida albicans,Negative
6976,dbAMP_20132,Enterococcus faecium,Negative
6977,dbAMP_20132,Escherichia coli,Negative
6978,dbAMP_20132,Pseudomonas aeruginosa,Negative
6979,dbAMP_20132,Staphylococcus epidermidis,Negative
6980,dbAMP_20247,Staphylococcus aureus,Negative
6981,dbAMP_20249,Staphylococcus aureus,Negative
6982,dbAMP_20257,Bacillus subtilis,Negative
6983,dbAMP_20257,Escherichia coli,Negative
6984,dbAMP_20271,Bacillus subtilis,Negative
6985,dbAMP_20271,Escherichia coli,Negative
6986,dbAMP_20272,Candida albicans,Negative
6987,dbAMP_20272,Klebsiella pneumoniae,Negative
6988,dbAMP_20272,Pseudomonas aeruginosa,Negative
6989,dbAMP_20274,Acinetobacter baumannii,Negative
6990,dbAMP_20274,Candida albicans,Negative
6991,dbAMP_20274,Escherichia coli,Negative
6992,dbAMP_20274,Klebsiella pneumoniae,Negative
6993,dbAMP_20274,Pseudomonas aeruginosa,Negative
6994,dbAMP_20276,Acinetobacter baumannii,Negative
6995,dbAMP_20276,Candida albicans,Negative
6996,dbAMP_20276,Cryptococcus neoformans,Negative
6997,dbAMP_20276,Escherichia coli,Negative
6998,dbAMP_20276,Klebsiella pneumoniae,Negative
6999,dbAMP_20276,Pseudomonas aeruginosa,Negative
7000,dbAMP_20276,Staphylococcus aureus,Negative
7001,dbAMP_20278,Staphylococcus aureus,Negative
7002,dbAMP_20283,Escherichia coli,Negative
7003,dbAMP_20283,Pseudomonas aeruginosa,Negative
7004,dbAMP_20283,Staphylococcus aureus,Negative
7005,dbAMP_20283,Staphylococcus epidermidis,Negative
7006,dbAMP_20286,Staphylococcus epidermidis,Negative
7007,dbAMP_20308,Escherichia coli,Negative
7008,dbAMP_20308,Pseudomonas aeruginosa,Negative
7009,dbAMP_20309,Pseudomonas aeruginosa,Negative
7010,dbAMP_20310,Escherichia coli,Negative
7011,dbAMP_20310,Pseudomonas aeruginosa,Negative
7012,dbAMP_20312,Escherichia coli,Negative
7013,dbAMP_20312,Pseudomonas aeruginosa,Negative
7014,dbAMP_20313,Escherichia coli,Negative
7015,dbAMP_20313,Pseudomonas aeruginosa,Negative
7016,dbAMP_20315,Escherichia coli,Negative
7017,dbAMP_20315,Pseudomonas aeruginosa,Negative
7018,dbAMP_20316,Escherichia coli,Negative
7019,dbAMP_20316,Pseudomonas aeruginosa,Negative
7020,dbAMP_20317,Escherichia coli,Negative
7021,dbAMP_20317,Pseudomonas aeruginosa,Negative
7022,dbAMP_20318,Pseudomonas aeruginosa,Negative
7023,dbAMP_20320,Escherichia coli,Negative
7024,dbAMP_20320,Pseudomonas aeruginosa,Negative
7025,dbAMP_20321,Staphylococcus epidermidis,Negative
7026,dbAMP_20332,Escherichia coli,Negative
7027,dbAMP_20332,Pseudomonas aeruginosa,Negative
7028,dbAMP_20333,Bacillus subtilis,Negative
7029,dbAMP_20333,Escherichia coli,Negative
7030,dbAMP_20333,Pseudomonas aeruginosa,Negative
7031,dbAMP_20333,Salmonella enterica,Negative
7032,dbAMP_20333,Staphylococcus aureus,Negative
7033,dbAMP_20333,Staphylococcus epidermidis,Negative
7034,dbAMP_20335,Bacillus subtilis,Negative
7035,dbAMP_20335,Escherichia coli,Negative
7036,dbAMP_20335,Pseudomonas aeruginosa,Negative
7037,dbAMP_20335,Salmonella enterica,Negative
7038,dbAMP_20335,Staphylococcus aureus,Negative
7039,dbAMP_20335,Staphylococcus epidermidis,Negative
7040,dbAMP_20344,Pseudomonas aeruginosa,Negative
7041,dbAMP_20344,Staphylococcus aureus,Negative
7042,dbAMP_20347,Staphylococcus aureus,Negative
7043,dbAMP_20348,Staphylococcus aureus,Negative
7044,dbAMP_20351,Pseudomonas aeruginosa,Negative
7045,dbAMP_20354,Pseudomonas aeruginosa,Negative
7046,dbAMP_20354,Staphylococcus aureus,Negative
7047,dbAMP_20363,Pseudomonas aeruginosa,Negative
7048,dbAMP_20365,Pseudomonas aeruginosa,Negative
7049,dbAMP_20367,Pseudomonas aeruginosa,Negative
7050,dbAMP_20367,Staphylococcus aureus,Negative
7051,dbAMP_20368,Pseudomonas aeruginosa,Negative
7052,dbAMP_20368,Staphylococcus aureus,Negative
7053,dbAMP_20369,Pseudomonas aeruginosa,Negative
7054,dbAMP_20369,Staphylococcus aureus,Negative
7055,dbAMP_20370,Pseudomonas aeruginosa,Negative
7056,dbAMP_20370,Staphylococcus aureus,Negative
7057,dbAMP_20373,Pseudomonas aeruginosa,Negative
7058,dbAMP_20377,Pseudomonas aeruginosa,Negative
7059,dbAMP_20377,Staphylococcus aureus,Negative
7060,dbAMP_20378,Pseudomonas aeruginosa,Negative
7061,dbAMP_20378,Staphylococcus aureus,Negative
7062,dbAMP_20379,Pseudomonas aeruginosa,Negative
7063,dbAMP_20384,Pseudomonas aeruginosa,Negative
7064,dbAMP_20386,Pseudomonas aeruginosa,Negative
7065,dbAMP_20389,Pseudomonas aeruginosa,Negative
7066,dbAMP_20390,Pseudomonas aeruginosa,Negative
7067,dbAMP_20390,Staphylococcus aureus,Negative
7068,dbAMP_20391,Pseudomonas aeruginosa,Negative
7069,dbAMP_20391,Staphylococcus aureus,Negative
7070,dbAMP_20392,Pseudomonas aeruginosa,Negative
7071,dbAMP_20392,Staphylococcus aureus,Negative
7072,dbAMP_20393,Pseudomonas aeruginosa,Negative
7073,dbAMP_20393,Staphylococcus aureus,Negative
7074,dbAMP_20399,Staphylococcus aureus,Negative
7075,dbAMP_20401,Pseudomonas aeruginosa,Negative
7076,dbAMP_20401,Staphylococcus aureus,Negative
7077,dbAMP_20402,Pseudomonas aeruginosa,Negative
7078,dbAMP_20402,Staphylococcus aureus,Negative
7079,dbAMP_20403,Pseudomonas aeruginosa,Negative
7080,dbAMP_20404,Pseudomonas aeruginosa,Negative
7081,dbAMP_20404,Staphylococcus aureus,Negative
7082,dbAMP_20410,Candida albicans,Negative
7083,dbAMP_20410,Enterococcus faecalis,Negative
7084,dbAMP_20410,Escherichia coli,Negative
7085,dbAMP_20410,Pseudomonas aeruginosa,Negative
7086,dbAMP_20411,Pseudomonas aeruginosa,Negative
7087,dbAMP_20413,Escherichia coli,Negative
7088,dbAMP_20413,Klebsiella pneumoniae,Negative
7089,dbAMP_20414,Escherichia coli,Negative
7090,dbAMP_20418,Escherichia coli,Negative
7091,dbAMP_20418,Klebsiella pneumoniae,Negative
7092,dbAMP_20418,Staphylococcus aureus,Negative
7093,dbAMP_20418,Staphylococcus epidermidis,Negative
7094,dbAMP_20420,Klebsiella pneumoniae,Negative
7095,dbAMP_20421,Escherichia coli,Negative
7096,dbAMP_20421,Klebsiella pneumoniae,Negative
7097,dbAMP_20424,Staphylococcus aureus,Negative
7098,dbAMP_20425,Pseudomonas aeruginosa,Negative
7099,dbAMP_20425,Staphylococcus aureus,Negative
7100,dbAMP_20426,Pseudomonas aeruginosa,Negative
7101,dbAMP_20427,Staphylococcus aureus,Negative
7102,dbAMP_20429,Pseudomonas aeruginosa,Negative
7103,dbAMP_20431,Pseudomonas aeruginosa,Negative
7104,dbAMP_20431,Staphylococcus aureus,Negative
7105,dbAMP_20432,Pseudomonas aeruginosa,Negative
7106,dbAMP_20433,Pseudomonas aeruginosa,Negative
7107,dbAMP_20435,Pseudomonas aeruginosa,Negative
7108,dbAMP_20435,Staphylococcus aureus,Negative
7109,dbAMP_20436,Pseudomonas aeruginosa,Negative
7110,dbAMP_20438,Bacillus cereus,Negative
7111,dbAMP_20438,Staphylococcus aureus,Negative
7112,dbAMP_20448,Bacillus subtilis,Negative
7113,dbAMP_20448,Escherichia coli,Negative
7114,dbAMP_20455,Klebsiella pneumoniae,Negative
7115,dbAMP_20466,Bacillus subtilis,Negative
7116,dbAMP_20468,Pseudomonas aeruginosa,Negative
7117,dbAMP_20476,Klebsiella pneumoniae,Negative
7118,dbAMP_20477,Klebsiella pneumoniae,Negative
7119,dbAMP_20479,Cryptococcus neoformans,Negative
7120,dbAMP_20479,Escherichia coli,Negative
7121,dbAMP_20479,Pseudomonas aeruginosa,Negative
7122,dbAMP_20482,Klebsiella pneumoniae,Negative
7123,dbAMP_20482,Pseudomonas aeruginosa,Negative
7124,dbAMP_20483,Candida albicans,Negative
7125,dbAMP_20483,Escherichia coli,Negative
7126,dbAMP_20483,Klebsiella pneumoniae,Negative
7127,dbAMP_20483,Pseudomonas aeruginosa,Negative
7128,dbAMP_20483,Staphylococcus aureus,Negative
7129,dbAMP_20484,Candida albicans,Negative
7130,dbAMP_20484,Escherichia coli,Negative
7131,dbAMP_20484,Klebsiella pneumoniae,Negative
7132,dbAMP_20484,Pseudomonas aeruginosa,Negative
7133,dbAMP_20493,Staphylococcus epidermidis,Negative
7134,dbAMP_20495,Escherichia coli,Negative
7135,dbAMP_20495,Micrococcus luteus,Negative
7136,dbAMP_20495,Staphylococcus epidermidis,Negative
7137,dbAMP_20498,Escherichia coli,Negative
7138,dbAMP_20498,Micrococcus luteus,Negative
7139,dbAMP_20498,Staphylococcus epidermidis,Negative
7140,dbAMP_20499,Escherichia coli,Negative
7141,dbAMP_20501,Escherichia coli,Negative
7142,dbAMP_20502,Escherichia coli,Negative
7143,dbAMP_20504,Escherichia coli,Negative
7144,dbAMP_20505,Escherichia coli,Negative
7145,dbAMP_20505,Micrococcus luteus,Negative
7146,dbAMP_20517,Pseudomonas aeruginosa,Negative
7147,dbAMP_20521,Escherichia coli,Negative
7148,dbAMP_20521,Pseudomonas aeruginosa,Negative
7149,dbAMP_20526,Candida albicans,Negative
7150,dbAMP_20526,Enterococcus faecalis,Negative
7151,dbAMP_20526,Escherichia coli,Negative
7152,dbAMP_20526,Klebsiella pneumoniae,Negative
7153,dbAMP_20526,Pseudomonas aeruginosa,Negative
7154,dbAMP_20526,Staphylococcus aureus,Negative
7155,dbAMP_20527,Candida albicans,Negative
7156,dbAMP_20527,Enterococcus faecalis,Negative
7157,dbAMP_20527,Escherichia coli,Negative
7158,dbAMP_20527,Klebsiella pneumoniae,Negative
7159,dbAMP_20527,Pseudomonas aeruginosa,Negative
7160,dbAMP_20527,Staphylococcus aureus,Negative
7161,dbAMP_20528,Candida albicans,Negative
7162,dbAMP_20528,Enterococcus faecalis,Negative
7163,dbAMP_20528,Klebsiella pneumoniae,Negative
7164,dbAMP_20528,Pseudomonas aeruginosa,Negative
7165,dbAMP_20529,Enterococcus faecalis,Negative
7166,dbAMP_20529,Klebsiella pneumoniae,Negative
7167,dbAMP_20529,Pseudomonas aeruginosa,Negative
7168,dbAMP_20530,Enterococcus faecalis,Negative
7169,dbAMP_20530,Klebsiella pneumoniae,Negative
7170,dbAMP_20530,Pseudomonas aeruginosa,Negative
7171,dbAMP_20531,Enterococcus faecalis,Negative
7172,dbAMP_20531,Pseudomonas aeruginosa,Negative
7173,dbAMP_20533,Enterococcus faecalis,Negative
7174,dbAMP_20533,Pseudomonas aeruginosa,Negative
7175,dbAMP_20534,Enterococcus faecalis,Negative
7176,dbAMP_20534,Pseudomonas aeruginosa,Negative
7177,dbAMP_20561,Escherichia coli,Negative
7178,dbAMP_20562,Escherichia coli,Negative
7179,dbAMP_20564,Staphylococcus aureus,Negative
7180,dbAMP_20566,Escherichia coli,Negative
7181,dbAMP_20566,Staphylococcus aureus,Negative
7182,dbAMP_20567,Escherichia coli,Negative
7183,dbAMP_20567,Staphylococcus aureus,Negative
7184,dbAMP_20568,Staphylococcus aureus,Negative
7185,dbAMP_20571,Escherichia coli,Negative
7186,dbAMP_20571,Pseudomonas aeruginosa,Negative
7187,dbAMP_20571,Staphylococcus aureus,Negative
7188,dbAMP_20571,Staphylococcus epidermidis,Negative
7189,dbAMP_20595,Bacillus subtilis,Negative
7190,dbAMP_20595,Escherichia coli,Negative
7191,dbAMP_20604,Bacillus subtilis,Negative
7192,dbAMP_20604,Escherichia coli,Negative
7193,dbAMP_20615,Bacillus subtilis,Negative
7194,dbAMP_20615,Escherichia coli,Negative
7195,dbAMP_20650,Bacillus subtilis,Negative
7196,dbAMP_20650,Candida albicans,Negative
7197,dbAMP_20650,Escherichia coli,Negative
7198,dbAMP_20650,Staphylococcus aureus,Negative
7199,dbAMP_20651,Candida albicans,Negative
7200,dbAMP_20651,Escherichia coli,Negative
7201,dbAMP_20651,Staphylococcus aureus,Negative
7202,dbAMP_20652,Bacillus subtilis,Negative
7203,dbAMP_20652,Escherichia coli,Negative
7204,dbAMP_20652,Staphylococcus aureus,Negative
7205,dbAMP_20653,Bacillus subtilis,Negative
7206,dbAMP_20653,Candida albicans,Negative
7207,dbAMP_20653,Escherichia coli,Negative
7208,dbAMP_20653,Staphylococcus aureus,Negative
7209,dbAMP_20700,Enterococcus faecalis,Negative
7210,dbAMP_20700,Escherichia coli,Negative
7211,dbAMP_20700,Klebsiella pneumoniae,Negative
7212,dbAMP_20700,Salmonella enterica,Negative
7213,dbAMP_20700,Staphylococcus aureus,Negative
7214,dbAMP_20701,Enterococcus faecalis,Negative
7215,dbAMP_20701,Enterococcus faecium,Negative
7216,dbAMP_20701,Escherichia coli,Negative
7217,dbAMP_20701,Klebsiella pneumoniae,Negative
7218,dbAMP_20701,Pseudomonas aeruginosa,Negative
7219,dbAMP_20701,Salmonella enterica,Negative
7220,dbAMP_20701,Staphylococcus aureus,Negative
7221,dbAMP_20702,Enterococcus faecalis,Negative
7222,dbAMP_20702,Enterococcus faecium,Negative
7223,dbAMP_20702,Escherichia coli,Negative
7224,dbAMP_20702,Klebsiella pneumoniae,Negative
7225,dbAMP_20702,Pseudomonas aeruginosa,Negative
7226,dbAMP_20702,Salmonella enterica,Negative
7227,dbAMP_20702,Staphylococcus aureus,Negative
7228,dbAMP_20703,Enterococcus faecalis,Negative
7229,dbAMP_20703,Enterococcus faecium,Negative
7230,dbAMP_20703,Klebsiella pneumoniae,Negative
7231,dbAMP_20703,Pseudomonas aeruginosa,Negative
7232,dbAMP_20703,Salmonella enterica,Negative
7233,dbAMP_20716,Salmonella enterica,Negative
7234,dbAMP_20721,Escherichia coli,Negative
7235,dbAMP_20721,Pseudomonas aeruginosa,Negative
7236,dbAMP_20721,Salmonella enterica,Negative
7237,dbAMP_20721,Staphylococcus aureus,Negative
7238,dbAMP_20721,Staphylococcus epidermidis,Negative
7239,dbAMP_20722,Enterococcus faecalis,Negative
7240,dbAMP_20722,Escherichia coli,Negative
7241,dbAMP_20722,Salmonella enterica,Negative
7242,dbAMP_20722,Staphylococcus aureus,Negative
7243,dbAMP_20722,Staphylococcus epidermidis,Negative
7244,dbAMP_20723,Enterococcus faecalis,Negative
7245,dbAMP_20723,Staphylococcus aureus,Negative
7246,dbAMP_20723,Staphylococcus epidermidis,Negative
7247,dbAMP_20724,Enterococcus faecalis,Negative
7248,dbAMP_20724,Staphylococcus aureus,Negative
7249,dbAMP_20724,Staphylococcus epidermidis,Negative
7250,dbAMP_20725,Enterococcus faecalis,Negative
7251,dbAMP_20725,Staphylococcus aureus,Negative
7252,dbAMP_20725,Staphylococcus epidermidis,Negative
7253,dbAMP_20726,Enterococcus faecalis,Negative
7254,dbAMP_20726,Escherichia coli,Negative
7255,dbAMP_20726,Salmonella enterica,Negative
7256,dbAMP_20726,Staphylococcus aureus,Negative
7257,dbAMP_20726,Staphylococcus epidermidis,Negative
7258,dbAMP_20727,Enterococcus faecalis,Negative
7259,dbAMP_20727,Staphylococcus aureus,Negative
7260,dbAMP_20727,Staphylococcus epidermidis,Negative
7261,dbAMP_20728,Enterococcus faecalis,Negative
7262,dbAMP_20728,Staphylococcus aureus,Negative
7263,dbAMP_20728,Staphylococcus epidermidis,Negative
7264,dbAMP_20729,Enterococcus faecalis,Negative
7265,dbAMP_20729,Staphylococcus aureus,Negative
7266,dbAMP_20729,Staphylococcus epidermidis,Negative
7267,dbAMP_20731,Enterococcus faecalis,Negative
7268,dbAMP_20731,Staphylococcus aureus,Negative
7269,dbAMP_20731,Staphylococcus epidermidis,Negative
7270,dbAMP_20734,Enterococcus faecalis,Negative
7271,dbAMP_20734,Staphylococcus aureus,Negative
7272,dbAMP_20734,Staphylococcus epidermidis,Negative
7273,dbAMP_20735,Enterococcus faecalis,Negative
7274,dbAMP_20735,Staphylococcus aureus,Negative
7275,dbAMP_20735,Staphylococcus epidermidis,Negative
7276,dbAMP_20738,Enterococcus faecalis,Negative
7277,dbAMP_20738,Staphylococcus aureus,Negative
7278,dbAMP_20738,Staphylococcus epidermidis,Negative
7279,dbAMP_20739,Candida parapsilosis,Negative
7280,dbAMP_20739,Enterococcus faecalis,Negative
7281,dbAMP_20739,Staphylococcus aureus,Negative
7282,dbAMP_20739,Staphylococcus epidermidis,Negative
7283,dbAMP_20741,Enterococcus faecalis,Negative
7284,dbAMP_20741,Pseudomonas aeruginosa,Negative
7285,dbAMP_20741,Salmonella enterica,Negative
7286,dbAMP_20741,Staphylococcus aureus,Negative
7287,dbAMP_20741,Staphylococcus epidermidis,Negative
7288,dbAMP_20742,Candida albicans,Negative
7289,dbAMP_20742,Candida parapsilosis,Negative
7290,dbAMP_20742,Enterococcus faecalis,Negative
7291,dbAMP_20742,Staphylococcus aureus,Negative
7292,dbAMP_20742,Staphylococcus epidermidis,Negative
7293,dbAMP_20761,Listeria monocytogenes,Negative
7294,dbAMP_20762,Listeria monocytogenes,Negative
7295,dbAMP_20765,Bacillus subtilis,Negative
7296,dbAMP_20765,Escherichia coli,Negative
7297,dbAMP_20765,Klebsiella pneumoniae,Negative
7298,dbAMP_20765,Micrococcus luteus,Negative
7299,dbAMP_20765,Pseudomonas aeruginosa,Negative
7300,dbAMP_20765,Salmonella enterica,Negative
7301,dbAMP_20767,Pseudomonas aeruginosa,Negative
7302,dbAMP_20769,Candida albicans,Negative
7303,dbAMP_20769,Enterococcus faecalis,Negative
7304,dbAMP_20769,Escherichia coli,Negative
7305,dbAMP_20769,Pseudomonas aeruginosa,Negative
7306,dbAMP_20769,Staphylococcus aureus,Negative
7307,dbAMP_20770,Candida albicans,Negative
7308,dbAMP_20770,Enterococcus faecalis,Negative
7309,dbAMP_20770,Escherichia coli,Negative
7310,dbAMP_20770,Pseudomonas aeruginosa,Negative
7311,dbAMP_20770,Staphylococcus aureus,Negative
7312,dbAMP_20771,Pseudomonas aeruginosa,Negative
7313,dbAMP_20773,Pseudomonas aeruginosa,Negative
7314,dbAMP_20781,Escherichia coli,Negative
7315,dbAMP_20783,Escherichia coli,Negative
7316,dbAMP_20788,Escherichia coli,Negative
7317,dbAMP_20790,Staphylococcus aureus,Negative
7318,dbAMP_20820,Escherichia coli,Negative
7319,dbAMP_20821,Bacillus subtilis,Negative
7320,dbAMP_20821,Escherichia coli,Negative
7321,dbAMP_20821,Listeria monocytogenes,Negative
7322,dbAMP_20821,Salmonella enterica,Negative
7323,dbAMP_20821,Staphylococcus aureus,Negative
7324,dbAMP_20843,Candida albicans,Negative
7325,dbAMP_20843,Cryptococcus neoformans,Negative
7326,dbAMP_20854,Bacillus subtilis,Negative
7327,dbAMP_20854,Escherichia coli,Negative
7328,dbAMP_20862,Escherichia coli,Negative
7329,dbAMP_20862,Pseudomonas aeruginosa,Negative
7330,dbAMP_20862,Salmonella enterica,Negative
7331,dbAMP_20862,Staphylococcus aureus,Negative
7332,dbAMP_20862,Staphylococcus epidermidis,Negative
7333,dbAMP_20863,Escherichia coli,Negative
7334,dbAMP_20863,Pseudomonas aeruginosa,Negative
7335,dbAMP_20863,Salmonella enterica,Negative
7336,dbAMP_20863,Staphylococcus aureus,Negative
7337,dbAMP_20863,Staphylococcus epidermidis,Negative
7338,dbAMP_20864,Escherichia coli,Negative
7339,dbAMP_20864,Pseudomonas aeruginosa,Negative
7340,dbAMP_20864,Salmonella enterica,Negative
7341,dbAMP_20864,Staphylococcus aureus,Negative
7342,dbAMP_20864,Staphylococcus epidermidis,Negative
7343,dbAMP_20868,Pseudomonas aeruginosa,Negative
7344,dbAMP_20870,Escherichia coli,Negative
7345,dbAMP_20870,Pseudomonas aeruginosa,Negative
7346,dbAMP_20870,Salmonella enterica,Negative
7347,dbAMP_20870,Staphylococcus aureus,Negative
7348,dbAMP_20870,Staphylococcus epidermidis,Negative
7349,dbAMP_20871,Bacillus subtilis,Negative
7350,dbAMP_20871,Escherichia coli,Negative
7351,dbAMP_20873,Escherichia coli,Negative
7352,dbAMP_20873,Pseudomonas aeruginosa,Negative
7353,dbAMP_20873,Salmonella enterica,Negative
7354,dbAMP_20873,Staphylococcus aureus,Negative
7355,dbAMP_20873,Staphylococcus epidermidis,Negative
7356,dbAMP_20874,Escherichia coli,Negative
7357,dbAMP_20874,Pseudomonas aeruginosa,Negative
7358,dbAMP_20874,Salmonella enterica,Negative
7359,dbAMP_20874,Staphylococcus aureus,Negative
7360,dbAMP_20874,Staphylococcus epidermidis,Negative
7361,dbAMP_20882,Bacillus subtilis,Negative
7362,dbAMP_20882,Escherichia coli,Negative
7363,dbAMP_20914,Pseudomonas aeruginosa,Negative
7364,dbAMP_20915,Pseudomonas aeruginosa,Negative
7365,dbAMP_20915,Staphylococcus aureus,Negative
7366,dbAMP_20928,Klebsiella pneumoniae,Negative
7367,dbAMP_20928,Pseudomonas aeruginosa,Negative
7368,dbAMP_20929,Pseudomonas aeruginosa,Negative
7369,dbAMP_20930,Pseudomonas aeruginosa,Negative
7370,dbAMP_20937,Pseudomonas aeruginosa,Negative
7371,dbAMP_20940,Pseudomonas aeruginosa,Negative
7372,dbAMP_20943,Pseudomonas aeruginosa,Negative
7373,dbAMP_20944,Pseudomonas aeruginosa,Negative
7374,dbAMP_20945,Pseudomonas aeruginosa,Negative
7375,dbAMP_20946,Pseudomonas aeruginosa,Negative
7376,dbAMP_20947,Pseudomonas aeruginosa,Negative
7377,dbAMP_20948,Pseudomonas aeruginosa,Negative
7378,dbAMP_20950,Pseudomonas aeruginosa,Negative
7379,dbAMP_20951,Pseudomonas aeruginosa,Negative
7380,dbAMP_20952,Pseudomonas aeruginosa,Negative
7381,dbAMP_20954,Pseudomonas aeruginosa,Negative
7382,dbAMP_20955,Pseudomonas aeruginosa,Negative
7383,dbAMP_20956,Pseudomonas aeruginosa,Negative
7384,dbAMP_20958,Pseudomonas aeruginosa,Negative
7385,dbAMP_20960,Pseudomonas aeruginosa,Negative
7386,dbAMP_20961,Pseudomonas aeruginosa,Negative
7387,dbAMP_20962,Pseudomonas aeruginosa,Negative
7388,dbAMP_20963,Pseudomonas aeruginosa,Negative
7389,dbAMP_20964,Pseudomonas aeruginosa,Negative
7390,dbAMP_20965,Pseudomonas aeruginosa,Negative
7391,dbAMP_20966,Pseudomonas aeruginosa,Negative
7392,dbAMP_20967,Pseudomonas aeruginosa,Negative
7393,dbAMP_20968,Pseudomonas aeruginosa,Negative
7394,dbAMP_20970,Pseudomonas aeruginosa,Negative
7395,dbAMP_20971,Pseudomonas aeruginosa,Negative
7396,dbAMP_20973,Pseudomonas aeruginosa,Negative
7397,dbAMP_20974,Pseudomonas aeruginosa,Negative
7398,dbAMP_20975,Pseudomonas aeruginosa,Negative
7399,dbAMP_20976,Pseudomonas aeruginosa,Negative
7400,dbAMP_20978,Pseudomonas aeruginosa,Negative
7401,dbAMP_20979,Pseudomonas aeruginosa,Negative
7402,dbAMP_20982,Pseudomonas aeruginosa,Negative
7403,dbAMP_20983,Pseudomonas aeruginosa,Negative
7404,dbAMP_20984,Pseudomonas aeruginosa,Negative
7405,dbAMP_20985,Pseudomonas aeruginosa,Negative
7406,dbAMP_20987,Pseudomonas aeruginosa,Negative
7407,dbAMP_20988,Pseudomonas aeruginosa,Negative
7408,dbAMP_20990,Pseudomonas aeruginosa,Negative
7409,dbAMP_20991,Pseudomonas aeruginosa,Negative
7410,dbAMP_20992,Pseudomonas aeruginosa,Negative
7411,dbAMP_20994,Pseudomonas aeruginosa,Negative
7412,dbAMP_20995,Pseudomonas aeruginosa,Negative
7413,dbAMP_20997,Pseudomonas aeruginosa,Negative
7414,dbAMP_20998,Pseudomonas aeruginosa,Negative
7415,dbAMP_21001,Pseudomonas aeruginosa,Negative
7416,dbAMP_21002,Pseudomonas aeruginosa,Negative
7417,dbAMP_21003,Pseudomonas aeruginosa,Negative
7418,dbAMP_21004,Pseudomonas aeruginosa,Negative
7419,dbAMP_21006,Pseudomonas aeruginosa,Negative
7420,dbAMP_21007,Pseudomonas aeruginosa,Negative
7421,dbAMP_21008,Pseudomonas aeruginosa,Negative
7422,dbAMP_21009,Pseudomonas aeruginosa,Negative
7423,dbAMP_21012,Pseudomonas aeruginosa,Negative
7424,dbAMP_21016,Pseudomonas aeruginosa,Negative
7425,dbAMP_21017,Pseudomonas aeruginosa,Negative
7426,dbAMP_21018,Pseudomonas aeruginosa,Negative
7427,dbAMP_21019,Pseudomonas aeruginosa,Negative
7428,dbAMP_21032,Klebsiella pneumoniae,Negative
7429,dbAMP_21032,Staphylococcus aureus,Negative
7430,dbAMP_21033,Staphylococcus aureus,Negative
7431,dbAMP_21034,Escherichia coli,Negative
7432,dbAMP_21034,Klebsiella pneumoniae,Negative
7433,dbAMP_21034,Pseudomonas aeruginosa,Negative
7434,dbAMP_21034,Staphylococcus aureus,Negative
7435,dbAMP_21038,Klebsiella pneumoniae,Negative
7436,dbAMP_21038,Staphylococcus aureus,Negative
7437,dbAMP_21039,Bacillus subtilis,Negative
7438,dbAMP_21039,Escherichia coli,Negative
7439,dbAMP_21039,Klebsiella pneumoniae,Negative
7440,dbAMP_21039,Pseudomonas aeruginosa,Negative
7441,dbAMP_21039,Staphylococcus aureus,Negative
7442,dbAMP_21045,Acinetobacter baumannii,Negative
7443,dbAMP_21045,Candida albicans,Negative
7444,dbAMP_21045,Cryptococcus neoformans,Negative
7445,dbAMP_21045,Escherichia coli,Negative
7446,dbAMP_21045,Klebsiella pneumoniae,Negative
7447,dbAMP_21045,Pseudomonas aeruginosa,Negative
7448,dbAMP_21045,Staphylococcus aureus,Negative
7449,dbAMP_21046,Staphylococcus aureus,Negative
7450,dbAMP_21047,Staphylococcus aureus,Negative
7451,dbAMP_21048,Staphylococcus aureus,Negative
7452,dbAMP_21050,Acinetobacter baumannii,Negative
7453,dbAMP_21050,Candida albicans,Negative
7454,dbAMP_21050,Cryptococcus neoformans,Negative
7455,dbAMP_21050,Escherichia coli,Negative
7456,dbAMP_21050,Klebsiella pneumoniae,Negative
7457,dbAMP_21050,Pseudomonas aeruginosa,Negative
7458,dbAMP_21050,Staphylococcus aureus,Negative
7459,dbAMP_21051,Acinetobacter baumannii,Negative
7460,dbAMP_21051,Candida albicans,Negative
7461,dbAMP_21051,Cryptococcus neoformans,Negative
7462,dbAMP_21051,Escherichia coli,Negative
7463,dbAMP_21051,Klebsiella pneumoniae,Negative
7464,dbAMP_21051,Pseudomonas aeruginosa,Negative
7465,dbAMP_21051,Staphylococcus aureus,Negative
7466,dbAMP_21054,Staphylococcus aureus,Negative
7467,dbAMP_21055,Staphylococcus aureus,Negative
7468,dbAMP_21057,Acinetobacter baumannii,Negative
7469,dbAMP_21057,Candida albicans,Negative
7470,dbAMP_21057,Cryptococcus neoformans,Negative
7471,dbAMP_21057,Escherichia coli,Negative
7472,dbAMP_21057,Klebsiella pneumoniae,Negative
7473,dbAMP_21057,Pseudomonas aeruginosa,Negative
7474,dbAMP_21057,Staphylococcus aureus,Negative
7475,dbAMP_21058,Pseudomonas aeruginosa,Negative
7476,dbAMP_21062,Staphylococcus aureus,Negative
7477,dbAMP_21067,Escherichia coli,Negative
7478,dbAMP_21073,Escherichia coli,Negative
7479,dbAMP_21074,Escherichia coli,Negative
7480,dbAMP_21080,Enterococcus faecalis,Negative
7481,dbAMP_21080,Listeria monocytogenes,Negative
7482,dbAMP_21081,Enterococcus faecalis,Negative
7483,dbAMP_21081,Escherichia coli,Negative
7484,dbAMP_21081,Listeria monocytogenes,Negative
7485,dbAMP_21081,Salmonella enterica,Negative
7486,dbAMP_21082,Listeria monocytogenes,Negative
7487,dbAMP_21087,Candida albicans,Negative
7488,dbAMP_21087,Candida parapsilosis,Negative
7489,dbAMP_21098,Klebsiella pneumoniae,Negative
7490,dbAMP_21100,Klebsiella pneumoniae,Negative
7491,dbAMP_21101,Klebsiella pneumoniae,Negative
7492,dbAMP_21109,Klebsiella pneumoniae,Negative
7493,dbAMP_21110,Escherichia coli,Negative
7494,dbAMP_21110,Klebsiella pneumoniae,Negative
7495,dbAMP_21117,Escherichia coli,Negative
7496,dbAMP_21117,Pseudomonas aeruginosa,Negative
7497,dbAMP_21117,Staphylococcus aureus,Negative
7498,dbAMP_21119,Enterococcus faecalis,Negative
7499,dbAMP_21119,Staphylococcus aureus,Negative
7500,dbAMP_21120,Pseudomonas aeruginosa,Negative
7501,dbAMP_21122,Candida albicans,Negative
7502,dbAMP_21122,Pseudomonas aeruginosa,Negative
7503,dbAMP_21124,Acinetobacter baumannii,Negative
7504,dbAMP_21124,Bacillus cereus,Negative
7505,dbAMP_21124,Enterococcus faecalis,Negative
7506,dbAMP_21124,Escherichia coli,Negative
7507,dbAMP_21124,Listeria monocytogenes,Negative
7508,dbAMP_21124,Pseudomonas aeruginosa,Negative
7509,dbAMP_21124,Salmonella enterica,Negative
7510,dbAMP_21124,Staphylococcus aureus,Negative
7511,dbAMP_21124,Staphylococcus epidermidis,Negative
7512,dbAMP_21125,Acinetobacter baumannii,Negative
7513,dbAMP_21125,Bacillus cereus,Negative
7514,dbAMP_21125,Enterococcus faecalis,Negative
7515,dbAMP_21125,Escherichia coli,Negative
7516,dbAMP_21125,Listeria monocytogenes,Negative
7517,dbAMP_21125,Pseudomonas aeruginosa,Negative
7518,dbAMP_21125,Salmonella enterica,Negative
7519,dbAMP_21125,Staphylococcus aureus,Negative
7520,dbAMP_21125,Staphylococcus epidermidis,Negative
7521,dbAMP_21131,Pseudomonas aeruginosa,Negative
7522,dbAMP_21133,Escherichia coli,Negative
7523,dbAMP_21133,Pseudomonas aeruginosa,Negative
7524,dbAMP_21133,Salmonella enterica,Negative
7525,dbAMP_21133,Staphylococcus aureus,Negative
7526,dbAMP_21134,Escherichia coli,Negative
7527,dbAMP_21134,Pseudomonas aeruginosa,Negative
7528,dbAMP_21134,Salmonella enterica,Negative
7529,dbAMP_21134,Staphylococcus aureus,Negative
7530,dbAMP_21136,Escherichia coli,Negative
7531,dbAMP_21136,Pseudomonas aeruginosa,Negative
7532,dbAMP_21136,Salmonella enterica,Negative
7533,dbAMP_21136,Staphylococcus aureus,Negative
7534,dbAMP_21139,Escherichia coli,Negative
7535,dbAMP_21139,Klebsiella pneumoniae,Negative
7536,dbAMP_21139,Pseudomonas aeruginosa,Negative
7537,dbAMP_21140,Acinetobacter baumannii,Negative
7538,dbAMP_21140,Escherichia coli,Negative
7539,dbAMP_21140,Klebsiella pneumoniae,Negative
7540,dbAMP_21140,Pseudomonas aeruginosa,Negative
7541,dbAMP_21140,Staphylococcus aureus,Negative
7542,dbAMP_21141,Escherichia coli,Negative
7543,dbAMP_21141,Klebsiella pneumoniae,Negative
7544,dbAMP_21142,Acinetobacter baumannii,Negative
7545,dbAMP_21142,Escherichia coli,Negative
7546,dbAMP_21142,Klebsiella pneumoniae,Negative
7547,dbAMP_21142,Pseudomonas aeruginosa,Negative
7548,dbAMP_21142,Staphylococcus aureus,Negative
7549,dbAMP_21143,Acinetobacter baumannii,Negative
7550,dbAMP_21143,Escherichia coli,Negative
7551,dbAMP_21143,Klebsiella pneumoniae,Negative
7552,dbAMP_21143,Pseudomonas aeruginosa,Negative
7553,dbAMP_21143,Staphylococcus aureus,Negative
7554,dbAMP_21144,Acinetobacter baumannii,Negative
7555,dbAMP_21144,Escherichia coli,Negative
7556,dbAMP_21144,Klebsiella pneumoniae,Negative
7557,dbAMP_21144,Pseudomonas aeruginosa,Negative
7558,dbAMP_21146,Acinetobacter baumannii,Negative
7559,dbAMP_21146,Escherichia coli,Negative
7560,dbAMP_21146,Klebsiella pneumoniae,Negative
7561,dbAMP_21146,Pseudomonas aeruginosa,Negative
7562,dbAMP_21146,Staphylococcus aureus,Negative
7563,dbAMP_21147,Acinetobacter baumannii,Negative
7564,dbAMP_21147,Escherichia coli,Negative
7565,dbAMP_21147,Klebsiella pneumoniae,Negative
7566,dbAMP_21147,Pseudomonas aeruginosa,Negative
7567,dbAMP_21147,Staphylococcus aureus,Negative
7568,dbAMP_21148,Enterococcus faecalis,Negative
7569,dbAMP_21151,Escherichia coli,Negative
7570,dbAMP_21151,Staphylococcus aureus,Negative
7571,dbAMP_21152,Escherichia coli,Negative
7572,dbAMP_21156,Escherichia coli,Negative
7573,dbAMP_21156,Staphylococcus aureus,Negative
7574,dbAMP_21157,Escherichia coli,Negative
7575,dbAMP_21157,Staphylococcus aureus,Negative
7576,dbAMP_21167,Enterococcus faecalis,Negative
7577,dbAMP_21167,Klebsiella pneumoniae,Negative
7578,dbAMP_21167,Pseudomonas aeruginosa,Negative
7579,dbAMP_21167,Staphylococcus aureus,Negative
7580,dbAMP_21169,Enterococcus faecalis,Negative
7581,dbAMP_21169,Klebsiella pneumoniae,Negative
7582,dbAMP_21169,Pseudomonas aeruginosa,Negative
7583,dbAMP_21171,Klebsiella pneumoniae,Negative
7584,dbAMP_21172,Pseudomonas aeruginosa,Negative
7585,dbAMP_21187,Bacillus subtilis,Negative
7586,dbAMP_21187,Enterococcus faecalis,Negative
7587,dbAMP_21187,Escherichia coli,Negative
7588,dbAMP_21187,Klebsiella pneumoniae,Negative
7589,dbAMP_21187,Salmonella enterica,Negative
7590,dbAMP_21187,Staphylococcus aureus,Negative
7591,dbAMP_21188,Candida albicans,Negative
7592,dbAMP_21188,Escherichia coli,Negative
7593,dbAMP_21188,Pseudomonas aeruginosa,Negative
7594,dbAMP_21188,Staphylococcus aureus,Negative
7595,dbAMP_21189,Candida albicans,Negative
7596,dbAMP_21192,Candida albicans,Negative
7597,dbAMP_21201,Escherichia coli,Negative
7598,dbAMP_21201,Staphylococcus aureus,Negative
7599,dbAMP_21208,Escherichia coli,Negative
7600,dbAMP_21208,Staphylococcus aureus,Negative
7601,dbAMP_21211,Escherichia coli,Negative
7602,dbAMP_21211,Staphylococcus aureus,Negative
7603,dbAMP_21212,Escherichia coli,Negative
7604,dbAMP_21212,Staphylococcus aureus,Negative
7605,dbAMP_21219,Acinetobacter baumannii,Negative
7606,dbAMP_21219,Klebsiella pneumoniae,Negative
7607,dbAMP_21219,Pseudomonas aeruginosa,Negative
7608,dbAMP_21219,Staphylococcus aureus,Negative
7609,dbAMP_21222,Acinetobacter baumannii,Negative
7610,dbAMP_21222,Enterococcus faecium,Negative
7611,dbAMP_21222,Escherichia coli,Negative
7612,dbAMP_21222,Klebsiella pneumoniae,Negative
7613,dbAMP_21222,Pseudomonas aeruginosa,Negative
7614,dbAMP_21222,Salmonella enterica,Negative
7615,dbAMP_21222,Staphylococcus aureus,Negative
7616,dbAMP_21223,Escherichia coli,Negative
7617,dbAMP_21224,Escherichia coli,Negative
7618,dbAMP_21228,Acinetobacter baumannii,Negative
7619,dbAMP_21228,Bacillus cereus,Negative
7620,dbAMP_21228,Candida albicans,Negative
7621,dbAMP_21228,Enterococcus faecalis,Negative
7622,dbAMP_21228,Enterococcus faecium,Negative
7623,dbAMP_21228,Staphylococcus epidermidis,Negative
7624,dbAMP_21229,Acinetobacter baumannii,Negative
7625,dbAMP_21229,Bacillus cereus,Negative
7626,dbAMP_21229,Candida albicans,Negative
7627,dbAMP_21229,Enterococcus faecalis,Negative
7628,dbAMP_21229,Enterococcus faecium,Negative
7629,dbAMP_21229,Klebsiella pneumoniae,Negative
7630,dbAMP_21229,Pseudomonas aeruginosa,Negative
7631,dbAMP_21229,Staphylococcus epidermidis,Negative
7632,dbAMP_21235,Acinetobacter baumannii,Negative
7633,dbAMP_21235,Candida albicans,Negative
7634,dbAMP_21235,Escherichia coli,Negative
7635,dbAMP_21235,Klebsiella pneumoniae,Negative
7636,dbAMP_21235,Pseudomonas aeruginosa,Negative
7637,dbAMP_21250,Escherichia coli,Negative
7638,dbAMP_21250,Pseudomonas aeruginosa,Negative
7639,dbAMP_21265,Staphylococcus aureus,Negative
7640,dbAMP_21271,Staphylococcus aureus,Negative
7641,dbAMP_21275,Staphylococcus aureus,Negative
7642,dbAMP_21279,Staphylococcus aureus,Negative
7643,dbAMP_21282,Pseudomonas aeruginosa,Negative
7644,dbAMP_21282,Staphylococcus aureus,Negative
7645,dbAMP_21284,Pseudomonas aeruginosa,Negative
7646,dbAMP_21293,Staphylococcus aureus,Negative
7647,dbAMP_21294,Pseudomonas aeruginosa,Negative
7648,dbAMP_21296,Pseudomonas aeruginosa,Negative
7649,dbAMP_21297,Pseudomonas aeruginosa,Negative
7650,dbAMP_21297,Staphylococcus aureus,Negative
7651,dbAMP_21298,Pseudomonas aeruginosa,Negative
7652,dbAMP_21298,Staphylococcus aureus,Negative
7653,dbAMP_21299,Pseudomonas aeruginosa,Negative
7654,dbAMP_21299,Staphylococcus aureus,Negative
7655,dbAMP_21301,Pseudomonas aeruginosa,Negative
7656,dbAMP_21301,Staphylococcus aureus,Negative
7657,dbAMP_21302,Bacillus megaterium,Negative
7658,dbAMP_21304,Pseudomonas aeruginosa,Negative
7659,dbAMP_21309,Pseudomonas aeruginosa,Negative
7660,dbAMP_21309,Staphylococcus aureus,Negative
7661,dbAMP_21310,Staphylococcus aureus,Negative
7662,dbAMP_21315,Pseudomonas aeruginosa,Negative
7663,dbAMP_21347,Candida albicans,Negative
7664,dbAMP_21347,Escherichia coli,Negative
7665,dbAMP_21347,Pseudomonas aeruginosa,Negative
7666,dbAMP_21347,Salmonella enterica,Negative
7667,dbAMP_21347,Staphylococcus aureus,Negative
7668,dbAMP_21347,Staphylococcus epidermidis,Negative
7669,dbAMP_21348,Candida albicans,Negative
7670,dbAMP_21348,Escherichia coli,Negative
7671,dbAMP_21348,Pseudomonas aeruginosa,Negative
7672,dbAMP_21348,Salmonella enterica,Negative
7673,dbAMP_21348,Staphylococcus aureus,Negative
7674,dbAMP_21348,Staphylococcus epidermidis,Negative
7675,dbAMP_21355,Pseudomonas aeruginosa,Negative
7676,dbAMP_21360,Pseudomonas aeruginosa,Negative
7677,dbAMP_21362,Pseudomonas aeruginosa,Negative
7678,dbAMP_21364,Pseudomonas aeruginosa,Negative
7679,dbAMP_21367,Pseudomonas aeruginosa,Negative
7680,dbAMP_21370,Candida albicans,Negative
7681,dbAMP_21388,Escherichia coli,Negative
7682,dbAMP_21389,Bacillus cereus,Negative
7683,dbAMP_21389,Escherichia coli,Negative
7684,dbAMP_21389,Micrococcus luteus,Negative
7685,dbAMP_21389,Staphylococcus aureus,Negative
7686,dbAMP_21389,Staphylococcus epidermidis,Negative
7687,dbAMP_21390,Bacillus cereus,Negative
7688,dbAMP_21390,Escherichia coli,Negative
7689,dbAMP_21390,Micrococcus luteus,Negative
7690,dbAMP_21390,Staphylococcus aureus,Negative
7691,dbAMP_21390,Staphylococcus epidermidis,Negative
7692,dbAMP_21391,Bacillus cereus,Negative
7693,dbAMP_21391,Escherichia coli,Negative
7694,dbAMP_21391,Micrococcus luteus,Negative
7695,dbAMP_21391,Staphylococcus aureus,Negative
7696,dbAMP_21391,Staphylococcus epidermidis,Negative
7697,dbAMP_21394,Bacillus cereus,Negative
7698,dbAMP_21394,Escherichia coli,Negative
7699,dbAMP_21396,Escherichia coli,Negative
7700,dbAMP_21397,Bacillus cereus,Negative
7701,dbAMP_21397,Escherichia coli,Negative
7702,dbAMP_21397,Micrococcus luteus,Negative
7703,dbAMP_21399,Escherichia coli,Negative
7704,dbAMP_21400,Bacillus cereus,Negative
7705,dbAMP_21400,Candida albicans,Negative
7706,dbAMP_21400,Enterococcus faecalis,Negative
7707,dbAMP_21400,Escherichia coli,Negative
7708,dbAMP_21400,Micrococcus luteus,Negative
7709,dbAMP_21400,Pseudomonas aeruginosa,Negative
7710,dbAMP_21400,Staphylococcus epidermidis,Negative
7711,dbAMP_21402,Escherichia coli,Negative
7712,dbAMP_21402,Pseudomonas aeruginosa,Negative
7713,dbAMP_21402,Staphylococcus aureus,Negative
7714,dbAMP_21404,Staphylococcus aureus,Negative
7715,dbAMP_21411,Bacillus subtilis,Negative
7716,dbAMP_21411,Escherichia coli,Negative
7717,dbAMP_21411,Pseudomonas aeruginosa,Negative
7718,dbAMP_21411,Staphylococcus aureus,Negative
7719,dbAMP_21412,Pseudomonas aeruginosa,Negative
7720,dbAMP_21414,Bacillus subtilis,Negative
7721,dbAMP_21414,Escherichia coli,Negative
7722,dbAMP_21414,Pseudomonas aeruginosa,Negative
7723,dbAMP_21414,Staphylococcus aureus,Negative
7724,dbAMP_21416,Bacillus subtilis,Negative
7725,dbAMP_21416,Escherichia coli,Negative
7726,dbAMP_21416,Pseudomonas aeruginosa,Negative
7727,dbAMP_21416,Staphylococcus aureus,Negative
7728,dbAMP_21427,Escherichia coli,Negative
7729,dbAMP_21427,Staphylococcus aureus,Negative
7730,dbAMP_21428,Escherichia coli,Negative
7731,dbAMP_21428,Staphylococcus aureus,Negative
7732,dbAMP_21429,Escherichia coli,Negative
7733,dbAMP_21429,Staphylococcus aureus,Negative
7734,dbAMP_21432,Staphylococcus aureus,Negative
7735,dbAMP_21437,Acinetobacter baumannii,Negative
7736,dbAMP_21437,Escherichia coli,Negative
7737,dbAMP_21437,Pseudomonas aeruginosa,Negative
7738,dbAMP_21437,Staphylococcus aureus,Negative
7739,dbAMP_21442,Pseudomonas aeruginosa,Negative
7740,dbAMP_21442,Staphylococcus aureus,Negative
7741,dbAMP_21443,Staphylococcus aureus,Negative
7742,dbAMP_21460,Escherichia coli,Negative
7743,dbAMP_21460,Klebsiella pneumoniae,Negative
7744,dbAMP_21460,Salmonella enterica,Negative
7745,dbAMP_21461,Escherichia coli,Negative
7746,dbAMP_21462,Pseudomonas aeruginosa,Negative
7747,dbAMP_21485,Escherichia coli,Negative
7748,dbAMP_21485,Staphylococcus aureus,Negative
7749,dbAMP_21486,Escherichia coli,Negative
7750,dbAMP_21486,Staphylococcus aureus,Negative
7751,dbAMP_21487,Escherichia coli,Negative
7752,dbAMP_21487,Staphylococcus aureus,Negative
7753,dbAMP_21488,Escherichia coli,Negative
7754,dbAMP_21488,Staphylococcus aureus,Negative
7755,dbAMP_21489,Escherichia coli,Negative
7756,dbAMP_21489,Klebsiella pneumoniae,Negative
7757,dbAMP_21489,Salmonella enterica,Negative
7758,dbAMP_21490,Escherichia coli,Negative
7759,dbAMP_21490,Klebsiella pneumoniae,Negative
7760,dbAMP_21490,Salmonella enterica,Negative
7761,dbAMP_21491,Klebsiella pneumoniae,Negative
7762,dbAMP_21491,Salmonella enterica,Negative
7763,dbAMP_21494,Escherichia coli,Negative
7764,dbAMP_21494,Salmonella enterica,Negative
7765,dbAMP_21495,Escherichia coli,Negative
7766,dbAMP_21495,Klebsiella pneumoniae,Negative
7767,dbAMP_21495,Salmonella enterica,Negative
7768,dbAMP_21520,Candida albicans,Negative
7769,dbAMP_21520,Staphylococcus aureus,Negative
7770,dbAMP_21522,Candida albicans,Negative
7771,dbAMP_21522,Staphylococcus aureus,Negative
7772,dbAMP_21525,Candida albicans,Negative
7773,dbAMP_21525,Staphylococcus aureus,Negative
7774,dbAMP_21526,Candida albicans,Negative
7775,dbAMP_21526,Escherichia coli,Negative
7776,dbAMP_21526,Staphylococcus aureus,Negative
7777,dbAMP_21529,Candida albicans,Negative
7778,dbAMP_21531,Candida albicans,Negative
7779,dbAMP_21531,Escherichia coli,Negative
7780,dbAMP_21531,Staphylococcus aureus,Negative
7781,dbAMP_21536,Candida albicans,Negative
7782,dbAMP_21536,Staphylococcus aureus,Negative
7783,dbAMP_21541,Escherichia coli,Negative
7784,dbAMP_21547,Pseudomonas aeruginosa,Negative
7785,dbAMP_21547,Staphylococcus aureus,Negative
7786,dbAMP_21553,Escherichia coli,Negative
7787,dbAMP_21553,Staphylococcus aureus,Negative
7788,dbAMP_21592,Bacillus cereus,Negative
7789,dbAMP_21592,Enterococcus faecalis,Negative
7790,dbAMP_21592,Escherichia coli,Negative
7791,dbAMP_21592,Micrococcus luteus,Negative
7792,dbAMP_21592,Salmonella enterica,Negative
7793,dbAMP_21592,Staphylococcus epidermidis,Negative
7794,dbAMP_21593,Bacillus cereus,Negative
7795,dbAMP_21593,Enterococcus faecalis,Negative
7796,dbAMP_21593,Escherichia coli,Negative
7797,dbAMP_21593,Micrococcus luteus,Negative
7798,dbAMP_21593,Pseudomonas aeruginosa,Negative
7799,dbAMP_21593,Salmonella enterica,Negative
7800,dbAMP_21593,Staphylococcus epidermidis,Negative
7801,dbAMP_21595,Candida albicans,Negative
7802,dbAMP_21595,Escherichia coli,Negative
7803,dbAMP_21595,Staphylococcus aureus,Negative
7804,dbAMP_21596,Escherichia coli,Negative
7805,dbAMP_21600,Escherichia coli,Negative
7806,dbAMP_21602,Escherichia coli,Negative
7807,dbAMP_21605,Escherichia coli,Negative
7808,dbAMP_21605,Staphylococcus epidermidis,Negative
7809,dbAMP_21606,Escherichia coli,Negative
7810,dbAMP_21606,Micrococcus luteus,Negative
7811,dbAMP_21606,Staphylococcus aureus,Negative
7812,dbAMP_21606,Staphylococcus epidermidis,Negative
7813,dbAMP_21610,Micrococcus luteus,Negative
7814,dbAMP_21615,Escherichia coli,Negative
7815,dbAMP_21615,Salmonella enterica,Negative
7816,dbAMP_21615,Staphylococcus epidermidis,Negative
7817,dbAMP_21617,Bacillus megaterium,Negative
7818,dbAMP_21617,Escherichia coli,Negative
7819,dbAMP_21617,Salmonella enterica,Negative
7820,dbAMP_21617,Staphylococcus epidermidis,Negative
7821,dbAMP_21619,Salmonella enterica,Negative
7822,dbAMP_21619,Staphylococcus epidermidis,Negative
7823,dbAMP_21622,Micrococcus luteus,Negative
7824,dbAMP_21623,Micrococcus luteus,Negative
7825,dbAMP_21624,Micrococcus luteus,Negative
7826,dbAMP_21625,Micrococcus luteus,Negative
7827,dbAMP_21626,Micrococcus luteus,Negative
7828,dbAMP_21649,Pseudomonas aeruginosa,Negative
7829,dbAMP_21650,Bacillus subtilis,Negative
7830,dbAMP_21650,Candida albicans,Negative
7831,dbAMP_21650,Escherichia coli,Negative
7832,dbAMP_21650,Micrococcus luteus,Negative
7833,dbAMP_21650,Pseudomonas aeruginosa,Negative
7834,dbAMP_21650,Staphylococcus aureus,Negative
7835,dbAMP_21650,Staphylococcus epidermidis,Negative
7836,dbAMP_21652,Pseudomonas aeruginosa,Negative
7837,dbAMP_21653,Pseudomonas aeruginosa,Negative
7838,dbAMP_21654,Escherichia coli,Negative
7839,dbAMP_21654,Pseudomonas aeruginosa,Negative
7840,dbAMP_21654,Staphylococcus aureus,Negative
7841,dbAMP_21654,Staphylococcus epidermidis,Negative
7842,dbAMP_21656,Bacillus subtilis,Negative
7843,dbAMP_21656,Candida albicans,Negative
7844,dbAMP_21656,Escherichia coli,Negative
7845,dbAMP_21656,Micrococcus luteus,Negative
7846,dbAMP_21656,Pseudomonas aeruginosa,Negative
7847,dbAMP_21656,Staphylococcus aureus,Negative
7848,dbAMP_21656,Staphylococcus epidermidis,Negative
7849,dbAMP_21659,Escherichia coli,Negative
7850,dbAMP_21659,Micrococcus luteus,Negative
7851,dbAMP_21660,Escherichia coli,Negative
7852,dbAMP_21660,Micrococcus luteus,Negative
7853,dbAMP_21661,Escherichia coli,Negative
7854,dbAMP_21661,Micrococcus luteus,Negative
7855,dbAMP_21661,Salmonella enterica,Negative
7856,dbAMP_21662,Escherichia coli,Negative
7857,dbAMP_21662,Micrococcus luteus,Negative
7858,dbAMP_21663,Escherichia coli,Negative
7859,dbAMP_21663,Micrococcus luteus,Negative
7860,dbAMP_21663,Salmonella enterica,Negative
7861,dbAMP_21664,Escherichia coli,Negative
7862,dbAMP_21664,Micrococcus luteus,Negative
7863,dbAMP_21664,Salmonella enterica,Negative
7864,dbAMP_21665,Escherichia coli,Negative
7865,dbAMP_21665,Micrococcus luteus,Negative
7866,dbAMP_21665,Salmonella enterica,Negative
7867,dbAMP_21666,Escherichia coli,Negative
7868,dbAMP_21666,Micrococcus luteus,Negative
7869,dbAMP_21666,Salmonella enterica,Negative
7870,dbAMP_21668,Escherichia coli,Negative
7871,dbAMP_21668,Micrococcus luteus,Negative
7872,dbAMP_21668,Salmonella enterica,Negative
7873,dbAMP_21669,Escherichia coli,Negative
7874,dbAMP_21669,Micrococcus luteus,Negative
7875,dbAMP_21669,Salmonella enterica,Negative
7876,dbAMP_21701,Escherichia coli,Negative
7877,dbAMP_21701,Micrococcus luteus,Negative
7878,dbAMP_21701,Salmonella enterica,Negative
7879,dbAMP_21702,Escherichia coli,Negative
7880,dbAMP_21702,Micrococcus luteus,Negative
7881,dbAMP_21702,Salmonella enterica,Negative
7882,dbAMP_21719,Candida albicans,Negative
7883,dbAMP_21720,Candida albicans,Negative
7884,dbAMP_21721,Candida albicans,Negative
7885,dbAMP_21722,Candida albicans,Negative
7886,dbAMP_21723,Candida albicans,Negative
7887,dbAMP_21729,Bacillus subtilis,Negative
7888,dbAMP_21729,Candida albicans,Negative
7889,dbAMP_21729,Cryptococcus neoformans,Negative
7890,dbAMP_21729,Escherichia coli,Negative
7891,dbAMP_21729,Salmonella enterica,Negative
7892,dbAMP_21729,Staphylococcus aureus,Negative
7893,dbAMP_21730,Bacillus subtilis,Negative
7894,dbAMP_21730,Candida albicans,Negative
7895,dbAMP_21730,Cryptococcus neoformans,Negative
7896,dbAMP_21730,Escherichia coli,Negative
7897,dbAMP_21730,Salmonella enterica,Negative
7898,dbAMP_21730,Staphylococcus aureus,Negative
7899,dbAMP_21736,Enterococcus faecalis,Negative
7900,dbAMP_21736,Escherichia coli,Negative
7901,dbAMP_21736,Pseudomonas aeruginosa,Negative
7902,dbAMP_21736,Staphylococcus aureus,Negative
7903,dbAMP_21737,Enterococcus faecalis,Negative
7904,dbAMP_21737,Escherichia coli,Negative
7905,dbAMP_21737,Pseudomonas aeruginosa,Negative
7906,dbAMP_21737,Staphylococcus aureus,Negative
7907,dbAMP_21740,Enterococcus faecalis,Negative
7908,dbAMP_21740,Escherichia coli,Negative
7909,dbAMP_21740,Pseudomonas aeruginosa,Negative
7910,dbAMP_21740,Staphylococcus aureus,Negative
7911,dbAMP_21741,Enterococcus faecalis,Negative
7912,dbAMP_21741,Escherichia coli,Negative
7913,dbAMP_21741,Pseudomonas aeruginosa,Negative
7914,dbAMP_21741,Staphylococcus aureus,Negative
7915,dbAMP_21742,Enterococcus faecalis,Negative
7916,dbAMP_21742,Escherichia coli,Negative
7917,dbAMP_21742,Pseudomonas aeruginosa,Negative
7918,dbAMP_21742,Staphylococcus aureus,Negative
7919,dbAMP_21748,Enterococcus faecalis,Negative
7920,dbAMP_21748,Escherichia coli,Negative
7921,dbAMP_21748,Pseudomonas aeruginosa,Negative
7922,dbAMP_21748,Staphylococcus aureus,Negative
7923,dbAMP_21750,Escherichia coli,Negative
7924,dbAMP_21750,Staphylococcus aureus,Negative
7925,dbAMP_21752,Escherichia coli,Negative
7926,dbAMP_21752,Staphylococcus aureus,Negative
7927,dbAMP_21753,Escherichia coli,Negative
7928,dbAMP_21753,Staphylococcus aureus,Negative
7929,dbAMP_21755,Enterococcus faecalis,Negative
7930,dbAMP_21755,Escherichia coli,Negative
7931,dbAMP_21755,Pseudomonas aeruginosa,Negative
7932,dbAMP_21755,Staphylococcus aureus,Negative
7933,dbAMP_21759,Escherichia coli,Negative
7934,dbAMP_21759,Staphylococcus aureus,Negative
7935,dbAMP_21761,Escherichia coli,Negative
7936,dbAMP_21761,Staphylococcus aureus,Negative
7937,dbAMP_21762,Enterococcus faecalis,Negative
7938,dbAMP_21762,Escherichia coli,Negative
7939,dbAMP_21762,Pseudomonas aeruginosa,Negative
7940,dbAMP_21762,Staphylococcus aureus,Negative
7941,dbAMP_21764,Escherichia coli,Negative
7942,dbAMP_21764,Pseudomonas aeruginosa,Negative
7943,dbAMP_21764,Staphylococcus aureus,Negative
7944,dbAMP_21765,Staphylococcus aureus,Negative
7945,dbAMP_21766,Enterococcus faecalis,Negative
7946,dbAMP_21766,Escherichia coli,Negative
7947,dbAMP_21766,Pseudomonas aeruginosa,Negative
7948,dbAMP_21766,Staphylococcus aureus,Negative
7949,dbAMP_21767,Candida albicans,Negative
7950,dbAMP_21791,Staphylococcus aureus,Negative
7951,dbAMP_21811,Escherichia coli,Negative
7952,dbAMP_21811,Micrococcus luteus,Negative
7953,dbAMP_21812,Escherichia coli,Negative
7954,dbAMP_21812,Micrococcus luteus,Negative
7955,dbAMP_21813,Escherichia coli,Negative
7956,dbAMP_21813,Micrococcus luteus,Negative
7957,dbAMP_21827,Bacillus subtilis,Negative
7958,dbAMP_21827,Escherichia coli,Negative
7959,dbAMP_21828,Bacillus subtilis,Negative
7960,dbAMP_21828,Escherichia coli,Negative
7961,dbAMP_21829,Bacillus subtilis,Negative
7962,dbAMP_21829,Escherichia coli,Negative
7963,dbAMP_21829,Pseudomonas aeruginosa,Negative
7964,dbAMP_21829,Staphylococcus aureus,Negative
7965,dbAMP_21832,Pseudomonas aeruginosa,Negative
7966,dbAMP_21837,Bacillus subtilis,Negative
7967,dbAMP_21837,Escherichia coli,Negative
7968,dbAMP_21837,Pseudomonas aeruginosa,Negative
7969,dbAMP_21837,Staphylococcus epidermidis,Negative
7970,dbAMP_21838,Bacillus subtilis,Negative
7971,dbAMP_21838,Escherichia coli,Negative
7972,dbAMP_21838,Pseudomonas aeruginosa,Negative
7973,dbAMP_21838,Staphylococcus epidermidis,Negative
7974,dbAMP_21850,Bacillus subtilis,Negative
7975,dbAMP_21850,Escherichia coli,Negative
7976,dbAMP_21850,Pseudomonas aeruginosa,Negative
7977,dbAMP_21850,Salmonella enterica,Negative
7978,dbAMP_21850,Staphylococcus epidermidis,Negative
7979,dbAMP_21851,Bacillus subtilis,Negative
7980,dbAMP_21851,Escherichia coli,Negative
7981,dbAMP_21851,Pseudomonas aeruginosa,Negative
7982,dbAMP_21851,Staphylococcus epidermidis,Negative
7983,dbAMP_21853,Bacillus subtilis,Negative
7984,dbAMP_21853,Staphylococcus epidermidis,Negative
7985,dbAMP_21896,Candida albicans,Negative
7986,dbAMP_21899,Candida albicans,Negative
7987,dbAMP_21899,Salmonella enterica,Negative
7988,dbAMP_21901,Candida albicans,Negative
7989,dbAMP_21903,Candida albicans,Negative
7990,dbAMP_21905,Bacillus subtilis,Negative
7991,dbAMP_21905,Candida albicans,Negative
7992,dbAMP_21905,Salmonella enterica,Negative
7993,dbAMP_21911,Bacillus subtilis,Negative
7994,dbAMP_21911,Candida albicans,Negative
7995,dbAMP_21912,Bacillus subtilis,Negative
7996,dbAMP_21912,Candida albicans,Negative
7997,dbAMP_21913,Candida albicans,Negative
7998,dbAMP_21914,Bacillus subtilis,Negative
7999,dbAMP_21914,Candida albicans,Negative
8000,dbAMP_21915,Candida albicans,Negative
8001,dbAMP_21916,Candida albicans,Negative
8002,dbAMP_21916,Escherichia coli,Negative
8003,dbAMP_21916,Pseudomonas aeruginosa,Negative
8004,dbAMP_21916,Staphylococcus aureus,Negative
8005,dbAMP_21916,Staphylococcus epidermidis,Negative
8006,dbAMP_21919,Candida albicans,Negative
8007,dbAMP_21922,Pseudomonas aeruginosa,Negative
8008,dbAMP_21926,Escherichia coli,Negative
8009,dbAMP_21926,Staphylococcus aureus,Negative
8010,dbAMP_21928,Escherichia coli,Negative
8011,dbAMP_21928,Staphylococcus aureus,Negative
8012,dbAMP_21929,Pseudomonas aeruginosa,Negative
8013,dbAMP_21932,Escherichia coli,Negative
8014,dbAMP_21932,Staphylococcus aureus,Negative
8015,dbAMP_21938,Escherichia coli,Negative
8016,dbAMP_21938,Staphylococcus aureus,Negative
8017,dbAMP_21954,Candida albicans,Negative
8018,dbAMP_21954,Enterococcus faecium,Negative
8019,dbAMP_21955,Staphylococcus aureus,Negative
8020,dbAMP_21956,Pseudomonas aeruginosa,Negative
8021,dbAMP_21962,Escherichia coli,Negative
8022,dbAMP_21962,Pseudomonas aeruginosa,Negative
8023,dbAMP_21962,Staphylococcus aureus,Negative
8024,dbAMP_21968,Pseudomonas aeruginosa,Negative
8025,dbAMP_21968,Staphylococcus aureus,Negative
8026,dbAMP_21971,Escherichia coli,Negative
8027,dbAMP_21971,Pseudomonas aeruginosa,Negative
8028,dbAMP_21971,Staphylococcus aureus,Negative
8029,dbAMP_21973,Enterobacter cloacae,Negative
8030,dbAMP_21973,Enterococcus faecalis,Negative
8031,dbAMP_21974,Enterococcus faecalis,Negative
8032,dbAMP_21979,Klebsiella pneumoniae,Negative
8033,dbAMP_21983,Enterobacter cloacae,Negative
8034,dbAMP_21983,Enterococcus faecalis,Negative
8035,dbAMP_21983,Enterococcus faecium,Negative
8036,dbAMP_21983,Escherichia coli,Negative
8037,dbAMP_21983,Klebsiella pneumoniae,Negative
8038,dbAMP_21983,Pseudomonas aeruginosa,Negative
8039,dbAMP_21983,Staphylococcus aureus,Negative
8040,dbAMP_21984,Enterobacter cloacae,Negative
8041,dbAMP_21984,Enterococcus faecalis,Negative
8042,dbAMP_21984,Enterococcus faecium,Negative
8043,dbAMP_21984,Escherichia coli,Negative
8044,dbAMP_21984,Klebsiella pneumoniae,Negative
8045,dbAMP_21984,Pseudomonas aeruginosa,Negative
8046,dbAMP_21984,Staphylococcus aureus,Negative
8047,dbAMP_21985,Enterobacter cloacae,Negative
8048,dbAMP_21985,Enterococcus faecalis,Negative
8049,dbAMP_21985,Enterococcus faecium,Negative
8050,dbAMP_21985,Escherichia coli,Negative
8051,dbAMP_21985,Klebsiella pneumoniae,Negative
8052,dbAMP_21985,Pseudomonas aeruginosa,Negative
8053,dbAMP_21985,Staphylococcus aureus,Negative
8054,dbAMP_21987,Pseudomonas aeruginosa,Negative
8055,dbAMP_21987,Staphylococcus aureus,Negative
8056,dbAMP_21988,Enterobacter cloacae,Negative
8057,dbAMP_21988,Enterococcus faecalis,Negative
8058,dbAMP_21988,Enterococcus faecium,Negative
8059,dbAMP_21988,Escherichia coli,Negative
8060,dbAMP_21988,Klebsiella pneumoniae,Negative
8061,dbAMP_21988,Pseudomonas aeruginosa,Negative
8062,dbAMP_21988,Staphylococcus aureus,Negative
8063,dbAMP_21993,Bacillus subtilis,Negative
8064,dbAMP_21993,Escherichia coli,Negative
8065,dbAMP_21993,Klebsiella pneumoniae,Negative
8066,dbAMP_21993,Pseudomonas aeruginosa,Negative
8067,dbAMP_21993,Salmonella enterica,Negative
8068,dbAMP_21993,Staphylococcus aureus,Negative
8069,dbAMP_21993,Staphylococcus epidermidis,Negative
8070,dbAMP_21994,Escherichia coli,Negative
8071,dbAMP_21994,Pseudomonas aeruginosa,Negative
8072,dbAMP_21994,Staphylococcus aureus,Negative
8073,dbAMP_21995,Bacillus subtilis,Negative
8074,dbAMP_21995,Escherichia coli,Negative
8075,dbAMP_21995,Klebsiella pneumoniae,Negative
8076,dbAMP_21995,Micrococcus luteus,Negative
8077,dbAMP_21995,Pseudomonas aeruginosa,Negative
8078,dbAMP_21995,Salmonella enterica,Negative
8079,dbAMP_21995,Staphylococcus aureus,Negative
8080,dbAMP_21997,Escherichia coli,Negative
8081,dbAMP_21997,Pseudomonas aeruginosa,Negative
8082,dbAMP_21997,Staphylococcus aureus,Negative
8083,dbAMP_21998,Escherichia coli,Negative
8084,dbAMP_21998,Pseudomonas aeruginosa,Negative
8085,dbAMP_21998,Staphylococcus aureus,Negative
8086,dbAMP_21999,Pseudomonas aeruginosa,Negative
8087,dbAMP_22000,Escherichia coli,Negative
8088,dbAMP_22000,Pseudomonas aeruginosa,Negative
8089,dbAMP_22000,Staphylococcus aureus,Negative
8090,dbAMP_22001,Pseudomonas aeruginosa,Negative
8091,dbAMP_22007,Pseudomonas aeruginosa,Negative
8092,dbAMP_22012,Pseudomonas aeruginosa,Negative
8093,dbAMP_22012,Staphylococcus aureus,Negative
8094,dbAMP_22013,Pseudomonas aeruginosa,Negative
8095,dbAMP_22013,Staphylococcus aureus,Negative
8096,dbAMP_22021,Escherichia coli,Negative
8097,dbAMP_22021,Pseudomonas aeruginosa,Negative
8098,dbAMP_22021,Staphylococcus aureus,Negative
8099,dbAMP_22023,Pseudomonas aeruginosa,Negative
8100,dbAMP_22028,Pseudomonas aeruginosa,Negative
8101,dbAMP_22031,Pseudomonas aeruginosa,Negative
8102,dbAMP_22032,Escherichia coli,Negative
8103,dbAMP_22032,Pseudomonas aeruginosa,Negative
8104,dbAMP_22032,Staphylococcus aureus,Negative
8105,dbAMP_22033,Staphylococcus aureus,Negative
8106,dbAMP_22035,Pseudomonas aeruginosa,Negative
8107,dbAMP_22037,Pseudomonas aeruginosa,Negative
8108,dbAMP_22037,Staphylococcus aureus,Negative
8109,dbAMP_22039,Pseudomonas aeruginosa,Negative
8110,dbAMP_22041,Pseudomonas aeruginosa,Negative
8111,dbAMP_22062,Escherichia coli,Negative
8112,dbAMP_22062,Klebsiella pneumoniae,Negative
8113,dbAMP_22069,Pseudomonas aeruginosa,Negative
8114,dbAMP_22070,Bacillus subtilis,Negative
8115,dbAMP_22070,Candida albicans,Negative
8116,dbAMP_22070,Escherichia coli,Negative
8117,dbAMP_22070,Micrococcus luteus,Negative
8118,dbAMP_22070,Pseudomonas aeruginosa,Negative
8119,dbAMP_22070,Staphylococcus aureus,Negative
8120,dbAMP_22073,Bacillus subtilis,Negative
8121,dbAMP_22073,Candida albicans,Negative
8122,dbAMP_22073,Escherichia coli,Negative
8123,dbAMP_22073,Micrococcus luteus,Negative
8124,dbAMP_22073,Pseudomonas aeruginosa,Negative
8125,dbAMP_22073,Staphylococcus aureus,Negative
8126,dbAMP_22074,Bacillus subtilis,Negative
8127,dbAMP_22074,Candida albicans,Negative
8128,dbAMP_22074,Escherichia coli,Negative
8129,dbAMP_22074,Micrococcus luteus,Negative
8130,dbAMP_22074,Staphylococcus aureus,Negative
8131,dbAMP_22076,Bacillus subtilis,Negative
8132,dbAMP_22076,Escherichia coli,Negative
8133,dbAMP_22077,Bacillus subtilis,Negative
8134,dbAMP_22077,Candida albicans,Negative
8135,dbAMP_22077,Escherichia coli,Negative
8136,dbAMP_22077,Pseudomonas aeruginosa,Negative
8137,dbAMP_22077,Staphylococcus aureus,Negative
8138,dbAMP_22079,Staphylococcus aureus,Negative
8139,dbAMP_22080,Pseudomonas aeruginosa,Negative
8140,dbAMP_22080,Staphylococcus aureus,Negative
8141,dbAMP_22081,Escherichia coli,Negative
8142,dbAMP_22081,Staphylococcus aureus,Negative
8143,dbAMP_22082,Bacillus subtilis,Negative
8144,dbAMP_22082,Candida albicans,Negative
8145,dbAMP_22082,Escherichia coli,Negative
8146,dbAMP_22082,Micrococcus luteus,Negative
8147,dbAMP_22082,Pseudomonas aeruginosa,Negative
8148,dbAMP_22082,Staphylococcus aureus,Negative
8149,dbAMP_22084,Bacillus subtilis,Negative
8150,dbAMP_22084,Candida albicans,Negative
8151,dbAMP_22084,Escherichia coli,Negative
8152,dbAMP_22084,Micrococcus luteus,Negative
8153,dbAMP_22084,Pseudomonas aeruginosa,Negative
8154,dbAMP_22084,Staphylococcus aureus,Negative
8155,dbAMP_22085,Pseudomonas aeruginosa,Negative
8156,dbAMP_22091,Escherichia coli,Negative
8157,dbAMP_22114,Bacillus subtilis,Negative
8158,dbAMP_22114,Escherichia coli,Negative
8159,dbAMP_22152,Pseudomonas aeruginosa,Negative
8160,dbAMP_22166,Escherichia coli,Negative
8161,dbAMP_22182,Bacillus megaterium,Negative
8162,dbAMP_22182,Bacillus subtilis,Negative
8163,dbAMP_22182,Escherichia coli,Negative
8164,dbAMP_22182,Pseudomonas aeruginosa,Negative
8165,dbAMP_22182,Staphylococcus aureus,Negative
8166,dbAMP_22186,Escherichia coli,Negative
8167,dbAMP_22186,Staphylococcus aureus,Negative
8168,dbAMP_22188,Candida albicans,Negative
8169,dbAMP_22188,Escherichia coli,Negative
8170,dbAMP_22188,Staphylococcus aureus,Negative
8171,dbAMP_22189,Candida albicans,Negative
8172,dbAMP_22194,Escherichia coli,Negative
8173,dbAMP_22194,Staphylococcus aureus,Negative
8174,dbAMP_22201,Escherichia coli,Negative
8175,dbAMP_22201,Staphylococcus aureus,Negative
8176,dbAMP_22227,Bacillus cereus,Negative
8177,dbAMP_22227,Bacillus subtilis,Negative
8178,dbAMP_22227,Enterococcus faecalis,Negative
8179,dbAMP_22227,Escherichia coli,Negative
8180,dbAMP_22227,Micrococcus luteus,Negative
8181,dbAMP_22227,Pseudomonas aeruginosa,Negative
8182,dbAMP_22227,Staphylococcus aureus,Negative
8183,dbAMP_22227,Staphylococcus epidermidis,Negative
8184,dbAMP_22238,Bacillus cereus,Negative
8185,dbAMP_22238,Escherichia coli,Negative
8186,dbAMP_22238,Micrococcus luteus,Negative
8187,dbAMP_22238,Staphylococcus aureus,Negative
8188,dbAMP_22238,Staphylococcus epidermidis,Negative
8189,dbAMP_22249,Escherichia coli,Negative
8190,dbAMP_22252,Bacillus cereus,Negative
8191,dbAMP_22252,Staphylococcus aureus,Negative
8192,dbAMP_22255,Bacillus cereus,Negative
8193,dbAMP_22255,Staphylococcus aureus,Negative
8194,dbAMP_22257,Bacillus cereus,Negative
8195,dbAMP_22257,Escherichia coli,Negative
8196,dbAMP_22257,Staphylococcus aureus,Negative
8197,dbAMP_22258,Staphylococcus aureus,Negative
8198,dbAMP_22263,Bacillus cereus,Negative
8199,dbAMP_22263,Escherichia coli,Negative
8200,dbAMP_22263,Staphylococcus aureus,Negative
8201,dbAMP_22264,Bacillus cereus,Negative
8202,dbAMP_22264,Escherichia coli,Negative
8203,dbAMP_22264,Staphylococcus aureus,Negative
8204,dbAMP_22268,Escherichia coli,Negative
8205,dbAMP_22269,Escherichia coli,Negative
8206,dbAMP_22270,Bacillus cereus,Negative
8207,dbAMP_22270,Escherichia coli,Negative
8208,dbAMP_22270,Staphylococcus aureus,Negative
8209,dbAMP_22272,Escherichia coli,Negative
8210,dbAMP_22273,Bacillus cereus,Negative
8211,dbAMP_22273,Escherichia coli,Negative
8212,dbAMP_22273,Staphylococcus aureus,Negative
8213,dbAMP_22274,Bacillus cereus,Negative
8214,dbAMP_22274,Escherichia coli,Negative
8215,dbAMP_22274,Staphylococcus aureus,Negative
8216,dbAMP_22275,Bacillus cereus,Negative
8217,dbAMP_22275,Escherichia coli,Negative
8218,dbAMP_22275,Staphylococcus aureus,Negative
8219,dbAMP_22276,Bacillus cereus,Negative
8220,dbAMP_22276,Escherichia coli,Negative
8221,dbAMP_22276,Staphylococcus aureus,Negative
8222,dbAMP_22277,Bacillus cereus,Negative
8223,dbAMP_22277,Escherichia coli,Negative
8224,dbAMP_22277,Staphylococcus aureus,Negative
8225,dbAMP_22280,Bacillus cereus,Negative
8226,dbAMP_22280,Staphylococcus aureus,Negative
8227,dbAMP_22282,Bacillus cereus,Negative
8228,dbAMP_22282,Escherichia coli,Negative
8229,dbAMP_22282,Staphylococcus aureus,Negative
8230,dbAMP_22283,Bacillus cereus,Negative
8231,dbAMP_22283,Escherichia coli,Negative
8232,dbAMP_22283,Staphylococcus aureus,Negative
8233,dbAMP_22284,Escherichia coli,Negative
8234,dbAMP_22285,Escherichia coli,Negative
8235,dbAMP_22290,Escherichia coli,Negative
8236,dbAMP_22291,Bacillus cereus,Negative
8237,dbAMP_22291,Staphylococcus aureus,Negative
8238,dbAMP_22292,Bacillus cereus,Negative
8239,dbAMP_22292,Staphylococcus aureus,Negative
8240,dbAMP_22293,Bacillus cereus,Negative
8241,dbAMP_22293,Escherichia coli,Negative
8242,dbAMP_22293,Staphylococcus aureus,Negative
8243,dbAMP_22294,Bacillus cereus,Negative
8244,dbAMP_22294,Escherichia coli,Negative
8245,dbAMP_22294,Staphylococcus aureus,Negative
8246,dbAMP_22296,Escherichia coli,Negative
8247,dbAMP_22296,Staphylococcus aureus,Negative
8248,dbAMP_22298,Bacillus cereus,Negative
8249,dbAMP_22298,Escherichia coli,Negative
8250,dbAMP_22298,Staphylococcus aureus,Negative
8251,dbAMP_22299,Bacillus cereus,Negative
8252,dbAMP_22299,Staphylococcus aureus,Negative
8253,dbAMP_22301,Bacillus cereus,Negative
8254,dbAMP_22301,Escherichia coli,Negative
8255,dbAMP_22301,Staphylococcus aureus,Negative
8256,dbAMP_22304,Bacillus cereus,Negative
8257,dbAMP_22304,Escherichia coli,Negative
8258,dbAMP_22304,Staphylococcus aureus,Negative
8259,dbAMP_22305,Bacillus cereus,Negative
8260,dbAMP_22305,Escherichia coli,Negative
8261,dbAMP_22305,Staphylococcus aureus,Negative
8262,dbAMP_22307,Bacillus cereus,Negative
8263,dbAMP_22307,Escherichia coli,Negative
8264,dbAMP_22310,Bacillus cereus,Negative
8265,dbAMP_22310,Escherichia coli,Negative
8266,dbAMP_22311,Bacillus cereus,Negative
8267,dbAMP_22311,Escherichia coli,Negative
8268,dbAMP_22312,Bacillus cereus,Negative
8269,dbAMP_22312,Escherichia coli,Negative
8270,dbAMP_22313,Bacillus cereus,Negative
8271,dbAMP_22313,Escherichia coli,Negative
8272,dbAMP_22315,Bacillus cereus,Negative
8273,dbAMP_22315,Escherichia coli,Negative
8274,dbAMP_22316,Bacillus cereus,Negative
8275,dbAMP_22316,Escherichia coli,Negative
8276,dbAMP_22317,Bacillus cereus,Negative
8277,dbAMP_22317,Escherichia coli,Negative
8278,dbAMP_22323,Bacillus cereus,Negative
8279,dbAMP_22323,Escherichia coli,Negative
8280,dbAMP_22324,Bacillus cereus,Negative
8281,dbAMP_22324,Escherichia coli,Negative
8282,dbAMP_22325,Bacillus cereus,Negative
8283,dbAMP_22325,Escherichia coli,Negative
8284,dbAMP_22327,Bacillus cereus,Negative
8285,dbAMP_22327,Escherichia coli,Negative
8286,dbAMP_22328,Bacillus cereus,Negative
8287,dbAMP_22328,Escherichia coli,Negative
8288,dbAMP_22330,Bacillus cereus,Negative
8289,dbAMP_22330,Escherichia coli,Negative
8290,dbAMP_22333,Bacillus cereus,Negative
8291,dbAMP_22333,Escherichia coli,Negative
8292,dbAMP_22334,Bacillus cereus,Negative
8293,dbAMP_22334,Escherichia coli,Negative
8294,dbAMP_22335,Bacillus cereus,Negative
8295,dbAMP_22335,Escherichia coli,Negative
8296,dbAMP_22336,Bacillus cereus,Negative
8297,dbAMP_22336,Escherichia coli,Negative
8298,dbAMP_22337,Bacillus cereus,Negative
8299,dbAMP_22337,Escherichia coli,Negative
8300,dbAMP_22339,Bacillus cereus,Negative
8301,dbAMP_22339,Escherichia coli,Negative
8302,dbAMP_22341,Bacillus cereus,Negative
8303,dbAMP_22341,Escherichia coli,Negative
8304,dbAMP_22342,Bacillus cereus,Negative
8305,dbAMP_22342,Escherichia coli,Negative
8306,dbAMP_22343,Bacillus cereus,Negative
8307,dbAMP_22343,Escherichia coli,Negative
8308,dbAMP_22344,Bacillus cereus,Negative
8309,dbAMP_22344,Escherichia coli,Negative
8310,dbAMP_22345,Bacillus cereus,Negative
8311,dbAMP_22345,Escherichia coli,Negative
8312,dbAMP_22346,Bacillus cereus,Negative
8313,dbAMP_22346,Escherichia coli,Negative
8314,dbAMP_22347,Bacillus cereus,Negative
8315,dbAMP_22347,Escherichia coli,Negative
8316,dbAMP_22348,Bacillus cereus,Negative
8317,dbAMP_22348,Escherichia coli,Negative
8318,dbAMP_22349,Bacillus cereus,Negative
8319,dbAMP_22349,Escherichia coli,Negative
8320,dbAMP_22350,Bacillus cereus,Negative
8321,dbAMP_22350,Escherichia coli,Negative
8322,dbAMP_22354,Bacillus cereus,Negative
8323,dbAMP_22354,Escherichia coli,Negative
8324,dbAMP_22355,Bacillus cereus,Negative
8325,dbAMP_22355,Escherichia coli,Negative
8326,dbAMP_22356,Bacillus cereus,Negative
8327,dbAMP_22356,Escherichia coli,Negative
8328,dbAMP_22357,Bacillus cereus,Negative
8329,dbAMP_22357,Escherichia coli,Negative
8330,dbAMP_22358,Bacillus cereus,Negative
8331,dbAMP_22358,Escherichia coli,Negative
8332,dbAMP_22359,Bacillus cereus,Negative
8333,dbAMP_22359,Escherichia coli,Negative
8334,dbAMP_22360,Bacillus cereus,Negative
8335,dbAMP_22360,Escherichia coli,Negative
8336,dbAMP_22361,Bacillus cereus,Negative
8337,dbAMP_22361,Escherichia coli,Negative
8338,dbAMP_22363,Bacillus cereus,Negative
8339,dbAMP_22363,Escherichia coli,Negative
8340,dbAMP_22366,Bacillus cereus,Negative
8341,dbAMP_22366,Escherichia coli,Negative
8342,dbAMP_22368,Bacillus cereus,Negative
8343,dbAMP_22368,Escherichia coli,Negative
8344,dbAMP_22369,Bacillus cereus,Negative
8345,dbAMP_22369,Escherichia coli,Negative
8346,dbAMP_22371,Bacillus cereus,Negative
8347,dbAMP_22371,Escherichia coli,Negative
8348,dbAMP_22374,Bacillus cereus,Negative
8349,dbAMP_22374,Escherichia coli,Negative
8350,dbAMP_22375,Bacillus cereus,Negative
8351,dbAMP_22375,Escherichia coli,Negative
8352,dbAMP_22379,Bacillus cereus,Negative
8353,dbAMP_22379,Escherichia coli,Negative
8354,dbAMP_22380,Bacillus cereus,Negative
8355,dbAMP_22380,Escherichia coli,Negative
8356,dbAMP_22399,Candida albicans,Negative
8357,dbAMP_22400,Staphylococcus aureus,Negative
8358,dbAMP_22403,Escherichia coli,Negative
8359,dbAMP_22414,Bacillus subtilis,Negative
8360,dbAMP_22414,Candida albicans,Negative
8361,dbAMP_22414,Escherichia coli,Negative
8362,dbAMP_22414,Staphylococcus aureus,Negative
8363,dbAMP_22415,Bacillus subtilis,Negative
8364,dbAMP_22415,Candida albicans,Negative
8365,dbAMP_22415,Escherichia coli,Negative
8366,dbAMP_22415,Staphylococcus aureus,Negative
8367,dbAMP_22417,Bacillus subtilis,Negative
8368,dbAMP_22417,Candida albicans,Negative
8369,dbAMP_22417,Escherichia coli,Negative
8370,dbAMP_22417,Staphylococcus aureus,Negative
8371,dbAMP_22420,Bacillus subtilis,Negative
8372,dbAMP_22420,Candida albicans,Negative
8373,dbAMP_22420,Escherichia coli,Negative
8374,dbAMP_22420,Staphylococcus aureus,Negative
8375,dbAMP_22422,Bacillus subtilis,Negative
8376,dbAMP_22422,Candida albicans,Negative
8377,dbAMP_22422,Escherichia coli,Negative
8378,dbAMP_22422,Staphylococcus aureus,Negative
8379,dbAMP_22423,Bacillus subtilis,Negative
8380,dbAMP_22423,Candida albicans,Negative
8381,dbAMP_22423,Escherichia coli,Negative
8382,dbAMP_22423,Staphylococcus aureus,Negative
8383,dbAMP_22428,Candida albicans,Negative
8384,dbAMP_22428,Pseudomonas aeruginosa,Negative
8385,dbAMP_22448,Escherichia coli,Negative
8386,dbAMP_22448,Pseudomonas aeruginosa,Negative
8387,dbAMP_22448,Staphylococcus aureus,Negative
8388,dbAMP_22449,Escherichia coli,Negative
8389,dbAMP_22449,Pseudomonas aeruginosa,Negative
8390,dbAMP_22449,Staphylococcus aureus,Negative
8391,dbAMP_22450,Pseudomonas aeruginosa,Negative
8392,dbAMP_22451,Escherichia coli,Negative
8393,dbAMP_22451,Pseudomonas aeruginosa,Negative
8394,dbAMP_22451,Staphylococcus aureus,Negative
8395,dbAMP_22452,Bacillus subtilis,Negative
8396,dbAMP_22452,Escherichia coli,Negative
8397,dbAMP_22452,Pseudomonas aeruginosa,Negative
8398,dbAMP_22452,Staphylococcus aureus,Negative
8399,dbAMP_22453,Bacillus subtilis,Negative
8400,dbAMP_22453,Escherichia coli,Negative
8401,dbAMP_22453,Pseudomonas aeruginosa,Negative
8402,dbAMP_22453,Staphylococcus aureus,Negative
8403,dbAMP_22458,Bacillus subtilis,Negative
8404,dbAMP_22458,Escherichia coli,Negative
8405,dbAMP_22458,Pseudomonas aeruginosa,Negative
8406,dbAMP_22458,Staphylococcus aureus,Negative
8407,dbAMP_22460,Bacillus subtilis,Negative
8408,dbAMP_22460,Escherichia coli,Negative
8409,dbAMP_22460,Pseudomonas aeruginosa,Negative
8410,dbAMP_22460,Staphylococcus aureus,Negative
8411,dbAMP_22462,Pseudomonas aeruginosa,Negative
8412,dbAMP_22467,Escherichia coli,Negative
8413,dbAMP_22467,Staphylococcus aureus,Negative
8414,dbAMP_22467,Staphylococcus epidermidis,Negative
8415,dbAMP_22472,Candida albicans,Negative
8416,dbAMP_22481,Enterobacter cloacae,Negative
8417,dbAMP_22487,Bacillus subtilis,Negative
8418,dbAMP_22487,Candida albicans,Negative
8419,dbAMP_22487,Enterobacter cloacae,Negative
8420,dbAMP_22499,Klebsiella pneumoniae,Negative
8421,dbAMP_22499,Pseudomonas aeruginosa,Negative
8422,dbAMP_22506,Bacillus subtilis,Negative
8423,dbAMP_22506,Candida albicans,Negative
8424,dbAMP_22506,Enterobacter cloacae,Negative
8425,dbAMP_22508,Bacillus subtilis,Negative
8426,dbAMP_22508,Enterobacter cloacae,Negative
8427,dbAMP_22510,Escherichia coli,Negative
8428,dbAMP_22510,Staphylococcus aureus,Negative
8429,dbAMP_22512,Escherichia coli,Negative
8430,dbAMP_22512,Staphylococcus aureus,Negative
8431,dbAMP_22513,Escherichia coli,Negative
8432,dbAMP_22513,Staphylococcus aureus,Negative
8433,dbAMP_22515,Escherichia coli,Negative
8434,dbAMP_22516,Acinetobacter baumannii,Negative
8435,dbAMP_22516,Escherichia coli,Negative
8436,dbAMP_22516,Staphylococcus aureus,Negative
8437,dbAMP_22517,Acinetobacter baumannii,Negative
8438,dbAMP_22517,Escherichia coli,Negative
8439,dbAMP_22517,Staphylococcus aureus,Negative
8440,dbAMP_22519,Acinetobacter baumannii,Negative
8441,dbAMP_22519,Escherichia coli,Negative
8442,dbAMP_22519,Staphylococcus aureus,Negative
8443,dbAMP_22520,Acinetobacter baumannii,Negative
8444,dbAMP_22520,Escherichia coli,Negative
8445,dbAMP_22520,Staphylococcus aureus,Negative
8446,dbAMP_22525,Candida parapsilosis,Negative
8447,dbAMP_22525,Enterobacter cloacae,Negative
8448,dbAMP_22525,Escherichia coli,Negative
8449,dbAMP_22525,Klebsiella pneumoniae,Negative
8450,dbAMP_22525,Pseudomonas aeruginosa,Negative
8451,dbAMP_22529,Candida albicans,Negative
8452,dbAMP_22530,Candida albicans,Negative
8453,dbAMP_22540,Escherichia coli,Negative
8454,dbAMP_22543,Candida albicans,Negative
8455,dbAMP_22543,Escherichia coli,Negative
8456,dbAMP_22543,Pseudomonas aeruginosa,Negative
8457,dbAMP_22543,Staphylococcus aureus,Negative
8458,dbAMP_22548,Bacillus subtilis,Negative
8459,dbAMP_22548,Candida albicans,Negative
8460,dbAMP_22548,Escherichia coli,Negative
8461,dbAMP_22548,Pseudomonas aeruginosa,Negative
8462,dbAMP_22548,Staphylococcus aureus,Negative
8463,dbAMP_22558,Escherichia coli,Negative
8464,dbAMP_22558,Pseudomonas aeruginosa,Negative
8465,dbAMP_22558,Staphylococcus aureus,Negative
8466,dbAMP_22565,Escherichia coli,Negative
8467,dbAMP_22565,Listeria monocytogenes,Negative
8468,dbAMP_22565,Salmonella enterica,Negative
8469,dbAMP_22579,Escherichia coli,Negative
8470,dbAMP_22579,Pseudomonas aeruginosa,Negative
8471,dbAMP_22579,Staphylococcus aureus,Negative
8472,dbAMP_22580,Escherichia coli,Negative
8473,dbAMP_22580,Pseudomonas aeruginosa,Negative
8474,dbAMP_22580,Staphylococcus aureus,Negative
8475,dbAMP_22581,Escherichia coli,Negative
8476,dbAMP_22581,Pseudomonas aeruginosa,Negative
8477,dbAMP_22581,Staphylococcus aureus,Negative
8478,dbAMP_22582,Escherichia coli,Negative
8479,dbAMP_22582,Pseudomonas aeruginosa,Negative
8480,dbAMP_22582,Staphylococcus aureus,Negative
8481,dbAMP_22583,Escherichia coli,Negative
8482,dbAMP_22583,Pseudomonas aeruginosa,Negative
8483,dbAMP_22583,Staphylococcus aureus,Negative
8484,dbAMP_22585,Escherichia coli,Negative
8485,dbAMP_22585,Pseudomonas aeruginosa,Negative
8486,dbAMP_22585,Staphylococcus aureus,Negative
8487,dbAMP_22585,Staphylococcus epidermidis,Negative
8488,dbAMP_22586,Escherichia coli,Negative
8489,dbAMP_22586,Pseudomonas aeruginosa,Negative
8490,dbAMP_22586,Staphylococcus aureus,Negative
8491,dbAMP_22587,Escherichia coli,Negative
8492,dbAMP_22587,Pseudomonas aeruginosa,Negative
8493,dbAMP_22587,Staphylococcus aureus,Negative
8494,dbAMP_22588,Escherichia coli,Negative
8495,dbAMP_22588,Pseudomonas aeruginosa,Negative
8496,dbAMP_22588,Staphylococcus aureus,Negative
8497,dbAMP_22595,Escherichia coli,Negative
8498,dbAMP_22597,Bacillus megaterium,Negative
8499,dbAMP_22599,Bacillus megaterium,Negative
8500,dbAMP_22599,Micrococcus luteus,Negative
8501,dbAMP_22601,Micrococcus luteus,Negative
8502,dbAMP_22602,Bacillus megaterium,Negative
8503,dbAMP_22606,Bacillus megaterium,Negative
8504,dbAMP_22606,Micrococcus luteus,Negative
8505,dbAMP_22615,Escherichia coli,Negative
8506,dbAMP_22615,Pseudomonas aeruginosa,Negative
8507,dbAMP_22616,Acinetobacter baumannii,Negative
8508,dbAMP_22616,Bacillus megaterium,Negative
8509,dbAMP_22616,Candida albicans,Negative
8510,dbAMP_22616,Enterococcus faecalis,Negative
8511,dbAMP_22616,Escherichia coli,Negative
8512,dbAMP_22616,Pseudomonas aeruginosa,Negative
8513,dbAMP_22616,Staphylococcus aureus,Negative
8514,dbAMP_22617,Pseudomonas aeruginosa,Negative
8515,dbAMP_22634,Escherichia coli,Negative
8516,dbAMP_22637,Escherichia coli,Negative
8517,dbAMP_22637,Staphylococcus aureus,Negative
8518,dbAMP_22640,Escherichia coli,Negative
8519,dbAMP_22644,Bacillus megaterium,Negative
8520,dbAMP_22644,Candida albicans,Negative
8521,dbAMP_22644,Escherichia coli,Negative
8522,dbAMP_22644,Staphylococcus aureus,Negative
8523,dbAMP_22645,Escherichia coli,Negative
8524,dbAMP_22647,Escherichia coli,Negative
8525,dbAMP_22647,Staphylococcus aureus,Negative
8526,dbAMP_22648,Escherichia coli,Negative
8527,dbAMP_22648,Staphylococcus epidermidis,Negative
8528,dbAMP_22650,Bacillus subtilis,Negative
8529,dbAMP_22650,Escherichia coli,Negative
8530,dbAMP_22650,Listeria monocytogenes,Negative
8531,dbAMP_22650,Pseudomonas aeruginosa,Negative
8532,dbAMP_22650,Staphylococcus aureus,Negative
8533,dbAMP_22654,Candida albicans,Negative
8534,dbAMP_22654,Escherichia coli,Negative
8535,dbAMP_22654,Staphylococcus aureus,Negative
8536,dbAMP_22660,Candida albicans,Negative
8537,dbAMP_22660,Escherichia coli,Negative
8538,dbAMP_22661,Candida albicans,Negative
8539,dbAMP_22661,Escherichia coli,Negative
8540,dbAMP_22661,Staphylococcus aureus,Negative
8541,dbAMP_22662,Candida albicans,Negative
8542,dbAMP_22662,Escherichia coli,Negative
8543,dbAMP_22662,Staphylococcus aureus,Negative
8544,dbAMP_22663,Candida albicans,Negative
8545,dbAMP_22663,Escherichia coli,Negative
8546,dbAMP_22663,Staphylococcus aureus,Negative
8547,dbAMP_22667,Candida albicans,Negative
8548,dbAMP_22667,Escherichia coli,Negative
8549,dbAMP_22667,Staphylococcus aureus,Negative
8550,dbAMP_22669,Bacillus subtilis,Negative
8551,dbAMP_22669,Enterococcus faecalis,Negative
8552,dbAMP_22669,Escherichia coli,Negative
8553,dbAMP_22669,Klebsiella pneumoniae,Negative
8554,dbAMP_22669,Pseudomonas aeruginosa,Negative
8555,dbAMP_22669,Salmonella enterica,Negative
8556,dbAMP_22669,Staphylococcus aureus,Negative
8557,dbAMP_22671,Escherichia coli,Negative
8558,dbAMP_22671,Staphylococcus epidermidis,Negative
8559,dbAMP_22672,Staphylococcus epidermidis,Negative
8560,dbAMP_22675,Escherichia coli,Negative
8561,dbAMP_22675,Staphylococcus epidermidis,Negative
8562,dbAMP_22676,Bacillus subtilis,Negative
8563,dbAMP_22676,Escherichia coli,Negative
8564,dbAMP_22676,Listeria monocytogenes,Negative
8565,dbAMP_22676,Salmonella enterica,Negative
8566,dbAMP_22676,Staphylococcus aureus,Negative
8567,dbAMP_22677,Bacillus subtilis,Negative
8568,dbAMP_22677,Escherichia coli,Negative
8569,dbAMP_22677,Listeria monocytogenes,Negative
8570,dbAMP_22677,Salmonella enterica,Negative
8571,dbAMP_22677,Staphylococcus aureus,Negative
8572,dbAMP_22680,Escherichia coli,Negative
8573,dbAMP_22680,Staphylococcus epidermidis,Negative
8574,dbAMP_22681,Candida albicans,Negative
8575,dbAMP_22681,Enterococcus faecium,Negative
8576,dbAMP_22681,Pseudomonas aeruginosa,Negative
8577,dbAMP_22683,Candida albicans,Negative
8578,dbAMP_22690,Enterococcus faecalis,Negative
8579,dbAMP_22690,Staphylococcus aureus,Negative
8580,dbAMP_22696,Escherichia coli,Negative
8581,dbAMP_22696,Staphylococcus epidermidis,Negative
8582,dbAMP_22699,Escherichia coli,Negative
8583,dbAMP_22701,Escherichia coli,Negative
8584,dbAMP_22716,Enterococcus faecalis,Negative
8585,dbAMP_22721,Enterococcus faecalis,Negative
8586,dbAMP_22721,Pseudomonas aeruginosa,Negative
8587,dbAMP_22721,Staphylococcus aureus,Negative
8588,dbAMP_22722,Staphylococcus aureus,Negative
8589,dbAMP_22723,Escherichia coli,Negative
8590,dbAMP_22738,Escherichia coli,Negative
8591,dbAMP_22738,Klebsiella pneumoniae,Negative
8592,dbAMP_22738,Pseudomonas aeruginosa,Negative
8593,dbAMP_22738,Salmonella enterica,Negative
8594,dbAMP_22745,Pseudomonas aeruginosa,Negative
8595,dbAMP_22745,Salmonella enterica,Negative
8596,dbAMP_22748,Micrococcus luteus,Negative
8597,dbAMP_22750,Micrococcus luteus,Negative
8598,dbAMP_22751,Micrococcus luteus,Negative
8599,dbAMP_22752,Micrococcus luteus,Negative
8600,dbAMP_22759,Micrococcus luteus,Negative
8601,dbAMP_22761,Micrococcus luteus,Negative
8602,dbAMP_22763,Escherichia coli,Negative
8603,dbAMP_22766,Escherichia coli,Negative
8604,dbAMP_22768,Escherichia coli,Negative
8605,dbAMP_22772,Enterococcus faecalis,Negative
8606,dbAMP_22772,Staphylococcus aureus,Negative
8607,dbAMP_22782,Bacillus cereus,Negative
8608,dbAMP_22782,Bacillus subtilis,Negative
8609,dbAMP_22782,Candida albicans,Negative
8610,dbAMP_22782,Escherichia coli,Negative
8611,dbAMP_22782,Micrococcus luteus,Negative
8612,dbAMP_22782,Pseudomonas aeruginosa,Negative
8613,dbAMP_22782,Staphylococcus epidermidis,Negative
8614,dbAMP_22797,Pseudomonas aeruginosa,Negative
8615,dbAMP_22797,Staphylococcus aureus,Negative
8616,dbAMP_22807,Pseudomonas aeruginosa,Negative
8617,dbAMP_22812,Escherichia coli,Negative
8618,dbAMP_22829,Escherichia coli,Negative
8619,dbAMP_22830,Bacillus subtilis,Negative
8620,dbAMP_22830,Escherichia coli,Negative
8621,dbAMP_22830,Staphylococcus epidermidis,Negative
8622,dbAMP_22832,Candida albicans,Negative
8623,dbAMP_22834,Candida albicans,Negative
8624,dbAMP_22834,Escherichia coli,Negative
8625,dbAMP_22834,Staphylococcus aureus,Negative
8626,dbAMP_22838,Candida albicans,Negative
8627,dbAMP_22839,Candida albicans,Negative
8628,dbAMP_22840,Candida albicans,Negative
8629,dbAMP_22840,Escherichia coli,Negative
8630,dbAMP_22840,Staphylococcus aureus,Negative
8631,dbAMP_22846,Pseudomonas aeruginosa,Negative
8632,dbAMP_22847,Pseudomonas aeruginosa,Negative
8633,dbAMP_22848,Pseudomonas aeruginosa,Negative
8634,dbAMP_22848,Salmonella enterica,Negative
8635,dbAMP_22848,Staphylococcus aureus,Negative
8636,dbAMP_22849,Pseudomonas aeruginosa,Negative
8637,dbAMP_22851,Staphylococcus aureus,Negative
8638,dbAMP_22852,Staphylococcus aureus,Negative
8639,dbAMP_22865,Candida albicans,Negative
8640,dbAMP_22865,Escherichia coli,Negative
8641,dbAMP_22865,Staphylococcus aureus,Negative
8642,dbAMP_22866,Candida albicans,Negative
8643,dbAMP_22866,Staphylococcus aureus,Negative
8644,dbAMP_22868,Candida albicans,Negative
8645,dbAMP_22868,Escherichia coli,Negative
8646,dbAMP_22868,Staphylococcus aureus,Negative
8647,dbAMP_22869,Candida albicans,Negative
8648,dbAMP_22869,Escherichia coli,Negative
8649,dbAMP_22869,Staphylococcus aureus,Negative
8650,dbAMP_22870,Candida albicans,Negative
8651,dbAMP_22870,Escherichia coli,Negative
8652,dbAMP_22870,Staphylococcus aureus,Negative
8653,dbAMP_22871,Candida albicans,Negative
8654,dbAMP_22871,Escherichia coli,Negative
8655,dbAMP_22871,Staphylococcus aureus,Negative
8656,dbAMP_22872,Candida albicans,Negative
8657,dbAMP_22872,Escherichia coli,Negative
8658,dbAMP_22872,Staphylococcus aureus,Negative
8659,dbAMP_22874,Pseudomonas aeruginosa,Negative
8660,dbAMP_22874,Staphylococcus aureus,Negative
8661,dbAMP_22876,Escherichia coli,Negative
8662,dbAMP_22876,Pseudomonas aeruginosa,Negative
8663,dbAMP_22878,Staphylococcus aureus,Negative
8664,dbAMP_22879,Candida albicans,Negative
8665,dbAMP_22879,Staphylococcus aureus,Negative
8666,dbAMP_22880,Candida albicans,Negative
8667,dbAMP_22880,Pseudomonas aeruginosa,Negative
8668,dbAMP_22880,Staphylococcus aureus,Negative
8669,dbAMP_22881,Candida albicans,Negative
8670,dbAMP_22881,Escherichia coli,Negative
8671,dbAMP_22881,Pseudomonas aeruginosa,Negative
8672,dbAMP_22881,Staphylococcus aureus,Negative
8673,dbAMP_22885,Pseudomonas aeruginosa,Negative
8674,dbAMP_22885,Staphylococcus aureus,Negative
8675,dbAMP_22886,Acinetobacter baumannii,Negative
8676,dbAMP_22886,Pseudomonas aeruginosa,Negative
8677,dbAMP_22886,Staphylococcus aureus,Negative
8678,dbAMP_22888,Staphylococcus aureus,Negative
8679,dbAMP_22889,Staphylococcus aureus,Negative
8680,dbAMP_22890,Staphylococcus aureus,Negative
8681,dbAMP_22891,Staphylococcus aureus,Negative
8682,dbAMP_22895,Acinetobacter baumannii,Negative
8683,dbAMP_22895,Pseudomonas aeruginosa,Negative
8684,dbAMP_22895,Staphylococcus aureus,Negative
8685,dbAMP_22921,Enterobacter cloacae,Negative
8686,dbAMP_22921,Escherichia coli,Negative
8687,dbAMP_22921,Klebsiella pneumoniae,Negative
8688,dbAMP_22921,Micrococcus luteus,Negative
8689,dbAMP_22922,Escherichia coli,Negative
8690,dbAMP_22922,Micrococcus luteus,Negative
8691,dbAMP_22927,Candida albicans,Negative
8692,dbAMP_22928,Candida albicans,Negative
8693,dbAMP_22929,Candida albicans,Negative
8694,dbAMP_22930,Candida albicans,Negative
8695,dbAMP_22957,Salmonella enterica,Negative
8696,dbAMP_22982,Escherichia coli,Negative
8697,dbAMP_22982,Salmonella enterica,Negative
8698,dbAMP_22982,Staphylococcus aureus,Negative
8699,dbAMP_22983,Staphylococcus aureus,Negative
8700,dbAMP_22984,Salmonella enterica,Negative
8701,dbAMP_22984,Staphylococcus aureus,Negative
8702,dbAMP_22986,Escherichia coli,Negative
8703,dbAMP_22986,Salmonella enterica,Negative
8704,dbAMP_22986,Staphylococcus aureus,Negative
8705,dbAMP_23038,Bacillus subtilis,Negative
8706,dbAMP_23038,Escherichia coli,Negative
8707,dbAMP_23038,Staphylococcus aureus,Negative
8708,dbAMP_23038,Staphylococcus epidermidis,Negative
8709,dbAMP_23039,Bacillus subtilis,Negative
8710,dbAMP_23039,Escherichia coli,Negative
8711,dbAMP_23039,Staphylococcus aureus,Negative
8712,dbAMP_23039,Staphylococcus epidermidis,Negative
8713,dbAMP_23062,Candida albicans,Negative
8714,dbAMP_23073,Bacillus subtilis,Negative
8715,dbAMP_23073,Staphylococcus aureus,Negative
8716,dbAMP_23073,Staphylococcus epidermidis,Negative
8717,dbAMP_23074,Bacillus megaterium,Negative
8718,dbAMP_23074,Bacillus subtilis,Negative
8719,dbAMP_23074,Staphylococcus aureus,Negative
8720,dbAMP_23074,Staphylococcus epidermidis,Negative
8721,dbAMP_23075,Bacillus megaterium,Negative
8722,dbAMP_23075,Bacillus subtilis,Negative
8723,dbAMP_23075,Staphylococcus aureus,Negative
8724,dbAMP_23075,Staphylococcus epidermidis,Negative
8725,dbAMP_23098,Acinetobacter baumannii,Negative
8726,dbAMP_23098,Pseudomonas aeruginosa,Negative
8727,dbAMP_23098,Staphylococcus aureus,Negative
8728,dbAMP_23098,Staphylococcus epidermidis,Negative
8729,dbAMP_23100,Staphylococcus aureus,Negative
8730,dbAMP_23102,Pseudomonas aeruginosa,Negative
8731,dbAMP_23103,Acinetobacter baumannii,Negative
8732,dbAMP_23103,Enterobacter cloacae,Negative
8733,dbAMP_23103,Klebsiella pneumoniae,Negative
8734,dbAMP_23103,Pseudomonas aeruginosa,Negative
8735,dbAMP_23104,Pseudomonas aeruginosa,Negative
8736,dbAMP_23105,Acinetobacter baumannii,Negative
8737,dbAMP_23105,Escherichia coli,Negative
8738,dbAMP_23105,Klebsiella pneumoniae,Negative
8739,dbAMP_23105,Pseudomonas aeruginosa,Negative
8740,dbAMP_23107,Staphylococcus aureus,Negative
8741,dbAMP_23108,Pseudomonas aeruginosa,Negative
8742,dbAMP_23112,Acinetobacter baumannii,Negative
8743,dbAMP_23112,Candida parapsilosis,Negative
8744,dbAMP_23112,Enterococcus faecalis,Negative
8745,dbAMP_23112,Klebsiella pneumoniae,Negative
8746,dbAMP_23112,Salmonella enterica,Negative
8747,dbAMP_23112,Staphylococcus aureus,Negative
8748,dbAMP_23113,Bacillus subtilis,Negative
8749,dbAMP_23113,Escherichia coli,Negative
8750,dbAMP_23113,Pseudomonas aeruginosa,Negative
8751,dbAMP_23113,Staphylococcus aureus,Negative
8752,dbAMP_23114,Bacillus subtilis,Negative
8753,dbAMP_23114,Escherichia coli,Negative
8754,dbAMP_23114,Pseudomonas aeruginosa,Negative
8755,dbAMP_23114,Staphylococcus aureus,Negative
8756,dbAMP_23115,Bacillus subtilis,Negative
8757,dbAMP_23115,Escherichia coli,Negative
8758,dbAMP_23115,Pseudomonas aeruginosa,Negative
8759,dbAMP_23115,Staphylococcus aureus,Negative
8760,dbAMP_23116,Bacillus subtilis,Negative
8761,dbAMP_23116,Escherichia coli,Negative
8762,dbAMP_23116,Pseudomonas aeruginosa,Negative
8763,dbAMP_23116,Staphylococcus aureus,Negative
8764,dbAMP_23120,Escherichia coli,Negative
8765,dbAMP_23120,Pseudomonas aeruginosa,Negative
8766,dbAMP_23120,Staphylococcus aureus,Negative
8767,dbAMP_23122,Staphylococcus aureus,Negative
8768,dbAMP_23123,Pseudomonas aeruginosa,Negative
8769,dbAMP_23123,Staphylococcus aureus,Negative
8770,dbAMP_23128,Staphylococcus aureus,Negative
8771,dbAMP_23129,Staphylococcus aureus,Negative
8772,dbAMP_23131,Staphylococcus aureus,Negative
8773,dbAMP_23131,Staphylococcus epidermidis,Negative
8774,dbAMP_23135,Candida albicans,Negative
8775,dbAMP_23135,Staphylococcus aureus,Negative
8776,dbAMP_23136,Candida albicans,Negative
8777,dbAMP_23136,Staphylococcus aureus,Negative
8778,dbAMP_23143,Candida albicans,Negative
8779,dbAMP_23144,Candida albicans,Negative
8780,dbAMP_23144,Cryptococcus neoformans,Negative
8781,dbAMP_23144,Staphylococcus aureus,Negative
8782,dbAMP_23146,Candida albicans,Negative
8783,dbAMP_23146,Salmonella enterica,Negative
8784,dbAMP_23160,Candida albicans,Negative
8785,dbAMP_23163,Escherichia coli,Negative
8786,dbAMP_23167,Pseudomonas aeruginosa,Negative
8787,dbAMP_23167,Staphylococcus aureus,Negative
8788,dbAMP_23174,Enterobacter cloacae,Negative
8789,dbAMP_23174,Klebsiella pneumoniae,Negative
8790,dbAMP_23177,Escherichia coli,Negative
8791,dbAMP_23177,Pseudomonas aeruginosa,Negative
8792,dbAMP_23177,Staphylococcus aureus,Negative
8793,dbAMP_23182,Staphylococcus aureus,Negative
8794,dbAMP_23188,Bacillus megaterium,Negative
8795,dbAMP_23188,Bacillus subtilis,Negative
8796,dbAMP_23188,Escherichia coli,Negative
8797,dbAMP_23188,Micrococcus luteus,Negative
8798,dbAMP_23188,Pseudomonas aeruginosa,Negative
8799,dbAMP_23188,Salmonella enterica,Negative
8800,dbAMP_23205,Escherichia coli,Negative
8801,dbAMP_23205,Staphylococcus aureus,Negative
8802,dbAMP_23207,Escherichia coli,Negative
8803,dbAMP_23207,Staphylococcus aureus,Negative
8804,dbAMP_23213,Bacillus subtilis,Negative
8805,dbAMP_23213,Escherichia coli,Negative
8806,dbAMP_23213,Pseudomonas aeruginosa,Negative
8807,dbAMP_23213,Staphylococcus aureus,Negative
8808,dbAMP_23214,Bacillus subtilis,Negative
8809,dbAMP_23214,Escherichia coli,Negative
8810,dbAMP_23214,Pseudomonas aeruginosa,Negative
8811,dbAMP_23214,Staphylococcus aureus,Negative
8812,dbAMP_23215,Bacillus subtilis,Negative
8813,dbAMP_23215,Escherichia coli,Negative
8814,dbAMP_23215,Pseudomonas aeruginosa,Negative
8815,dbAMP_23215,Staphylococcus aureus,Negative
8816,dbAMP_23216,Bacillus subtilis,Negative
8817,dbAMP_23216,Escherichia coli,Negative
8818,dbAMP_23216,Pseudomonas aeruginosa,Negative
8819,dbAMP_23216,Staphylococcus aureus,Negative
8820,dbAMP_23217,Bacillus subtilis,Negative
8821,dbAMP_23217,Escherichia coli,Negative
8822,dbAMP_23217,Pseudomonas aeruginosa,Negative
8823,dbAMP_23217,Staphylococcus aureus,Negative
8824,dbAMP_23242,Escherichia coli,Negative
8825,dbAMP_23253,Micrococcus luteus,Negative
8826,dbAMP_23253,Staphylococcus aureus,Negative
8827,dbAMP_23254,Micrococcus luteus,Negative
8828,dbAMP_23254,Pseudomonas aeruginosa,Negative
8829,dbAMP_23254,Staphylococcus aureus,Negative
8830,dbAMP_23255,Micrococcus luteus,Negative
8831,dbAMP_23255,Staphylococcus aureus,Negative
8832,dbAMP_23258,Pseudomonas aeruginosa,Negative
8833,dbAMP_23259,Pseudomonas aeruginosa,Negative
8834,dbAMP_23260,Escherichia coli,Negative
8835,dbAMP_23264,Escherichia coli,Negative
8836,dbAMP_23264,Staphylococcus aureus,Negative
8837,dbAMP_23267,Candida albicans,Negative
8838,dbAMP_23267,Escherichia coli,Negative
8839,dbAMP_23267,Staphylococcus aureus,Negative
8840,dbAMP_23268,Staphylococcus aureus,Negative
8841,dbAMP_23269,Candida albicans,Negative
8842,dbAMP_23269,Escherichia coli,Negative
8843,dbAMP_23269,Staphylococcus aureus,Negative
8844,dbAMP_23270,Candida albicans,Negative
8845,dbAMP_23270,Escherichia coli,Negative
8846,dbAMP_23270,Staphylococcus aureus,Negative
8847,dbAMP_23272,Candida albicans,Negative
8848,dbAMP_23272,Escherichia coli,Negative
8849,dbAMP_23272,Staphylococcus aureus,Negative
8850,dbAMP_23275,Klebsiella pneumoniae,Negative
8851,dbAMP_23275,Pseudomonas aeruginosa,Negative
8852,dbAMP_23276,Staphylococcus aureus,Negative
8853,dbAMP_23281,Escherichia coli,Negative
8854,dbAMP_23281,Klebsiella pneumoniae,Negative
8855,dbAMP_23282,Enterococcus faecalis,Negative
8856,dbAMP_23283,Enterococcus faecalis,Negative
8857,dbAMP_23284,Escherichia coli,Negative
8858,dbAMP_23284,Klebsiella pneumoniae,Negative
8859,dbAMP_23284,Pseudomonas aeruginosa,Negative
8860,dbAMP_23284,Staphylococcus aureus,Negative
8861,dbAMP_23292,Escherichia coli,Negative
8862,dbAMP_23292,Staphylococcus aureus,Negative
8863,dbAMP_23296,Escherichia coli,Negative
8864,dbAMP_23299,Staphylococcus aureus,Negative
8865,dbAMP_23311,Pseudomonas aeruginosa,Negative
8866,dbAMP_23362,Salmonella enterica,Negative
8867,dbAMP_23368,Candida albicans,Negative
8868,dbAMP_23368,Enterococcus faecalis,Negative
8869,dbAMP_23381,Escherichia coli,Negative
8870,dbAMP_23418,Escherichia coli,Negative
8871,dbAMP_23418,Klebsiella pneumoniae,Negative
8872,dbAMP_23418,Pseudomonas aeruginosa,Negative
8873,dbAMP_23422,Cryptococcus neoformans,Negative
8874,dbAMP_23422,Escherichia coli,Negative
8875,dbAMP_23422,Staphylococcus aureus,Negative
8876,dbAMP_23450,Escherichia coli,Negative
8877,dbAMP_23450,Staphylococcus aureus,Negative
8878,dbAMP_23452,Escherichia coli,Negative
8879,dbAMP_23469,Pseudomonas aeruginosa,Negative
8880,dbAMP_23469,Salmonella enterica,Negative
8881,dbAMP_23470,Bacillus subtilis,Negative
8882,dbAMP_23470,Escherichia coli,Negative
8883,dbAMP_23470,Klebsiella pneumoniae,Negative
8884,dbAMP_23470,Micrococcus luteus,Negative
8885,dbAMP_23470,Pseudomonas aeruginosa,Negative
8886,dbAMP_23470,Salmonella enterica,Negative
8887,dbAMP_23470,Staphylococcus aureus,Negative
8888,dbAMP_23470,Staphylococcus epidermidis,Negative
8889,dbAMP_23506,Bacillus subtilis,Negative
8890,dbAMP_23506,Escherichia coli,Negative
8891,dbAMP_23506,Klebsiella pneumoniae,Negative
8892,dbAMP_23506,Micrococcus luteus,Negative
8893,dbAMP_23506,Pseudomonas aeruginosa,Negative
8894,dbAMP_23506,Salmonella enterica,Negative
8895,dbAMP_23506,Staphylococcus aureus,Negative
8896,dbAMP_23506,Staphylococcus epidermidis,Negative
8897,dbAMP_23516,Bacillus subtilis,Negative
8898,dbAMP_23516,Escherichia coli,Negative
8899,dbAMP_23516,Klebsiella pneumoniae,Negative
8900,dbAMP_23516,Micrococcus luteus,Negative
8901,dbAMP_23516,Pseudomonas aeruginosa,Negative
8902,dbAMP_23516,Salmonella enterica,Negative
8903,dbAMP_23516,Staphylococcus aureus,Negative
8904,dbAMP_23516,Staphylococcus epidermidis,Negative
8905,dbAMP_23521,Escherichia coli,Negative
8906,dbAMP_23521,Klebsiella pneumoniae,Negative
8907,dbAMP_23521,Salmonella enterica,Negative
8908,dbAMP_23522,Escherichia coli,Negative
8909,dbAMP_23522,Klebsiella pneumoniae,Negative
8910,dbAMP_23522,Salmonella enterica,Negative
8911,dbAMP_23523,Pseudomonas aeruginosa,Negative
8912,dbAMP_23523,Salmonella enterica,Negative
8913,dbAMP_23538,Bacillus subtilis,Negative
8914,dbAMP_23538,Escherichia coli,Negative
8915,dbAMP_23538,Klebsiella pneumoniae,Negative
8916,dbAMP_23538,Micrococcus luteus,Negative
8917,dbAMP_23538,Pseudomonas aeruginosa,Negative
8918,dbAMP_23538,Salmonella enterica,Negative
8919,dbAMP_23538,Staphylococcus aureus,Negative
8920,dbAMP_23538,Staphylococcus epidermidis,Negative
8921,dbAMP_23542,Escherichia coli,Negative
8922,dbAMP_23554,Bacillus subtilis,Negative
8923,dbAMP_23554,Escherichia coli,Negative
8924,dbAMP_23554,Klebsiella pneumoniae,Negative
8925,dbAMP_23554,Micrococcus luteus,Negative
8926,dbAMP_23554,Pseudomonas aeruginosa,Negative
8927,dbAMP_23554,Salmonella enterica,Negative
8928,dbAMP_23554,Staphylococcus aureus,Negative
8929,dbAMP_23554,Staphylococcus epidermidis,Negative
8930,dbAMP_23557,Escherichia coli,Negative
8931,dbAMP_23557,Staphylococcus aureus,Negative
8932,dbAMP_23558,Escherichia coli,Negative
8933,dbAMP_23559,Pseudomonas aeruginosa,Negative
8934,dbAMP_23560,Pseudomonas aeruginosa,Negative
8935,dbAMP_23563,Bacillus subtilis,Negative
8936,dbAMP_23563,Escherichia coli,Negative
8937,dbAMP_23563,Klebsiella pneumoniae,Negative
8938,dbAMP_23563,Micrococcus luteus,Negative
8939,dbAMP_23563,Pseudomonas aeruginosa,Negative
8940,dbAMP_23563,Salmonella enterica,Negative
8941,dbAMP_23563,Staphylococcus aureus,Negative
8942,dbAMP_23563,Staphylococcus epidermidis,Negative
8943,dbAMP_23578,Escherichia coli,Negative
8944,dbAMP_23578,Micrococcus luteus,Negative
8945,dbAMP_23579,Escherichia coli,Negative
8946,dbAMP_23579,Micrococcus luteus,Negative
8947,dbAMP_23580,Escherichia coli,Negative
8948,dbAMP_23580,Micrococcus luteus,Negative
8949,dbAMP_23584,Micrococcus luteus,Negative
8950,dbAMP_23585,Escherichia coli,Negative
8951,dbAMP_23585,Micrococcus luteus,Negative
8952,dbAMP_23587,Escherichia coli,Negative
8953,dbAMP_23587,Klebsiella pneumoniae,Negative
8954,dbAMP_23587,Micrococcus luteus,Negative
8955,dbAMP_23587,Pseudomonas aeruginosa,Negative
8956,dbAMP_23587,Salmonella enterica,Negative
8957,dbAMP_23587,Staphylococcus epidermidis,Negative
8958,dbAMP_23588,Escherichia coli,Negative
8959,dbAMP_23588,Micrococcus luteus,Negative
8960,dbAMP_23589,Escherichia coli,Negative
8961,dbAMP_23590,Escherichia coli,Negative
8962,dbAMP_23590,Micrococcus luteus,Negative
8963,dbAMP_23593,Pseudomonas aeruginosa,Negative
8964,dbAMP_23593,Salmonella enterica,Negative
8965,dbAMP_23594,Escherichia coli,Negative
8966,dbAMP_23594,Micrococcus luteus,Negative
8967,dbAMP_23595,Escherichia coli,Negative
8968,dbAMP_23595,Micrococcus luteus,Negative
8969,dbAMP_23599,Escherichia coli,Negative
8970,dbAMP_23599,Micrococcus luteus,Negative
8971,dbAMP_23602,Escherichia coli,Negative
8972,dbAMP_23602,Micrococcus luteus,Negative
8973,dbAMP_23608,Bacillus subtilis,Negative
8974,dbAMP_23608,Escherichia coli,Negative
8975,dbAMP_23608,Klebsiella pneumoniae,Negative
8976,dbAMP_23608,Micrococcus luteus,Negative
8977,dbAMP_23608,Pseudomonas aeruginosa,Negative
8978,dbAMP_23608,Salmonella enterica,Negative
8979,dbAMP_23608,Staphylococcus epidermidis,Negative
8980,dbAMP_23612,Escherichia coli,Negative
8981,dbAMP_23612,Klebsiella pneumoniae,Negative
8982,dbAMP_23612,Micrococcus luteus,Negative
8983,dbAMP_23612,Pseudomonas aeruginosa,Negative
8984,dbAMP_23612,Salmonella enterica,Negative
8985,dbAMP_23620,Bacillus subtilis,Negative
8986,dbAMP_23620,Escherichia coli,Negative
8987,dbAMP_23620,Klebsiella pneumoniae,Negative
8988,dbAMP_23620,Micrococcus luteus,Negative
8989,dbAMP_23620,Pseudomonas aeruginosa,Negative
8990,dbAMP_23620,Salmonella enterica,Negative
8991,dbAMP_23620,Staphylococcus aureus,Negative
8992,dbAMP_23620,Staphylococcus epidermidis,Negative
8993,dbAMP_23621,Escherichia coli,Negative
8994,dbAMP_23624,Escherichia coli,Negative
8995,dbAMP_23626,Bacillus subtilis,Negative
8996,dbAMP_23626,Escherichia coli,Negative
8997,dbAMP_23626,Klebsiella pneumoniae,Negative
8998,dbAMP_23626,Micrococcus luteus,Negative
8999,dbAMP_23626,Pseudomonas aeruginosa,Negative
9000,dbAMP_23626,Salmonella enterica,Negative
9001,dbAMP_23626,Staphylococcus aureus,Negative
9002,dbAMP_23626,Staphylococcus epidermidis,Negative
9003,dbAMP_23636,Micrococcus luteus,Negative
9004,dbAMP_23636,Pseudomonas aeruginosa,Negative
9005,dbAMP_23636,Salmonella enterica,Negative
9006,dbAMP_23640,Escherichia coli,Negative
9007,dbAMP_23640,Micrococcus luteus,Negative
9008,dbAMP_23640,Salmonella enterica,Negative
9009,dbAMP_23666,Escherichia coli,Negative
9010,dbAMP_23666,Klebsiella pneumoniae,Negative
9011,dbAMP_23666,Pseudomonas aeruginosa,Negative
9012,dbAMP_23666,Salmonella enterica,Negative
9013,dbAMP_23666,Staphylococcus epidermidis,Negative
9014,dbAMP_23667,Bacillus subtilis,Negative
9015,dbAMP_23667,Escherichia coli,Negative
9016,dbAMP_23667,Klebsiella pneumoniae,Negative
9017,dbAMP_23667,Micrococcus luteus,Negative
9018,dbAMP_23667,Pseudomonas aeruginosa,Negative
9019,dbAMP_23667,Salmonella enterica,Negative
9020,dbAMP_23667,Staphylococcus aureus,Negative
9021,dbAMP_23667,Staphylococcus epidermidis,Negative
9022,dbAMP_23668,Bacillus subtilis,Negative
9023,dbAMP_23668,Escherichia coli,Negative
9024,dbAMP_23669,Bacillus subtilis,Negative
9025,dbAMP_23669,Escherichia coli,Negative
9026,dbAMP_23669,Klebsiella pneumoniae,Negative
9027,dbAMP_23669,Pseudomonas aeruginosa,Negative
9028,dbAMP_23669,Salmonella enterica,Negative
9029,dbAMP_23669,Staphylococcus epidermidis,Negative
9030,dbAMP_23673,Bacillus subtilis,Negative
9031,dbAMP_23673,Escherichia coli,Negative
9032,dbAMP_23673,Klebsiella pneumoniae,Negative
9033,dbAMP_23673,Micrococcus luteus,Negative
9034,dbAMP_23673,Pseudomonas aeruginosa,Negative
9035,dbAMP_23673,Salmonella enterica,Negative
9036,dbAMP_23673,Staphylococcus aureus,Negative
9037,dbAMP_23673,Staphylococcus epidermidis,Negative
9038,dbAMP_23677,Escherichia coli,Negative
9039,dbAMP_23677,Klebsiella pneumoniae,Negative
9040,dbAMP_23677,Pseudomonas aeruginosa,Negative
9041,dbAMP_23677,Salmonella enterica,Negative
9042,dbAMP_23677,Staphylococcus epidermidis,Negative
9043,dbAMP_23682,Escherichia coli,Negative
9044,dbAMP_23682,Klebsiella pneumoniae,Negative
9045,dbAMP_23682,Pseudomonas aeruginosa,Negative
9046,dbAMP_23682,Salmonella enterica,Negative
9047,dbAMP_23682,Staphylococcus epidermidis,Negative
9048,dbAMP_23686,Bacillus subtilis,Negative
9049,dbAMP_23686,Escherichia coli,Negative
9050,dbAMP_23686,Klebsiella pneumoniae,Negative
9051,dbAMP_23686,Pseudomonas aeruginosa,Negative
9052,dbAMP_23686,Salmonella enterica,Negative
9053,dbAMP_23686,Staphylococcus aureus,Negative
9054,dbAMP_23686,Staphylococcus epidermidis,Negative
9055,dbAMP_23691,Staphylococcus aureus,Negative
9056,dbAMP_23694,Escherichia coli,Negative
9057,dbAMP_23694,Klebsiella pneumoniae,Negative
9058,dbAMP_23694,Pseudomonas aeruginosa,Negative
9059,dbAMP_23694,Salmonella enterica,Negative
9060,dbAMP_23694,Staphylococcus aureus,Negative
9061,dbAMP_23694,Staphylococcus epidermidis,Negative
9062,dbAMP_23713,Candida albicans,Negative
9063,dbAMP_23715,Acinetobacter baumannii,Negative
9064,dbAMP_23715,Klebsiella pneumoniae,Negative
9065,dbAMP_23718,Pseudomonas aeruginosa,Negative
9066,dbAMP_23719,Escherichia coli,Negative
9067,dbAMP_23719,Pseudomonas aeruginosa,Negative
9068,dbAMP_23721,Escherichia coli,Negative
9069,dbAMP_23721,Pseudomonas aeruginosa,Negative
9070,dbAMP_23721,Staphylococcus aureus,Negative
9071,dbAMP_23730,Acinetobacter baumannii,Negative
9072,dbAMP_23730,Enterococcus faecalis,Negative
9073,dbAMP_23730,Pseudomonas aeruginosa,Negative
9074,dbAMP_23730,Staphylococcus aureus,Negative
9075,dbAMP_23789,Escherichia coli,Negative
9076,dbAMP_23789,Staphylococcus aureus,Negative
9077,dbAMP_23806,Pseudomonas aeruginosa,Negative
9078,dbAMP_23806,Staphylococcus aureus,Negative
9079,dbAMP_23812,Staphylococcus aureus,Negative
9080,dbAMP_23813,Staphylococcus aureus,Negative
9081,dbAMP_23816,Acinetobacter baumannii,Negative
9082,dbAMP_23816,Enterobacter cloacae,Negative
9083,dbAMP_23816,Escherichia coli,Negative
9084,dbAMP_23816,Pseudomonas aeruginosa,Negative
9085,dbAMP_23816,Staphylococcus aureus,Negative
9086,dbAMP_23819,Escherichia coli,Negative
9087,dbAMP_23819,Klebsiella pneumoniae,Negative
9088,dbAMP_23819,Pseudomonas aeruginosa,Negative
9089,dbAMP_23819,Staphylococcus aureus,Negative
9090,dbAMP_23822,Escherichia coli,Negative
9091,dbAMP_23822,Klebsiella pneumoniae,Negative
9092,dbAMP_23822,Pseudomonas aeruginosa,Negative
9093,dbAMP_23822,Staphylococcus aureus,Negative
9094,dbAMP_23823,Escherichia coli,Negative
9095,dbAMP_23823,Klebsiella pneumoniae,Negative
9096,dbAMP_23823,Pseudomonas aeruginosa,Negative
9097,dbAMP_23823,Staphylococcus aureus,Negative
9098,dbAMP_23826,Staphylococcus aureus,Negative
9099,dbAMP_23827,Staphylococcus aureus,Negative
9100,dbAMP_23828,Staphylococcus aureus,Negative
9101,dbAMP_23829,Staphylococcus aureus,Negative
9102,dbAMP_23830,Staphylococcus aureus,Negative
9103,dbAMP_23831,Candida albicans,Negative
9104,dbAMP_23831,Enterococcus faecalis,Negative
9105,dbAMP_23836,Staphylococcus aureus,Negative
9106,dbAMP_23838,Staphylococcus aureus,Negative
9107,dbAMP_23841,Staphylococcus aureus,Negative
9108,dbAMP_23842,Staphylococcus aureus,Negative
9109,dbAMP_23844,Staphylococcus aureus,Negative
9110,dbAMP_23887,Candida albicans,Negative
9111,dbAMP_23887,Staphylococcus aureus,Negative
9112,dbAMP_23897,Staphylococcus aureus,Negative
9113,dbAMP_23898,Escherichia coli,Negative
9114,dbAMP_23898,Staphylococcus aureus,Negative
9115,dbAMP_23899,Escherichia coli,Negative
9116,dbAMP_23899,Pseudomonas aeruginosa,Negative
9117,dbAMP_23899,Staphylococcus aureus,Negative
9118,dbAMP_23901,Pseudomonas aeruginosa,Negative
9119,dbAMP_23901,Staphylococcus aureus,Negative
9120,dbAMP_23902,Escherichia coli,Negative
9121,dbAMP_23902,Pseudomonas aeruginosa,Negative
9122,dbAMP_23902,Staphylococcus aureus,Negative
9123,dbAMP_23904,Escherichia coli,Negative
9124,dbAMP_23904,Pseudomonas aeruginosa,Negative
9125,dbAMP_23904,Staphylococcus aureus,Negative
9126,dbAMP_23906,Staphylococcus aureus,Negative
9127,dbAMP_23919,Staphylococcus aureus,Negative
9128,dbAMP_23923,Pseudomonas aeruginosa,Negative
9129,dbAMP_23927,Pseudomonas aeruginosa,Negative
9130,dbAMP_23930,Pseudomonas aeruginosa,Negative
9131,dbAMP_23946,Candida albicans,Negative
9132,dbAMP_23946,Enterococcus faecalis,Negative
9133,dbAMP_23946,Escherichia coli,Negative
9134,dbAMP_23946,Pseudomonas aeruginosa,Negative
9135,dbAMP_23946,Salmonella enterica,Negative
9136,dbAMP_23946,Staphylococcus aureus,Negative
9137,dbAMP_23946,Staphylococcus epidermidis,Negative
9138,dbAMP_23949,Candida albicans,Negative
9139,dbAMP_23949,Pseudomonas aeruginosa,Negative
9140,dbAMP_23949,Salmonella enterica,Negative
9141,dbAMP_23950,Candida albicans,Negative
9142,dbAMP_23950,Pseudomonas aeruginosa,Negative
9143,dbAMP_23951,Bacillus subtilis,Negative
9144,dbAMP_23951,Escherichia coli,Negative
9145,dbAMP_23951,Staphylococcus aureus,Negative
9146,dbAMP_23951,Staphylococcus epidermidis,Negative
9147,dbAMP_23952,Bacillus subtilis,Negative
9148,dbAMP_23952,Escherichia coli,Negative
9149,dbAMP_23952,Staphylococcus aureus,Negative
9150,dbAMP_23952,Staphylococcus epidermidis,Negative
9151,dbAMP_23953,Bacillus subtilis,Negative
9152,dbAMP_23953,Escherichia coli,Negative
9153,dbAMP_23953,Staphylococcus aureus,Negative
9154,dbAMP_23953,Staphylococcus epidermidis,Negative
9155,dbAMP_23957,Acinetobacter baumannii,Negative
9156,dbAMP_23957,Pseudomonas aeruginosa,Negative
9157,dbAMP_23965,Escherichia coli,Negative
9158,dbAMP_23965,Staphylococcus aureus,Negative
9159,dbAMP_23969,Bacillus subtilis,Negative
9160,dbAMP_23969,Candida albicans,Negative
9161,dbAMP_23969,Cryptococcus neoformans,Negative
9162,dbAMP_23969,Enterococcus faecalis,Negative
9163,dbAMP_23969,Escherichia coli,Negative
9164,dbAMP_23969,Micrococcus luteus,Negative
9165,dbAMP_23969,Pseudomonas aeruginosa,Negative
9166,dbAMP_23969,Salmonella enterica,Negative
9167,dbAMP_23969,Staphylococcus aureus,Negative
9168,dbAMP_23971,Bacillus subtilis,Negative
9169,dbAMP_23971,Candida albicans,Negative
9170,dbAMP_23971,Cryptococcus neoformans,Negative
9171,dbAMP_23971,Enterococcus faecalis,Negative
9172,dbAMP_23971,Escherichia coli,Negative
9173,dbAMP_23971,Micrococcus luteus,Negative
9174,dbAMP_23971,Salmonella enterica,Negative
9175,dbAMP_23971,Staphylococcus aureus,Negative
9176,dbAMP_23974,Bacillus subtilis,Negative
9177,dbAMP_23974,Klebsiella pneumoniae,Negative
9178,dbAMP_23974,Pseudomonas aeruginosa,Negative
9179,dbAMP_23974,Staphylococcus epidermidis,Negative
9180,dbAMP_23975,Bacillus subtilis,Negative
9181,dbAMP_23975,Candida albicans,Negative
9182,dbAMP_23975,Escherichia coli,Negative
9183,dbAMP_23975,Staphylococcus aureus,Negative
9184,dbAMP_23988,Bacillus subtilis,Negative
9185,dbAMP_23988,Enterococcus faecalis,Negative
9186,dbAMP_23988,Escherichia coli,Negative
9187,dbAMP_23988,Klebsiella pneumoniae,Negative
9188,dbAMP_23988,Pseudomonas aeruginosa,Negative
9189,dbAMP_23988,Salmonella enterica,Negative
9190,dbAMP_23988,Staphylococcus aureus,Negative
9191,dbAMP_23991,Enterobacter cloacae,Negative
9192,dbAMP_23991,Klebsiella pneumoniae,Negative
9193,dbAMP_23998,Pseudomonas aeruginosa,Negative
9194,dbAMP_24026,Bacillus subtilis,Negative
9195,dbAMP_24026,Escherichia coli,Negative
9196,dbAMP_24027,Bacillus subtilis,Negative
9197,dbAMP_24027,Escherichia coli,Negative
9198,dbAMP_24028,Escherichia coli,Negative
9199,dbAMP_24037,Enterobacter cloacae,Negative
9200,dbAMP_24037,Escherichia coli,Negative
9201,dbAMP_24037,Klebsiella pneumoniae,Negative
9202,dbAMP_24037,Pseudomonas aeruginosa,Negative
9203,dbAMP_24037,Staphylococcus aureus,Negative
9204,dbAMP_24039,Pseudomonas aeruginosa,Negative
9205,dbAMP_24047,Escherichia coli,Negative
9206,dbAMP_24047,Klebsiella pneumoniae,Negative
9207,dbAMP_24047,Pseudomonas aeruginosa,Negative
9208,dbAMP_24047,Staphylococcus aureus,Negative
9209,dbAMP_24048,Escherichia coli,Negative
9210,dbAMP_24048,Klebsiella pneumoniae,Negative
9211,dbAMP_24048,Pseudomonas aeruginosa,Negative
9212,dbAMP_24048,Staphylococcus aureus,Negative
9213,dbAMP_24050,Escherichia coli,Negative
9214,dbAMP_24050,Klebsiella pneumoniae,Negative
9215,dbAMP_24050,Pseudomonas aeruginosa,Negative
9216,dbAMP_24050,Staphylococcus aureus,Negative
9217,dbAMP_24051,Escherichia coli,Negative
9218,dbAMP_24051,Klebsiella pneumoniae,Negative
9219,dbAMP_24051,Pseudomonas aeruginosa,Negative
9220,dbAMP_24051,Staphylococcus aureus,Negative
9221,dbAMP_24052,Escherichia coli,Negative
9222,dbAMP_24052,Klebsiella pneumoniae,Negative
9223,dbAMP_24052,Pseudomonas aeruginosa,Negative
9224,dbAMP_24052,Staphylococcus aureus,Negative
9225,dbAMP_24054,Klebsiella pneumoniae,Negative
9226,dbAMP_24054,Pseudomonas aeruginosa,Negative
9227,dbAMP_24054,Staphylococcus aureus,Negative
9228,dbAMP_24055,Klebsiella pneumoniae,Negative
9229,dbAMP_24055,Pseudomonas aeruginosa,Negative
9230,dbAMP_24057,Escherichia coli,Negative
9231,dbAMP_24057,Klebsiella pneumoniae,Negative
9232,dbAMP_24057,Pseudomonas aeruginosa,Negative
9233,dbAMP_24057,Staphylococcus aureus,Negative
9234,dbAMP_24061,Escherichia coli,Negative
9235,dbAMP_24061,Klebsiella pneumoniae,Negative
9236,dbAMP_24061,Pseudomonas aeruginosa,Negative
9237,dbAMP_24061,Staphylococcus aureus,Negative
9238,dbAMP_24062,Pseudomonas aeruginosa,Negative
9239,dbAMP_24063,Escherichia coli,Negative
9240,dbAMP_24063,Klebsiella pneumoniae,Negative
9241,dbAMP_24063,Pseudomonas aeruginosa,Negative
9242,dbAMP_24063,Staphylococcus aureus,Negative
9243,dbAMP_24064,Klebsiella pneumoniae,Negative
9244,dbAMP_24064,Pseudomonas aeruginosa,Negative
9245,dbAMP_24066,Klebsiella pneumoniae,Negative
9246,dbAMP_24066,Pseudomonas aeruginosa,Negative
9247,dbAMP_24066,Staphylococcus aureus,Negative
9248,dbAMP_24067,Escherichia coli,Negative
9249,dbAMP_24067,Klebsiella pneumoniae,Negative
9250,dbAMP_24067,Pseudomonas aeruginosa,Negative
9251,dbAMP_24067,Staphylococcus aureus,Negative
9252,dbAMP_24068,Escherichia coli,Negative
9253,dbAMP_24068,Klebsiella pneumoniae,Negative
9254,dbAMP_24068,Pseudomonas aeruginosa,Negative
9255,dbAMP_24068,Staphylococcus aureus,Negative
9256,dbAMP_24069,Escherichia coli,Negative
9257,dbAMP_24069,Klebsiella pneumoniae,Negative
9258,dbAMP_24069,Pseudomonas aeruginosa,Negative
9259,dbAMP_24069,Staphylococcus aureus,Negative
9260,dbAMP_24073,Escherichia coli,Negative
9261,dbAMP_24073,Klebsiella pneumoniae,Negative
9262,dbAMP_24073,Pseudomonas aeruginosa,Negative
9263,dbAMP_24073,Staphylococcus aureus,Negative
9264,dbAMP_24074,Escherichia coli,Negative
9265,dbAMP_24074,Klebsiella pneumoniae,Negative
9266,dbAMP_24074,Pseudomonas aeruginosa,Negative
9267,dbAMP_24074,Staphylococcus aureus,Negative
9268,dbAMP_24110,Staphylococcus aureus,Negative
9269,dbAMP_24111,Staphylococcus aureus,Negative
9270,dbAMP_24112,Staphylococcus aureus,Negative
9271,dbAMP_24115,Staphylococcus aureus,Negative
9272,dbAMP_24116,Staphylococcus aureus,Negative
9273,dbAMP_24123,Bacillus subtilis,Negative
9274,dbAMP_24125,Micrococcus luteus,Negative
9275,dbAMP_24125,Staphylococcus aureus,Negative
9276,dbAMP_24138,Enterococcus faecalis,Negative
9277,dbAMP_24138,Escherichia coli,Negative
9278,dbAMP_24138,Pseudomonas aeruginosa,Negative
9279,dbAMP_24138,Staphylococcus aureus,Negative
9280,dbAMP_24142,Enterococcus faecium,Negative
9281,dbAMP_24142,Staphylococcus aureus,Negative
9282,dbAMP_24143,Candida albicans,Negative
9283,dbAMP_24145,Candida albicans,Negative
9284,dbAMP_24145,Pseudomonas aeruginosa,Negative
9285,dbAMP_24150,Bacillus subtilis,Negative
9286,dbAMP_24150,Escherichia coli,Negative
9287,dbAMP_24150,Pseudomonas aeruginosa,Negative
9288,dbAMP_24150,Staphylococcus aureus,Negative
9289,dbAMP_24160,Escherichia coli,Negative
9290,dbAMP_24166,Bacillus subtilis,Negative
9291,dbAMP_24172,Staphylococcus aureus,Negative
9292,dbAMP_24176,Listeria monocytogenes,Negative
9293,dbAMP_24177,Listeria monocytogenes,Negative
9294,dbAMP_24179,Listeria monocytogenes,Negative
9295,dbAMP_24180,Listeria monocytogenes,Negative
9296,dbAMP_24181,Listeria monocytogenes,Negative
9297,dbAMP_24184,Listeria monocytogenes,Negative
9298,dbAMP_24190,Listeria monocytogenes,Negative
9299,dbAMP_24193,Listeria monocytogenes,Negative
9300,dbAMP_24196,Listeria monocytogenes,Negative
9301,dbAMP_24197,Listeria monocytogenes,Negative
9302,dbAMP_24198,Listeria monocytogenes,Negative
9303,dbAMP_24204,Listeria monocytogenes,Negative
9304,dbAMP_24215,Escherichia coli,Negative
9305,dbAMP_24218,Candida albicans,Negative
9306,dbAMP_24218,Escherichia coli,Negative
9307,dbAMP_24218,Pseudomonas aeruginosa,Negative
9308,dbAMP_24218,Staphylococcus aureus,Negative
9309,dbAMP_24218,Staphylococcus epidermidis,Negative
9310,dbAMP_24220,Candida albicans,Negative
9311,dbAMP_24220,Escherichia coli,Negative
9312,dbAMP_24220,Pseudomonas aeruginosa,Negative
9313,dbAMP_24220,Staphylococcus aureus,Negative
9314,dbAMP_24239,Staphylococcus aureus,Negative
9315,dbAMP_24240,Escherichia coli,Negative
9316,dbAMP_24240,Salmonella enterica,Negative
9317,dbAMP_24240,Staphylococcus aureus,Negative
9318,dbAMP_24240,Staphylococcus epidermidis,Negative
9319,dbAMP_24241,Escherichia coli,Negative
9320,dbAMP_24241,Salmonella enterica,Negative
9321,dbAMP_24241,Staphylococcus aureus,Negative
9322,dbAMP_24241,Staphylococcus epidermidis,Negative
9323,dbAMP_24242,Escherichia coli,Negative
9324,dbAMP_24242,Pseudomonas aeruginosa,Negative
9325,dbAMP_24242,Salmonella enterica,Negative
9326,dbAMP_24242,Staphylococcus aureus,Negative
9327,dbAMP_24244,Salmonella enterica,Negative
9328,dbAMP_24244,Staphylococcus aureus,Negative
9329,dbAMP_24244,Staphylococcus epidermidis,Negative
9330,dbAMP_24271,Staphylococcus epidermidis,Negative
9331,dbAMP_24272,Staphylococcus epidermidis,Negative
9332,dbAMP_24288,Acinetobacter baumannii,Negative
9333,dbAMP_24288,Enterobacter cloacae,Negative
9334,dbAMP_24288,Escherichia coli,Negative
9335,dbAMP_24288,Klebsiella pneumoniae,Negative
9336,dbAMP_24288,Pseudomonas aeruginosa,Negative
9337,dbAMP_24289,Acinetobacter baumannii,Negative
9338,dbAMP_24289,Enterobacter cloacae,Negative
9339,dbAMP_24289,Escherichia coli,Negative
9340,dbAMP_24289,Klebsiella pneumoniae,Negative
9341,dbAMP_24289,Pseudomonas aeruginosa,Negative
9342,dbAMP_24291,Acinetobacter baumannii,Negative
9343,dbAMP_24291,Bacillus cereus,Negative
9344,dbAMP_24291,Enterobacter cloacae,Negative
9345,dbAMP_24291,Enterococcus faecalis,Negative
9346,dbAMP_24291,Enterococcus faecium,Negative
9347,dbAMP_24291,Escherichia coli,Negative
9348,dbAMP_24291,Klebsiella pneumoniae,Negative
9349,dbAMP_24291,Pseudomonas aeruginosa,Negative
9350,dbAMP_24291,Staphylococcus aureus,Negative
9351,dbAMP_24293,Acinetobacter baumannii,Negative
9352,dbAMP_24293,Enterobacter cloacae,Negative
9353,dbAMP_24293,Escherichia coli,Negative
9354,dbAMP_24293,Klebsiella pneumoniae,Negative
9355,dbAMP_24293,Pseudomonas aeruginosa,Negative
9356,dbAMP_24294,Acinetobacter baumannii,Negative
9357,dbAMP_24294,Enterobacter cloacae,Negative
9358,dbAMP_24294,Escherichia coli,Negative
9359,dbAMP_24294,Klebsiella pneumoniae,Negative
9360,dbAMP_24294,Pseudomonas aeruginosa,Negative
9361,dbAMP_24305,Pseudomonas aeruginosa,Negative
9362,dbAMP_24305,Salmonella enterica,Negative
9363,dbAMP_24308,Pseudomonas aeruginosa,Negative
9364,dbAMP_24309,Pseudomonas aeruginosa,Negative
9365,dbAMP_24309,Staphylococcus aureus,Negative
9366,dbAMP_24330,Staphylococcus aureus,Negative
9367,dbAMP_24332,Pseudomonas aeruginosa,Negative
9368,dbAMP_24333,Pseudomonas aeruginosa,Negative
9369,dbAMP_24345,Escherichia coli,Negative
9370,dbAMP_24345,Klebsiella pneumoniae,Negative
9371,dbAMP_24345,Salmonella enterica,Negative
9372,dbAMP_24345,Staphylococcus aureus,Negative
9373,dbAMP_24346,Escherichia coli,Negative
9374,dbAMP_24346,Klebsiella pneumoniae,Negative
9375,dbAMP_24346,Salmonella enterica,Negative
9376,dbAMP_24346,Staphylococcus aureus,Negative
9377,dbAMP_24347,Escherichia coli,Negative
9378,dbAMP_24347,Klebsiella pneumoniae,Negative
9379,dbAMP_24347,Salmonella enterica,Negative
9380,dbAMP_24347,Staphylococcus aureus,Negative
9381,dbAMP_24352,Escherichia coli,Negative
9382,dbAMP_24352,Klebsiella pneumoniae,Negative
9383,dbAMP_24352,Salmonella enterica,Negative
9384,dbAMP_24352,Staphylococcus aureus,Negative
9385,dbAMP_24353,Escherichia coli,Negative
9386,dbAMP_24353,Klebsiella pneumoniae,Negative
9387,dbAMP_24353,Salmonella enterica,Negative
9388,dbAMP_24353,Staphylococcus aureus,Negative
9389,dbAMP_24355,Escherichia coli,Negative
9390,dbAMP_24355,Klebsiella pneumoniae,Negative
9391,dbAMP_24355,Salmonella enterica,Negative
9392,dbAMP_24355,Staphylococcus aureus,Negative
9393,dbAMP_24356,Escherichia coli,Negative
9394,dbAMP_24356,Klebsiella pneumoniae,Negative
9395,dbAMP_24356,Salmonella enterica,Negative
9396,dbAMP_24356,Staphylococcus aureus,Negative
9397,dbAMP_24357,Escherichia coli,Negative
9398,dbAMP_24357,Klebsiella pneumoniae,Negative
9399,dbAMP_24357,Salmonella enterica,Negative
9400,dbAMP_24357,Staphylococcus aureus,Negative
9401,dbAMP_24358,Escherichia coli,Negative
9402,dbAMP_24358,Klebsiella pneumoniae,Negative
9403,dbAMP_24358,Salmonella enterica,Negative
9404,dbAMP_24358,Staphylococcus aureus,Negative
9405,dbAMP_24359,Escherichia coli,Negative
9406,dbAMP_24359,Klebsiella pneumoniae,Negative
9407,dbAMP_24359,Salmonella enterica,Negative
9408,dbAMP_24359,Staphylococcus aureus,Negative
9409,dbAMP_24362,Escherichia coli,Negative
9410,dbAMP_24362,Klebsiella pneumoniae,Negative
9411,dbAMP_24362,Pseudomonas aeruginosa,Negative
9412,dbAMP_24362,Salmonella enterica,Negative
9413,dbAMP_24362,Staphylococcus aureus,Negative
9414,dbAMP_24364,Escherichia coli,Negative
9415,dbAMP_24364,Klebsiella pneumoniae,Negative
9416,dbAMP_24364,Salmonella enterica,Negative
9417,dbAMP_24364,Staphylococcus aureus,Negative
9418,dbAMP_24366,Escherichia coli,Negative
9419,dbAMP_24366,Klebsiella pneumoniae,Negative
9420,dbAMP_24366,Salmonella enterica,Negative
9421,dbAMP_24366,Staphylococcus aureus,Negative
9422,dbAMP_24367,Escherichia coli,Negative
9423,dbAMP_24367,Klebsiella pneumoniae,Negative
9424,dbAMP_24367,Salmonella enterica,Negative
9425,dbAMP_24367,Staphylococcus aureus,Negative
9426,dbAMP_24368,Escherichia coli,Negative
9427,dbAMP_24368,Klebsiella pneumoniae,Negative
9428,dbAMP_24368,Salmonella enterica,Negative
9429,dbAMP_24368,Staphylococcus aureus,Negative
9430,dbAMP_24370,Escherichia coli,Negative
9431,dbAMP_24370,Klebsiella pneumoniae,Negative
9432,dbAMP_24370,Salmonella enterica,Negative
9433,dbAMP_24370,Staphylococcus aureus,Negative
9434,dbAMP_24371,Escherichia coli,Negative
9435,dbAMP_24371,Klebsiella pneumoniae,Negative
9436,dbAMP_24371,Salmonella enterica,Negative
9437,dbAMP_24371,Staphylococcus aureus,Negative
9438,dbAMP_24373,Escherichia coli,Negative
9439,dbAMP_24373,Klebsiella pneumoniae,Negative
9440,dbAMP_24373,Salmonella enterica,Negative
9441,dbAMP_24373,Staphylococcus aureus,Negative
9442,dbAMP_24374,Escherichia coli,Negative
9443,dbAMP_24374,Klebsiella pneumoniae,Negative
9444,dbAMP_24374,Pseudomonas aeruginosa,Negative
9445,dbAMP_24374,Salmonella enterica,Negative
9446,dbAMP_24374,Staphylococcus aureus,Negative
9447,dbAMP_24376,Pseudomonas aeruginosa,Negative
9448,dbAMP_24390,Staphylococcus aureus,Negative
9449,dbAMP_24391,Staphylococcus aureus,Negative
9450,dbAMP_24394,Staphylococcus aureus,Negative
9451,dbAMP_24396,Staphylococcus aureus,Negative
9452,dbAMP_24404,Escherichia coli,Negative
9453,dbAMP_24404,Pseudomonas aeruginosa,Negative
9454,dbAMP_24404,Staphylococcus aureus,Negative
9455,dbAMP_24408,Pseudomonas aeruginosa,Negative
9456,dbAMP_24408,Staphylococcus aureus,Negative
9457,dbAMP_24479,Candida albicans,Negative
9458,dbAMP_24479,Escherichia coli,Negative
9459,dbAMP_24479,Staphylococcus aureus,Negative
9460,dbAMP_24480,Escherichia coli,Negative
9461,dbAMP_24480,Staphylococcus aureus,Negative
9462,dbAMP_24489,Enterococcus faecalis,Negative
9463,dbAMP_24490,Enterococcus faecalis,Negative
9464,dbAMP_24493,Acinetobacter baumannii,Negative
9465,dbAMP_24493,Bacillus subtilis,Negative
9466,dbAMP_24493,Enterococcus faecalis,Negative
9467,dbAMP_24493,Escherichia coli,Negative
9468,dbAMP_24493,Klebsiella pneumoniae,Negative
9469,dbAMP_24493,Pseudomonas aeruginosa,Negative
9470,dbAMP_24493,Staphylococcus aureus,Negative
9471,dbAMP_24499,Staphylococcus aureus,Negative
9472,dbAMP_24500,Escherichia coli,Negative
9473,dbAMP_24500,Staphylococcus aureus,Negative
9474,dbAMP_24501,Escherichia coli,Negative
9475,dbAMP_24501,Staphylococcus aureus,Negative
9476,dbAMP_24503,Staphylococcus aureus,Negative
9477,dbAMP_24512,Escherichia coli,Negative
9478,dbAMP_24520,Enterobacter cloacae,Negative
9479,dbAMP_24520,Klebsiella pneumoniae,Negative
9480,dbAMP_24524,Pseudomonas aeruginosa,Negative
9481,dbAMP_24524,Staphylococcus aureus,Negative
9482,dbAMP_24525,Pseudomonas aeruginosa,Negative
9483,dbAMP_24541,Pseudomonas aeruginosa,Negative
9484,dbAMP_24541,Staphylococcus aureus,Negative
9485,dbAMP_24541,Staphylococcus epidermidis,Negative
9486,dbAMP_24542,Pseudomonas aeruginosa,Negative
9487,dbAMP_24542,Staphylococcus aureus,Negative
9488,dbAMP_24542,Staphylococcus epidermidis,Negative
9489,dbAMP_24544,Pseudomonas aeruginosa,Negative
9490,dbAMP_24544,Staphylococcus aureus,Negative
9491,dbAMP_24544,Staphylococcus epidermidis,Negative
9492,dbAMP_24545,Pseudomonas aeruginosa,Negative
9493,dbAMP_24545,Staphylococcus aureus,Negative
9494,dbAMP_24545,Staphylococcus epidermidis,Negative
9495,dbAMP_24546,Pseudomonas aeruginosa,Negative
9496,dbAMP_24546,Staphylococcus aureus,Negative
9497,dbAMP_24546,Staphylococcus epidermidis,Negative
9498,dbAMP_24554,Escherichia coli,Negative
9499,dbAMP_24554,Micrococcus luteus,Negative
9500,dbAMP_24555,Escherichia coli,Negative
9501,dbAMP_24556,Escherichia coli,Negative
9502,dbAMP_24556,Micrococcus luteus,Negative
9503,dbAMP_24559,Escherichia coli,Negative
9504,dbAMP_24559,Micrococcus luteus,Negative
9505,dbAMP_24560,Escherichia coli,Negative
9506,dbAMP_24560,Micrococcus luteus,Negative
9507,dbAMP_24561,Bacillus subtilis,Negative
9508,dbAMP_24561,Escherichia coli,Negative
9509,dbAMP_24562,Escherichia coli,Negative
9510,dbAMP_24562,Pseudomonas aeruginosa,Negative
9511,dbAMP_24562,Staphylococcus aureus,Negative
9512,dbAMP_24565,Escherichia coli,Negative
9513,dbAMP_24565,Pseudomonas aeruginosa,Negative
9514,dbAMP_24565,Staphylococcus aureus,Negative
9515,dbAMP_24574,Escherichia coli,Negative
9516,dbAMP_24574,Staphylococcus aureus,Negative
9517,dbAMP_24576,Escherichia coli,Negative
9518,dbAMP_24576,Staphylococcus epidermidis,Negative
9519,dbAMP_24577,Escherichia coli,Negative
9520,dbAMP_24577,Micrococcus luteus,Negative
9521,dbAMP_24581,Escherichia coli,Negative
9522,dbAMP_24599,Escherichia coli,Negative
9523,dbAMP_24599,Pseudomonas aeruginosa,Negative
9524,dbAMP_24603,Escherichia coli,Negative
9525,dbAMP_24603,Klebsiella pneumoniae,Negative
9526,dbAMP_24603,Salmonella enterica,Negative
9527,dbAMP_24603,Staphylococcus aureus,Negative
9528,dbAMP_24604,Escherichia coli,Negative
9529,dbAMP_24604,Klebsiella pneumoniae,Negative
9530,dbAMP_24604,Salmonella enterica,Negative
9531,dbAMP_24604,Staphylococcus aureus,Negative
9532,dbAMP_24623,Staphylococcus aureus,Negative
9533,dbAMP_24624,Bacillus subtilis,Negative
9534,dbAMP_24624,Escherichia coli,Negative
9535,dbAMP_24629,Escherichia coli,Negative
9536,dbAMP_24630,Bacillus subtilis,Negative
9537,dbAMP_24630,Escherichia coli,Negative
9538,dbAMP_24632,Bacillus subtilis,Negative
9539,dbAMP_24632,Escherichia coli,Negative
9540,dbAMP_24634,Bacillus subtilis,Negative
9541,dbAMP_24634,Escherichia coli,Negative
9542,dbAMP_24639,Bacillus subtilis,Negative
9543,dbAMP_24639,Escherichia coli,Negative
9544,dbAMP_24640,Escherichia coli,Negative
9545,dbAMP_24642,Bacillus subtilis,Negative
9546,dbAMP_24642,Escherichia coli,Negative
9547,dbAMP_24651,Escherichia coli,Negative
9548,dbAMP_24652,Escherichia coli,Negative
9549,dbAMP_24653,Escherichia coli,Negative
9550,dbAMP_24655,Escherichia coli,Negative
9551,dbAMP_24658,Escherichia coli,Negative
9552,dbAMP_24670,Klebsiella pneumoniae,Negative
9553,dbAMP_24670,Pseudomonas aeruginosa,Negative
9554,dbAMP_24671,Pseudomonas aeruginosa,Negative
9555,dbAMP_24672,Pseudomonas aeruginosa,Negative
9556,dbAMP_24681,Staphylococcus aureus,Negative
9557,dbAMP_24683,Staphylococcus aureus,Negative
9558,dbAMP_24687,Staphylococcus aureus,Negative
9559,dbAMP_24688,Staphylococcus aureus,Negative
9560,dbAMP_24689,Staphylococcus aureus,Negative
9561,dbAMP_24691,Staphylococcus aureus,Negative
9562,dbAMP_24692,Staphylococcus aureus,Negative
9563,dbAMP_24693,Staphylococcus aureus,Negative
9564,dbAMP_24694,Staphylococcus aureus,Negative
9565,dbAMP_24710,Escherichia coli,Negative
9566,dbAMP_24745,Candida albicans,Negative
9567,dbAMP_24748,Pseudomonas aeruginosa,Negative
9568,dbAMP_24752,Escherichia coli,Negative
9569,dbAMP_24753,Escherichia coli,Negative
9570,dbAMP_24754,Escherichia coli,Negative
9571,dbAMP_24757,Salmonella enterica,Negative
9572,dbAMP_24758,Escherichia coli,Negative
9573,dbAMP_24759,Escherichia coli,Negative
9574,dbAMP_24760,Escherichia coli,Negative
9575,dbAMP_24761,Escherichia coli,Negative
9576,dbAMP_24771,Escherichia coli,Negative
9577,dbAMP_24772,Enterococcus faecalis,Negative
9578,dbAMP_24773,Enterococcus faecalis,Negative
9579,dbAMP_24775,Micrococcus luteus,Negative
9580,dbAMP_24775,Pseudomonas aeruginosa,Negative
9581,dbAMP_24776,Pseudomonas aeruginosa,Negative
9582,dbAMP_24798,Escherichia coli,Negative
9583,dbAMP_24798,Staphylococcus aureus,Negative
9584,dbAMP_24799,Candida albicans,Negative
9585,dbAMP_24799,Escherichia coli,Negative
9586,dbAMP_24811,Cryptococcus neoformans,Negative
9587,dbAMP_24815,Bacillus subtilis,Negative
9588,dbAMP_24815,Pseudomonas aeruginosa,Negative
9589,dbAMP_24815,Staphylococcus aureus,Negative
9590,dbAMP_24816,Candida albicans,Negative
9591,dbAMP_24816,Cryptococcus neoformans,Negative
9592,dbAMP_24816,Staphylococcus aureus,Negative
9593,dbAMP_24819,Bacillus subtilis,Negative
9594,dbAMP_24819,Staphylococcus aureus,Negative
9595,dbAMP_24820,Bacillus subtilis,Negative
9596,dbAMP_24820,Staphylococcus aureus,Negative
9597,dbAMP_24823,Bacillus subtilis,Negative
9598,dbAMP_24823,Candida albicans,Negative
9599,dbAMP_24823,Escherichia coli,Negative
9600,dbAMP_24823,Staphylococcus aureus,Negative
9601,dbAMP_24824,Bacillus subtilis,Negative
9602,dbAMP_24824,Candida albicans,Negative
9603,dbAMP_24824,Escherichia coli,Negative
9604,dbAMP_24824,Staphylococcus aureus,Negative
9605,dbAMP_24826,Cryptococcus neoformans,Negative
9606,dbAMP_24834,Staphylococcus aureus,Negative
9607,dbAMP_24835,Candida albicans,Negative
9608,dbAMP_24835,Cryptococcus neoformans,Negative
9609,dbAMP_24835,Staphylococcus aureus,Negative
9610,dbAMP_24837,Bacillus megaterium,Negative
9611,dbAMP_24837,Escherichia coli,Negative
9612,dbAMP_24837,Micrococcus luteus,Negative
9613,dbAMP_24837,Staphylococcus aureus,Negative
9614,dbAMP_24839,Bacillus subtilis,Negative
9615,dbAMP_24839,Candida albicans,Negative
9616,dbAMP_24839,Cryptococcus neoformans,Negative
9617,dbAMP_24839,Escherichia coli,Negative
9618,dbAMP_24839,Salmonella enterica,Negative
9619,dbAMP_24839,Staphylococcus aureus,Negative
9620,dbAMP_24840,Escherichia coli,Negative
9621,dbAMP_24840,Staphylococcus aureus,Negative
9622,dbAMP_24844,Pseudomonas aeruginosa,Negative
9623,dbAMP_24844,Staphylococcus aureus,Negative
9624,dbAMP_24858,Bacillus subtilis,Negative
9625,dbAMP_24858,Candida albicans,Negative
9626,dbAMP_24858,Cryptococcus neoformans,Negative
9627,dbAMP_24858,Escherichia coli,Negative
9628,dbAMP_24858,Salmonella enterica,Negative
9629,dbAMP_24858,Staphylococcus aureus,Negative
9630,dbAMP_24868,Enterobacter cloacae,Negative
9631,dbAMP_24868,Klebsiella pneumoniae,Negative
9632,dbAMP_24871,Enterobacter cloacae,Negative
9633,dbAMP_24871,Klebsiella pneumoniae,Negative
9634,dbAMP_24876,Candida albicans,Negative
9635,dbAMP_24876,Cryptococcus neoformans,Negative
9636,dbAMP_24876,Escherichia coli,Negative
9637,dbAMP_24882,Bacillus subtilis,Negative
9638,dbAMP_24882,Candida albicans,Negative
9639,dbAMP_24882,Escherichia coli,Negative
9640,dbAMP_24882,Pseudomonas aeruginosa,Negative
9641,dbAMP_24882,Staphylococcus aureus,Negative
9642,dbAMP_24882,Staphylococcus epidermidis,Negative
9643,dbAMP_24889,Pseudomonas aeruginosa,Negative
9644,dbAMP_24890,Pseudomonas aeruginosa,Negative
9645,dbAMP_24892,Pseudomonas aeruginosa,Negative
9646,dbAMP_24893,Pseudomonas aeruginosa,Negative
9647,dbAMP_24900,Bacillus subtilis,Negative
9648,dbAMP_24900,Staphylococcus aureus,Negative
9649,dbAMP_24902,Staphylococcus aureus,Negative
9650,dbAMP_24905,Escherichia coli,Negative
9651,dbAMP_24906,Escherichia coli,Negative
9652,dbAMP_24918,Candida albicans,Negative
9653,dbAMP_24918,Pseudomonas aeruginosa,Negative
9654,dbAMP_24918,Staphylococcus aureus,Negative
9655,dbAMP_24931,Escherichia coli,Negative
9656,dbAMP_24933,Escherichia coli,Negative
9657,dbAMP_24934,Escherichia coli,Negative
9658,dbAMP_24947,Candida albicans,Negative
9659,dbAMP_24947,Cryptococcus neoformans,Negative
9660,dbAMP_24958,Candida albicans,Negative
9661,dbAMP_24958,Escherichia coli,Negative
9662,dbAMP_24958,Pseudomonas aeruginosa,Negative
9663,dbAMP_24958,Salmonella enterica,Negative
9664,dbAMP_24958,Staphylococcus aureus,Negative
9665,dbAMP_24961,Staphylococcus aureus,Negative
9666,dbAMP_24962,Escherichia coli,Negative
9667,dbAMP_24962,Staphylococcus aureus,Negative
9668,dbAMP_24964,Escherichia coli,Negative
9669,dbAMP_24968,Escherichia coli,Negative
9670,dbAMP_24968,Pseudomonas aeruginosa,Negative
9671,dbAMP_24968,Salmonella enterica,Negative
9672,dbAMP_24968,Staphylococcus aureus,Negative
9673,dbAMP_24979,Escherichia coli,Negative
9674,dbAMP_24979,Pseudomonas aeruginosa,Negative
9675,dbAMP_24979,Salmonella enterica,Negative
9676,dbAMP_24979,Staphylococcus aureus,Negative
9677,dbAMP_24998,Candida albicans,Negative
9678,dbAMP_24998,Escherichia coli,Negative
9679,dbAMP_24998,Pseudomonas aeruginosa,Negative
9680,dbAMP_24998,Staphylococcus aureus,Negative
9681,dbAMP_25000,Escherichia coli,Negative
9682,dbAMP_25003,Escherichia coli,Negative
9683,dbAMP_25007,Enterococcus faecalis,Negative
9684,dbAMP_25007,Salmonella enterica,Negative
9685,dbAMP_25009,Enterococcus faecalis,Negative
9686,dbAMP_25012,Candida parapsilosis,Negative
9687,dbAMP_25019,Escherichia coli,Negative
9688,dbAMP_25020,Escherichia coli,Negative
9689,dbAMP_25022,Escherichia coli,Negative
9690,dbAMP_25023,Candida albicans,Negative
9691,dbAMP_25023,Escherichia coli,Negative
9692,dbAMP_25023,Staphylococcus aureus,Negative
9693,dbAMP_25027,Escherichia coli,Negative
9694,dbAMP_25029,Escherichia coli,Negative
9695,dbAMP_25032,Escherichia coli,Negative
9696,dbAMP_25033,Escherichia coli,Negative
9697,dbAMP_25036,Bacillus cereus,Negative
9698,dbAMP_25036,Enterococcus faecalis,Negative
9699,dbAMP_25036,Enterococcus faecium,Negative
9700,dbAMP_25036,Escherichia coli,Negative
9701,dbAMP_25036,Staphylococcus aureus,Negative
9702,dbAMP_25037,Bacillus cereus,Negative
9703,dbAMP_25037,Enterococcus faecalis,Negative
9704,dbAMP_25037,Enterococcus faecium,Negative
9705,dbAMP_25037,Escherichia coli,Negative
9706,dbAMP_25037,Pseudomonas aeruginosa,Negative
9707,dbAMP_25037,Staphylococcus aureus,Negative
9708,dbAMP_25039,Bacillus cereus,Negative
9709,dbAMP_25039,Enterococcus faecalis,Negative
9710,dbAMP_25039,Enterococcus faecium,Negative
9711,dbAMP_25039,Escherichia coli,Negative
9712,dbAMP_25039,Pseudomonas aeruginosa,Negative
9713,dbAMP_25039,Staphylococcus aureus,Negative
9714,dbAMP_25040,Bacillus cereus,Negative
9715,dbAMP_25040,Enterococcus faecalis,Negative
9716,dbAMP_25040,Enterococcus faecium,Negative
9717,dbAMP_25040,Escherichia coli,Negative
9718,dbAMP_25040,Pseudomonas aeruginosa,Negative
9719,dbAMP_25040,Staphylococcus aureus,Negative
9720,dbAMP_25046,Escherichia coli,Negative
9721,dbAMP_25046,Pseudomonas aeruginosa,Negative
9722,dbAMP_25046,Staphylococcus aureus,Negative
9723,dbAMP_25052,Escherichia coli,Negative
9724,dbAMP_25063,Escherichia coli,Negative
9725,dbAMP_25063,Micrococcus luteus,Negative
9726,dbAMP_25082,Bacillus subtilis,Negative
9727,dbAMP_25084,Pseudomonas aeruginosa,Negative
9728,dbAMP_25089,Pseudomonas aeruginosa,Negative
9729,dbAMP_25089,Salmonella enterica,Negative
9730,dbAMP_25093,Candida albicans,Negative
9731,dbAMP_25093,Escherichia coli,Negative
9732,dbAMP_25093,Staphylococcus aureus,Negative
9733,dbAMP_25094,Candida albicans,Negative
9734,dbAMP_25094,Escherichia coli,Negative
9735,dbAMP_25094,Staphylococcus aureus,Negative
9736,dbAMP_25098,Escherichia coli,Negative
9737,dbAMP_25099,Candida albicans,Negative
9738,dbAMP_25099,Escherichia coli,Negative
9739,dbAMP_25099,Staphylococcus aureus,Negative
9740,dbAMP_25101,Candida albicans,Negative
9741,dbAMP_25101,Escherichia coli,Negative
9742,dbAMP_25103,Candida albicans,Negative
9743,dbAMP_25103,Escherichia coli,Negative
9744,dbAMP_25103,Staphylococcus aureus,Negative
9745,dbAMP_25104,Candida albicans,Negative
9746,dbAMP_25104,Escherichia coli,Negative
9747,dbAMP_25104,Staphylococcus aureus,Negative
9748,dbAMP_25105,Escherichia coli,Negative
9749,dbAMP_25106,Candida albicans,Negative
9750,dbAMP_25106,Escherichia coli,Negative
9751,dbAMP_25106,Staphylococcus aureus,Negative
9752,dbAMP_25107,Candida albicans,Negative
9753,dbAMP_25107,Escherichia coli,Negative
9754,dbAMP_25107,Staphylococcus aureus,Negative
9755,dbAMP_25109,Bacillus subtilis,Negative
9756,dbAMP_25109,Escherichia coli,Negative
9757,dbAMP_25109,Staphylococcus aureus,Negative
9758,dbAMP_25115,Pseudomonas aeruginosa,Negative
9759,dbAMP_25118,Escherichia coli,Negative
9760,dbAMP_25118,Staphylococcus aureus,Negative
9761,dbAMP_25120,Escherichia coli,Negative
9762,dbAMP_25120,Pseudomonas aeruginosa,Negative
9763,dbAMP_25120,Staphylococcus aureus,Negative
9764,dbAMP_25124,Escherichia coli,Negative
9765,dbAMP_25124,Staphylococcus aureus,Negative
9766,dbAMP_25132,Escherichia coli,Negative
9767,dbAMP_25135,Escherichia coli,Negative
9768,dbAMP_25138,Escherichia coli,Negative
9769,dbAMP_25139,Escherichia coli,Negative
9770,dbAMP_25149,Pseudomonas aeruginosa,Negative
9771,dbAMP_25149,Staphylococcus aureus,Negative
9772,dbAMP_25149,Staphylococcus epidermidis,Negative
9773,dbAMP_25150,Bacillus subtilis,Negative
9774,dbAMP_25150,Candida albicans,Negative
9775,dbAMP_25150,Escherichia coli,Negative
9776,dbAMP_25150,Klebsiella pneumoniae,Negative
9777,dbAMP_25150,Pseudomonas aeruginosa,Negative
9778,dbAMP_25150,Staphylococcus aureus,Negative
9779,dbAMP_25150,Staphylococcus epidermidis,Negative
9780,dbAMP_25152,Escherichia coli,Negative
9781,dbAMP_25152,Klebsiella pneumoniae,Negative
9782,dbAMP_25152,Pseudomonas aeruginosa,Negative
9783,dbAMP_25152,Salmonella enterica,Negative
9784,dbAMP_25166,Salmonella enterica,Negative
9785,dbAMP_25172,Escherichia coli,Negative
9786,dbAMP_25173,Escherichia coli,Negative
9787,dbAMP_25173,Klebsiella pneumoniae,Negative
9788,dbAMP_25173,Salmonella enterica,Negative
9789,dbAMP_25174,Escherichia coli,Negative
9790,dbAMP_25178,Escherichia coli,Negative
9791,dbAMP_25178,Klebsiella pneumoniae,Negative
9792,dbAMP_25178,Pseudomonas aeruginosa,Negative
9793,dbAMP_25178,Salmonella enterica,Negative
9794,dbAMP_25178,Staphylococcus aureus,Negative
9795,dbAMP_25178,Staphylococcus epidermidis,Negative
9796,dbAMP_25188,Candida parapsilosis,Negative
9797,dbAMP_25188,Pseudomonas aeruginosa,Negative
9798,dbAMP_25189,Acinetobacter baumannii,Negative
9799,dbAMP_25189,Candida parapsilosis,Negative
9800,dbAMP_25189,Enterococcus faecalis,Negative
9801,dbAMP_25189,Escherichia coli,Negative
9802,dbAMP_25189,Klebsiella pneumoniae,Negative
9803,dbAMP_25189,Pseudomonas aeruginosa,Negative
9804,dbAMP_25189,Staphylococcus aureus,Negative
9805,dbAMP_25191,Candida albicans,Negative
9806,dbAMP_25191,Escherichia coli,Negative
9807,dbAMP_25191,Micrococcus luteus,Negative
9808,dbAMP_25191,Pseudomonas aeruginosa,Negative
9809,dbAMP_25191,Staphylococcus aureus,Negative
9810,dbAMP_25195,Candida albicans,Negative
9811,dbAMP_25212,Klebsiella pneumoniae,Negative
9812,dbAMP_25212,Staphylococcus aureus,Negative
9813,dbAMP_25213,Klebsiella pneumoniae,Negative
9814,dbAMP_25214,Staphylococcus aureus,Negative
9815,dbAMP_25221,Escherichia coli,Negative
9816,dbAMP_25239,Candida albicans,Negative
9817,dbAMP_25239,Pseudomonas aeruginosa,Negative
9818,dbAMP_25239,Staphylococcus aureus,Negative
9819,dbAMP_25241,Staphylococcus aureus,Negative
9820,dbAMP_25242,Candida albicans,Negative
9821,dbAMP_25242,Pseudomonas aeruginosa,Negative
9822,dbAMP_25242,Staphylococcus aureus,Negative
9823,dbAMP_25246,Candida albicans,Negative
9824,dbAMP_25246,Pseudomonas aeruginosa,Negative
9825,dbAMP_25246,Staphylococcus aureus,Negative
9826,dbAMP_25249,Candida albicans,Negative
9827,dbAMP_25249,Klebsiella pneumoniae,Negative
9828,dbAMP_25249,Pseudomonas aeruginosa,Negative
9829,dbAMP_25250,Candida albicans,Negative
9830,dbAMP_25250,Escherichia coli,Negative
9831,dbAMP_25250,Klebsiella pneumoniae,Negative
9832,dbAMP_25250,Pseudomonas aeruginosa,Negative
9833,dbAMP_25253,Staphylococcus aureus,Negative
9834,dbAMP_25277,Candida albicans,Negative
9835,dbAMP_25277,Pseudomonas aeruginosa,Negative
9836,dbAMP_25277,Staphylococcus aureus,Negative
9837,dbAMP_25279,Pseudomonas aeruginosa,Negative
9838,dbAMP_25279,Staphylococcus aureus,Negative
9839,dbAMP_25280,Candida albicans,Negative
9840,dbAMP_25280,Escherichia coli,Negative
9841,dbAMP_25280,Pseudomonas aeruginosa,Negative
9842,dbAMP_25280,Staphylococcus aureus,Negative
9843,dbAMP_25286,Acinetobacter baumannii,Negative
9844,dbAMP_25286,Candida albicans,Negative
9845,dbAMP_25286,Enterococcus faecium,Negative
9846,dbAMP_25286,Escherichia coli,Negative
9847,dbAMP_25286,Klebsiella pneumoniae,Negative
9848,dbAMP_25286,Pseudomonas aeruginosa,Negative
9849,dbAMP_25286,Staphylococcus aureus,Negative
9850,dbAMP_25287,Acinetobacter baumannii,Negative
9851,dbAMP_25287,Candida albicans,Negative
9852,dbAMP_25287,Enterococcus faecium,Negative
9853,dbAMP_25287,Escherichia coli,Negative
9854,dbAMP_25287,Klebsiella pneumoniae,Negative
9855,dbAMP_25287,Pseudomonas aeruginosa,Negative
9856,dbAMP_25287,Staphylococcus aureus,Negative
9857,dbAMP_25297,Pseudomonas aeruginosa,Negative
9858,dbAMP_25309,Staphylococcus aureus,Negative
9859,dbAMP_25311,Escherichia coli,Negative
9860,dbAMP_25311,Pseudomonas aeruginosa,Negative
9861,dbAMP_25311,Staphylococcus aureus,Negative
9862,dbAMP_25313,Escherichia coli,Negative
9863,dbAMP_25313,Staphylococcus aureus,Negative
9864,dbAMP_25327,Escherichia coli,Negative
9865,dbAMP_25327,Pseudomonas aeruginosa,Negative
9866,dbAMP_25327,Staphylococcus aureus,Negative
9867,dbAMP_25327,Staphylococcus epidermidis,Negative
9868,dbAMP_25331,Escherichia coli,Negative
9869,dbAMP_25331,Pseudomonas aeruginosa,Negative
9870,dbAMP_25331,Staphylococcus aureus,Negative
9871,dbAMP_25331,Staphylococcus epidermidis,Negative
9872,dbAMP_25336,Staphylococcus aureus,Negative
9873,dbAMP_25337,Candida albicans,Negative
9874,dbAMP_25340,Escherichia coli,Negative
9875,dbAMP_25340,Staphylococcus aureus,Negative
9876,dbAMP_25341,Escherichia coli,Negative
9877,dbAMP_25341,Staphylococcus aureus,Negative
9878,dbAMP_25353,Escherichia coli,Negative
9879,dbAMP_25358,Pseudomonas aeruginosa,Negative
9880,dbAMP_25374,Candida albicans,Negative
9881,dbAMP_25374,Escherichia coli,Negative
9882,dbAMP_25374,Staphylococcus aureus,Negative
9883,dbAMP_25380,Escherichia coli,Negative
9884,dbAMP_25380,Staphylococcus epidermidis,Negative
9885,dbAMP_25385,Candida albicans,Negative
9886,dbAMP_25385,Escherichia coli,Negative
9887,dbAMP_25385,Klebsiella pneumoniae,Negative
9888,dbAMP_25385,Pseudomonas aeruginosa,Negative
9889,dbAMP_25388,Candida albicans,Negative
9890,dbAMP_25388,Klebsiella pneumoniae,Negative
9891,dbAMP_25389,Escherichia coli,Negative
9892,dbAMP_25389,Klebsiella pneumoniae,Negative
9893,dbAMP_25389,Pseudomonas aeruginosa,Negative
9894,dbAMP_25389,Staphylococcus aureus,Negative
9895,dbAMP_25391,Candida albicans,Negative
9896,dbAMP_25391,Escherichia coli,Negative
9897,dbAMP_25391,Klebsiella pneumoniae,Negative
9898,dbAMP_25391,Pseudomonas aeruginosa,Negative
9899,dbAMP_25391,Staphylococcus aureus,Negative
9900,dbAMP_25415,Bacillus subtilis,Negative
9901,dbAMP_25415,Escherichia coli,Negative
9902,dbAMP_25415,Salmonella enterica,Negative
9903,dbAMP_25415,Staphylococcus aureus,Negative
9904,dbAMP_25419,Bacillus subtilis,Negative
9905,dbAMP_25419,Enterococcus faecalis,Negative
9906,dbAMP_25419,Escherichia coli,Negative
9907,dbAMP_25419,Salmonella enterica,Negative
9908,dbAMP_25419,Staphylococcus aureus,Negative
9909,dbAMP_25420,Bacillus subtilis,Negative
9910,dbAMP_25420,Enterococcus faecalis,Negative
9911,dbAMP_25420,Escherichia coli,Negative
9912,dbAMP_25420,Salmonella enterica,Negative
9913,dbAMP_25420,Staphylococcus aureus,Negative
9914,dbAMP_25421,Bacillus subtilis,Negative
9915,dbAMP_25421,Enterococcus faecalis,Negative
9916,dbAMP_25421,Escherichia coli,Negative
9917,dbAMP_25421,Salmonella enterica,Negative
9918,dbAMP_25421,Staphylococcus aureus,Negative
9919,dbAMP_25422,Enterococcus faecalis,Negative
9920,dbAMP_25427,Klebsiella pneumoniae,Negative
9921,dbAMP_25427,Staphylococcus aureus,Negative
9922,dbAMP_25428,Staphylococcus aureus,Negative
9923,dbAMP_25429,Acinetobacter baumannii,Negative
9924,dbAMP_25429,Candida albicans,Negative
9925,dbAMP_25429,Enterococcus faecalis,Negative
9926,dbAMP_25429,Enterococcus faecium,Negative
9927,dbAMP_25429,Klebsiella pneumoniae,Negative
9928,dbAMP_25429,Pseudomonas aeruginosa,Negative
9929,dbAMP_25429,Staphylococcus aureus,Negative
9930,dbAMP_25429,Staphylococcus epidermidis,Negative
9931,dbAMP_25439,Staphylococcus aureus,Negative
9932,dbAMP_25440,Salmonella enterica,Negative
9933,dbAMP_25440,Staphylococcus aureus,Negative
9934,dbAMP_25444,Pseudomonas aeruginosa,Negative
9935,dbAMP_25444,Staphylococcus aureus,Negative
9936,dbAMP_25448,Candida albicans,Negative
9937,dbAMP_25448,Candida parapsilosis,Negative
9938,dbAMP_25449,Candida albicans,Negative
9939,dbAMP_25449,Candida parapsilosis,Negative
9940,dbAMP_25450,Candida albicans,Negative
9941,dbAMP_25450,Candida parapsilosis,Negative
9942,dbAMP_26087,Escherichia coli,Negative
9943,dbAMP_26141,Candida albicans,Negative
9944,dbAMP_26141,Staphylococcus aureus,Negative
9945,dbAMP_26661,Escherichia coli,Negative
9946,dbAMP_26661,Micrococcus luteus,Negative
9947,dbAMP_26661,Staphylococcus aureus,Negative
9948,dbAMP_27083,Escherichia coli,Negative
9949,dbAMP_27083,Pseudomonas aeruginosa,Negative
9950,dbAMP_27085,Candida albicans,Negative
9951,dbAMP_27085,Enterococcus faecalis,Negative
9952,dbAMP_27085,Escherichia coli,Negative
9953,dbAMP_27085,Klebsiella pneumoniae,Negative
9954,dbAMP_27085,Staphylococcus aureus,Negative
9955,dbAMP_27087,Candida albicans,Negative
9956,dbAMP_27091,Enterococcus faecalis,Negative
9957,dbAMP_27092,Escherichia coli,Negative
9958,dbAMP_27092,Pseudomonas aeruginosa,Negative
9959,dbAMP_27110,Klebsiella pneumoniae,Negative
9960,dbAMP_27110,Pseudomonas aeruginosa,Negative
9961,dbAMP_27112,Acinetobacter baumannii,Negative
9962,dbAMP_27112,Enterococcus faecalis,Negative
9963,dbAMP_27112,Enterococcus faecium,Negative
9964,dbAMP_27112,Escherichia coli,Negative
9965,dbAMP_27112,Klebsiella pneumoniae,Negative
9966,dbAMP_27112,Pseudomonas aeruginosa,Negative
9967,dbAMP_27112,Staphylococcus aureus,Negative
9968,dbAMP_27112,Staphylococcus epidermidis,Negative
9969,dbAMP_27113,Acinetobacter baumannii,Negative
9970,dbAMP_27113,Klebsiella pneumoniae,Negative
9971,dbAMP_27113,Pseudomonas aeruginosa,Negative
9972,dbAMP_27117,Candida albicans,Negative
9973,dbAMP_27117,Klebsiella pneumoniae,Negative
9974,dbAMP_27117,Pseudomonas aeruginosa,Negative
9975,dbAMP_27120,Bacillus cereus,Negative
9976,dbAMP_27120,Escherichia coli,Negative
9977,dbAMP_27120,Staphylococcus aureus,Negative
9978,dbAMP_27121,Pseudomonas aeruginosa,Negative
9979,dbAMP_27150,Candida albicans,Negative
9980,dbAMP_27150,Staphylococcus aureus,Negative
9981,dbAMP_27161,Escherichia coli,Negative
9982,dbAMP_27161,Staphylococcus aureus,Negative
9983,dbAMP_27170,Staphylococcus aureus,Negative
9984,dbAMP_27181,Candida albicans,Negative
9985,dbAMP_27181,Enterococcus faecalis,Negative
9986,dbAMP_27181,Escherichia coli,Negative
9987,dbAMP_27181,Pseudomonas aeruginosa,Negative
9988,dbAMP_27181,Staphylococcus aureus,Negative
9989,dbAMP_27183,Escherichia coli,Negative
9990,dbAMP_27190,Candida albicans,Negative
9991,dbAMP_27190,Escherichia coli,Negative
9992,dbAMP_27190,Pseudomonas aeruginosa,Negative
9993,dbAMP_27190,Staphylococcus aureus,Negative
9994,dbAMP_27191,Candida albicans,Negative
9995,dbAMP_27191,Escherichia coli,Negative
9996,dbAMP_27191,Pseudomonas aeruginosa,Negative
9997,dbAMP_27191,Staphylococcus aureus,Negative
9998,dbAMP_27193,Candida albicans,Negative
9999,dbAMP_27193,Escherichia coli,Negative
10000,dbAMP_27193,Pseudomonas aeruginosa,Negative
10001,dbAMP_27193,Staphylococcus aureus,Negative
10002,dbAMP_27215,Pseudomonas aeruginosa,Negative
10003,dbAMP_27215,Staphylococcus aureus,Negative
10004,dbAMP_27223,Candida albicans,Negative
10005,dbAMP_27226,Bacillus cereus,Negative
10006,dbAMP_27226,Staphylococcus aureus,Negative
10007,dbAMP_27241,Enterobacter cloacae,Negative
10008,dbAMP_27255,Bacillus subtilis,Negative
10009,dbAMP_27255,Candida albicans,Negative
10010,dbAMP_27255,Escherichia coli,Negative
10011,dbAMP_27255,Pseudomonas aeruginosa,Negative
10012,dbAMP_27255,Staphylococcus aureus,Negative
10013,dbAMP_27255,Staphylococcus epidermidis,Negative
10014,dbAMP_27263,Bacillus cereus,Negative
10015,dbAMP_27263,Enterococcus faecalis,Negative
10016,dbAMP_27263,Escherichia coli,Negative
10017,dbAMP_27263,Salmonella enterica,Negative
10018,dbAMP_27263,Staphylococcus epidermidis,Negative
10019,dbAMP_27264,Bacillus cereus,Negative
10020,dbAMP_27264,Enterococcus faecalis,Negative
10021,dbAMP_27264,Escherichia coli,Negative
10022,dbAMP_27264,Micrococcus luteus,Negative
10023,dbAMP_27264,Pseudomonas aeruginosa,Negative
10024,dbAMP_27264,Salmonella enterica,Negative
10025,dbAMP_27264,Staphylococcus epidermidis,Negative
10026,dbAMP_27267,Bacillus subtilis,Negative
10027,dbAMP_27267,Candida albicans,Negative
10028,dbAMP_27267,Escherichia coli,Negative
10029,dbAMP_27267,Micrococcus luteus,Negative
10030,dbAMP_27267,Pseudomonas aeruginosa,Negative
10031,dbAMP_27267,Staphylococcus aureus,Negative
10032,dbAMP_27267,Staphylococcus epidermidis,Negative
10033,dbAMP_27286,Bacillus subtilis,Negative
10034,dbAMP_27286,Micrococcus luteus,Negative
10035,dbAMP_27286,Pseudomonas aeruginosa,Negative
10036,dbAMP_27286,Staphylococcus epidermidis,Negative
10037,dbAMP_27299,Acinetobacter baumannii,Negative
10038,dbAMP_27299,Candida albicans,Negative
10039,dbAMP_27299,Escherichia coli,Negative
10040,dbAMP_27299,Klebsiella pneumoniae,Negative
10041,dbAMP_27299,Pseudomonas aeruginosa,Negative
10042,dbAMP_27301,Acinetobacter baumannii,Negative
10043,dbAMP_27301,Candida albicans,Negative
10044,dbAMP_27301,Escherichia coli,Negative
10045,dbAMP_27301,Klebsiella pneumoniae,Negative
10046,dbAMP_27301,Pseudomonas aeruginosa,Negative
10047,dbAMP_27305,Candida albicans,Negative
10048,dbAMP_27306,Candida albicans,Negative
10049,dbAMP_27317,Escherichia coli,Negative
10050,dbAMP_27317,Pseudomonas aeruginosa,Negative
10051,dbAMP_27351,Cryptococcus neoformans,Negative
10052,dbAMP_27351,Enterococcus faecalis,Negative
10053,dbAMP_27351,Enterococcus faecium,Negative
10054,dbAMP_27351,Escherichia coli,Negative
10055,dbAMP_27351,Klebsiella pneumoniae,Negative
10056,dbAMP_27351,Pseudomonas aeruginosa,Negative
10057,dbAMP_27351,Salmonella enterica,Negative
10058,dbAMP_27353,Candida albicans,Negative
10059,dbAMP_27353,Klebsiella pneumoniae,Negative
10060,dbAMP_27353,Pseudomonas aeruginosa,Negative
10061,dbAMP_27356,Candida albicans,Negative
10062,dbAMP_27356,Klebsiella pneumoniae,Negative
10063,dbAMP_27356,Pseudomonas aeruginosa,Negative
10064,dbAMP_27370,Candida albicans,Negative
10065,dbAMP_27370,Enterococcus faecalis,Negative
10066,dbAMP_27370,Staphylococcus aureus,Negative
10067,dbAMP_27395,Bacillus subtilis,Negative
10068,dbAMP_27395,Candida albicans,Negative
10069,dbAMP_27395,Escherichia coli,Negative
10070,dbAMP_27395,Klebsiella pneumoniae,Negative
10071,dbAMP_27395,Pseudomonas aeruginosa,Negative
10072,dbAMP_27395,Staphylococcus aureus,Negative
10073,dbAMP_27395,Staphylococcus epidermidis,Negative
10074,dbAMP_27400,Enterococcus faecalis,Negative
10075,dbAMP_27408,Candida albicans,Negative
10076,dbAMP_27408,Enterococcus faecalis,Negative
10077,dbAMP_27455,Enterococcus faecium,Negative
10078,dbAMP_27470,Staphylococcus aureus,Negative
10079,dbAMP_27477,Escherichia coli,Negative
10080,dbAMP_27477,Pseudomonas aeruginosa,Negative
10081,dbAMP_27477,Staphylococcus aureus,Negative
10082,dbAMP_27482,Bacillus cereus,Negative
10083,dbAMP_27482,Bacillus subtilis,Negative
10084,dbAMP_27482,Candida albicans,Negative
10085,dbAMP_27482,Candida parapsilosis,Negative
10086,dbAMP_27482,Micrococcus luteus,Negative
10087,dbAMP_27482,Staphylococcus aureus,Negative
10088,dbAMP_27482,Staphylococcus epidermidis,Negative
10089,dbAMP_27494,Candida albicans,Negative
10090,dbAMP_27494,Enterococcus faecalis,Negative
10091,dbAMP_27494,Klebsiella pneumoniae,Negative
10092,dbAMP_27494,Pseudomonas aeruginosa,Negative
10093,dbAMP_27502,Escherichia coli,Negative
10094,dbAMP_27502,Pseudomonas aeruginosa,Negative
10095,dbAMP_27502,Staphylococcus aureus,Negative
10096,dbAMP_27503,Pseudomonas aeruginosa,Negative
10097,dbAMP_27533,Escherichia coli,Negative
10098,dbAMP_27533,Pseudomonas aeruginosa,Negative
10099,dbAMP_27541,Pseudomonas aeruginosa,Negative
10100,dbAMP_27553,Staphylococcus aureus,Negative
10101,dbAMP_27560,Candida albicans,Negative
10102,dbAMP_27560,Escherichia coli,Negative
10103,dbAMP_27560,Pseudomonas aeruginosa,Negative
10104,dbAMP_27565,Candida albicans,Negative
10105,dbAMP_27565,Escherichia coli,Negative
10106,dbAMP_27565,Staphylococcus aureus,Negative
10107,dbAMP_27565,Staphylococcus epidermidis,Negative
10108,dbAMP_27566,Escherichia coli,Negative
10109,dbAMP_27566,Pseudomonas aeruginosa,Negative
10110,dbAMP_27566,Staphylococcus aureus,Negative
10111,dbAMP_27568,Staphylococcus aureus,Negative
10112,dbAMP_27570,Escherichia coli,Negative
10113,dbAMP_27570,Pseudomonas aeruginosa,Negative
10114,dbAMP_27576,Staphylococcus aureus,Negative
10115,dbAMP_27583,Acinetobacter baumannii,Negative
10116,dbAMP_27583,Candida albicans,Negative
10117,dbAMP_27583,Candida parapsilosis,Negative
10118,dbAMP_27583,Enterococcus faecalis,Negative
10119,dbAMP_27583,Klebsiella pneumoniae,Negative
10120,dbAMP_27597,Pseudomonas aeruginosa,Negative
10121,dbAMP_27597,Staphylococcus aureus,Negative
10122,dbAMP_27606,Enterococcus faecium,Negative
10123,dbAMP_27606,Pseudomonas aeruginosa,Negative
10124,dbAMP_27606,Staphylococcus aureus,Negative
10125,dbAMP_27607,Staphylococcus aureus,Negative
10126,dbAMP_27610,Enterococcus faecium,Negative
10127,dbAMP_27610,Pseudomonas aeruginosa,Negative
10128,dbAMP_27612,Escherichia coli,Negative
10129,dbAMP_27620,Candida albicans,Negative
10130,dbAMP_27620,Escherichia coli,Negative
10131,dbAMP_27620,Staphylococcus aureus,Negative
10132,dbAMP_27631,Staphylococcus aureus,Negative
10133,dbAMP_27636,Candida albicans,Negative
10134,dbAMP_27636,Escherichia coli,Negative
10135,dbAMP_27636,Pseudomonas aeruginosa,Negative
10136,dbAMP_27636,Salmonella enterica,Negative
10137,dbAMP_27636,Staphylococcus aureus,Negative
10138,dbAMP_27637,Candida albicans,Negative
10139,dbAMP_27637,Staphylococcus aureus,Negative
10140,dbAMP_27638,Staphylococcus aureus,Negative
10141,dbAMP_27639,Staphylococcus aureus,Negative
10142,dbAMP_27640,Staphylococcus aureus,Negative
10143,dbAMP_27660,Pseudomonas aeruginosa,Negative
10144,dbAMP_27661,Pseudomonas aeruginosa,Negative
10145,dbAMP_27686,Pseudomonas aeruginosa,Negative
10146,dbAMP_27812,Pseudomonas aeruginosa,Negative
10147,dbAMP_27812,Salmonella enterica,Negative
10148,dbAMP_27845,Pseudomonas aeruginosa,Negative
10149,dbAMP_27845,Salmonella enterica,Negative
10150,dbAMP_27936,Staphylococcus aureus,Negative
10151,dbAMP_28176,Bacillus cereus,Negative
10152,dbAMP_28189,Candida albicans,Negative
10153,dbAMP_28189,Enterococcus faecalis,Negative
10154,dbAMP_28189,Pseudomonas aeruginosa,Negative
10155,dbAMP_28342,Candida albicans,Negative
10156,dbAMP_28473,Bacillus subtilis,Negative
10157,dbAMP_28473,Escherichia coli,Negative
10158,dbAMP_28617,Pseudomonas aeruginosa,Negative
10159,dbAMP_28617,Staphylococcus aureus,Negative
10160,dbAMP_28635,Escherichia coli,Negative
10161,dbAMP_28635,Micrococcus luteus,Negative
10162,dbAMP_28635,Salmonella enterica,Negative
10163,dbAMP_28635,Staphylococcus aureus,Negative
10164,dbAMP_28725,Pseudomonas aeruginosa,Negative
10165,dbAMP_28725,Salmonella enterica,Negative
10166,dbAMP_28726,Bacillus subtilis,Negative
10167,dbAMP_28726,Escherichia coli,Negative
10168,dbAMP_28726,Klebsiella pneumoniae,Negative
10169,dbAMP_28726,Micrococcus luteus,Negative
10170,dbAMP_28726,Pseudomonas aeruginosa,Negative
10171,dbAMP_28726,Salmonella enterica,Negative
10172,dbAMP_28726,Staphylococcus aureus,Negative
10173,dbAMP_28731,Candida albicans,Negative
10174,dbAMP_28731,Candida parapsilosis,Negative
10175,dbAMP_28731,Escherichia coli,Negative
10176,dbAMP_28731,Pseudomonas aeruginosa,Negative
10177,dbAMP_28731,Staphylococcus aureus,Negative
10178,dbAMP_28732,Candida albicans,Negative
10179,dbAMP_28732,Candida parapsilosis,Negative
10180,dbAMP_28732,Escherichia coli,Negative
10181,dbAMP_28732,Pseudomonas aeruginosa,Negative
10182,dbAMP_28732,Staphylococcus aureus,Negative
10183,dbAMP_28739,Pseudomonas aeruginosa,Negative
10184,dbAMP_28744,Pseudomonas aeruginosa,Negative
10185,dbAMP_28744,Staphylococcus aureus,Negative
10186,dbAMP_28790,Pseudomonas aeruginosa,Negative
10187,dbAMP_28790,Staphylococcus aureus,Negative
10188,dbAMP_28791,Pseudomonas aeruginosa,Negative
10189,dbAMP_28791,Staphylococcus aureus,Negative
10190,dbAMP_28793,Enterococcus faecalis,Negative
10191,dbAMP_28793,Pseudomonas aeruginosa,Negative
10192,dbAMP_28794,Pseudomonas aeruginosa,Negative
10193,dbAMP_28797,Escherichia coli,Negative
10194,dbAMP_28798,Escherichia coli,Negative
10195,dbAMP_28800,Acinetobacter baumannii,Negative
10196,dbAMP_28800,Enterococcus faecium,Negative
10197,dbAMP_28800,Escherichia coli,Negative
10198,dbAMP_28800,Klebsiella pneumoniae,Negative
10199,dbAMP_28800,Pseudomonas aeruginosa,Negative
10200,dbAMP_28800,Staphylococcus aureus,Negative
10201,dbAMP_28801,Candida albicans,Negative
10202,dbAMP_28801,Enterococcus faecalis,Negative
10203,dbAMP_28805,Candida albicans,Negative
10204,dbAMP_28805,Enterococcus faecalis,Negative
10205,dbAMP_28805,Klebsiella pneumoniae,Negative
10206,dbAMP_28805,Pseudomonas aeruginosa,Negative
10207,dbAMP_28805,Staphylococcus aureus,Negative
10208,dbAMP_28828,Staphylococcus aureus,Negative
10209,dbAMP_28830,Staphylococcus aureus,Negative
10210,dbAMP_28832,Staphylococcus aureus,Negative
10211,dbAMP_28833,Bacillus subtilis,Negative
10212,dbAMP_28833,Klebsiella pneumoniae,Negative
10213,dbAMP_28833,Staphylococcus aureus,Negative
10214,dbAMP_28842,Pseudomonas aeruginosa,Negative
10215,dbAMP_31131,Candida albicans,Negative
10216,dbAMP_31131,Enterococcus faecalis,Negative
10217,dbAMP_31131,Escherichia coli,Negative
10218,dbAMP_31131,Klebsiella pneumoniae,Negative
10219,dbAMP_31131,Pseudomonas aeruginosa,Negative
10220,dbAMP_31131,Staphylococcus aureus,Negative
10221,dbAMP_31132,Candida albicans,Negative
10222,dbAMP_31132,Enterococcus faecalis,Negative
10223,dbAMP_31132,Escherichia coli,Negative
10224,dbAMP_31132,Klebsiella pneumoniae,Negative
10225,dbAMP_31132,Pseudomonas aeruginosa,Negative
10226,dbAMP_31132,Staphylococcus aureus,Negative
10227,dbAMP_31133,Candida albicans,Negative
10228,dbAMP_31133,Enterococcus faecalis,Negative
10229,dbAMP_31133,Escherichia coli,Negative
10230,dbAMP_31133,Klebsiella pneumoniae,Negative
10231,dbAMP_31133,Pseudomonas aeruginosa,Negative
10232,dbAMP_31135,Candida albicans,Negative
10233,dbAMP_31135,Enterococcus faecalis,Negative
10234,dbAMP_31135,Escherichia coli,Negative
10235,dbAMP_31135,Klebsiella pneumoniae,Negative
10236,dbAMP_31135,Pseudomonas aeruginosa,Negative
10237,dbAMP_31137,Klebsiella pneumoniae,Negative
10238,dbAMP_31137,Pseudomonas aeruginosa,Negative
10239,dbAMP_31146,Escherichia coli,Negative
10240,dbAMP_31148,Escherichia coli,Negative
10241,dbAMP_31151,Escherichia coli,Negative
10242,dbAMP_31178,Enterobacter cloacae,Negative
10243,dbAMP_31178,Enterococcus faecalis,Negative
10244,dbAMP_31182,Enterobacter cloacae,Negative
10245,dbAMP_31183,Enterobacter cloacae,Negative
10246,dbAMP_31183,Enterococcus faecium,Negative
10247,dbAMP_31183,Pseudomonas aeruginosa,Negative
10248,dbAMP_31183,Staphylococcus aureus,Negative
10249,dbAMP_31184,Enterobacter cloacae,Negative
10250,dbAMP_31184,Enterococcus faecium,Negative
10251,dbAMP_31185,Enterobacter cloacae,Negative
10252,dbAMP_31185,Enterococcus faecium,Negative
10253,dbAMP_31186,Enterobacter cloacae,Negative
10254,dbAMP_31186,Pseudomonas aeruginosa,Negative
10255,dbAMP_31186,Staphylococcus aureus,Negative
10256,dbAMP_31187,Enterobacter cloacae,Negative
10257,dbAMP_31187,Klebsiella pneumoniae,Negative
10258,dbAMP_31187,Pseudomonas aeruginosa,Negative
10259,dbAMP_31208,Cryptococcus neoformans,Negative
10260,dbAMP_31245,Escherichia coli,Negative
10261,dbAMP_31245,Klebsiella pneumoniae,Negative
10262,dbAMP_31245,Pseudomonas aeruginosa,Negative
10263,dbAMP_31310,Pseudomonas aeruginosa,Negative
10264,dbAMP_31310,Salmonella enterica,Negative
10265,dbAMP_31313,Staphylococcus aureus,Negative
10266,dbAMP_31319,Klebsiella pneumoniae,Negative
10267,dbAMP_31319,Staphylococcus aureus,Negative
10268,dbAMP_31330,Enterococcus faecium,Negative
10269,dbAMP_31334,Escherichia coli,Negative
10270,dbAMP_31362,Pseudomonas aeruginosa,Negative
10271,dbAMP_31363,Pseudomonas aeruginosa,Negative
10272,dbAMP_31371,Pseudomonas aeruginosa,Negative
10273,dbAMP_31375,Pseudomonas aeruginosa,Negative
10274,dbAMP_31440,Enterococcus faecalis,Negative
10275,dbAMP_31440,Escherichia coli,Negative
10276,dbAMP_31440,Klebsiella pneumoniae,Negative
10277,dbAMP_31440,Pseudomonas aeruginosa,Negative
10278,dbAMP_31440,Staphylococcus aureus,Negative
10279,dbAMP_31441,Enterococcus faecalis,Negative
10280,dbAMP_31441,Escherichia coli,Negative
10281,dbAMP_31441,Klebsiella pneumoniae,Negative
10282,dbAMP_31441,Pseudomonas aeruginosa,Negative
10283,dbAMP_31441,Staphylococcus aureus,Negative
10284,dbAMP_31442,Enterococcus faecalis,Negative
10285,dbAMP_31442,Klebsiella pneumoniae,Negative
10286,dbAMP_31442,Pseudomonas aeruginosa,Negative
10287,dbAMP_31442,Staphylococcus aureus,Negative
10288,dbAMP_31444,Enterococcus faecalis,Negative
10289,dbAMP_31445,Enterococcus faecalis,Negative
10290,dbAMP_31635,Bacillus subtilis,Negative
10291,dbAMP_31635,Candida albicans,Negative
10292,dbAMP_31635,Enterococcus faecalis,Negative
10293,dbAMP_31635,Escherichia coli,Negative
10294,dbAMP_31635,Pseudomonas aeruginosa,Negative
10295,dbAMP_31635,Salmonella enterica,Negative
10296,dbAMP_31635,Staphylococcus aureus,Negative
10297,dbAMP_31636,Acinetobacter baumannii,Negative
10298,dbAMP_31636,Escherichia coli,Negative
10299,dbAMP_31636,Klebsiella pneumoniae,Negative
10300,dbAMP_31636,Salmonella enterica,Negative
10301,dbAMP_31636,Staphylococcus aureus,Negative
10302,dbAMP_31637,Klebsiella pneumoniae,Negative
10303,dbAMP_31637,Salmonella enterica,Negative
10304,dbAMP_31637,Staphylococcus aureus,Negative
10305,dbAMP_31641,Staphylococcus aureus,Negative
10306,dbAMP_31643,Staphylococcus aureus,Negative
10307,dbAMP_31645,Klebsiella pneumoniae,Negative
10308,dbAMP_31646,Klebsiella pneumoniae,Negative
10309,dbAMP_31646,Staphylococcus aureus,Negative
10310,dbAMP_31649,Acinetobacter baumannii,Negative
10311,dbAMP_31649,Escherichia coli,Negative
10312,dbAMP_31649,Klebsiella pneumoniae,Negative
10313,dbAMP_31649,Pseudomonas aeruginosa,Negative
10314,dbAMP_31649,Salmonella enterica,Negative
10315,dbAMP_31649,Staphylococcus aureus,Negative
10316,dbAMP_31650,Acinetobacter baumannii,Negative
10317,dbAMP_31650,Klebsiella pneumoniae,Negative
10318,dbAMP_31650,Staphylococcus aureus,Negative
10319,dbAMP_31652,Candida albicans,Negative
10320,dbAMP_31652,Pseudomonas aeruginosa,Negative
10321,dbAMP_31652,Staphylococcus aureus,Negative
10322,dbAMP_31653,Candida albicans,Negative
10323,dbAMP_31688,Bacillus cereus,Negative
10324,dbAMP_31688,Listeria monocytogenes,Negative
10325,dbAMP_31688,Salmonella enterica,Negative
10326,dbAMP_31688,Staphylococcus epidermidis,Negative
10327,dbAMP_31691,Bacillus cereus,Negative
10328,dbAMP_31713,Acinetobacter baumannii,Negative
10329,dbAMP_31713,Enterococcus faecalis,Negative
10330,dbAMP_31713,Escherichia coli,Negative
10331,dbAMP_31713,Klebsiella pneumoniae,Negative
10332,dbAMP_31713,Pseudomonas aeruginosa,Negative
10333,dbAMP_31769,Candida albicans,Negative
10334,dbAMP_31769,Cryptococcus neoformans,Negative
10335,dbAMP_31771,Cryptococcus neoformans,Negative
10336,dbAMP_31773,Candida albicans,Negative
10337,dbAMP_31774,Candida albicans,Negative
10338,dbAMP_31775,Pseudomonas aeruginosa,Negative
10339,dbAMP_31775,Staphylococcus aureus,Negative
10340,dbAMP_31776,Candida albicans,Negative
10341,dbAMP_31776,Cryptococcus neoformans,Negative
10342,dbAMP_31776,Escherichia coli,Negative
10343,dbAMP_31776,Pseudomonas aeruginosa,Negative
10344,dbAMP_31776,Staphylococcus aureus,Negative
10345,dbAMP_31777,Escherichia coli,Negative
10346,dbAMP_31777,Pseudomonas aeruginosa,Negative
10347,dbAMP_31777,Salmonella enterica,Negative
10348,dbAMP_31777,Staphylococcus aureus,Negative
10349,dbAMP_31780,Escherichia coli,Negative
10350,dbAMP_31780,Staphylococcus aureus,Negative
10351,dbAMP_31781,Escherichia coli,Negative
10352,dbAMP_31781,Staphylococcus aureus,Negative
10353,dbAMP_31782,Escherichia coli,Negative
10354,dbAMP_31782,Staphylococcus aureus,Negative
10355,dbAMP_31783,Escherichia coli,Negative
10356,dbAMP_31783,Staphylococcus aureus,Negative
10357,dbAMP_31785,Escherichia coli,Negative
10358,dbAMP_31785,Staphylococcus aureus,Negative
10359,dbAMP_31794,Klebsiella pneumoniae,Negative
10360,dbAMP_31794,Staphylococcus epidermidis,Negative
10361,dbAMP_31800,Acinetobacter baumannii,Negative
10362,dbAMP_31800,Candida albicans,Negative
10363,dbAMP_31800,Klebsiella pneumoniae,Negative
10364,dbAMP_31800,Pseudomonas aeruginosa,Negative
10365,dbAMP_31801,Acinetobacter baumannii,Negative
10366,dbAMP_31801,Klebsiella pneumoniae,Negative
10367,dbAMP_31802,Acinetobacter baumannii,Negative
10368,dbAMP_31802,Klebsiella pneumoniae,Negative
10369,dbAMP_31803,Acinetobacter baumannii,Negative
10370,dbAMP_31803,Klebsiella pneumoniae,Negative
10371,dbAMP_31805,Acinetobacter baumannii,Negative
10372,dbAMP_31805,Klebsiella pneumoniae,Negative
10373,dbAMP_31805,Pseudomonas aeruginosa,Negative
10374,dbAMP_31806,Acinetobacter baumannii,Negative
10375,dbAMP_31806,Enterococcus faecium,Negative
10376,dbAMP_31806,Klebsiella pneumoniae,Negative
10377,dbAMP_31807,Acinetobacter baumannii,Negative
10378,dbAMP_31807,Klebsiella pneumoniae,Negative
10379,dbAMP_31818,Bacillus cereus,Negative
10380,dbAMP_31818,Bacillus subtilis,Negative
10381,dbAMP_31818,Candida albicans,Negative
10382,dbAMP_31818,Candida parapsilosis,Negative
10383,dbAMP_31818,Micrococcus luteus,Negative
10384,dbAMP_31818,Staphylococcus aureus,Negative
10385,dbAMP_31818,Staphylococcus epidermidis,Negative
10386,dbAMP_31843,Escherichia coli,Negative
10387,dbAMP_31843,Pseudomonas aeruginosa,Negative
10388,dbAMP_31843,Salmonella enterica,Negative
10389,dbAMP_31860,Candida albicans,Negative
10390,dbAMP_31861,Candida albicans,Negative
10391,dbAMP_31862,Candida albicans,Negative
10392,dbAMP_31865,Candida albicans,Negative
10393,dbAMP_31868,Candida albicans,Negative
10394,dbAMP_31872,Escherichia coli,Negative
10395,dbAMP_31872,Pseudomonas aeruginosa,Negative
10396,dbAMP_31872,Staphylococcus aureus,Negative
10397,dbAMP_31876,Bacillus subtilis,Negative
10398,dbAMP_31876,Candida albicans,Negative
10399,dbAMP_31876,Escherichia coli,Negative
10400,dbAMP_31876,Micrococcus luteus,Negative
10401,dbAMP_31876,Pseudomonas aeruginosa,Negative
10402,dbAMP_31876,Staphylococcus aureus,Negative
10403,dbAMP_31879,Escherichia coli,Negative
10404,dbAMP_31879,Pseudomonas aeruginosa,Negative
10405,dbAMP_31879,Salmonella enterica,Negative
10406,dbAMP_31879,Staphylococcus aureus,Negative
10407,dbAMP_31879,Staphylococcus epidermidis,Negative
10408,dbAMP_31894,Salmonella enterica,Negative
10409,dbAMP_31960,Bacillus cereus,Negative
10410,dbAMP_31960,Escherichia coli,Negative
10411,dbAMP_31960,Listeria monocytogenes,Negative
10412,dbAMP_31960,Micrococcus luteus,Negative
10413,dbAMP_31960,Pseudomonas aeruginosa,Negative
10414,dbAMP_31960,Salmonella enterica,Negative
10415,dbAMP_31963,Escherichia coli,Negative
10416,dbAMP_31963,Listeria monocytogenes,Negative
10417,dbAMP_31963,Micrococcus luteus,Negative
10418,dbAMP_31963,Pseudomonas aeruginosa,Negative
10419,dbAMP_31964,Escherichia coli,Negative
10420,dbAMP_31964,Listeria monocytogenes,Negative
10421,dbAMP_31964,Pseudomonas aeruginosa,Negative
10422,dbAMP_31964,Salmonella enterica,Negative
10423,dbAMP_31967,Bacillus cereus,Negative
10424,dbAMP_31967,Escherichia coli,Negative
10425,dbAMP_31967,Listeria monocytogenes,Negative
10426,dbAMP_31967,Micrococcus luteus,Negative
10427,dbAMP_31967,Pseudomonas aeruginosa,Negative
10428,dbAMP_31967,Salmonella enterica,Negative
10429,dbAMP_31968,Listeria monocytogenes,Negative
10430,dbAMP_31968,Micrococcus luteus,Negative
10431,dbAMP_31968,Pseudomonas aeruginosa,Negative
10432,dbAMP_31968,Salmonella enterica,Negative
10433,dbAMP_31969,Pseudomonas aeruginosa,Negative
10434,dbAMP_31972,Bacillus cereus,Negative
10435,dbAMP_31972,Escherichia coli,Negative
10436,dbAMP_31972,Listeria monocytogenes,Negative
10437,dbAMP_31972,Micrococcus luteus,Negative
10438,dbAMP_31972,Pseudomonas aeruginosa,Negative
10439,dbAMP_31972,Salmonella enterica,Negative
10440,dbAMP_31997,Escherichia coli,Negative
10441,dbAMP_31997,Klebsiella pneumoniae,Negative
10442,dbAMP_31997,Pseudomonas aeruginosa,Negative
10443,dbAMP_31998,Escherichia coli,Negative
10444,dbAMP_31998,Klebsiella pneumoniae,Negative
10445,dbAMP_31998,Pseudomonas aeruginosa,Negative
10446,dbAMP_32008,Listeria monocytogenes,Negative
10447,dbAMP_32011,Escherichia coli,Negative
10448,dbAMP_32011,Klebsiella pneumoniae,Negative
10449,dbAMP_32011,Pseudomonas aeruginosa,Negative
10450,dbAMP_32011,Staphylococcus aureus,Negative
10451,dbAMP_32011,Staphylococcus epidermidis,Negative
10452,dbAMP_32012,Escherichia coli,Negative
10453,dbAMP_32012,Klebsiella pneumoniae,Negative
10454,dbAMP_32012,Pseudomonas aeruginosa,Negative
10455,dbAMP_32024,Bacillus subtilis,Negative
10456,dbAMP_32024,Escherichia coli,Negative
10457,dbAMP_32024,Micrococcus luteus,Negative
10458,dbAMP_32026,Bacillus subtilis,Negative
10459,dbAMP_32026,Escherichia coli,Negative
10460,dbAMP_32026,Micrococcus luteus,Negative
10461,dbAMP_32029,Bacillus subtilis,Negative
10462,dbAMP_32029,Escherichia coli,Negative
10463,dbAMP_32029,Micrococcus luteus,Negative
10464,dbAMP_32031,Escherichia coli,Negative
10465,dbAMP_32031,Micrococcus luteus,Negative
10466,dbAMP_32032,Bacillus subtilis,Negative
10467,dbAMP_32032,Escherichia coli,Negative
10468,dbAMP_32032,Micrococcus luteus,Negative
10469,dbAMP_32038,Pseudomonas aeruginosa,Negative
10470,dbAMP_32041,Staphylococcus aureus,Negative
10471,dbAMP_32057,Escherichia coli,Negative
10472,dbAMP_32058,Bacillus subtilis,Negative
10473,dbAMP_32058,Enterococcus faecalis,Negative
10474,dbAMP_32058,Escherichia coli,Negative
10475,dbAMP_32058,Staphylococcus aureus,Negative
10476,dbAMP_32059,Bacillus subtilis,Negative
10477,dbAMP_32059,Enterococcus faecalis,Negative
10478,dbAMP_32059,Escherichia coli,Negative
10479,dbAMP_32059,Staphylococcus aureus,Negative
10480,dbAMP_32060,Bacillus subtilis,Negative
10481,dbAMP_32060,Enterococcus faecalis,Negative
10482,dbAMP_32060,Escherichia coli,Negative
10483,dbAMP_32060,Staphylococcus aureus,Negative
10484,dbAMP_32061,Enterococcus faecalis,Negative
10485,dbAMP_32061,Escherichia coli,Negative
10486,dbAMP_32062,Enterococcus faecalis,Negative
10487,dbAMP_32062,Escherichia coli,Negative
10488,dbAMP_32062,Staphylococcus aureus,Negative
10489,dbAMP_32063,Bacillus subtilis,Negative
10490,dbAMP_32063,Enterococcus faecalis,Negative
10491,dbAMP_32063,Escherichia coli,Negative
10492,dbAMP_32063,Staphylococcus aureus,Negative
10493,dbAMP_32065,Bacillus subtilis,Negative
10494,dbAMP_32065,Enterococcus faecalis,Negative
10495,dbAMP_32065,Escherichia coli,Negative
10496,dbAMP_32065,Staphylococcus aureus,Negative
10497,dbAMP_32066,Bacillus subtilis,Negative
10498,dbAMP_32066,Enterococcus faecalis,Negative
10499,dbAMP_32066,Escherichia coli,Negative
10500,dbAMP_32066,Staphylococcus aureus,Negative
10501,dbAMP_32087,Pseudomonas aeruginosa,Negative
10502,dbAMP_32107,Listeria monocytogenes,Negative
10503,dbAMP_32111,Escherichia coli,Negative
10504,dbAMP_32111,Staphylococcus aureus,Negative
10505,dbAMP_32112,Escherichia coli,Negative
10506,dbAMP_32112,Staphylococcus aureus,Negative
10507,dbAMP_32114,Escherichia coli,Negative
10508,dbAMP_32114,Staphylococcus aureus,Negative
10509,dbAMP_32115,Escherichia coli,Negative
10510,dbAMP_32115,Staphylococcus aureus,Negative
10511,dbAMP_32116,Escherichia coli,Negative
10512,dbAMP_32116,Staphylococcus aureus,Negative
10513,dbAMP_32166,Candida albicans,Negative
10514,dbAMP_32166,Escherichia coli,Negative
10515,dbAMP_32166,Staphylococcus aureus,Negative
10516,dbAMP_32167,Candida albicans,Negative
10517,dbAMP_32167,Escherichia coli,Negative
10518,dbAMP_32167,Staphylococcus aureus,Negative
10519,dbAMP_32209,Escherichia coli,Negative
10520,dbAMP_32210,Escherichia coli,Negative
10521,dbAMP_32210,Staphylococcus aureus,Negative
10522,dbAMP_32226,Staphylococcus aureus,Negative
10523,dbAMP_32226,Staphylococcus epidermidis,Negative
10524,dbAMP_32275,Candida albicans,Negative
10525,dbAMP_32275,Staphylococcus aureus,Negative
10526,dbAMP_32276,Candida albicans,Negative
10527,dbAMP_32276,Staphylococcus aureus,Negative
10528,dbAMP_32277,Candida albicans,Negative
10529,dbAMP_32277,Escherichia coli,Negative
10530,dbAMP_32277,Staphylococcus aureus,Negative
10531,dbAMP_32280,Salmonella enterica,Negative
10532,dbAMP_32280,Staphylococcus aureus,Negative
10533,dbAMP_32281,Staphylococcus aureus,Negative
10534,dbAMP_32288,Staphylococcus aureus,Negative
10535,dbAMP_32332,Candida albicans,Negative
10536,dbAMP_32332,Escherichia coli,Negative
10537,dbAMP_32332,Staphylococcus aureus,Negative
10538,dbAMP_32333,Escherichia coli,Negative
10539,dbAMP_32333,Staphylococcus aureus,Negative
10540,dbAMP_32363,Escherichia coli,Negative
10541,dbAMP_32365,Bacillus subtilis,Negative
10542,dbAMP_32365,Escherichia coli,Negative
10543,dbAMP_32366,Escherichia coli,Negative
10544,dbAMP_32366,Klebsiella pneumoniae,Negative
10545,dbAMP_32366,Pseudomonas aeruginosa,Negative
10546,dbAMP_32366,Staphylococcus aureus,Negative
10547,dbAMP_32381,Escherichia coli,Negative
10548,dbAMP_32381,Salmonella enterica,Negative
10549,dbAMP_32419,Candida albicans,Negative
10550,dbAMP_32420,Klebsiella pneumoniae,Negative
10551,dbAMP_32420,Staphylococcus aureus,Negative
10552,dbAMP_32425,Escherichia coli,Negative
10553,dbAMP_32426,Bacillus subtilis,Negative
10554,dbAMP_32426,Enterococcus faecalis,Negative
10555,dbAMP_32426,Escherichia coli,Negative
10556,dbAMP_32426,Staphylococcus aureus,Negative
10557,dbAMP_32451,Candida parapsilosis,Negative
10558,dbAMP_32477,Escherichia coli,Negative
10559,dbAMP_32477,Staphylococcus aureus,Negative
10560,dbAMP_32480,Escherichia coli,Negative
10561,dbAMP_32480,Pseudomonas aeruginosa,Negative
10562,dbAMP_32480,Staphylococcus aureus,Negative
10563,dbAMP_32513,Escherichia coli,Negative
10564,dbAMP_32513,Pseudomonas aeruginosa,Negative
10565,dbAMP_32604,Pseudomonas aeruginosa,Negative
10566,dbAMP_32604,Staphylococcus epidermidis,Negative
10567,dbAMP_32621,Escherichia coli,Negative
10568,dbAMP_32632,Escherichia coli,Negative
10569,dbAMP_32632,Staphylococcus aureus,Negative
10570,dbAMP_32639,Escherichia coli,Negative
10571,dbAMP_32639,Pseudomonas aeruginosa,Negative
10572,dbAMP_32661,Bacillus subtilis,Negative
10573,dbAMP_32661,Escherichia coli,Negative
10574,dbAMP_32661,Pseudomonas aeruginosa,Negative
10575,dbAMP_32661,Salmonella enterica,Negative
10576,dbAMP_32662,Candida albicans,Negative
10577,dbAMP_32663,Candida albicans,Negative
10578,dbAMP_32819,Pseudomonas aeruginosa,Negative
10579,dbAMP_32870,Escherichia coli,Negative
10580,dbAMP_32870,Pseudomonas aeruginosa,Negative
10581,dbAMP_32870,Staphylococcus aureus,Negative
10582,dbAMP_32884,Escherichia coli,Negative
10583,dbAMP_32885,Candida parapsilosis,Negative
10584,dbAMP_32887,Escherichia coli,Negative
10585,dbAMP_32887,Pseudomonas aeruginosa,Negative
10586,dbAMP_32890,Enterococcus faecalis,Negative
10587,dbAMP_32890,Escherichia coli,Negative
10588,dbAMP_32890,Klebsiella pneumoniae,Negative
10589,dbAMP_32890,Pseudomonas aeruginosa,Negative
10590,dbAMP_32892,Candida albicans,Negative
10591,dbAMP_32892,Escherichia coli,Negative
10592,dbAMP_32892,Staphylococcus aureus,Negative
10593,dbAMP_32910,Bacillus subtilis,Negative
10594,dbAMP_32910,Escherichia coli,Negative
10595,dbAMP_32913,Bacillus subtilis,Negative
10596,dbAMP_32913,Escherichia coli,Negative
10597,dbAMP_32917,Bacillus subtilis,Negative
10598,dbAMP_32917,Escherichia coli,Negative
10599,dbAMP_32920,Bacillus subtilis,Negative
10600,dbAMP_32920,Escherichia coli,Negative
10601,dbAMP_32921,Bacillus subtilis,Negative
10602,dbAMP_32921,Escherichia coli,Negative
10603,dbAMP_32922,Bacillus subtilis,Negative
10604,dbAMP_32922,Escherichia coli,Negative
10605,dbAMP_32925,Bacillus subtilis,Negative
10606,dbAMP_32925,Escherichia coli,Negative
10607,dbAMP_32927,Bacillus cereus,Negative
10608,dbAMP_32927,Escherichia coli,Negative
10609,dbAMP_32927,Listeria monocytogenes,Negative
10610,dbAMP_32927,Salmonella enterica,Negative
10611,dbAMP_32927,Staphylococcus aureus,Negative
10612,dbAMP_32928,Acinetobacter baumannii,Negative
10613,dbAMP_32928,Bacillus cereus,Negative
10614,dbAMP_32928,Enterobacter cloacae,Negative
10615,dbAMP_32928,Enterococcus faecium,Negative
10616,dbAMP_32928,Escherichia coli,Negative
10617,dbAMP_32928,Klebsiella pneumoniae,Negative
10618,dbAMP_32928,Listeria monocytogenes,Negative
10619,dbAMP_32928,Pseudomonas aeruginosa,Negative
10620,dbAMP_32928,Salmonella enterica,Negative
10621,dbAMP_32928,Staphylococcus aureus,Negative
10622,dbAMP_32930,Bacillus subtilis,Negative
10623,dbAMP_32930,Escherichia coli,Negative
10624,dbAMP_32991,Pseudomonas aeruginosa,Negative
10625,dbAMP_32992,Escherichia coli,Negative
10626,dbAMP_32992,Pseudomonas aeruginosa,Negative
10627,dbAMP_32993,Candida albicans,Negative
10628,dbAMP_32993,Escherichia coli,Negative
10629,dbAMP_32993,Pseudomonas aeruginosa,Negative
10630,dbAMP_32993,Staphylococcus aureus,Negative
10631,dbAMP_32994,Candida albicans,Negative
10632,dbAMP_32994,Escherichia coli,Negative
10633,dbAMP_32994,Pseudomonas aeruginosa,Negative
10634,dbAMP_32994,Staphylococcus aureus,Negative
10635,dbAMP_32995,Candida albicans,Negative
10636,dbAMP_32995,Escherichia coli,Negative
10637,dbAMP_32995,Pseudomonas aeruginosa,Negative
10638,dbAMP_32995,Staphylococcus aureus,Negative
10639,dbAMP_32996,Candida albicans,Negative
10640,dbAMP_32996,Escherichia coli,Negative
10641,dbAMP_32996,Pseudomonas aeruginosa,Negative
10642,dbAMP_32997,Staphylococcus aureus,Negative
10643,dbAMP_33002,Staphylococcus aureus,Negative
10644,dbAMP_33003,Staphylococcus aureus,Negative
10645,dbAMP_33004,Staphylococcus aureus,Negative
10646,dbAMP_33013,Acinetobacter baumannii,Negative
10647,dbAMP_33013,Pseudomonas aeruginosa,Negative
10648,dbAMP_33013,Staphylococcus aureus,Negative
10649,dbAMP_33015,Acinetobacter baumannii,Negative
10650,dbAMP_33015,Escherichia coli,Negative
10651,dbAMP_33015,Klebsiella pneumoniae,Negative
10652,dbAMP_33015,Staphylococcus aureus,Negative
10653,dbAMP_33015,Staphylococcus epidermidis,Negative
10654,dbAMP_33016,Klebsiella pneumoniae,Negative
10655,dbAMP_33023,Acinetobacter baumannii,Negative
10656,dbAMP_33023,Escherichia coli,Negative
10657,dbAMP_33023,Klebsiella pneumoniae,Negative
10658,dbAMP_33030,Acinetobacter baumannii,Negative
10659,dbAMP_33030,Escherichia coli,Negative
10660,dbAMP_33030,Klebsiella pneumoniae,Negative
10661,dbAMP_33030,Pseudomonas aeruginosa,Negative
10662,dbAMP_33030,Staphylococcus aureus,Negative
10663,dbAMP_33031,Acinetobacter baumannii,Negative
10664,dbAMP_33031,Klebsiella pneumoniae,Negative
10665,dbAMP_33098,Acinetobacter baumannii,Negative
10666,dbAMP_33098,Klebsiella pneumoniae,Negative
10667,dbAMP_33098,Pseudomonas aeruginosa,Negative
10668,dbAMP_33103,Pseudomonas aeruginosa,Negative
10669,dbAMP_33104,Pseudomonas aeruginosa,Negative
10670,dbAMP_33107,Acinetobacter baumannii,Negative
10671,dbAMP_33107,Klebsiella pneumoniae,Negative
10672,dbAMP_33107,Pseudomonas aeruginosa,Negative
10673,dbAMP_33113,Acinetobacter baumannii,Negative
10674,dbAMP_33113,Klebsiella pneumoniae,Negative
10675,dbAMP_33113,Pseudomonas aeruginosa,Negative
10676,dbAMP_33114,Acinetobacter baumannii,Negative
10677,dbAMP_33114,Bacillus cereus,Negative
10678,dbAMP_33114,Enterobacter cloacae,Negative
10679,dbAMP_33114,Enterococcus faecalis,Negative
10680,dbAMP_33114,Enterococcus faecium,Negative
10681,dbAMP_33114,Escherichia coli,Negative
10682,dbAMP_33114,Klebsiella pneumoniae,Negative
10683,dbAMP_33114,Pseudomonas aeruginosa,Negative
10684,dbAMP_33114,Staphylococcus aureus,Negative
10685,dbAMP_33115,Enterobacter cloacae,Negative
10686,dbAMP_33115,Klebsiella pneumoniae,Negative
10687,dbAMP_33115,Pseudomonas aeruginosa,Negative
10688,dbAMP_33116,Pseudomonas aeruginosa,Negative
10689,dbAMP_33117,Enterobacter cloacae,Negative
10690,dbAMP_33117,Klebsiella pneumoniae,Negative
10691,dbAMP_33117,Pseudomonas aeruginosa,Negative
10692,dbAMP_33119,Enterobacter cloacae,Negative
10693,dbAMP_33119,Klebsiella pneumoniae,Negative
10694,dbAMP_33119,Pseudomonas aeruginosa,Negative
10695,dbAMP_33120,Enterobacter cloacae,Negative
10696,dbAMP_33120,Escherichia coli,Negative
10697,dbAMP_33120,Klebsiella pneumoniae,Negative
10698,dbAMP_33120,Pseudomonas aeruginosa,Negative
10699,dbAMP_33138,Escherichia coli,Negative
10700,dbAMP_33138,Pseudomonas aeruginosa,Negative
10701,dbAMP_33153,Candida albicans,Negative
10702,dbAMP_33153,Pseudomonas aeruginosa,Negative
10703,dbAMP_33153,Staphylococcus aureus,Negative
10704,dbAMP_33156,Candida albicans,Negative
10705,dbAMP_33156,Pseudomonas aeruginosa,Negative
10706,dbAMP_33156,Staphylococcus aureus,Negative
10707,dbAMP_33157,Candida albicans,Negative
10708,dbAMP_33157,Pseudomonas aeruginosa,Negative
10709,dbAMP_33159,Candida albicans,Negative
10710,dbAMP_33159,Pseudomonas aeruginosa,Negative
10711,dbAMP_33159,Staphylococcus aureus,Negative
10712,dbAMP_33161,Candida albicans,Negative
10713,dbAMP_33161,Pseudomonas aeruginosa,Negative
10714,dbAMP_33162,Candida albicans,Negative
10715,dbAMP_33162,Pseudomonas aeruginosa,Negative
10716,dbAMP_33163,Candida albicans,Negative
10717,dbAMP_33163,Pseudomonas aeruginosa,Negative
10718,dbAMP_33164,Candida albicans,Negative
10719,dbAMP_33164,Pseudomonas aeruginosa,Negative
10720,dbAMP_33164,Staphylococcus aureus,Negative
10721,dbAMP_33165,Candida albicans,Negative
10722,dbAMP_33165,Pseudomonas aeruginosa,Negative
10723,dbAMP_33165,Staphylococcus aureus,Negative
10724,dbAMP_33166,Candida albicans,Negative
10725,dbAMP_33166,Pseudomonas aeruginosa,Negative
10726,dbAMP_33166,Staphylococcus aureus,Negative
10727,dbAMP_33168,Candida albicans,Negative
10728,dbAMP_33168,Pseudomonas aeruginosa,Negative
10729,dbAMP_33168,Staphylococcus aureus,Negative
10730,dbAMP_33169,Candida albicans,Negative
10731,dbAMP_33169,Pseudomonas aeruginosa,Negative
10732,dbAMP_33170,Candida albicans,Negative
10733,dbAMP_33170,Pseudomonas aeruginosa,Negative
10734,dbAMP_33171,Candida albicans,Negative
10735,dbAMP_33171,Pseudomonas aeruginosa,Negative
10736,dbAMP_33171,Staphylococcus aureus,Negative
10737,dbAMP_33172,Candida albicans,Negative
10738,dbAMP_33172,Pseudomonas aeruginosa,Negative
10739,dbAMP_33172,Staphylococcus aureus,Negative
10740,dbAMP_33173,Candida albicans,Negative
10741,dbAMP_33173,Pseudomonas aeruginosa,Negative
10742,dbAMP_33175,Klebsiella pneumoniae,Negative
10743,dbAMP_33175,Pseudomonas aeruginosa,Negative
10744,dbAMP_33177,Candida albicans,Negative
10745,dbAMP_33177,Pseudomonas aeruginosa,Negative
10746,dbAMP_33177,Staphylococcus aureus,Negative
10747,dbAMP_33178,Candida albicans,Negative
10748,dbAMP_33178,Pseudomonas aeruginosa,Negative
10749,dbAMP_33182,Candida albicans,Negative
10750,dbAMP_33182,Pseudomonas aeruginosa,Negative
10751,dbAMP_33184,Candida albicans,Negative
10752,dbAMP_33184,Pseudomonas aeruginosa,Negative
10753,dbAMP_33184,Staphylococcus aureus,Negative
10754,dbAMP_33185,Candida albicans,Negative
10755,dbAMP_33185,Pseudomonas aeruginosa,Negative
10756,dbAMP_33186,Candida albicans,Negative
10757,dbAMP_33186,Pseudomonas aeruginosa,Negative
10758,dbAMP_33186,Staphylococcus aureus,Negative
10759,dbAMP_33189,Candida albicans,Negative
10760,dbAMP_33189,Pseudomonas aeruginosa,Negative
10761,dbAMP_33189,Staphylococcus aureus,Negative
10762,dbAMP_33191,Candida albicans,Negative
10763,dbAMP_33191,Pseudomonas aeruginosa,Negative
10764,dbAMP_33193,Pseudomonas aeruginosa,Negative
10765,dbAMP_33196,Pseudomonas aeruginosa,Negative
10766,dbAMP_33197,Escherichia coli,Negative
10767,dbAMP_33197,Klebsiella pneumoniae,Negative
10768,dbAMP_33197,Pseudomonas aeruginosa,Negative
10769,dbAMP_33197,Staphylococcus aureus,Negative
10770,dbAMP_33200,Candida albicans,Negative
10771,dbAMP_33200,Pseudomonas aeruginosa,Negative
10772,dbAMP_33200,Staphylococcus aureus,Negative
10773,dbAMP_33201,Candida albicans,Negative
10774,dbAMP_33201,Pseudomonas aeruginosa,Negative
10775,dbAMP_33201,Staphylococcus aureus,Negative
10776,dbAMP_33203,Candida albicans,Negative
10777,dbAMP_33203,Pseudomonas aeruginosa,Negative
10778,dbAMP_33203,Staphylococcus aureus,Negative
10779,dbAMP_33204,Candida albicans,Negative
10780,dbAMP_33204,Pseudomonas aeruginosa,Negative
10781,dbAMP_33205,Candida albicans,Negative
10782,dbAMP_33205,Pseudomonas aeruginosa,Negative
10783,dbAMP_33205,Staphylococcus aureus,Negative
10784,dbAMP_33208,Candida albicans,Negative
10785,dbAMP_33208,Pseudomonas aeruginosa,Negative
10786,dbAMP_33208,Staphylococcus aureus,Negative
10787,dbAMP_33211,Candida albicans,Negative
10788,dbAMP_33211,Pseudomonas aeruginosa,Negative
10789,dbAMP_33212,Candida albicans,Negative
10790,dbAMP_33212,Pseudomonas aeruginosa,Negative
10791,dbAMP_33213,Candida albicans,Negative
10792,dbAMP_33213,Pseudomonas aeruginosa,Negative
10793,dbAMP_33214,Pseudomonas aeruginosa,Negative
10794,dbAMP_33215,Candida albicans,Negative
10795,dbAMP_33215,Pseudomonas aeruginosa,Negative
10796,dbAMP_33215,Staphylococcus aureus,Negative
10797,dbAMP_33216,Candida albicans,Negative
10798,dbAMP_33216,Pseudomonas aeruginosa,Negative
10799,dbAMP_33216,Staphylococcus aureus,Negative
10800,dbAMP_33219,Candida albicans,Negative
10801,dbAMP_33219,Pseudomonas aeruginosa,Negative
10802,dbAMP_33223,Candida albicans,Negative
10803,dbAMP_33223,Pseudomonas aeruginosa,Negative
10804,dbAMP_33224,Pseudomonas aeruginosa,Negative
10805,dbAMP_33225,Candida albicans,Negative
10806,dbAMP_33225,Pseudomonas aeruginosa,Negative
10807,dbAMP_33225,Staphylococcus aureus,Negative
10808,dbAMP_33226,Acinetobacter baumannii,Negative
10809,dbAMP_33226,Escherichia coli,Negative
10810,dbAMP_33226,Klebsiella pneumoniae,Negative
10811,dbAMP_33226,Pseudomonas aeruginosa,Negative
10812,dbAMP_33228,Candida albicans,Negative
10813,dbAMP_33228,Pseudomonas aeruginosa,Negative
10814,dbAMP_33229,Candida albicans,Negative
10815,dbAMP_33229,Pseudomonas aeruginosa,Negative
10816,dbAMP_33230,Pseudomonas aeruginosa,Negative
10817,dbAMP_33234,Candida albicans,Negative
10818,dbAMP_33234,Pseudomonas aeruginosa,Negative
10819,dbAMP_33235,Candida albicans,Negative
10820,dbAMP_33235,Pseudomonas aeruginosa,Negative
10821,dbAMP_33235,Staphylococcus aureus,Negative
10822,dbAMP_33236,Pseudomonas aeruginosa,Negative
10823,dbAMP_33239,Candida albicans,Negative
10824,dbAMP_33239,Pseudomonas aeruginosa,Negative
10825,dbAMP_33239,Staphylococcus aureus,Negative
10826,dbAMP_33241,Pseudomonas aeruginosa,Negative
10827,dbAMP_33242,Pseudomonas aeruginosa,Negative
10828,dbAMP_33244,Candida albicans,Negative
10829,dbAMP_33244,Pseudomonas aeruginosa,Negative
10830,dbAMP_33246,Candida albicans,Negative
10831,dbAMP_33246,Pseudomonas aeruginosa,Negative
10832,dbAMP_33246,Staphylococcus aureus,Negative
10833,dbAMP_33247,Candida albicans,Negative
10834,dbAMP_33247,Pseudomonas aeruginosa,Negative
10835,dbAMP_33248,Pseudomonas aeruginosa,Negative
10836,dbAMP_33249,Candida albicans,Negative
10837,dbAMP_33249,Pseudomonas aeruginosa,Negative
10838,dbAMP_33249,Staphylococcus aureus,Negative
10839,dbAMP_33250,Candida albicans,Negative
10840,dbAMP_33250,Pseudomonas aeruginosa,Negative
10841,dbAMP_33250,Staphylococcus aureus,Negative
10842,dbAMP_33251,Candida albicans,Negative
10843,dbAMP_33251,Pseudomonas aeruginosa,Negative
10844,dbAMP_33251,Staphylococcus aureus,Negative
10845,dbAMP_33253,Candida albicans,Negative
10846,dbAMP_33253,Pseudomonas aeruginosa,Negative
10847,dbAMP_33253,Staphylococcus aureus,Negative
10848,dbAMP_33254,Acinetobacter baumannii,Negative
10849,dbAMP_33254,Klebsiella pneumoniae,Negative
10850,dbAMP_33256,Candida albicans,Negative
10851,dbAMP_33256,Pseudomonas aeruginosa,Negative
10852,dbAMP_33256,Staphylococcus aureus,Negative
10853,dbAMP_33257,Candida albicans,Negative
10854,dbAMP_33257,Pseudomonas aeruginosa,Negative
10855,dbAMP_33257,Staphylococcus aureus,Negative
10856,dbAMP_33258,Candida albicans,Negative
10857,dbAMP_33258,Pseudomonas aeruginosa,Negative
10858,dbAMP_33258,Staphylococcus aureus,Negative
10859,dbAMP_33259,Candida albicans,Negative
10860,dbAMP_33259,Pseudomonas aeruginosa,Negative
10861,dbAMP_33262,Pseudomonas aeruginosa,Negative
10862,dbAMP_33263,Candida albicans,Negative
10863,dbAMP_33263,Pseudomonas aeruginosa,Negative
10864,dbAMP_33263,Staphylococcus aureus,Negative
10865,dbAMP_33265,Candida albicans,Negative
10866,dbAMP_33265,Pseudomonas aeruginosa,Negative
10867,dbAMP_33267,Candida albicans,Negative
10868,dbAMP_33267,Pseudomonas aeruginosa,Negative
10869,dbAMP_33267,Staphylococcus aureus,Negative
10870,dbAMP_33268,Candida albicans,Negative
10871,dbAMP_33270,Candida albicans,Negative
10872,dbAMP_33270,Pseudomonas aeruginosa,Negative
10873,dbAMP_33270,Staphylococcus aureus,Negative
10874,dbAMP_33273,Candida albicans,Negative
10875,dbAMP_33273,Pseudomonas aeruginosa,Negative
10876,dbAMP_33276,Candida albicans,Negative
10877,dbAMP_33276,Pseudomonas aeruginosa,Negative
10878,dbAMP_33277,Candida albicans,Negative
10879,dbAMP_33277,Pseudomonas aeruginosa,Negative
10880,dbAMP_33277,Staphylococcus aureus,Negative
10881,dbAMP_33278,Candida albicans,Negative
10882,dbAMP_33278,Pseudomonas aeruginosa,Negative
10883,dbAMP_33278,Staphylococcus aureus,Negative
10884,dbAMP_33279,Pseudomonas aeruginosa,Negative
10885,dbAMP_33280,Pseudomonas aeruginosa,Negative
10886,dbAMP_33281,Candida albicans,Negative
10887,dbAMP_33281,Pseudomonas aeruginosa,Negative
10888,dbAMP_33282,Candida albicans,Negative
10889,dbAMP_33282,Pseudomonas aeruginosa,Negative
10890,dbAMP_33284,Candida albicans,Negative
10891,dbAMP_33284,Pseudomonas aeruginosa,Negative
10892,dbAMP_33284,Staphylococcus aureus,Negative
10893,dbAMP_33288,Candida albicans,Negative
10894,dbAMP_33288,Pseudomonas aeruginosa,Negative
10895,dbAMP_33288,Staphylococcus aureus,Negative
10896,dbAMP_33290,Candida albicans,Negative
10897,dbAMP_33290,Pseudomonas aeruginosa,Negative
10898,dbAMP_33291,Pseudomonas aeruginosa,Negative
10899,dbAMP_33292,Candida albicans,Negative
10900,dbAMP_33292,Pseudomonas aeruginosa,Negative
10901,dbAMP_33293,Candida albicans,Negative
10902,dbAMP_33293,Pseudomonas aeruginosa,Negative
10903,dbAMP_33295,Candida albicans,Negative
10904,dbAMP_33295,Pseudomonas aeruginosa,Negative
10905,dbAMP_33295,Staphylococcus aureus,Negative
10906,dbAMP_33298,Candida albicans,Negative
10907,dbAMP_33298,Pseudomonas aeruginosa,Negative
10908,dbAMP_33298,Staphylococcus aureus,Negative
10909,dbAMP_33299,Candida albicans,Negative
10910,dbAMP_33299,Pseudomonas aeruginosa,Negative
10911,dbAMP_33301,Klebsiella pneumoniae,Negative
10912,dbAMP_33302,Pseudomonas aeruginosa,Negative
10913,dbAMP_33303,Pseudomonas aeruginosa,Negative
10914,dbAMP_33304,Candida albicans,Negative
10915,dbAMP_33304,Pseudomonas aeruginosa,Negative
10916,dbAMP_33304,Staphylococcus aureus,Negative
10917,dbAMP_33306,Pseudomonas aeruginosa,Negative
10918,dbAMP_33308,Candida albicans,Negative
10919,dbAMP_33308,Pseudomonas aeruginosa,Negative
10920,dbAMP_33308,Staphylococcus aureus,Negative
10921,dbAMP_33309,Candida albicans,Negative
10922,dbAMP_33309,Pseudomonas aeruginosa,Negative
10923,dbAMP_33309,Staphylococcus aureus,Negative
10924,dbAMP_33311,Candida albicans,Negative
10925,dbAMP_33311,Pseudomonas aeruginosa,Negative
10926,dbAMP_33311,Staphylococcus aureus,Negative
10927,dbAMP_33312,Candida albicans,Negative
10928,dbAMP_33312,Pseudomonas aeruginosa,Negative
10929,dbAMP_33313,Candida albicans,Negative
10930,dbAMP_33313,Pseudomonas aeruginosa,Negative
10931,dbAMP_33314,Candida albicans,Negative
10932,dbAMP_33315,Pseudomonas aeruginosa,Negative
10933,dbAMP_33317,Candida albicans,Negative
10934,dbAMP_33317,Pseudomonas aeruginosa,Negative
10935,dbAMP_33317,Staphylococcus aureus,Negative
10936,dbAMP_33319,Candida albicans,Negative
10937,dbAMP_33319,Pseudomonas aeruginosa,Negative
10938,dbAMP_33321,Pseudomonas aeruginosa,Negative
10939,dbAMP_33323,Candida albicans,Negative
10940,dbAMP_33323,Pseudomonas aeruginosa,Negative
10941,dbAMP_33324,Candida albicans,Negative
10942,dbAMP_33324,Pseudomonas aeruginosa,Negative
10943,dbAMP_33324,Staphylococcus aureus,Negative
10944,dbAMP_33329,Pseudomonas aeruginosa,Negative
10945,dbAMP_33330,Candida albicans,Negative
10946,dbAMP_33330,Pseudomonas aeruginosa,Negative
10947,dbAMP_33334,Pseudomonas aeruginosa,Negative
10948,dbAMP_33335,Candida albicans,Negative
10949,dbAMP_33335,Pseudomonas aeruginosa,Negative
10950,dbAMP_33337,Candida albicans,Negative
10951,dbAMP_33337,Pseudomonas aeruginosa,Negative
10952,dbAMP_33338,Candida albicans,Negative
10953,dbAMP_33338,Pseudomonas aeruginosa,Negative
10954,dbAMP_33338,Staphylococcus aureus,Negative
10955,dbAMP_33339,Candida albicans,Negative
10956,dbAMP_33339,Pseudomonas aeruginosa,Negative
10957,dbAMP_33339,Staphylococcus aureus,Negative
10958,dbAMP_33340,Candida albicans,Negative
10959,dbAMP_33340,Pseudomonas aeruginosa,Negative
10960,dbAMP_33340,Staphylococcus aureus,Negative
10961,dbAMP_33347,Candida albicans,Negative
10962,dbAMP_33347,Pseudomonas aeruginosa,Negative
10963,dbAMP_33351,Candida albicans,Negative
10964,dbAMP_33351,Pseudomonas aeruginosa,Negative
10965,dbAMP_33352,Pseudomonas aeruginosa,Negative
10966,dbAMP_33354,Candida albicans,Negative
10967,dbAMP_33354,Pseudomonas aeruginosa,Negative
10968,dbAMP_33356,Candida albicans,Negative
10969,dbAMP_33356,Pseudomonas aeruginosa,Negative
10970,dbAMP_33356,Staphylococcus aureus,Negative
10971,dbAMP_33358,Candida albicans,Negative
10972,dbAMP_33358,Pseudomonas aeruginosa,Negative
10973,dbAMP_33359,Candida albicans,Negative
10974,dbAMP_33359,Pseudomonas aeruginosa,Negative
10975,dbAMP_33361,Candida albicans,Negative
10976,dbAMP_33361,Pseudomonas aeruginosa,Negative
10977,dbAMP_33361,Staphylococcus aureus,Negative
10978,dbAMP_33362,Candida albicans,Negative
10979,dbAMP_33362,Pseudomonas aeruginosa,Negative
10980,dbAMP_33362,Staphylococcus aureus,Negative
10981,dbAMP_33364,Candida albicans,Negative
10982,dbAMP_33364,Pseudomonas aeruginosa,Negative
10983,dbAMP_33364,Staphylococcus aureus,Negative
10984,dbAMP_33365,Candida albicans,Negative
10985,dbAMP_33365,Pseudomonas aeruginosa,Negative
10986,dbAMP_33365,Staphylococcus aureus,Negative
10987,dbAMP_33366,Candida albicans,Negative
10988,dbAMP_33366,Pseudomonas aeruginosa,Negative
10989,dbAMP_33366,Staphylococcus aureus,Negative
10990,dbAMP_33367,Candida albicans,Negative
10991,dbAMP_33367,Pseudomonas aeruginosa,Negative
10992,dbAMP_33367,Staphylococcus aureus,Negative
10993,dbAMP_33369,Candida albicans,Negative
10994,dbAMP_33369,Enterococcus faecalis,Negative
10995,dbAMP_33369,Escherichia coli,Negative
10996,dbAMP_33369,Klebsiella pneumoniae,Negative
10997,dbAMP_33369,Pseudomonas aeruginosa,Negative
10998,dbAMP_33369,Staphylococcus aureus,Negative
10999,dbAMP_33371,Candida albicans,Negative
11000,dbAMP_33371,Enterococcus faecalis,Negative
11001,dbAMP_33371,Escherichia coli,Negative
11002,dbAMP_33371,Klebsiella pneumoniae,Negative
11003,dbAMP_33371,Pseudomonas aeruginosa,Negative
11004,dbAMP_33371,Staphylococcus aureus,Negative
11005,dbAMP_33373,Candida albicans,Negative
11006,dbAMP_33373,Enterococcus faecalis,Negative
11007,dbAMP_33383,Listeria monocytogenes,Negative
11008,dbAMP_33388,Listeria monocytogenes,Negative
11009,dbAMP_33389,Listeria monocytogenes,Negative
11010,dbAMP_33437,Escherichia coli,Negative
11011,dbAMP_33437,Klebsiella pneumoniae,Negative
11012,dbAMP_33439,Escherichia coli,Negative
11013,dbAMP_33439,Klebsiella pneumoniae,Negative
11014,dbAMP_33440,Escherichia coli,Negative
11015,dbAMP_33440,Klebsiella pneumoniae,Negative
11016,dbAMP_33441,Escherichia coli,Negative
11017,dbAMP_33441,Klebsiella pneumoniae,Negative
11018,dbAMP_33445,Escherichia coli,Negative
11019,dbAMP_33589,Bacillus cereus,Negative
11020,dbAMP_33589,Escherichia coli,Negative
11021,dbAMP_33589,Klebsiella pneumoniae,Negative
11022,dbAMP_33589,Listeria monocytogenes,Negative
11023,dbAMP_33589,Pseudomonas aeruginosa,Negative
11024,dbAMP_33591,Klebsiella pneumoniae,Negative
11025,dbAMP_33591,Pseudomonas aeruginosa,Negative
11026,dbAMP_33595,Escherichia coli,Negative
11027,dbAMP_33601,Bacillus subtilis,Negative
11028,dbAMP_33601,Escherichia coli,Negative
11029,dbAMP_33603,Bacillus subtilis,Negative
11030,dbAMP_33603,Escherichia coli,Negative
11031,dbAMP_33605,Escherichia coli,Negative
11032,dbAMP_33610,Escherichia coli,Negative
11033,dbAMP_33618,Candida albicans,Negative
11034,dbAMP_33619,Escherichia coli,Negative
11035,dbAMP_33630,Bacillus subtilis,Negative
11036,dbAMP_33630,Escherichia coli,Negative
11037,dbAMP_33630,Staphylococcus aureus,Negative
11038,dbAMP_33631,Escherichia coli,Negative
11039,dbAMP_33631,Staphylococcus aureus,Negative
11040,dbAMP_33632,Escherichia coli,Negative
11041,dbAMP_33632,Staphylococcus aureus,Negative
11042,dbAMP_33677,Acinetobacter baumannii,Negative
11043,dbAMP_33677,Bacillus subtilis,Negative
11044,dbAMP_33677,Enterococcus faecalis,Negative
11045,dbAMP_33677,Escherichia coli,Negative
11046,dbAMP_33677,Klebsiella pneumoniae,Negative
11047,dbAMP_33677,Pseudomonas aeruginosa,Negative
11048,dbAMP_33677,Staphylococcus aureus,Negative
11049,dbAMP_33677,Staphylococcus epidermidis,Negative
11050,dbAMP_33678,Acinetobacter baumannii,Negative
11051,dbAMP_33678,Bacillus subtilis,Negative
11052,dbAMP_33678,Enterococcus faecalis,Negative
11053,dbAMP_33678,Escherichia coli,Negative
11054,dbAMP_33678,Klebsiella pneumoniae,Negative
11055,dbAMP_33678,Pseudomonas aeruginosa,Negative
11056,dbAMP_33678,Staphylococcus aureus,Negative
11057,dbAMP_33678,Staphylococcus epidermidis,Negative
11058,dbAMP_33679,Acinetobacter baumannii,Negative
11059,dbAMP_33679,Bacillus subtilis,Negative
11060,dbAMP_33679,Enterococcus faecalis,Negative
11061,dbAMP_33679,Escherichia coli,Negative
11062,dbAMP_33679,Klebsiella pneumoniae,Negative
11063,dbAMP_33679,Pseudomonas aeruginosa,Negative
11064,dbAMP_33679,Staphylococcus aureus,Negative
11065,dbAMP_33679,Staphylococcus epidermidis,Negative
11066,dbAMP_33681,Acinetobacter baumannii,Negative
11067,dbAMP_33681,Enterococcus faecalis,Negative
11068,dbAMP_33681,Escherichia coli,Negative
11069,dbAMP_33681,Klebsiella pneumoniae,Negative
11070,dbAMP_33681,Pseudomonas aeruginosa,Negative
11071,dbAMP_33681,Staphylococcus aureus,Negative
11072,dbAMP_33681,Staphylococcus epidermidis,Negative
11073,dbAMP_33682,Acinetobacter baumannii,Negative
11074,dbAMP_33682,Enterococcus faecalis,Negative
11075,dbAMP_33682,Escherichia coli,Negative
11076,dbAMP_33682,Klebsiella pneumoniae,Negative
11077,dbAMP_33682,Staphylococcus aureus,Negative
11078,dbAMP_33683,Acinetobacter baumannii,Negative
11079,dbAMP_33683,Enterococcus faecalis,Negative
11080,dbAMP_33685,Acinetobacter baumannii,Negative
11081,dbAMP_33685,Bacillus subtilis,Negative
11082,dbAMP_33685,Enterococcus faecalis,Negative
11083,dbAMP_33685,Escherichia coli,Negative
11084,dbAMP_33685,Klebsiella pneumoniae,Negative
11085,dbAMP_33685,Staphylococcus aureus,Negative
11086,dbAMP_33686,Acinetobacter baumannii,Negative
11087,dbAMP_33686,Bacillus subtilis,Negative
11088,dbAMP_33686,Enterococcus faecalis,Negative
11089,dbAMP_33686,Escherichia coli,Negative
11090,dbAMP_33686,Klebsiella pneumoniae,Negative
11091,dbAMP_33686,Staphylococcus aureus,Negative
11092,dbAMP_33688,Enterococcus faecalis,Negative
11093,dbAMP_33691,Acinetobacter baumannii,Negative
11094,dbAMP_33691,Enterococcus faecalis,Negative
11095,dbAMP_33691,Staphylococcus epidermidis,Negative
11096,dbAMP_33694,Acinetobacter baumannii,Negative
11097,dbAMP_33694,Enterococcus faecalis,Negative
11098,dbAMP_33694,Staphylococcus epidermidis,Negative
11099,dbAMP_33711,Salmonella enterica,Negative
11100,dbAMP_33714,Escherichia coli,Negative
11101,dbAMP_33714,Listeria monocytogenes,Negative
11102,dbAMP_33714,Salmonella enterica,Negative
11103,dbAMP_33715,Escherichia coli,Negative
11104,dbAMP_33716,Staphylococcus aureus,Negative
11105,dbAMP_33720,Enterococcus faecalis,Negative
11106,dbAMP_33720,Pseudomonas aeruginosa,Negative
11107,dbAMP_33728,Pseudomonas aeruginosa,Negative
11108,dbAMP_33781,Pseudomonas aeruginosa,Negative
11109,dbAMP_33781,Salmonella enterica,Negative
11110,dbAMP_33782,Escherichia coli,Negative
11111,dbAMP_33782,Klebsiella pneumoniae,Negative
11112,dbAMP_33782,Micrococcus luteus,Negative
11113,dbAMP_33782,Pseudomonas aeruginosa,Negative
11114,dbAMP_33782,Salmonella enterica,Negative
11115,dbAMP_33783,Pseudomonas aeruginosa,Negative
11116,dbAMP_33783,Salmonella enterica,Negative
11117,dbAMP_33795,Staphylococcus aureus,Negative
11118,dbAMP_33797,Escherichia coli,Negative
11119,dbAMP_33797,Pseudomonas aeruginosa,Negative
11120,dbAMP_33797,Staphylococcus aureus,Negative
11121,dbAMP_33820,Acinetobacter baumannii,Negative
11122,dbAMP_33820,Escherichia coli,Negative
11123,dbAMP_33820,Pseudomonas aeruginosa,Negative
11124,dbAMP_33820,Staphylococcus aureus,Negative
11125,dbAMP_33925,Pseudomonas aeruginosa,Negative
11126,dbAMP_33943,Enterococcus faecium,Negative
11127,dbAMP_33943,Escherichia coli,Negative
11128,dbAMP_33943,Klebsiella pneumoniae,Negative
11129,dbAMP_33943,Pseudomonas aeruginosa,Negative
11130,dbAMP_33943,Staphylococcus aureus,Negative
11131,dbAMP_33950,Escherichia coli,Negative
11132,dbAMP_33958,Klebsiella pneumoniae,Negative
11133,dbAMP_33963,Cryptococcus neoformans,Negative
11134,dbAMP_33964,Cryptococcus neoformans,Negative
11135,dbAMP_33965,Cryptococcus neoformans,Negative
11136,dbAMP_33966,Cryptococcus neoformans,Negative
11137,dbAMP_33968,Pseudomonas aeruginosa,Negative
11138,dbAMP_33968,Staphylococcus aureus,Negative
11139,dbAMP_33970,Pseudomonas aeruginosa,Negative
11140,dbAMP_33970,Staphylococcus aureus,Negative
11141,dbAMP_33971,Pseudomonas aeruginosa,Negative
11142,dbAMP_33971,Staphylococcus aureus,Negative
11143,dbAMP_33972,Pseudomonas aeruginosa,Negative
11144,dbAMP_33972,Staphylococcus aureus,Negative
11145,dbAMP_33993,Pseudomonas aeruginosa,Negative
11146,dbAMP_34003,Escherichia coli,Negative
11147,dbAMP_34042,Escherichia coli,Negative
11148,dbAMP_34042,Salmonella enterica,Negative
11149,dbAMP_34042,Staphylococcus aureus,Negative
11150,dbAMP_34042,Staphylococcus epidermidis,Negative
11151,dbAMP_34043,Salmonella enterica,Negative
11152,dbAMP_34043,Staphylococcus aureus,Negative
11153,dbAMP_34043,Staphylococcus epidermidis,Negative
11154,dbAMP_34104,Escherichia coli,Negative
11155,dbAMP_34105,Escherichia coli,Negative
11156,dbAMP_34129,Staphylococcus aureus,Negative
11157,dbAMP_34162,Escherichia coli,Negative
11158,dbAMP_34162,Staphylococcus aureus,Negative
11159,dbAMP_34163,Escherichia coli,Negative
11160,dbAMP_34163,Staphylococcus aureus,Negative
11161,dbAMP_34164,Escherichia coli,Negative
11162,dbAMP_34164,Staphylococcus aureus,Negative
11163,dbAMP_34165,Escherichia coli,Negative
11164,dbAMP_34165,Staphylococcus aureus,Negative
11165,dbAMP_34166,Escherichia coli,Negative
11166,dbAMP_34166,Staphylococcus aureus,Negative
11167,dbAMP_34168,Bacillus cereus,Negative
11168,dbAMP_34168,Bacillus subtilis,Negative
11169,dbAMP_34168,Escherichia coli,Negative
11170,dbAMP_34168,Listeria monocytogenes,Negative
11171,dbAMP_34168,Salmonella enterica,Negative
11172,dbAMP_34168,Staphylococcus aureus,Negative
11173,dbAMP_34173,Candida albicans,Negative
11174,dbAMP_34207,Staphylococcus aureus,Negative
11175,dbAMP_34210,Escherichia coli,Negative
11176,dbAMP_34210,Staphylococcus aureus,Negative
11177,dbAMP_34214,Escherichia coli,Negative
11178,dbAMP_34214,Staphylococcus aureus,Negative
11179,dbAMP_34215,Staphylococcus aureus,Negative
11180,dbAMP_34216,Escherichia coli,Negative
11181,dbAMP_34216,Staphylococcus aureus,Negative
11182,dbAMP_34217,Escherichia coli,Negative
11183,dbAMP_34217,Staphylococcus aureus,Negative
11184,dbAMP_34218,Escherichia coli,Negative
11185,dbAMP_34218,Staphylococcus aureus,Negative
11186,dbAMP_34221,Staphylococcus aureus,Negative
11187,dbAMP_34223,Staphylococcus aureus,Negative
11188,dbAMP_34224,Escherichia coli,Negative
11189,dbAMP_34224,Staphylococcus aureus,Negative
11190,dbAMP_34225,Escherichia coli,Negative
11191,dbAMP_34225,Staphylococcus aureus,Negative
11192,dbAMP_34226,Escherichia coli,Negative
11193,dbAMP_34226,Staphylococcus aureus,Negative
11194,dbAMP_34228,Escherichia coli,Negative
11195,dbAMP_34228,Staphylococcus aureus,Negative
11196,dbAMP_34229,Escherichia coli,Negative
11197,dbAMP_34229,Staphylococcus aureus,Negative
11198,dbAMP_34230,Staphylococcus aureus,Negative
11199,dbAMP_34232,Staphylococcus aureus,Negative
11200,dbAMP_34244,Escherichia coli,Negative
11201,dbAMP_34245,Escherichia coli,Negative
11202,dbAMP_34255,Escherichia coli,Negative
11203,dbAMP_34255,Staphylococcus aureus,Negative
11204,dbAMP_34256,Escherichia coli,Negative
11205,dbAMP_34256,Staphylococcus aureus,Negative
11206,dbAMP_34257,Escherichia coli,Negative
11207,dbAMP_34257,Staphylococcus aureus,Negative
11208,dbAMP_34261,Escherichia coli,Negative
11209,dbAMP_34261,Staphylococcus aureus,Negative
11210,dbAMP_34262,Escherichia coli,Negative
11211,dbAMP_34262,Staphylococcus aureus,Negative
11212,dbAMP_34263,Escherichia coli,Negative
11213,dbAMP_34263,Staphylococcus aureus,Negative
11214,dbAMP_34264,Escherichia coli,Negative
11215,dbAMP_34264,Staphylococcus aureus,Negative
11216,dbAMP_34265,Escherichia coli,Negative
11217,dbAMP_34265,Staphylococcus aureus,Negative
11218,dbAMP_34266,Escherichia coli,Negative
11219,dbAMP_34266,Staphylococcus aureus,Negative
11220,dbAMP_34267,Escherichia coli,Negative
11221,dbAMP_34267,Staphylococcus aureus,Negative
11222,dbAMP_34268,Escherichia coli,Negative
11223,dbAMP_34268,Staphylococcus aureus,Negative
11224,dbAMP_34270,Escherichia coli,Negative
11225,dbAMP_34270,Staphylococcus aureus,Negative
11226,dbAMP_34271,Escherichia coli,Negative
11227,dbAMP_34271,Staphylococcus aureus,Negative
11228,dbAMP_34272,Escherichia coli,Negative
11229,dbAMP_34272,Staphylococcus aureus,Negative
11230,dbAMP_34273,Escherichia coli,Negative
11231,dbAMP_34273,Staphylococcus aureus,Negative
11232,dbAMP_34274,Escherichia coli,Negative
11233,dbAMP_34274,Staphylococcus aureus,Negative
11234,dbAMP_34275,Escherichia coli,Negative
11235,dbAMP_34275,Staphylococcus aureus,Negative
11236,dbAMP_34277,Escherichia coli,Negative
11237,dbAMP_34277,Staphylococcus aureus,Negative
11238,dbAMP_34278,Staphylococcus aureus,Negative
11239,dbAMP_34279,Escherichia coli,Negative
11240,dbAMP_34279,Staphylococcus aureus,Negative
11241,dbAMP_34283,Escherichia coli,Negative
11242,dbAMP_34283,Staphylococcus aureus,Negative
11243,dbAMP_34287,Escherichia coli,Negative
11244,dbAMP_34287,Staphylococcus aureus,Negative
11245,dbAMP_34288,Escherichia coli,Negative
11246,dbAMP_34288,Staphylococcus aureus,Negative
11247,dbAMP_34289,Escherichia coli,Negative
11248,dbAMP_34289,Staphylococcus aureus,Negative
11249,dbAMP_34292,Escherichia coli,Negative
11250,dbAMP_34292,Staphylococcus aureus,Negative
11251,dbAMP_34293,Escherichia coli,Negative
11252,dbAMP_34293,Staphylococcus aureus,Negative
11253,dbAMP_34301,Escherichia coli,Negative
11254,dbAMP_34312,Escherichia coli,Negative
11255,dbAMP_34312,Staphylococcus aureus,Negative
11256,dbAMP_34313,Escherichia coli,Negative
11257,dbAMP_34313,Staphylococcus aureus,Negative
11258,dbAMP_34316,Escherichia coli,Negative
11259,dbAMP_34316,Staphylococcus aureus,Negative
11260,dbAMP_34318,Escherichia coli,Negative
11261,dbAMP_34318,Staphylococcus aureus,Negative
11262,dbAMP_34319,Escherichia coli,Negative
11263,dbAMP_34319,Staphylococcus aureus,Negative
11264,dbAMP_34320,Escherichia coli,Negative
11265,dbAMP_34320,Staphylococcus aureus,Negative
11266,dbAMP_34325,Staphylococcus aureus,Negative
11267,dbAMP_34327,Staphylococcus aureus,Negative
11268,dbAMP_34332,Escherichia coli,Negative
11269,dbAMP_34332,Staphylococcus aureus,Negative
11270,dbAMP_34333,Staphylococcus aureus,Negative
11271,dbAMP_34336,Escherichia coli,Negative
11272,dbAMP_34336,Staphylococcus aureus,Negative
11273,dbAMP_34337,Escherichia coli,Negative
11274,dbAMP_34337,Staphylococcus aureus,Negative
11275,dbAMP_34338,Escherichia coli,Negative
11276,dbAMP_34338,Staphylococcus aureus,Negative
11277,dbAMP_34339,Staphylococcus aureus,Negative
11278,dbAMP_34342,Escherichia coli,Negative
11279,dbAMP_34342,Staphylococcus aureus,Negative
11280,dbAMP_34343,Staphylococcus aureus,Negative
11281,dbAMP_34344,Escherichia coli,Negative
11282,dbAMP_34344,Staphylococcus aureus,Negative
11283,dbAMP_34345,Escherichia coli,Negative
11284,dbAMP_34345,Staphylococcus aureus,Negative
11285,dbAMP_34346,Escherichia coli,Negative
11286,dbAMP_34347,Escherichia coli,Negative
11287,dbAMP_34347,Staphylococcus aureus,Negative
11288,dbAMP_34348,Escherichia coli,Negative
11289,dbAMP_34348,Staphylococcus aureus,Negative
11290,dbAMP_34349,Escherichia coli,Negative
11291,dbAMP_34349,Staphylococcus aureus,Negative
11292,dbAMP_34351,Escherichia coli,Negative
11293,dbAMP_34351,Staphylococcus aureus,Negative
11294,dbAMP_34352,Escherichia coli,Negative
11295,dbAMP_34352,Staphylococcus aureus,Negative
11296,dbAMP_34353,Escherichia coli,Negative
11297,dbAMP_34353,Staphylococcus aureus,Negative
11298,dbAMP_34354,Escherichia coli,Negative
11299,dbAMP_34354,Staphylococcus aureus,Negative
11300,dbAMP_34355,Escherichia coli,Negative
11301,dbAMP_34355,Staphylococcus aureus,Negative
11302,dbAMP_34356,Escherichia coli,Negative
11303,dbAMP_34356,Staphylococcus aureus,Negative
11304,dbAMP_34359,Escherichia coli,Negative
11305,dbAMP_34359,Staphylococcus aureus,Negative
11306,dbAMP_34360,Escherichia coli,Negative
11307,dbAMP_34360,Staphylococcus aureus,Negative
11308,dbAMP_34361,Staphylococcus aureus,Negative
11309,dbAMP_34362,Escherichia coli,Negative
11310,dbAMP_34363,Escherichia coli,Negative
11311,dbAMP_34363,Staphylococcus aureus,Negative
11312,dbAMP_34364,Escherichia coli,Negative
11313,dbAMP_34364,Staphylococcus aureus,Negative
11314,dbAMP_34365,Escherichia coli,Negative
11315,dbAMP_34365,Staphylococcus aureus,Negative
11316,dbAMP_34366,Staphylococcus aureus,Negative
11317,dbAMP_34367,Escherichia coli,Negative
11318,dbAMP_34367,Staphylococcus aureus,Negative
11319,dbAMP_34369,Escherichia coli,Negative
11320,dbAMP_34370,Escherichia coli,Negative
11321,dbAMP_34370,Staphylococcus aureus,Negative
11322,dbAMP_34371,Staphylococcus aureus,Negative
11323,dbAMP_34373,Escherichia coli,Negative
11324,dbAMP_34373,Staphylococcus aureus,Negative
11325,dbAMP_34374,Escherichia coli,Negative
11326,dbAMP_34374,Staphylococcus aureus,Negative
11327,dbAMP_34375,Escherichia coli,Negative
11328,dbAMP_34375,Staphylococcus aureus,Negative
11329,dbAMP_34376,Escherichia coli,Negative
11330,dbAMP_34376,Staphylococcus aureus,Negative
11331,dbAMP_34379,Escherichia coli,Negative
11332,dbAMP_34379,Staphylococcus aureus,Negative
11333,dbAMP_34380,Escherichia coli,Negative
11334,dbAMP_34380,Staphylococcus aureus,Negative
11335,dbAMP_34381,Staphylococcus aureus,Negative
11336,dbAMP_34382,Escherichia coli,Negative
11337,dbAMP_34383,Escherichia coli,Negative
11338,dbAMP_34383,Staphylococcus aureus,Negative
11339,dbAMP_34384,Escherichia coli,Negative
11340,dbAMP_34384,Staphylococcus aureus,Negative
11341,dbAMP_34385,Escherichia coli,Negative
11342,dbAMP_34385,Staphylococcus aureus,Negative
11343,dbAMP_34387,Escherichia coli,Negative
11344,dbAMP_34387,Staphylococcus aureus,Negative
11345,dbAMP_34391,Candida albicans,Negative
11346,dbAMP_34391,Candida parapsilosis,Negative
11347,dbAMP_34392,Candida albicans,Negative
11348,dbAMP_34392,Candida parapsilosis,Negative
11349,dbAMP_34393,Candida albicans,Negative
11350,dbAMP_34393,Candida parapsilosis,Negative
11351,dbAMP_34394,Candida albicans,Negative
11352,dbAMP_34396,Candida albicans,Negative
11353,dbAMP_34397,Candida albicans,Negative
11354,dbAMP_34398,Candida albicans,Negative
11355,dbAMP_34401,Candida albicans,Negative
11356,dbAMP_34403,Candida albicans,Negative
11357,dbAMP_34404,Candida albicans,Negative
