,ID,Pathogens,Link
0,dbAMP_11933,Escherichia coli,Positive
1,dbAMP_02166,Staphylococcus aureus,Positive
2,dbAMP_14788,Staphylococcus aureus,Positive
3,dbAMP_16004,Escherichia coli,Positive
4,dbAMP_23161,Staphylococcus aureus,Positive
5,DRAMP01305,Pseudomonas aeruginosa,Positive
6,dbAMP_00235,Pseudomonas aeruginosa,Positive
7,20279.0,Staphylococcus aureus,Positive
8,dbAMP_03271,Bacillus cereus,Positive
9,dbAMP_33008,Staphylococcus aureus,Positive
10,dbAMP_21310,Pseudomonas aeruginosa,Positive
11,dbAMP_23310,Bacillus subtilis,Positive
12,dbAMP_15795,Staphylococcus aureus,Positive
13,dbAMP_27621,Pseudomonas aeruginosa,Positive
14,dbAMP_14786,Staphylococcus aureus,Positive
15,dbAMP_31341,Cryptococcus neoformans,Positive
16,DRAMP20827,Candida albicans,Positive
17,19902.0,Staphylococcus aureus,Positive
18,dbAMP_16163,Pseudomonas aeruginosa,Positive
19,dbAMP_04605,Pseudomonas aeruginosa,Positive
20,dbAMP_14796,Staphylococcus aureus,Positive
21,dbAMP_17793,Staphylococcus aureus,Positive
22,dbAMP_33837,Staphylococcus aureus,Positive
23,19001.0,Acinetobacter baumannii,Positive
24,dbAMP_14707,Staphylococcus epidermidis,Positive
25,dbAMP_16171,Escherichia coli,Positive
26,dbAMP_17028,Escherichia coli,Positive
27,dbAMP_24891,Staphylococcus aureus,Positive
28,dbAMP_21653,Escherichia coli,Positive
29,dbAMP_21024,Escherichia coli,Positive
30,dbAMP_20524,Staphylococcus aureus,Positive
31,dbAMP_16746,Pseudomonas aeruginosa,Positive
32,dbAMP_10416,Enterobacter cloacae,Positive
33,dbAMP_03692,Micrococcus luteus,Positive
34,20983.0,Pseudomonas aeruginosa,Positive
35,8833.0,Escherichia coli,Positive
36,dbAMP_16633,Bacillus subtilis,Positive
37,dbAMP_27083,Staphylococcus aureus,Positive
38,20497.0,Candida albicans,Positive
39,dbAMP_15971,Pseudomonas aeruginosa,Positive
40,dbAMP_32937,Staphylococcus aureus,Positive
41,dbAMP_24455,Candida albicans,Positive
42,dbAMP_15998,Staphylococcus epidermidis,Positive
43,dbAMP_16156,Bacillus subtilis,Positive
44,dbAMP_22742,Klebsiella pneumoniae,Positive
45,dbAMP_23460,Escherichia coli,Positive
46,dbAMP_04880,Staphylococcus epidermidis,Positive
47,dbAMP_15796,Staphylococcus aureus,Positive
48,dbAMP_33843,Staphylococcus aureus,Positive
49,dbAMP_01930,Staphylococcus aureus,Positive
50,20842.0,Bacillus subtilis,Positive
51,dbAMP_33927,Enterococcus faecalis,Positive
52,dbAMP_18874,Staphylococcus aureus,Positive
53,dbAMP_24309,Salmonella enterica,Positive
54,dbAMP_04596,Staphylococcus aureus,Positive
55,dbAMP_04880,Candida albicans,Positive
56,dbAMP_02112,Micrococcus luteus,Positive
57,dbAMP_18936,Staphylococcus aureus,Positive
58,dbAMP_20421,Pseudomonas aeruginosa,Positive
59,dbAMP_25194,Pseudomonas aeruginosa,Positive
60,dbAMP_15959,Cryptococcus neoformans,Positive
61,dbAMP_22039,Candida albicans,Positive
62,dbAMP_25195,Staphylococcus aureus,Positive
63,21729.0,Enterococcus faecalis,Positive
64,dbAMP_27622,Pseudomonas aeruginosa,Positive
65,dbAMP_05139,Micrococcus luteus,Positive
66,21834.0,Escherichia coli,Positive
67,dbAMP_25188,Acinetobacter baumannii,Positive
68,dbAMP_04815,Bacillus subtilis,Positive
69,17852.0,Candida albicans,Positive
70,dbAMP_21471,Staphylococcus aureus,Positive
71,dbAMP_19052,Candida albicans,Positive
72,dbAMP_14909,Escherichia coli,Positive
73,18746.0,Enterococcus faecalis,Positive
74,DRAMP02870,Staphylococcus aureus,Positive
75,dbAMP_05517,Staphylococcus aureus,Positive
76,dbAMP_17061,Escherichia coli,Positive
77,dbAMP_22968,Candida albicans,Positive
78,dbAMP_04823,Bacillus subtilis,Positive
79,18818.0,Salmonella enterica,Positive
80,14387.0,Staphylococcus aureus,Positive
81,dbAMP_19579,Pseudomonas aeruginosa,Positive
82,dbAMP_17013,Pseudomonas aeruginosa,Positive
83,dbAMP_21731,Salmonella enterica,Positive
84,dbAMP_18532,Salmonella enterica,Positive
85,dbAMP_16787,Bacillus subtilis,Positive
86,dbAMP_19277,Staphylococcus epidermidis,Positive
87,dbAMP_33254,Candida albicans,Positive
88,dbAMP_10731,Acinetobacter baumannii,Positive
89,dbAMP_02808,Staphylococcus aureus,Positive
90,dbAMP_15887,Staphylococcus aureus,Positive
91,dbAMP_19305,Salmonella enterica,Positive
92,dbAMP_19203,Candida albicans,Positive
93,DRAMP18356,Micrococcus luteus,Positive
94,dbAMP_17792,Escherichia coli,Positive
95,dbAMP_16310,Enterococcus faecalis,Positive
96,dbAMP_04717,Pseudomonas aeruginosa,Positive
97,dbAMP_04539,Bacillus subtilis,Positive
98,dbAMP_17579,Candida albicans,Positive
99,dbAMP_15797,Escherichia coli,Positive
100,dbAMP_14831,Escherichia coli,Positive
101,21053.0,Escherichia coli,Positive
102,dbAMP_15957,Pseudomonas aeruginosa,Positive
103,dbAMP_18170,Pseudomonas aeruginosa,Positive
104,dbAMP_21202,Escherichia coli,Positive
105,dbAMP_19012,Candida albicans,Positive
106,dbAMP_00391,Escherichia coli,Positive
107,dbAMP_05272,Staphylococcus aureus,Positive
108,dbAMP_11284,Escherichia coli,Positive
109,dbAMP_33391,Bacillus subtilis,Positive
110,dbAMP_16311,Enterococcus faecalis,Positive
111,dbAMP_17454,Escherichia coli,Positive
112,dbAMP_17472,Klebsiella pneumoniae,Positive
113,20340.0,Acinetobacter baumannii,Positive
114,20065.0,Bacillus cereus,Positive
115,dbAMP_33221,Staphylococcus aureus,Positive
116,21164.0,Pseudomonas aeruginosa,Positive
117,dbAMP_22529,Acinetobacter baumannii,Positive
118,dbAMP_19773,Pseudomonas aeruginosa,Positive
119,dbAMP_31899,Staphylococcus aureus,Positive
120,dbAMP_33102,Acinetobacter baumannii,Positive
121,21724.0,Klebsiella pneumoniae,Positive
122,dbAMP_16218,Staphylococcus epidermidis,Positive
123,2025.0,Pseudomonas aeruginosa,Positive
124,1824.0,Bacillus cereus,Positive
125,dbAMP_33075,Escherichia coli,Positive
126,dbAMP_22137,Escherichia coli,Positive
127,dbAMP_02029,Staphylococcus aureus,Positive
128,dbAMP_01052,Bacillus subtilis,Positive
129,dbAMP_22702,Staphylococcus aureus,Positive
130,dbAMP_02574,Bacillus megaterium,Positive
131,dbAMP_31866,Escherichia coli,Positive
132,dbAMP_17420,Staphylococcus aureus,Positive
133,dbAMP_27647,Staphylococcus epidermidis,Positive
134,17457.0,Candida albicans,Positive
135,dbAMP_14815,Staphylococcus aureus,Positive
136,dbAMP_16280,Micrococcus luteus,Positive
137,dbAMP_17543,Pseudomonas aeruginosa,Positive
138,18757.0,Escherichia coli,Positive
139,dbAMP_31695,Escherichia coli,Positive
140,dbAMP_00217,Staphylococcus aureus,Positive
141,dbAMP_21172,Staphylococcus epidermidis,Positive
142,dbAMP_02993,Staphylococcus aureus,Positive
143,dbAMP_11985,Bacillus subtilis,Positive
144,dbAMP_21958,Staphylococcus aureus,Positive
145,dbAMP_16121,Listeria monocytogenes,Positive
146,dbAMP_33940,Klebsiella pneumoniae,Positive
147,dbAMP_16716,Klebsiella pneumoniae,Positive
148,dbAMP_27639,Candida albicans,Positive
149,dbAMP_17130,Bacillus cereus,Positive
150,dbAMP_16305,Staphylococcus epidermidis,Positive
151,dbAMP_17118,Staphylococcus aureus,Positive
152,20208.0,Staphylococcus epidermidis,Positive
153,dbAMP_04167,Escherichia coli,Positive
154,dbAMP_11794,Staphylococcus aureus,Positive
155,dbAMP_18790,Salmonella enterica,Positive
156,21188.0,Bacillus subtilis,Positive
157,dbAMP_01214,Pseudomonas aeruginosa,Positive
158,dbAMP_25442,Enterococcus faecalis,Positive
159,19867.0,Enterococcus faecium,Positive
160,19876.0,Escherichia coli,Positive
161,dbAMP_21838,Salmonella enterica,Positive
162,19485.0,Klebsiella pneumoniae,Positive
163,dbAMP_09935,Bacillus subtilis,Positive
164,dbAMP_25383,Candida albicans,Positive
165,dbAMP_14797,Staphylococcus aureus,Positive
166,dbAMP_19430,Escherichia coli,Positive
167,dbAMP_24520,Acinetobacter baumannii,Positive
168,dbAMP_01289,Enterococcus faecalis,Positive
169,dbAMP_23756,Pseudomonas aeruginosa,Positive
170,20838.0,Listeria monocytogenes,Positive
171,dbAMP_24008,Bacillus subtilis,Positive
172,dbAMP_20536,Micrococcus luteus,Positive
173,dbAMP_16027,Bacillus subtilis,Positive
174,dbAMP_25416,Escherichia coli,Positive
175,dbAMP_00620,Bacillus megaterium,Positive
176,dbAMP_14889,Staphylococcus epidermidis,Positive
177,dbAMP_33141,Salmonella enterica,Positive
178,dbAMP_03967,Bacillus subtilis,Positive
179,dbAMP_01150,Escherichia coli,Positive
180,dbAMP_10499,Escherichia coli,Positive
181,17408.0,Escherichia coli,Positive
182,dbAMP_21704,Micrococcus luteus,Positive
183,20771.0,Pseudomonas aeruginosa,Positive
184,dbAMP_21276,Pseudomonas aeruginosa,Positive
185,dbAMP_05051,Cryptococcus neoformans,Positive
186,20495.0,Enterococcus faecalis,Positive
187,dbAMP_17964,Salmonella enterica,Positive
188,dbAMP_17203,Listeria monocytogenes,Positive
189,19609.0,Staphylococcus epidermidis,Positive
190,dbAMP_33279,Candida albicans,Positive
191,dbAMP_18588,Staphylococcus epidermidis,Positive
192,20177.0,Bacillus subtilis,Positive
193,dbAMP_20426,Staphylococcus aureus,Positive
194,dbAMP_28807,Klebsiella pneumoniae,Positive
195,dbAMP_27634,Escherichia coli,Positive
196,dbAMP_24955,Staphylococcus aureus,Positive
197,dbAMP_14886,Micrococcus luteus,Positive
198,dbAMP_21396,Staphylococcus aureus,Positive
199,dbAMP_24164,Salmonella enterica,Positive
200,dbAMP_15876,Escherichia coli,Positive
201,11336.0,Staphylococcus aureus,Positive
202,dbAMP_19109,Bacillus subtilis,Positive
203,dbAMP_04558,Escherichia coli,Positive
204,dbAMP_16474,Staphylococcus aureus,Positive
205,dbAMP_34282,Staphylococcus aureus,Positive
206,dbAMP_17555,Bacillus subtilis,Positive
207,dbAMP_23520,Escherichia coli,Positive
208,dbAMP_20252,Staphylococcus aureus,Positive
209,dbAMP_00369,Candida albicans,Positive
210,dbAMP_19831,Staphylococcus aureus,Positive
211,DRAMP04095,Escherichia coli,Positive
212,dbAMP_34588,Escherichia coli,Positive
213,5208.0,Escherichia coli,Positive
214,DRAMP18698,Micrococcus luteus,Positive
215,1164.0,Micrococcus luteus,Positive
216,dbAMP_27347,Staphylococcus aureus,Positive
217,dbAMP_11154,Staphylococcus aureus,Positive
218,dbAMP_33698,Klebsiella pneumoniae,Positive
219,dbAMP_23938,Escherichia coli,Positive
220,dbAMP_05645,Candida albicans,Positive
221,dbAMP_14816,Candida albicans,Positive
222,dbAMP_22683,Pseudomonas aeruginosa,Positive
223,19247.0,Staphylococcus aureus,Positive
224,197.0,Staphylococcus epidermidis,Positive
225,dbAMP_17127,Bacillus subtilis,Positive
226,dbAMP_04608,Pseudomonas aeruginosa,Positive
227,dbAMP_17570,Listeria monocytogenes,Positive
228,dbAMP_33341,Escherichia coli,Positive
229,dbAMP_02552,Enterococcus faecium,Positive
230,dbAMP_16039,Staphylococcus epidermidis,Positive
231,dbAMP_32412,Staphylococcus epidermidis,Positive
232,dbAMP_11295,Escherichia coli,Positive
233,dbAMP_21779,Staphylococcus aureus,Positive
234,dbAMP_33831,Escherichia coli,Positive
235,dbAMP_23559,Staphylococcus aureus,Positive
236,dbAMP_33027,Acinetobacter baumannii,Positive
237,dbAMP_14845,Salmonella enterica,Positive
238,20834.0,Escherichia coli,Positive
239,dbAMP_17753,Pseudomonas aeruginosa,Positive
240,dbAMP_27443,Escherichia coli,Positive
241,dbAMP_04320,Staphylococcus aureus,Positive
242,DRAMP29046,Staphylococcus epidermidis,Positive
243,dbAMP_27430,Micrococcus luteus,Positive
244,dbAMP_17750,Staphylococcus epidermidis,Positive
245,dbAMP_16554,Escherichia coli,Positive
246,dbAMP_31609,Staphylococcus aureus,Positive
247,21733.0,Staphylococcus aureus,Positive
248,dbAMP_33993,Klebsiella pneumoniae,Positive
249,19672.0,Escherichia coli,Positive
250,dbAMP_24055,Staphylococcus aureus,Positive
251,21628.0,Salmonella enterica,Positive
252,dbAMP_16754,Staphylococcus epidermidis,Positive
253,21829.0,Staphylococcus aureus,Positive
254,dbAMP_19157,Staphylococcus aureus,Positive
255,dbAMP_03712,Pseudomonas aeruginosa,Positive
256,dbAMP_11770,Staphylococcus aureus,Positive
257,dbAMP_11455,Staphylococcus aureus,Positive
258,19896.0,Staphylococcus aureus,Positive
259,dbAMP_19294,Pseudomonas aeruginosa,Positive
260,dbAMP_18876,Salmonella enterica,Positive
261,17218.0,Enterobacter cloacae,Positive
262,dbAMP_18405,Staphylococcus epidermidis,Positive
263,dbAMP_18214,Salmonella enterica,Positive
264,dbAMP_05617,Escherichia coli,Positive
265,20641.0,Escherichia coli,Positive
266,dbAMP_19156,Pseudomonas aeruginosa,Positive
267,21841.0,Escherichia coli,Positive
268,dbAMP_03400,Micrococcus luteus,Positive
269,dbAMP_31373,Pseudomonas aeruginosa,Positive
270,dbAMP_33307,Klebsiella pneumoniae,Positive
271,dbAMP_14729,Enterococcus faecalis,Positive
272,dbAMP_20564,Pseudomonas aeruginosa,Positive
273,dbAMP_16762,Pseudomonas aeruginosa,Positive
274,dbAMP_17649,Bacillus subtilis,Positive
275,DRAMP18660,Staphylococcus aureus,Positive
276,dbAMP_16435,Bacillus subtilis,Positive
277,dbAMP_16773,Pseudomonas aeruginosa,Positive
278,18048.0,Staphylococcus aureus,Positive
279,dbAMP_16422,Pseudomonas aeruginosa,Positive
280,dbAMP_27418,Escherichia coli,Positive
281,dbAMP_22289,Staphylococcus aureus,Positive
282,dbAMP_32991,Escherichia coli,Positive
283,DRAMP01429,Escherichia coli,Positive
284,dbAMP_31445,Klebsiella pneumoniae,Positive
285,17598.0,Escherichia coli,Positive
286,dbAMP_24774,Escherichia coli,Positive
287,dbAMP_10362,Staphylococcus aureus,Positive
288,dbAMP_17358,Candida albicans,Positive
289,dbAMP_00473,Bacillus cereus,Positive
290,19948.0,Escherichia coli,Positive
291,dbAMP_33348,Staphylococcus aureus,Positive
292,dbAMP_14822,Pseudomonas aeruginosa,Positive
293,dbAMP_19300,Staphylococcus epidermidis,Positive
294,dbAMP_23287,Staphylococcus aureus,Positive
295,dbAMP_15763,Bacillus subtilis,Positive
296,dbAMP_34044,Pseudomonas aeruginosa,Positive
297,dbAMP_16265,Escherichia coli,Positive
298,dbAMP_00396,Pseudomonas aeruginosa,Positive
299,18326.0,Bacillus subtilis,Positive
300,dbAMP_16325,Pseudomonas aeruginosa,Positive
301,19851.0,Bacillus subtilis,Positive
302,DRAMP18489,Staphylococcus aureus,Positive
303,dbAMP_19546,Escherichia coli,Positive
304,dbAMP_22636,Staphylococcus aureus,Positive
305,dbAMP_03238,Bacillus subtilis,Positive
306,dbAMP_16069,Bacillus subtilis,Positive
307,dbAMP_24307,Escherichia coli,Positive
308,dbAMP_20118,Pseudomonas aeruginosa,Positive
309,dbAMP_15782,Micrococcus luteus,Positive
310,21078.0,Escherichia coli,Positive
311,21077.0,Staphylococcus aureus,Positive
312,dbAMP_21876,Candida albicans,Positive
313,dbAMP_21220,Escherichia coli,Positive
314,dbAMP_21101,Escherichia coli,Positive
315,dbAMP_21287,Staphylococcus aureus,Positive
316,17225.0,Acinetobacter baumannii,Positive
317,17510.0,Staphylococcus aureus,Positive
318,dbAMP_15949,Salmonella enterica,Positive
319,dbAMP_10397,Klebsiella pneumoniae,Positive
320,dbAMP_01911,Escherichia coli,Positive
321,dbAMP_16057,Pseudomonas aeruginosa,Positive
322,dbAMP_12178,Candida albicans,Positive
323,dbAMP_20414,Staphylococcus aureus,Positive
324,19513.0,Klebsiella pneumoniae,Positive
325,dbAMP_16379,Escherichia coli,Positive
326,dbAMP_11172,Enterococcus faecalis,Positive
327,dbAMP_01804,Bacillus subtilis,Positive
328,dbAMP_33188,Staphylococcus aureus,Positive
329,dbAMP_16377,Enterobacter cloacae,Positive
330,dbAMP_33017,Acinetobacter baumannii,Positive
331,dbAMP_25416,Bacillus subtilis,Positive
332,710.0,Escherichia coli,Positive
333,DRAMP03463,Escherichia coli,Positive
334,dbAMP_19123,Candida albicans,Positive
335,21627.0,Salmonella enterica,Positive
336,dbAMP_04791,Staphylococcus aureus,Positive
337,dbAMP_16788,Bacillus subtilis,Positive
338,dbAMP_15956,Pseudomonas aeruginosa,Positive
339,21312.0,Pseudomonas aeruginosa,Positive
340,20855.0,Staphylococcus aureus,Positive
341,dbAMP_04656,Klebsiella pneumoniae,Positive
342,dbAMP_22902,Pseudomonas aeruginosa,Positive
343,dbAMP_17857,Micrococcus luteus,Positive
344,dbAMP_23950,Staphylococcus aureus,Positive
345,dbAMP_24650,Candida albicans,Positive
346,dbAMP_04317,Escherichia coli,Positive
347,dbAMP_03303,Staphylococcus epidermidis,Positive
348,9245.0,Salmonella enterica,Positive
349,dbAMP_16390,Acinetobacter baumannii,Positive
350,dbAMP_31661,Staphylococcus aureus,Positive
351,dbAMP_25280,Staphylococcus epidermidis,Positive
352,764.0,Escherichia coli,Positive
353,dbAMP_05478,Candida parapsilosis,Positive
354,17249.0,Escherichia coli,Positive
355,dbAMP_15966,Pseudomonas aeruginosa,Positive
356,21068.0,Acinetobacter baumannii,Positive
357,20958.0,Acinetobacter baumannii,Positive
358,dbAMP_24034,Pseudomonas aeruginosa,Positive
359,dbAMP_33022,Bacillus subtilis,Positive
360,dbAMP_33688,Klebsiella pneumoniae,Positive
361,dbAMP_04331,Escherichia coli,Positive
362,dbAMP_10838,Micrococcus luteus,Positive
363,dbAMP_18379,Pseudomonas aeruginosa,Positive
364,21035.0,Pseudomonas aeruginosa,Positive
365,dbAMP_05188,Salmonella enterica,Positive
366,dbAMP_01142,Micrococcus luteus,Positive
367,dbAMP_22848,Bacillus subtilis,Positive
368,dbAMP_23148,Staphylococcus aureus,Positive
369,dbAMP_31811,Pseudomonas aeruginosa,Positive
370,dbAMP_24238,Staphylococcus epidermidis,Positive
371,dbAMP_33033,Staphylococcus epidermidis,Positive
372,17528.0,Salmonella enterica,Positive
373,19207.0,Escherichia coli,Positive
374,17274.0,Escherichia coli,Positive
375,dbAMP_28804,Klebsiella pneumoniae,Positive
376,dbAMP_34284,Escherichia coli,Positive
377,19141.0,Bacillus subtilis,Positive
378,dbAMP_16415,Enterococcus faecalis,Positive
379,22105.0,Listeria monocytogenes,Positive
380,21531.0,Bacillus subtilis,Positive
381,dbAMP_19309,Acinetobacter baumannii,Positive
382,dbAMP_05646,Micrococcus luteus,Positive
383,21623.0,Staphylococcus aureus,Positive
384,dbAMP_02895,Candida albicans,Positive
385,dbAMP_05513,Bacillus subtilis,Positive
386,dbAMP_32883,Escherichia coli,Positive
387,dbAMP_22745,Micrococcus luteus,Positive
388,19560.0,Enterococcus faecalis,Positive
389,dbAMP_23211,Bacillus subtilis,Positive
390,20394.0,Escherichia coli,Positive
391,dbAMP_15994,Escherichia coli,Positive
392,dbAMP_18792,Salmonella enterica,Positive
393,dbAMP_02558,Listeria monocytogenes,Positive
394,dbAMP_25056,Pseudomonas aeruginosa,Positive
395,18812.0,Salmonella enterica,Positive
396,dbAMP_03638,Bacillus subtilis,Positive
397,dbAMP_25047,Escherichia coli,Positive
398,dbAMP_15872,Staphylococcus aureus,Positive
399,19234.0,Staphylococcus aureus,Positive
400,dbAMP_27586,Staphylococcus aureus,Positive
401,dbAMP_02044,Enterococcus faecalis,Positive
402,19948.0,Pseudomonas aeruginosa,Positive
403,dbAMP_21533,Candida albicans,Positive
404,dbAMP_15827,Bacillus subtilis,Positive
405,DRAMP01844,Enterobacter cloacae,Positive
406,20830.0,Micrococcus luteus,Positive
407,dbAMP_19131,Pseudomonas aeruginosa,Positive
408,dbAMP_19695,Escherichia coli,Positive
409,dbAMP_15955,Staphylococcus aureus,Positive
410,dbAMP_16427,Escherichia coli,Positive
411,22284.0,Salmonella enterica,Positive
412,dbAMP_27604,Escherichia coli,Positive
413,dbAMP_27425,Salmonella enterica,Positive
414,dbAMP_18194,Escherichia coli,Positive
415,dbAMP_12246,Cryptococcus neoformans,Positive
416,dbAMP_16783,Escherichia coli,Positive
417,dbAMP_03247,Micrococcus luteus,Positive
418,dbAMP_22812,Candida albicans,Positive
419,dbAMP_05272,Escherichia coli,Positive
420,dbAMP_25373,Micrococcus luteus,Positive
421,dbAMP_03023,Staphylococcus aureus,Positive
422,dbAMP_23137,Bacillus subtilis,Positive
423,dbAMP_24742,Pseudomonas aeruginosa,Positive
424,20959.0,Pseudomonas aeruginosa,Positive
425,dbAMP_21393,Escherichia coli,Positive
426,dbAMP_26141,Pseudomonas aeruginosa,Positive
427,dbAMP_04079,Pseudomonas aeruginosa,Positive
428,dbAMP_18607,Escherichia coli,Positive
429,dbAMP_18729,Micrococcus luteus,Positive
430,dbAMP_10501,Acinetobacter baumannii,Positive
431,dbAMP_12830,Staphylococcus aureus,Positive
432,dbAMP_22714,Staphylococcus aureus,Positive
433,dbAMP_31629,Escherichia coli,Positive
434,dbAMP_04423,Listeria monocytogenes,Positive
435,dbAMP_17498,Escherichia coli,Positive
436,dbAMP_21431,Escherichia coli,Positive
437,dbAMP_02928,Escherichia coli,Positive
438,dbAMP_16239,Staphylococcus aureus,Positive
439,18818.0,Escherichia coli,Positive
440,dbAMP_24146,Bacillus subtilis,Positive
441,DRAMP03642,Escherichia coli,Positive
442,dbAMP_16164,Staphylococcus aureus,Positive
443,dbAMP_25173,Staphylococcus epidermidis,Positive
444,dbAMP_00965,Acinetobacter baumannii,Positive
445,DRAMP18712,Listeria monocytogenes,Positive
446,19939.0,Escherichia coli,Positive
447,dbAMP_24139,Escherichia coli,Positive
448,dbAMP_16752,Staphylococcus aureus,Positive
449,dbAMP_16245,Bacillus subtilis,Positive
450,dbAMP_10747,Pseudomonas aeruginosa,Positive
451,dbAMP_19292,Salmonella enterica,Positive
452,dbAMP_14846,Candida albicans,Positive
453,dbAMP_16057,Bacillus subtilis,Positive
454,dbAMP_18281,Pseudomonas aeruginosa,Positive
455,dbAMP_27234,Staphylococcus aureus,Positive
456,DRAMP29094,Staphylococcus aureus,Positive
457,dbAMP_21304,Escherichia coli,Positive
458,dbAMP_21028,Pseudomonas aeruginosa,Positive
459,dbAMP_27272,Staphylococcus epidermidis,Positive
460,20543.0,Staphylococcus aureus,Positive
461,21893.0,Acinetobacter baumannii,Positive
462,dbAMP_16308,Escherichia coli,Positive
463,22292.0,Escherichia coli,Positive
464,dbAMP_03613,Candida parapsilosis,Positive
465,2870.0,Bacillus subtilis,Positive
466,dbAMP_16816,Staphylococcus aureus,Positive
467,dbAMP_16761,Escherichia coli,Positive
468,dbAMP_27603,Enterococcus faecium,Positive
469,dbAMP_21130,Staphylococcus aureus,Positive
470,dbAMP_22093,Escherichia coli,Positive
471,20583.0,Staphylococcus epidermidis,Positive
472,dbAMP_21205,Escherichia coli,Positive
473,dbAMP_11044,Pseudomonas aeruginosa,Positive
474,852.0,Pseudomonas aeruginosa,Positive
475,dbAMP_21638,Pseudomonas aeruginosa,Positive
476,dbAMP_34134,Staphylococcus aureus,Positive
477,dbAMP_22634,Bacillus megaterium,Positive
478,dbAMP_21542,Bacillus subtilis,Positive
479,21188.0,Pseudomonas aeruginosa,Positive
480,dbAMP_06016,Klebsiella pneumoniae,Positive
481,19205.0,Salmonella enterica,Positive
482,dbAMP_02297,Staphylococcus aureus,Positive
483,dbAMP_11081,Bacillus cereus,Positive
484,dbAMP_23144,Escherichia coli,Positive
485,22346.0,Staphylococcus aureus,Positive
486,dbAMP_03451,Staphylococcus aureus,Positive
487,dbAMP_04167,Pseudomonas aeruginosa,Positive
488,dbAMP_21065,Escherichia coli,Positive
489,19644.0,Escherichia coli,Positive
490,dbAMP_27600,Enterococcus faecium,Positive
491,dbAMP_27402,Pseudomonas aeruginosa,Positive
492,dbAMP_33029,Bacillus subtilis,Positive
493,dbAMP_01454,Pseudomonas aeruginosa,Positive
494,dbAMP_16904,Salmonella enterica,Positive
495,dbAMP_21231,Staphylococcus aureus,Positive
496,dbAMP_11010,Candida albicans,Positive
497,dbAMP_04183,Escherichia coli,Positive
498,19701.0,Pseudomonas aeruginosa,Positive
499,dbAMP_19578,Klebsiella pneumoniae,Positive
500,dbAMP_02516,Staphylococcus aureus,Positive
501,dbAMP_19286,Staphylococcus epidermidis,Positive
502,dbAMP_23065,Staphylococcus aureus,Positive
503,dbAMP_04932,Staphylococcus aureus,Positive
504,20501.0,Klebsiella pneumoniae,Positive
505,dbAMP_19720,Enterococcus faecium,Positive
506,DRAMP03140,Staphylococcus epidermidis,Positive
507,dbAMP_14825,Salmonella enterica,Positive
508,dbAMP_15743,Escherichia coli,Positive
509,dbAMP_25313,Staphylococcus epidermidis,Positive
510,dbAMP_33693,Pseudomonas aeruginosa,Positive
511,dbAMP_18765,Salmonella enterica,Positive
512,dbAMP_24001,Bacillus subtilis,Positive
513,dbAMP_16729,Escherichia coli,Positive
514,dbAMP_28776,Staphylococcus aureus,Positive
515,dbAMP_02992,Klebsiella pneumoniae,Positive
516,dbAMP_16751,Pseudomonas aeruginosa,Positive
517,dbAMP_16283,Enterobacter cloacae,Positive
518,dbAMP_11361,Escherichia coli,Positive
519,dbAMP_18179,Staphylococcus aureus,Positive
520,dbAMP_18945,Escherichia coli,Positive
521,dbAMP_32313,Escherichia coli,Positive
522,dbAMP_22710,Escherichia coli,Positive
523,dbAMP_16715,Klebsiella pneumoniae,Positive
524,dbAMP_02950,Enterococcus faecalis,Positive
525,dbAMP_14720,Staphylococcus epidermidis,Positive
526,8354.0,Escherichia coli,Positive
527,22166.0,Klebsiella pneumoniae,Positive
528,dbAMP_02049,Enterococcus faecalis,Positive
529,dbAMP_18231,Staphylococcus aureus,Positive
530,dbAMP_27110,Enterococcus faecalis,Positive
531,dbAMP_04079,Salmonella enterica,Positive
532,dbAMP_23138,Micrococcus luteus,Positive
533,22166.0,Listeria monocytogenes,Positive
534,dbAMP_33021,Staphylococcus epidermidis,Positive
535,20500.0,Candida albicans,Positive
536,dbAMP_18732,Micrococcus luteus,Positive
537,dbAMP_31341,Enterococcus faecalis,Positive
538,dbAMP_17138,Escherichia coli,Positive
539,dbAMP_10747,Escherichia coli,Positive
540,dbAMP_02020,Staphylococcus aureus,Positive
541,17220.0,Pseudomonas aeruginosa,Positive
542,dbAMP_23161,Pseudomonas aeruginosa,Positive
543,2025.0,Candida albicans,Positive
544,dbAMP_21295,Staphylococcus aureus,Positive
545,dbAMP_21895,Escherichia coli,Positive
546,dbAMP_21832,Staphylococcus aureus,Positive
547,dbAMP_33710,Micrococcus luteus,Positive
548,DRAMP01214,Staphylococcus aureus,Positive
549,dbAMP_22022,Staphylococcus aureus,Positive
550,dbAMP_23160,Enterococcus faecium,Positive
551,dbAMP_27236,Staphylococcus epidermidis,Positive
552,dbAMP_23956,Staphylococcus aureus,Positive
553,dbAMP_24959,Staphylococcus aureus,Positive
554,dbAMP_10549,Staphylococcus aureus,Positive
555,17415.0,Klebsiella pneumoniae,Positive
556,dbAMP_22634,Candida albicans,Positive
557,dbAMP_18995,Klebsiella pneumoniae,Positive
558,dbAMP_21810,Pseudomonas aeruginosa,Positive
559,dbAMP_23107,Klebsiella pneumoniae,Positive
560,dbAMP_23465,Bacillus subtilis,Positive
561,dbAMP_04659,Staphylococcus aureus,Positive
562,21713.0,Acinetobacter baumannii,Positive
563,dbAMP_16561,Staphylococcus aureus,Positive
564,18367.0,Salmonella enterica,Positive
565,dbAMP_04237,Pseudomonas aeruginosa,Positive
566,22318.0,Staphylococcus aureus,Positive
567,dbAMP_17572,Staphylococcus aureus,Positive
568,21029.0,Escherichia coli,Positive
569,dbAMP_33254,Staphylococcus aureus,Positive
570,21621.0,Candida albicans,Positive
571,dbAMP_21597,Staphylococcus epidermidis,Positive
572,dbAMP_23748,Staphylococcus epidermidis,Positive
573,dbAMP_22590,Candida albicans,Positive
574,dbAMP_16272,Pseudomonas aeruginosa,Positive
575,19890.0,Acinetobacter baumannii,Positive
576,dbAMP_24277,Escherichia coli,Positive
577,dbAMP_23814,Candida albicans,Positive
578,dbAMP_03967,Pseudomonas aeruginosa,Positive
579,dbAMP_23393,Escherichia coli,Positive
580,18043.0,Enterococcus faecalis,Positive
581,dbAMP_18099,Pseudomonas aeruginosa,Positive
582,dbAMP_20473,Klebsiella pneumoniae,Positive
583,20268.0,Pseudomonas aeruginosa,Positive
584,dbAMP_16044,Escherichia coli,Positive
585,dbAMP_17716,Salmonella enterica,Positive
586,dbAMP_27501,Klebsiella pneumoniae,Positive
587,dbAMP_14889,Salmonella enterica,Positive
588,dbAMP_22839,Escherichia coli,Positive
589,dbAMP_14772,Salmonella enterica,Positive
590,dbAMP_33616,Bacillus cereus,Positive
591,dbAMP_21975,Klebsiella pneumoniae,Positive
592,dbAMP_23035,Pseudomonas aeruginosa,Positive
593,dbAMP_20340,Enterococcus faecalis,Positive
594,dbAMP_34148,Staphylococcus aureus,Positive
595,dbAMP_19236,Bacillus subtilis,Positive
596,dbAMP_21931,Escherichia coli,Positive
597,dbAMP_33108,Staphylococcus aureus,Positive
598,dbAMP_16155,Salmonella enterica,Positive
599,dbAMP_16233,Acinetobacter baumannii,Positive
600,dbAMP_19167,Bacillus subtilis,Positive
601,dbAMP_16016,Bacillus subtilis,Positive
602,dbAMP_24876,Staphylococcus aureus,Positive
603,dbAMP_17220,Pseudomonas aeruginosa,Positive
604,dbAMP_34251,Staphylococcus aureus,Positive
605,22220.0,Staphylococcus epidermidis,Positive
606,dbAMP_11278,Staphylococcus aureus,Positive
607,dbAMP_18485,Micrococcus luteus,Positive
608,dbAMP_17583,Salmonella enterica,Positive
609,dbAMP_21221,Salmonella enterica,Positive
610,dbAMP_19729,Staphylococcus aureus,Positive
611,dbAMP_14733,Staphylococcus aureus,Positive
612,dbAMP_24640,Bacillus subtilis,Positive
613,dbAMP_19324,Escherichia coli,Positive
614,dbAMP_04450,Escherichia coli,Positive
615,dbAMP_10501,Staphylococcus epidermidis,Positive
616,dbAMP_01768,Staphylococcus aureus,Positive
617,22031.0,Acinetobacter baumannii,Positive
618,dbAMP_31802,Candida albicans,Positive
619,dbAMP_25195,Escherichia coli,Positive
620,dbAMP_19312,Escherichia coli,Positive
621,dbAMP_18054,Salmonella enterica,Positive
622,dbAMP_16129,Enterobacter cloacae,Positive
623,dbAMP_25055,Escherichia coli,Positive
624,dbAMP_10609,Klebsiella pneumoniae,Positive
625,dbAMP_19263,Staphylococcus aureus,Positive
626,dbAMP_27633,Escherichia coli,Positive
627,dbAMP_03861,Candida albicans,Positive
628,dbAMP_23906,Escherichia coli,Positive
629,21080.0,Salmonella enterica,Positive
630,21081.0,Staphylococcus epidermidis,Positive
631,dbAMP_10846,Klebsiella pneumoniae,Positive
632,dbAMP_19223,Acinetobacter baumannii,Positive
633,dbAMP_04959,Escherichia coli,Positive
634,19899.0,Pseudomonas aeruginosa,Positive
635,dbAMP_22629,Pseudomonas aeruginosa,Positive
636,dbAMP_17696,Bacillus subtilis,Positive
637,dbAMP_27254,Salmonella enterica,Positive
638,22214.0,Klebsiella pneumoniae,Positive
639,dbAMP_18730,Bacillus subtilis,Positive
640,DRAMP01430,Escherichia coli,Positive
641,dbAMP_17648,Bacillus subtilis,Positive
642,21832.0,Escherichia coli,Positive
643,17222.0,Acinetobacter baumannii,Positive
644,dbAMP_21220,Staphylococcus aureus,Positive
645,dbAMP_22067,Candida albicans,Positive
646,dbAMP_16088,Pseudomonas aeruginosa,Positive
647,20251.0,Listeria monocytogenes,Positive
648,dbAMP_11232,Bacillus megaterium,Positive
649,18987.0,Bacillus subtilis,Positive
650,dbAMP_17125,Bacillus subtilis,Positive
651,dbAMP_22831,Bacillus subtilis,Positive
652,dbAMP_03608,Enterococcus faecalis,Positive
653,dbAMP_27399,Pseudomonas aeruginosa,Positive
654,dbAMP_01904,Staphylococcus aureus,Positive
655,dbAMP_01658,Escherichia coli,Positive
656,dbAMP_19103,Escherichia coli,Positive
657,dbAMP_17200,Salmonella enterica,Positive
658,dbAMP_03310,Staphylococcus epidermidis,Positive
659,dbAMP_28831,Staphylococcus aureus,Positive
660,dbAMP_19827,Candida albicans,Positive
661,dbAMP_02066,Candida albicans,Positive
662,dbAMP_18438,Candida albicans,Positive
663,20337.0,Pseudomonas aeruginosa,Positive
664,dbAMP_19216,Klebsiella pneumoniae,Positive
665,dbAMP_33984,Acinetobacter baumannii,Positive
666,dbAMP_11361,Micrococcus luteus,Positive
667,21526.0,Bacillus subtilis,Positive
668,dbAMP_02541,Bacillus subtilis,Positive
669,19308.0,Candida albicans,Positive
670,dbAMP_17115,Bacillus cereus,Positive
671,dbAMP_02975,Staphylococcus aureus,Positive
672,dbAMP_21997,Bacillus subtilis,Positive
673,dbAMP_19047,Salmonella enterica,Positive
674,dbAMP_20421,Staphylococcus aureus,Positive
675,DRAMP02872,Cryptococcus neoformans,Positive
676,22339.0,Pseudomonas aeruginosa,Positive
677,dbAMP_03451,Pseudomonas aeruginosa,Positive
678,dbAMP_33032,Acinetobacter baumannii,Positive
679,dbAMP_27230,Staphylococcus aureus,Positive
680,dbAMP_19263,Bacillus subtilis,Positive
681,dbAMP_32934,Bacillus subtilis,Positive
682,dbAMP_05591,Staphylococcus aureus,Positive
683,18602.0,Escherichia coli,Positive
684,19370.0,Staphylococcus aureus,Positive
685,dbAMP_18928,Candida albicans,Positive
686,dbAMP_02745,Pseudomonas aeruginosa,Positive
687,dbAMP_20305,Escherichia coli,Positive
688,19575.0,Pseudomonas aeruginosa,Positive
689,dbAMP_24872,Bacillus subtilis,Positive
690,21618.0,Candida albicans,Positive
691,dbAMP_02395,Pseudomonas aeruginosa,Positive
692,dbAMP_00957,Staphylococcus aureus,Positive
693,dbAMP_22708,Bacillus subtilis,Positive
694,dbAMP_24277,Enterococcus faecium,Positive
695,dbAMP_04744,Staphylococcus aureus,Positive
696,dbAMP_16660,Escherichia coli,Positive
697,dbAMP_02022,Bacillus subtilis,Positive
698,dbAMP_22864,Escherichia coli,Positive
699,dbAMP_15985,Candida parapsilosis,Positive
700,dbAMP_17929,Enterococcus faecium,Positive
701,dbAMP_24606,Pseudomonas aeruginosa,Positive
702,dbAMP_16939,Escherichia coli,Positive
703,dbAMP_15828,Staphylococcus aureus,Positive
704,dbAMP_34223,Escherichia coli,Positive
705,dbAMP_02949,Enterococcus faecalis,Positive
706,dbAMP_11041,Staphylococcus aureus,Positive
707,dbAMP_19352,Staphylococcus aureus,Positive
708,dbAMP_18241,Staphylococcus aureus,Positive
709,dbAMP_05616,Staphylococcus aureus,Positive
710,dbAMP_19192,Enterococcus faecalis,Positive
711,dbAMP_15878,Escherichia coli,Positive
712,dbAMP_33014,Bacillus subtilis,Positive
713,dbAMP_01941,Escherichia coli,Positive
714,dbAMP_04223,Pseudomonas aeruginosa,Positive
715,dbAMP_23960,Staphylococcus aureus,Positive
716,dbAMP_22253,Staphylococcus aureus,Positive
717,dbAMP_32936,Staphylococcus aureus,Positive
718,dbAMP_23282,Pseudomonas aeruginosa,Positive
719,dbAMP_25386,Staphylococcus epidermidis,Positive
720,dbAMP_20774,Escherichia coli,Positive
721,dbAMP_16633,Candida albicans,Positive
722,17784.0,Escherichia coli,Positive
723,dbAMP_25377,Staphylococcus aureus,Positive
724,dbAMP_16201,Escherichia coli,Positive
725,dbAMP_16277,Escherichia coli,Positive
726,dbAMP_34003,Staphylococcus aureus,Positive
727,dbAMP_01850,Candida albicans,Positive
728,dbAMP_15897,Staphylococcus aureus,Positive
729,dbAMP_17574,Bacillus subtilis,Positive
730,dbAMP_23457,Staphylococcus epidermidis,Positive
731,dbAMP_23623,Escherichia coli,Positive
732,22247.0,Klebsiella pneumoniae,Positive
733,dbAMP_04075,Escherichia coli,Positive
734,20810.0,Staphylococcus aureus,Positive
735,dbAMP_15988,Escherichia coli,Positive
736,dbAMP_20501,Staphylococcus epidermidis,Positive
737,dbAMP_01988,Escherichia coli,Positive
738,dbAMP_31969,Salmonella enterica,Positive
739,dbAMP_25211,Micrococcus luteus,Positive
740,dbAMP_10900,Staphylococcus aureus,Positive
741,20041.0,Staphylococcus epidermidis,Positive
742,dbAMP_11672,Acinetobacter baumannii,Positive
743,21317.0,Escherichia coli,Positive
744,dbAMP_21698,Staphylococcus aureus,Positive
745,dbAMP_21278,Pseudomonas aeruginosa,Positive
746,dbAMP_18433,Salmonella enterica,Positive
747,dbAMP_17062,Bacillus subtilis,Positive
748,dbAMP_15947,Bacillus subtilis,Positive
749,dbAMP_19028,Pseudomonas aeruginosa,Positive
750,dbAMP_33109,Escherichia coli,Positive
751,DRAMP01969,Staphylococcus aureus,Positive
752,dbAMP_17802,Staphylococcus aureus,Positive
753,dbAMP_01910,Enterococcus faecalis,Positive
754,dbAMP_22175,Acinetobacter baumannii,Positive
755,dbAMP_05833,Enterococcus faecalis,Positive
756,dbAMP_17574,Salmonella enterica,Positive
757,dbAMP_10311,Staphylococcus aureus,Positive
758,dbAMP_00389,Pseudomonas aeruginosa,Positive
759,dbAMP_31185,Escherichia coli,Positive
760,19602.0,Escherichia coli,Positive
761,dbAMP_23931,Staphylococcus aureus,Positive
762,dbAMP_17610,Staphylococcus epidermidis,Positive
763,dbAMP_33175,Staphylococcus aureus,Positive
764,dbAMP_27516,Escherichia coli,Positive
765,dbAMP_11396,Candida albicans,Positive
766,dbAMP_19197,Bacillus subtilis,Positive
767,dbAMP_02696,Staphylococcus aureus,Positive
768,21188.0,Escherichia coli,Positive
769,dbAMP_02209,Pseudomonas aeruginosa,Positive
770,dbAMP_10631,Pseudomonas aeruginosa,Positive
771,dbAMP_22736,Micrococcus luteus,Positive
772,dbAMP_19300,Salmonella enterica,Positive
773,dbAMP_10433,Bacillus subtilis,Positive
774,dbAMP_17778,Salmonella enterica,Positive
775,dbAMP_19329,Escherichia coli,Positive
776,dbAMP_20762,Staphylococcus epidermidis,Positive
777,21529.0,Klebsiella pneumoniae,Positive
778,dbAMP_17054,Bacillus cereus,Positive
779,dbAMP_01791,Enterococcus faecalis,Positive
780,dbAMP_03331,Micrococcus luteus,Positive
781,dbAMP_16005,Klebsiella pneumoniae,Positive
782,dbAMP_18178,Escherichia coli,Positive
783,dbAMP_02087,Staphylococcus aureus,Positive
784,dbAMP_06675,Candida albicans,Positive
785,dbAMP_16140,Pseudomonas aeruginosa,Positive
786,dbAMP_33140,Pseudomonas aeruginosa,Positive
787,dbAMP_31333,Staphylococcus aureus,Positive
788,dbAMP_14242,Staphylococcus aureus,Positive
789,dbAMP_04356,Staphylococcus aureus,Positive
790,dbAMP_16859,Staphylococcus aureus,Positive
791,dbAMP_14830,Enterococcus faecalis,Positive
792,dbAMP_19259,Escherichia coli,Positive
793,dbAMP_11160,Pseudomonas aeruginosa,Positive
794,dbAMP_10546,Escherichia coli,Positive
795,dbAMP_15755,Escherichia coli,Positive
796,dbAMP_20540,Escherichia coli,Positive
797,dbAMP_17561,Pseudomonas aeruginosa,Positive
798,dbAMP_05861,Staphylococcus aureus,Positive
799,19844.0,Bacillus subtilis,Positive
800,20612.0,Acinetobacter baumannii,Positive
801,dbAMP_33135,Pseudomonas aeruginosa,Positive
802,dbAMP_18918,Escherichia coli,Positive
803,dbAMP_22825,Candida albicans,Positive
804,DRAMP01576,Escherichia coli,Positive
805,dbAMP_17221,Pseudomonas aeruginosa,Positive
806,dbAMP_16634,Cryptococcus neoformans,Positive
807,dbAMP_25250,Bacillus subtilis,Positive
808,dbAMP_23955,Staphylococcus aureus,Positive
809,20017.0,Escherichia coli,Positive
810,19676.0,Klebsiella pneumoniae,Positive
811,21165.0,Staphylococcus aureus,Positive
812,dbAMP_17656,Pseudomonas aeruginosa,Positive
813,dbAMP_19103,Bacillus subtilis,Positive
814,dbAMP_15957,Enterobacter cloacae,Positive
815,dbAMP_00302,Salmonella enterica,Positive
816,dbAMP_33098,Escherichia coli,Positive
817,dbAMP_16506,Candida albicans,Positive
818,dbAMP_16027,Salmonella enterica,Positive
819,dbAMP_23746,Escherichia coli,Positive
820,dbAMP_05139,Pseudomonas aeruginosa,Positive
821,dbAMP_15887,Acinetobacter baumannii,Positive
822,dbAMP_16215,Salmonella enterica,Positive
823,dbAMP_14726,Pseudomonas aeruginosa,Positive
824,dbAMP_24274,Micrococcus luteus,Positive
825,dbAMP_20926,Staphylococcus aureus,Positive
826,dbAMP_12191,Escherichia coli,Positive
827,dbAMP_15596,Bacillus subtilis,Positive
828,dbAMP_21946,Pseudomonas aeruginosa,Positive
829,dbAMP_16811,Escherichia coli,Positive
830,dbAMP_16236,Acinetobacter baumannii,Positive
831,dbAMP_14793,Staphylococcus aureus,Positive
832,dbAMP_20568,Escherichia coli,Positive
833,dbAMP_04361,Escherichia coli,Positive
834,dbAMP_18048,Staphylococcus epidermidis,Positive
835,dbAMP_22072,Candida albicans,Positive
836,8541.0,Escherichia coli,Positive
837,dbAMP_18940,Bacillus subtilis,Positive
838,DRAMP00074,Listeria monocytogenes,Positive
839,dbAMP_17808,Pseudomonas aeruginosa,Positive
840,dbAMP_32943,Bacillus subtilis,Positive
841,2025.0,Escherichia coli,Positive
842,717.0,Bacillus subtilis,Positive
843,dbAMP_31805,Enterococcus faecium,Positive
844,dbAMP_27314,Pseudomonas aeruginosa,Positive
845,dbAMP_02335,Candida parapsilosis,Positive
846,dbAMP_21395,Staphylococcus aureus,Positive
847,DRAMP01844,Klebsiella pneumoniae,Positive
848,dbAMP_16055,Pseudomonas aeruginosa,Positive
849,dbAMP_03514,Escherichia coli,Positive
850,dbAMP_05113,Klebsiella pneumoniae,Positive
851,dbAMP_10531,Escherichia coli,Positive
852,20827.0,Enterococcus faecalis,Positive
853,dbAMP_15802,Staphylococcus aureus,Positive
854,17784.0,Staphylococcus epidermidis,Positive
855,dbAMP_23979,Escherichia coli,Positive
856,dbAMP_18040,Salmonella enterica,Positive
857,dbAMP_31801,Candida albicans,Positive
858,dbAMP_15792,Escherichia coli,Positive
859,17424.0,Acinetobacter baumannii,Positive
860,dbAMP_21723,Staphylococcus aureus,Positive
861,dbAMP_05782,Bacillus subtilis,Positive
862,dbAMP_24412,Pseudomonas aeruginosa,Positive
863,dbAMP_04249,Staphylococcus aureus,Positive
864,dbAMP_33086,Escherichia coli,Positive
865,dbAMP_27541,Micrococcus luteus,Positive
866,dbAMP_19236,Pseudomonas aeruginosa,Positive
867,dbAMP_19322,Staphylococcus aureus,Positive
868,dbAMP_18820,Escherichia coli,Positive
869,dbAMP_24012,Escherichia coli,Positive
870,7484.0,Escherichia coli,Positive
871,dbAMP_11527,Listeria monocytogenes,Positive
872,dbAMP_33632,Bacillus subtilis,Positive
873,dbAMP_22289,Bacillus cereus,Positive
874,dbAMP_15895,Bacillus cereus,Positive
875,19125.0,Escherichia coli,Positive
876,dbAMP_32932,Escherichia coli,Positive
877,dbAMP_34302,Escherichia coli,Positive
878,21528.0,Staphylococcus aureus,Positive
879,dbAMP_18637,Escherichia coli,Positive
880,dbAMP_21370,Staphylococcus aureus,Positive
881,dbAMP_18373,Pseudomonas aeruginosa,Positive
882,dbAMP_24419,Staphylococcus aureus,Positive
883,dbAMP_18052,Candida albicans,Positive
884,dbAMP_10542,Escherichia coli,Positive
885,dbAMP_10426,Micrococcus luteus,Positive
886,dbAMP_05268,Listeria monocytogenes,Positive
887,dbAMP_21226,Pseudomonas aeruginosa,Positive
888,dbAMP_24757,Escherichia coli,Positive
889,18790.0,Cryptococcus neoformans,Positive
890,dbAMP_20328,Escherichia coli,Positive
891,dbAMP_25356,Acinetobacter baumannii,Positive
892,dbAMP_23915,Staphylococcus aureus,Positive
893,dbAMP_19153,Enterobacter cloacae,Positive
894,dbAMP_05356,Staphylococcus aureus,Positive
895,dbAMP_11396,Bacillus subtilis,Positive
896,dbAMP_31729,Escherichia coli,Positive
897,dbAMP_18450,Enterococcus faecalis,Positive
898,dbAMP_11047,Staphylococcus epidermidis,Positive
899,dbAMP_15893,Escherichia coli,Positive
900,dbAMP_24296,Klebsiella pneumoniae,Positive
901,dbAMP_01616,Staphylococcus aureus,Positive
902,dbAMP_21277,Pseudomonas aeruginosa,Positive
903,dbAMP_18053,Candida parapsilosis,Positive
904,dbAMP_17994,Pseudomonas aeruginosa,Positive
905,dbAMP_27368,Staphylococcus epidermidis,Positive
906,dbAMP_20531,Candida albicans,Positive
907,dbAMP_17972,Pseudomonas aeruginosa,Positive
908,dbAMP_19217,Candida albicans,Positive
909,dbAMP_14787,Staphylococcus aureus,Positive
910,dbAMP_17097,Escherichia coli,Positive
911,dbAMP_28797,Staphylococcus aureus,Positive
912,dbAMP_02419,Pseudomonas aeruginosa,Positive
913,19913.0,Staphylococcus aureus,Positive
914,DRAMP04095,Enterococcus faecalis,Positive
915,dbAMP_16472,Candida albicans,Positive
916,dbAMP_01941,Staphylococcus aureus,Positive
917,dbAMP_17997,Pseudomonas aeruginosa,Positive
918,dbAMP_23717,Staphylococcus aureus,Positive
919,dbAMP_01594,Candida albicans,Positive
920,dbAMP_01697,Pseudomonas aeruginosa,Positive
921,dbAMP_18978,Bacillus subtilis,Positive
922,dbAMP_15811,Staphylococcus aureus,Positive
923,DRAMP18614,Bacillus subtilis,Positive
924,dbAMP_17143,Klebsiella pneumoniae,Positive
925,dbAMP_02736,Klebsiella pneumoniae,Positive
926,17225.0,Escherichia coli,Positive
927,dbAMP_16217,Pseudomonas aeruginosa,Positive
928,dbAMP_04343,Staphylococcus aureus,Positive
929,20938.0,Staphylococcus aureus,Positive
930,dbAMP_03389,Pseudomonas aeruginosa,Positive
931,dbAMP_18667,Escherichia coli,Positive
932,22166.0,Escherichia coli,Positive
933,dbAMP_17141,Acinetobacter baumannii,Positive
934,dbAMP_31443,Staphylococcus aureus,Positive
935,20057.0,Escherichia coli,Positive
936,dbAMP_22866,Escherichia coli,Positive
937,dbAMP_33027,Escherichia coli,Positive
938,dbAMP_25436,Micrococcus luteus,Positive
939,dbAMP_22841,Staphylococcus aureus,Positive
940,dbAMP_25407,Escherichia coli,Positive
941,dbAMP_16004,Klebsiella pneumoniae,Positive
942,21879.0,Acinetobacter baumannii,Positive
943,dbAMP_24075,Staphylococcus aureus,Positive
944,dbAMP_17771,Escherichia coli,Positive
945,20251.0,Pseudomonas aeruginosa,Positive
946,dbAMP_03528,Candida albicans,Positive
947,dbAMP_18139,Acinetobacter baumannii,Positive
948,22024.0,Escherichia coli,Positive
949,17513.0,Candida albicans,Positive
950,dbAMP_02112,Escherichia coli,Positive
951,dbAMP_16501,Klebsiella pneumoniae,Positive
952,dbAMP_18785,Bacillus subtilis,Positive
953,dbAMP_04742,Listeria monocytogenes,Positive
954,19906.0,Pseudomonas aeruginosa,Positive
955,dbAMP_16424,Escherichia coli,Positive
956,dbAMP_16278,Bacillus megaterium,Positive
957,dbAMP_19793,Escherichia coli,Positive
958,dbAMP_14820,Salmonella enterica,Positive
959,dbAMP_22246,Escherichia coli,Positive
960,20938.0,Acinetobacter baumannii,Positive
961,20208.0,Pseudomonas aeruginosa,Positive
962,18235.0,Escherichia coli,Positive
963,20582.0,Escherichia coli,Positive
964,dbAMP_16635,Escherichia coli,Positive
965,dbAMP_19525,Escherichia coli,Positive
966,dbAMP_33024,Bacillus subtilis,Positive
967,dbAMP_25012,Staphylococcus aureus,Positive
968,dbAMP_03238,Pseudomonas aeruginosa,Positive
969,20403.0,Escherichia coli,Positive
970,dbAMP_27117,Candida parapsilosis,Positive
971,dbAMP_33106,Pseudomonas aeruginosa,Positive
972,19605.0,Pseudomonas aeruginosa,Positive
973,19986.0,Acinetobacter baumannii,Positive
974,DRAMP02423,Staphylococcus aureus,Positive
975,dbAMP_21148,Bacillus cereus,Positive
976,22095.0,Listeria monocytogenes,Positive
977,dbAMP_22826,Candida albicans,Positive
978,dbAMP_16714,Escherichia coli,Positive
979,dbAMP_17327,Klebsiella pneumoniae,Positive
980,dbAMP_21370,Enterococcus faecium,Positive
981,dbAMP_01844,Bacillus subtilis,Positive
982,dbAMP_20663,Enterococcus faecalis,Positive
983,dbAMP_04788,Escherichia coli,Positive
984,dbAMP_33691,Escherichia coli,Positive
985,dbAMP_15829,Escherichia coli,Positive
986,dbAMP_15773,Escherichia coli,Positive
987,dbAMP_21636,Enterococcus faecalis,Positive
988,18024.0,Staphylococcus aureus,Positive
989,DRAMP20975,Listeria monocytogenes,Positive
990,20159.0,Klebsiella pneumoniae,Positive
991,22217.0,Pseudomonas aeruginosa,Positive
992,12113.0,Listeria monocytogenes,Positive
993,dbAMP_03076,Candida albicans,Positive
994,dbAMP_11568,Staphylococcus aureus,Positive
995,18785.0,Micrococcus luteus,Positive
996,dbAMP_23748,Pseudomonas aeruginosa,Positive
997,dbAMP_01257,Candida albicans,Positive
998,dbAMP_21608,Micrococcus luteus,Positive
999,dbAMP_22697,Escherichia coli,Positive
1000,dbAMP_21228,Pseudomonas aeruginosa,Positive
1001,dbAMP_02642,Staphylococcus aureus,Positive
1002,dbAMP_32012,Staphylococcus epidermidis,Positive
1003,904.0,Acinetobacter baumannii,Positive
1004,dbAMP_33030,Staphylococcus epidermidis,Positive
1005,dbAMP_05530,Staphylococcus epidermidis,Positive
1006,dbAMP_16752,Enterococcus faecium,Positive
1007,dbAMP_20678,Staphylococcus aureus,Positive
1008,dbAMP_03634,Staphylococcus aureus,Positive
1009,dbAMP_10340,Staphylococcus aureus,Positive
1010,dbAMP_11040,Escherichia coli,Positive
1011,dbAMP_04720,Bacillus subtilis,Positive
1012,dbAMP_15799,Escherichia coli,Positive
1013,dbAMP_01871,Staphylococcus aureus,Positive
1014,19949.0,Staphylococcus epidermidis,Positive
1015,dbAMP_17464,Acinetobacter baumannii,Positive
1016,20327.0,Escherichia coli,Positive
1017,12113.0,Candida parapsilosis,Positive
1018,dbAMP_16268,Pseudomonas aeruginosa,Positive
1019,dbAMP_03395,Pseudomonas aeruginosa,Positive
1020,dbAMP_23146,Bacillus subtilis,Positive
1021,dbAMP_32276,Enterococcus faecium,Positive
1022,17434.0,Escherichia coli,Positive
1023,dbAMP_20479,Micrococcus luteus,Positive
1024,dbAMP_04232,Bacillus cereus,Positive
1025,dbAMP_16533,Escherichia coli,Positive
1026,dbAMP_31634,Enterococcus faecalis,Positive
1027,DRAMP03526,Micrococcus luteus,Positive
1028,dbAMP_19411,Escherichia coli,Positive
1029,dbAMP_17140,Klebsiella pneumoniae,Positive
1030,dbAMP_21731,Staphylococcus aureus,Positive
1031,dbAMP_27662,Acinetobacter baumannii,Positive
1032,dbAMP_22484,Staphylococcus aureus,Positive
1033,dbAMP_17442,Klebsiella pneumoniae,Positive
1034,dbAMP_00105,Staphylococcus aureus,Positive
1035,21991.0,Escherichia coli,Positive
1036,21721.0,Escherichia coli,Positive
1037,dbAMP_04222,Pseudomonas aeruginosa,Positive
1038,20840.0,Candida albicans,Positive
1039,dbAMP_04472,Staphylococcus epidermidis,Positive
1040,dbAMP_20660,Staphylococcus aureus,Positive
1041,dbAMP_22011,Candida albicans,Positive
1042,dbAMP_32419,Escherichia coli,Positive
1043,dbAMP_21028,Klebsiella pneumoniae,Positive
1044,dbAMP_10482,Escherichia coli,Positive
1045,dbAMP_33193,Staphylococcus aureus,Positive
1046,dbAMP_17759,Candida albicans,Positive
1047,dbAMP_18106,Salmonella enterica,Positive
1048,dbAMP_27426,Pseudomonas aeruginosa,Positive
1049,22201.0,Enterococcus faecalis,Positive
1050,dbAMP_21041,Pseudomonas aeruginosa,Positive
1051,dbAMP_18105,Staphylococcus epidermidis,Positive
1052,14950.0,Escherichia coli,Positive
1053,dbAMP_05262,Klebsiella pneumoniae,Positive
1054,dbAMP_18072,Enterococcus faecalis,Positive
1055,7386.0,Cryptococcus neoformans,Positive
1056,18191.0,Staphylococcus epidermidis,Positive
1057,dbAMP_15774,Escherichia coli,Positive
1058,dbAMP_01481,Staphylococcus aureus,Positive
1059,dbAMP_10781,Salmonella enterica,Positive
1060,dbAMP_16011,Candida albicans,Positive
1061,dbAMP_03093,Staphylococcus aureus,Positive
1062,dbAMP_23676,Escherichia coli,Positive
1063,20567.0,Pseudomonas aeruginosa,Positive
1064,dbAMP_33178,Staphylococcus aureus,Positive
1065,dbAMP_03645,Pseudomonas aeruginosa,Positive
1066,dbAMP_18148,Salmonella enterica,Positive
1067,dbAMP_04002,Enterobacter cloacae,Positive
1068,dbAMP_01964,Acinetobacter baumannii,Positive
1069,dbAMP_17454,Klebsiella pneumoniae,Positive
1070,DRAMP03150,Escherichia coli,Positive
1071,dbAMP_01840,Staphylococcus aureus,Positive
1072,dbAMP_14885,Pseudomonas aeruginosa,Positive
1073,dbAMP_15860,Escherichia coli,Positive
1074,dbAMP_10744,Escherichia coli,Positive
1075,dbAMP_14857,Pseudomonas aeruginosa,Positive
1076,dbAMP_25224,Escherichia coli,Positive
1077,dbAMP_05155,Escherichia coli,Positive
1078,dbAMP_23689,Bacillus megaterium,Positive
1079,dbAMP_16127,Enterobacter cloacae,Positive
1080,dbAMP_03891,Escherichia coli,Positive
1081,DRAMP03599,Pseudomonas aeruginosa,Positive
1082,dbAMP_16405,Staphylococcus aureus,Positive
1083,dbAMP_10467,Listeria monocytogenes,Positive
1084,dbAMP_19839,Pseudomonas aeruginosa,Positive
1085,dbAMP_15969,Escherichia coli,Positive
1086,dbAMP_17410,Staphylococcus aureus,Positive
1087,dbAMP_19306,Bacillus cereus,Positive
1088,dbAMP_00917,Staphylococcus aureus,Positive
1089,dbAMP_15869,Salmonella enterica,Positive
1090,dbAMP_33010,Bacillus subtilis,Positive
1091,dbAMP_24012,Bacillus subtilis,Positive
1092,dbAMP_02644,Acinetobacter baumannii,Positive
1093,dbAMP_17470,Candida albicans,Positive
1094,dbAMP_22707,Listeria monocytogenes,Positive
1095,dbAMP_25089,Escherichia coli,Positive
1096,dbAMP_17453,Candida albicans,Positive
1097,3365.0,Staphylococcus aureus,Positive
1098,dbAMP_16203,Escherichia coli,Positive
1099,dbAMP_17698,Bacillus subtilis,Positive
1100,dbAMP_05531,Salmonella enterica,Positive
1101,dbAMP_16166,Escherichia coli,Positive
1102,340.0,Escherichia coli,Positive
1103,dbAMP_21455,Micrococcus luteus,Positive
1104,21980.0,Acinetobacter baumannii,Positive
1105,dbAMP_16769,Escherichia coli,Positive
1106,20055.0,Bacillus subtilis,Positive
1107,DRAMP03930,Escherichia coli,Positive
1108,dbAMP_19263,Escherichia coli,Positive
1109,717.0,Escherichia coli,Positive
1110,dbAMP_14726,Enterococcus faecalis,Positive
1111,dbAMP_02106,Bacillus cereus,Positive
1112,dbAMP_03079,Staphylococcus aureus,Positive
1113,dbAMP_15550,Salmonella enterica,Positive
1114,dbAMP_18152,Klebsiella pneumoniae,Positive
1115,dbAMP_16050,Staphylococcus aureus,Positive
1116,18288.0,Escherichia coli,Positive
1117,dbAMP_10614,Pseudomonas aeruginosa,Positive
1118,dbAMP_10497,Staphylococcus aureus,Positive
1119,dbAMP_16081,Pseudomonas aeruginosa,Positive
1120,dbAMP_12246,Pseudomonas aeruginosa,Positive
1121,dbAMP_32945,Escherichia coli,Positive
1122,dbAMP_01964,Staphylococcus aureus,Positive
1123,dbAMP_01944,Staphylococcus aureus,Positive
1124,dbAMP_02570,Escherichia coli,Positive
1125,19489.0,Enterobacter cloacae,Positive
1126,DRAMP18615,Candida albicans,Positive
1127,dbAMP_24418,Escherichia coli,Positive
1128,20932.0,Pseudomonas aeruginosa,Positive
1129,dbAMP_33690,Escherichia coli,Positive
1130,dbAMP_33689,Bacillus subtilis,Positive
1131,21174.0,Staphylococcus aureus,Positive
1132,dbAMP_21119,Listeria monocytogenes,Positive
1133,20401.0,Escherichia coli,Positive
1134,dbAMP_16914,Escherichia coli,Positive
1135,dbAMP_22525,Staphylococcus aureus,Positive
1136,dbAMP_18879,Escherichia coli,Positive
1137,dbAMP_25012,Acinetobacter baumannii,Positive
1138,dbAMP_19864,Staphylococcus epidermidis,Positive
1139,dbAMP_05192,Salmonella enterica,Positive
1140,dbAMP_17752,Escherichia coli,Positive
1141,dbAMP_17452,Escherichia coli,Positive
1142,13886.0,Pseudomonas aeruginosa,Positive
1143,dbAMP_16071,Staphylococcus aureus,Positive
1144,dbAMP_14828,Salmonella enterica,Positive
1145,18288.0,Listeria monocytogenes,Positive
1146,dbAMP_17716,Staphylococcus aureus,Positive
1147,dbAMP_17032,Pseudomonas aeruginosa,Positive
1148,dbAMP_34243,Staphylococcus aureus,Positive
1149,20601.0,Escherichia coli,Positive
1150,dbAMP_05868,Staphylococcus epidermidis,Positive
1151,dbAMP_16239,Pseudomonas aeruginosa,Positive
1152,dbAMP_32315,Escherichia coli,Positive
1153,dbAMP_27656,Micrococcus luteus,Positive
1154,dbAMP_15803,Salmonella enterica,Positive
1155,dbAMP_33110,Staphylococcus aureus,Positive
1156,dbAMP_21061,Candida albicans,Positive
1157,dbAMP_00236,Staphylococcus aureus,Positive
1158,dbAMP_33591,Bacillus cereus,Positive
1159,dbAMP_20534,Escherichia coli,Positive
1160,dbAMP_17505,Escherichia coli,Positive
1161,dbAMP_15920,Escherichia coli,Positive
1162,dbAMP_23713,Escherichia coli,Positive
1163,dbAMP_24043,Staphylococcus aureus,Positive
1164,19946.0,Salmonella enterica,Positive
1165,20579.0,Enterococcus faecium,Positive
1166,dbAMP_24292,Staphylococcus aureus,Positive
1167,dbAMP_17106,Staphylococcus aureus,Positive
1168,dbAMP_19785,Staphylococcus aureus,Positive
1169,dbAMP_17440,Cryptococcus neoformans,Positive
1170,dbAMP_10546,Staphylococcus epidermidis,Positive
1171,dbAMP_19239,Pseudomonas aeruginosa,Positive
1172,19951.0,Salmonella enterica,Positive
1173,dbAMP_05249,Cryptococcus neoformans,Positive
1174,dbAMP_16279,Micrococcus luteus,Positive
1175,dbAMP_21972,Pseudomonas aeruginosa,Positive
1176,dbAMP_20865,Salmonella enterica,Positive
1177,dbAMP_18994,Klebsiella pneumoniae,Positive
1178,dbAMP_01242,Staphylococcus aureus,Positive
1179,dbAMP_22006,Escherichia coli,Positive
1180,19683.0,Escherichia coli,Positive
1181,dbAMP_11065,Escherichia coli,Positive
1182,dbAMP_14707,Staphylococcus aureus,Positive
1183,dbAMP_17783,Enterococcus faecalis,Positive
1184,dbAMP_33015,Bacillus subtilis,Positive
1185,dbAMP_16772,Micrococcus luteus,Positive
1186,20296.0,Salmonella enterica,Positive
1187,dbAMP_02679,Pseudomonas aeruginosa,Positive
1188,19207.0,Bacillus subtilis,Positive
1189,dbAMP_33195,Staphylococcus aureus,Positive
1190,dbAMP_12051,Bacillus subtilis,Positive
1191,dbAMP_22006,Candida parapsilosis,Positive
1192,DRAMP02929,Pseudomonas aeruginosa,Positive
1193,dbAMP_24422,Pseudomonas aeruginosa,Positive
1194,dbAMP_16372,Candida albicans,Positive
1195,19516.0,Escherichia coli,Positive
1196,dbAMP_18878,Salmonella enterica,Positive
1197,dbAMP_19047,Bacillus subtilis,Positive
1198,17328.0,Staphylococcus aureus,Positive
1199,17350.0,Pseudomonas aeruginosa,Positive
1200,dbAMP_03986,Salmonella enterica,Positive
1201,dbAMP_19447,Escherichia coli,Positive
1202,dbAMP_14779,Micrococcus luteus,Positive
1203,dbAMP_21388,Staphylococcus epidermidis,Positive
1204,19477.0,Staphylococcus aureus,Positive
1205,21529.0,Enterococcus faecium,Positive
1206,22049.0,Pseudomonas aeruginosa,Positive
1207,dbAMP_04821,Bacillus cereus,Positive
1208,1026.0,Bacillus megaterium,Positive
1209,6834.0,Escherichia coli,Positive
1210,dbAMP_03640,Klebsiella pneumoniae,Positive
1211,dbAMP_18821,Escherichia coli,Positive
1212,dbAMP_22941,Enterococcus faecalis,Positive
1213,dbAMP_19320,Staphylococcus epidermidis,Positive
1214,2302.0,Candida albicans,Positive
1215,dbAMP_02117,Staphylococcus epidermidis,Positive
1216,dbAMP_27656,Acinetobacter baumannii,Positive
1217,dbAMP_03794,Listeria monocytogenes,Positive
1218,dbAMP_11859,Enterococcus faecalis,Positive
1219,20840.0,Escherichia coli,Positive
1220,dbAMP_17633,Escherichia coli,Positive
1221,dbAMP_04609,Bacillus subtilis,Positive
1222,dbAMP_17115,Cryptococcus neoformans,Positive
1223,20037.0,Salmonella enterica,Positive
1224,dbAMP_21068,Escherichia coli,Positive
1225,17224.0,Pseudomonas aeruginosa,Positive
1226,dbAMP_16075,Bacillus subtilis,Positive
1227,22101.0,Bacillus subtilis,Positive
1228,dbAMP_19420,Escherichia coli,Positive
1229,dbAMP_20785,Staphylococcus epidermidis,Positive
1230,dbAMP_16761,Listeria monocytogenes,Positive
1231,17721.0,Acinetobacter baumannii,Positive
1232,DRAMP02245,Candida albicans,Positive
1233,17529.0,Pseudomonas aeruginosa,Positive
1234,dbAMP_16739,Staphylococcus aureus,Positive
1235,dbAMP_03776,Staphylococcus aureus,Positive
1236,dbAMP_23143,Escherichia coli,Positive
1237,dbAMP_16054,Staphylococcus aureus,Positive
1238,dbAMP_15887,Klebsiella pneumoniae,Positive
1239,20502.0,Staphylococcus aureus,Positive
1240,dbAMP_17437,Cryptococcus neoformans,Positive
1241,dbAMP_23771,Escherichia coli,Positive
1242,dbAMP_18788,Salmonella enterica,Positive
1243,dbAMP_14776,Klebsiella pneumoniae,Positive
1244,dbAMP_24406,Micrococcus luteus,Positive
1245,DRAMP03140,Enterobacter cloacae,Positive
1246,21080.0,Staphylococcus aureus,Positive
1247,dbAMP_16500,Bacillus subtilis,Positive
1248,dbAMP_16784,Acinetobacter baumannii,Positive
1249,dbAMP_21370,Enterobacter cloacae,Positive
1250,dbAMP_18126,Enterococcus faecalis,Positive
1251,dbAMP_23973,Staphylococcus aureus,Positive
1252,dbAMP_23469,Staphylococcus aureus,Positive
1253,dbAMP_01953,Staphylococcus epidermidis,Positive
1254,dbAMP_19283,Salmonella enterica,Positive
1255,18122.0,Pseudomonas aeruginosa,Positive
1256,dbAMP_01958,Staphylococcus aureus,Positive
1257,19526.0,Escherichia coli,Positive
1258,dbAMP_23695,Bacillus megaterium,Positive
1259,dbAMP_14863,Micrococcus luteus,Positive
1260,dbAMP_17474,Staphylococcus aureus,Positive
1261,dbAMP_16147,Staphylococcus aureus,Positive
1262,20963.0,Pseudomonas aeruginosa,Positive
1263,dbAMP_03522,Candida albicans,Positive
1264,dbAMP_20733,Escherichia coli,Positive
1265,dbAMP_22171,Pseudomonas aeruginosa,Positive
1266,dbAMP_28848,Staphylococcus epidermidis,Positive
1267,dbAMP_20538,Enterococcus faecium,Positive
1268,dbAMP_25158,Micrococcus luteus,Positive
1269,20843.0,Bacillus subtilis,Positive
1270,dbAMP_16346,Staphylococcus aureus,Positive
1271,22376.0,Enterococcus faecium,Positive
1272,dbAMP_33000,Escherichia coli,Positive
1273,dbAMP_19277,Bacillus cereus,Positive
1274,dbAMP_23629,Micrococcus luteus,Positive
1275,dbAMP_32951,Bacillus subtilis,Positive
1276,dbAMP_19223,Pseudomonas aeruginosa,Positive
1277,10154.0,Enterococcus faecium,Positive
1278,dbAMP_00302,Listeria monocytogenes,Positive
1279,dbAMP_23802,Candida albicans,Positive
1280,dbAMP_27661,Escherichia coli,Positive
1281,dbAMP_03082,Salmonella enterica,Positive
1282,dbAMP_22638,Escherichia coli,Positive
1283,dbAMP_23037,Bacillus subtilis,Positive
1284,dbAMP_31809,Staphylococcus aureus,Positive
1285,DRAMP01497,Escherichia coli,Positive
1286,dbAMP_17636,Bacillus megaterium,Positive
1287,dbAMP_21244,Escherichia coli,Positive
1288,dbAMP_24273,Staphylococcus epidermidis,Positive
1289,dbAMP_19554,Escherichia coli,Positive
1290,dbAMP_01961,Staphylococcus aureus,Positive
1291,18069.0,Bacillus subtilis,Positive
1292,18122.0,Bacillus subtilis,Positive
1293,20843.0,Bacillus cereus,Positive
1294,dbAMP_17716,Staphylococcus epidermidis,Positive
1295,dbAMP_27149,Acinetobacter baumannii,Positive
1296,19123.0,Staphylococcus epidermidis,Positive
1297,dbAMP_19129,Pseudomonas aeruginosa,Positive
1298,dbAMP_04014,Pseudomonas aeruginosa,Positive
1299,DRAMP03532,Escherichia coli,Positive
1300,dbAMP_23286,Salmonella enterica,Positive
1301,21980.0,Escherichia coli,Positive
1302,dbAMP_24774,Listeria monocytogenes,Positive
1303,dbAMP_32467,Bacillus subtilis,Positive
1304,dbAMP_17122,Staphylococcus aureus,Positive
1305,dbAMP_20352,Escherichia coli,Positive
1306,dbAMP_20465,Staphylococcus aureus,Positive
1307,DRAMP21189,Escherichia coli,Positive
1308,20012.0,Bacillus cereus,Positive
1309,dbAMP_16102,Pseudomonas aeruginosa,Positive
1310,20890.0,Salmonella enterica,Positive
1311,dbAMP_16475,Candida albicans,Positive
1312,dbAMP_04656,Escherichia coli,Positive
1313,dbAMP_24308,Escherichia coli,Positive
1314,dbAMP_14821,Escherichia coli,Positive
1315,dbAMP_25334,Escherichia coli,Positive
1316,dbAMP_18574,Escherichia coli,Positive
1317,19556.0,Salmonella enterica,Positive
1318,dbAMP_22842,Staphylococcus aureus,Positive
1319,dbAMP_11857,Pseudomonas aeruginosa,Positive
1320,5243.0,Bacillus subtilis,Positive
1321,dbAMP_21896,Pseudomonas aeruginosa,Positive
1322,dbAMP_25418,Salmonella enterica,Positive
1323,22217.0,Escherichia coli,Positive
1324,dbAMP_33694,Pseudomonas aeruginosa,Positive
1325,dbAMP_11308,Escherichia coli,Positive
1326,dbAMP_17098,Listeria monocytogenes,Positive
1327,dbAMP_17964,Staphylococcus epidermidis,Positive
1328,dbAMP_20519,Bacillus subtilis,Positive
1329,dbAMP_18075,Escherichia coli,Positive
1330,dbAMP_10467,Staphylococcus aureus,Positive
1331,dbAMP_25305,Staphylococcus aureus,Positive
1332,dbAMP_18586,Klebsiella pneumoniae,Positive
1333,dbAMP_20250,Escherichia coli,Positive
1334,DRAMP02391,Pseudomonas aeruginosa,Positive
1335,17184.0,Klebsiella pneumoniae,Positive
1336,dbAMP_31661,Acinetobacter baumannii,Positive
1337,dbAMP_32543,Escherichia coli,Positive
1338,dbAMP_33843,Escherichia coli,Positive
1339,DRAMP02423,Escherichia coli,Positive
1340,dbAMP_27532,Cryptococcus neoformans,Positive
1341,dbAMP_21731,Escherichia coli,Positive
1342,dbAMP_17458,Bacillus subtilis,Positive
1343,dbAMP_19579,Escherichia coli,Positive
1344,dbAMP_20467,Klebsiella pneumoniae,Positive
1345,dbAMP_31876,Bacillus megaterium,Positive
1346,dbAMP_14836,Staphylococcus aureus,Positive
1347,dbAMP_22038,Bacillus subtilis,Positive
1348,dbAMP_22573,Staphylococcus aureus,Positive
1349,dbAMP_14775,Bacillus megaterium,Positive
1350,dbAMP_25330,Salmonella enterica,Positive
1351,dbAMP_04359,Pseudomonas aeruginosa,Positive
1352,dbAMP_24819,Escherichia coli,Positive
1353,dbAMP_15923,Candida albicans,Positive
1354,19674.0,Acinetobacter baumannii,Positive
1355,19929.0,Pseudomonas aeruginosa,Positive
1356,dbAMP_22080,Candida albicans,Positive
1357,dbAMP_21220,Pseudomonas aeruginosa,Positive
1358,dbAMP_33229,Staphylococcus aureus,Positive
1359,dbAMP_27418,Salmonella enterica,Positive
1360,dbAMP_04749,Candida albicans,Positive
1361,19942.0,Escherichia coli,Positive
1362,759.0,Staphylococcus epidermidis,Positive
1363,dbAMP_16908,Staphylococcus aureus,Positive
1364,19500.0,Acinetobacter baumannii,Positive
1365,dbAMP_16587,Pseudomonas aeruginosa,Positive
1366,dbAMP_11932,Escherichia coli,Positive
1367,dbAMP_16884,Staphylococcus aureus,Positive
1368,19605.0,Bacillus subtilis,Positive
1369,dbAMP_03696,Bacillus subtilis,Positive
1370,dbAMP_18939,Bacillus subtilis,Positive
1371,dbAMP_15830,Pseudomonas aeruginosa,Positive
1372,20068.0,Bacillus subtilis,Positive
1373,18294.0,Escherichia coli,Positive
1374,dbAMP_18798,Salmonella enterica,Positive
1375,dbAMP_27289,Escherichia coli,Positive
1376,18640.0,Pseudomonas aeruginosa,Positive
1377,20153.0,Staphylococcus aureus,Positive
1378,dbAMP_11238,Escherichia coli,Positive
1379,20169.0,Acinetobacter baumannii,Positive
1380,dbAMP_02954,Escherichia coli,Positive
1381,dbAMP_34369,Staphylococcus aureus,Positive
1382,dbAMP_21299,Escherichia coli,Positive
1383,dbAMP_21225,Bacillus subtilis,Positive
1384,21618.0,Escherichia coli,Positive
1385,dbAMP_00593,Bacillus subtilis,Positive
1386,dbAMP_16530,Pseudomonas aeruginosa,Positive
1387,dbAMP_03125,Staphylococcus epidermidis,Positive
1388,dbAMP_17929,Escherichia coli,Positive
1389,dbAMP_22175,Escherichia coli,Positive
1390,dbAMP_16246,Candida albicans,Positive
1391,dbAMP_17057,Bacillus cereus,Positive
1392,DRAMP02854,Staphylococcus aureus,Positive
1393,dbAMP_14723,Staphylococcus epidermidis,Positive
1394,dbAMP_19297,Staphylococcus aureus,Positive
1395,dbAMP_23993,Staphylococcus aureus,Positive
1396,dbAMP_33321,Candida albicans,Positive
1397,dbAMP_22939,Escherichia coli,Positive
1398,dbAMP_05998,Staphylococcus aureus,Positive
1399,dbAMP_10839,Acinetobacter baumannii,Positive
1400,dbAMP_33262,Staphylococcus aureus,Positive
1401,dbAMP_19225,Staphylococcus epidermidis,Positive
1402,dbAMP_18370,Salmonella enterica,Positive
1403,dbAMP_04815,Escherichia coli,Positive
1404,dbAMP_01660,Staphylococcus epidermidis,Positive
1405,dbAMP_27157,Enterococcus faecium,Positive
1406,dbAMP_15899,Pseudomonas aeruginosa,Positive
1407,1026.0,Pseudomonas aeruginosa,Positive
1408,dbAMP_01714,Enterococcus faecalis,Positive
1409,dbAMP_10527,Escherichia coli,Positive
1410,dbAMP_04959,Staphylococcus aureus,Positive
1411,dbAMP_22691,Staphylococcus aureus,Positive
1412,19673.0,Escherichia coli,Positive
1413,dbAMP_19310,Pseudomonas aeruginosa,Positive
1414,dbAMP_14877,Staphylococcus aureus,Positive
1415,dbAMP_04604,Salmonella enterica,Positive
1416,20494.0,Staphylococcus aureus,Positive
1417,dbAMP_34252,Escherichia coli,Positive
1418,dbAMP_02104,Staphylococcus aureus,Positive
1419,dbAMP_32315,Staphylococcus aureus,Positive
1420,19612.0,Klebsiella pneumoniae,Positive
1421,dbAMP_18105,Listeria monocytogenes,Positive
1422,dbAMP_18835,Pseudomonas aeruginosa,Positive
1423,18174.0,Klebsiella pneumoniae,Positive
1424,dbAMP_25010,Escherichia coli,Positive
1425,dbAMP_18157,Pseudomonas aeruginosa,Positive
1426,dbAMP_22626,Escherichia coli,Positive
1427,DRAMP02391,Staphylococcus aureus,Positive
1428,dbAMP_16768,Staphylococcus aureus,Positive
1429,dbAMP_25091,Staphylococcus epidermidis,Positive
1430,dbAMP_24821,Staphylococcus aureus,Positive
1431,dbAMP_22937,Staphylococcus aureus,Positive
1432,dbAMP_18373,Escherichia coli,Positive
1433,dbAMP_23598,Escherichia coli,Positive
1434,19705.0,Acinetobacter baumannii,Positive
1435,dbAMP_19307,Pseudomonas aeruginosa,Positive
1436,dbAMP_21432,Salmonella enterica,Positive
1437,dbAMP_21972,Enterobacter cloacae,Positive
1438,dbAMP_20743,Staphylococcus epidermidis,Positive
1439,19318.0,Candida albicans,Positive
1440,dbAMP_22027,Escherichia coli,Positive
1441,dbAMP_23212,Escherichia coli,Positive
1442,18169.0,Escherichia coli,Positive
1443,dbAMP_33958,Escherichia coli,Positive
1444,717.0,Staphylococcus aureus,Positive
1445,dbAMP_05513,Escherichia coli,Positive
1446,dbAMP_32951,Staphylococcus aureus,Positive
1447,dbAMP_33086,Acinetobacter baumannii,Positive
1448,dbAMP_18528,Pseudomonas aeruginosa,Positive
1449,dbAMP_19732,Escherichia coli,Positive
1450,dbAMP_24029,Staphylococcus aureus,Positive
1451,dbAMP_18144,Escherichia coli,Positive
1452,dbAMP_03655,Bacillus subtilis,Positive
1453,dbAMP_22143,Escherichia coli,Positive
1454,dbAMP_25116,Pseudomonas aeruginosa,Positive
1455,19551.0,Pseudomonas aeruginosa,Positive
1456,dbAMP_15882,Staphylococcus aureus,Positive
1457,dbAMP_19371,Micrococcus luteus,Positive
1458,dbAMP_33120,Bacillus cereus,Positive
1459,21410.0,Pseudomonas aeruginosa,Positive
1460,dbAMP_05835,Escherichia coli,Positive
1461,20150.0,Staphylococcus aureus,Positive
1462,22098.0,Listeria monocytogenes,Positive
1463,dbAMP_03365,Staphylococcus aureus,Positive
1464,19777.0,Staphylococcus epidermidis,Positive
1465,dbAMP_23919,Candida albicans,Positive
1466,dbAMP_31701,Enterococcus faecium,Positive
1467,dbAMP_19129,Escherichia coli,Positive
1468,dbAMP_25353,Salmonella enterica,Positive
1469,dbAMP_05455,Candida albicans,Positive
1470,dbAMP_00259,Salmonella enterica,Positive
1471,20853.0,Staphylococcus epidermidis,Positive
1472,763.0,Bacillus subtilis,Positive
1473,20318.0,Escherichia coli,Positive
1474,dbAMP_09692,Escherichia coli,Positive
1475,dbAMP_24376,Escherichia coli,Positive
1476,dbAMP_14702,Micrococcus luteus,Positive
1477,dbAMP_28793,Staphylococcus aureus,Positive
1478,dbAMP_05896,Bacillus subtilis,Positive
1479,dbAMP_21494,Micrococcus luteus,Positive
1480,dbAMP_21896,Salmonella enterica,Positive
1481,dbAMP_16000,Pseudomonas aeruginosa,Positive
1482,dbAMP_01840,Bacillus subtilis,Positive
1483,dbAMP_22152,Acinetobacter baumannii,Positive
1484,dbAMP_22009,Candida parapsilosis,Positive
1485,dbAMP_18098,Staphylococcus aureus,Positive
1486,dbAMP_16880,Pseudomonas aeruginosa,Positive
1487,dbAMP_22145,Escherichia coli,Positive
1488,dbAMP_24954,Klebsiella pneumoniae,Positive
1489,dbAMP_20322,Enterococcus faecalis,Positive
1490,dbAMP_23252,Micrococcus luteus,Positive
1491,dbAMP_05450,Escherichia coli,Positive
1492,dbAMP_18606,Candida albicans,Positive
1493,22315.0,Klebsiella pneumoniae,Positive
1494,dbAMP_33387,Listeria monocytogenes,Positive
1495,19520.0,Escherichia coli,Positive
1496,19203.0,Salmonella enterica,Positive
1497,dbAMP_16440,Salmonella enterica,Positive
1498,dbAMP_02395,Escherichia coli,Positive
1499,dbAMP_33031,Escherichia coli,Positive
1500,21715.0,Staphylococcus aureus,Positive
1501,dbAMP_19128,Staphylococcus aureus,Positive
1502,dbAMP_14889,Escherichia coli,Positive
1503,dbAMP_16556,Escherichia coli,Positive
1504,19706.0,Staphylococcus aureus,Positive
1505,dbAMP_01665,Salmonella enterica,Positive
1506,dbAMP_03655,Escherichia coli,Positive
1507,DRAMP18488,Staphylococcus aureus,Positive
1508,dbAMP_03291,Enterococcus faecalis,Positive
1509,dbAMP_27354,Escherichia coli,Positive
1510,dbAMP_11781,Enterobacter cloacae,Positive
1511,20149.0,Escherichia coli,Positive
1512,dbAMP_10978,Escherichia coli,Positive
1513,dbAMP_22617,Staphylococcus aureus,Positive
1514,dbAMP_17071,Escherichia coli,Positive
1515,dbAMP_04474,Escherichia coli,Positive
1516,19285.0,Candida albicans,Positive
1517,dbAMP_16124,Staphylococcus aureus,Positive
1518,7041.0,Escherichia coli,Positive
1519,dbAMP_01704,Pseudomonas aeruginosa,Positive
1520,dbAMP_16026,Bacillus subtilis,Positive
1521,dbAMP_03638,Staphylococcus aureus,Positive
1522,dbAMP_19046,Staphylococcus epidermidis,Positive
1523,dbAMP_05513,Staphylococcus aureus,Positive
1524,dbAMP_32041,Staphylococcus epidermidis,Positive
1525,20056.0,Staphylococcus aureus,Positive
1526,dbAMP_10433,Staphylococcus epidermidis,Positive
1527,dbAMP_33103,Klebsiella pneumoniae,Positive
1528,dbAMP_19259,Salmonella enterica,Positive
1529,dbAMP_34140,Staphylococcus aureus,Positive
1530,dbAMP_20305,Bacillus cereus,Positive
1531,dbAMP_03079,Escherichia coli,Positive
1532,1824.0,Micrococcus luteus,Positive
1533,dbAMP_20520,Pseudomonas aeruginosa,Positive
1534,17247.0,Pseudomonas aeruginosa,Positive
1535,dbAMP_17969,Escherichia coli,Positive
1536,dbAMP_15397,Staphylococcus aureus,Positive
1537,dbAMP_24899,Bacillus subtilis,Positive
1538,dbAMP_02029,Escherichia coli,Positive
1539,22100.0,Listeria monocytogenes,Positive
1540,dbAMP_22001,Staphylococcus aureus,Positive
1541,dbAMP_34039,Staphylococcus aureus,Positive
1542,dbAMP_11781,Candida parapsilosis,Positive
1543,dbAMP_23148,Escherichia coli,Positive
1544,22251.0,Bacillus subtilis,Positive
1545,dbAMP_21532,Enterococcus faecalis,Positive
1546,dbAMP_04609,Salmonella enterica,Positive
1547,19947.0,Salmonella enterica,Positive
1548,dbAMP_19268,Pseudomonas aeruginosa,Positive
1549,dbAMP_04791,Klebsiella pneumoniae,Positive
1550,21171.0,Pseudomonas aeruginosa,Positive
1551,dbAMP_31969,Bacillus cereus,Positive
1552,dbAMP_00990,Staphylococcus aureus,Positive
1553,dbAMP_04223,Staphylococcus aureus,Positive
1554,dbAMP_21258,Candida albicans,Positive
1555,dbAMP_05477,Acinetobacter baumannii,Positive
1556,17427.0,Cryptococcus neoformans,Positive
1557,dbAMP_20678,Candida albicans,Positive
1558,dbAMP_16094,Escherichia coli,Positive
1559,19606.0,Bacillus subtilis,Positive
1560,dbAMP_10266,Micrococcus luteus,Positive
1561,3382.0,Candida albicans,Positive
1562,dbAMP_05798,Enterococcus faecalis,Positive
1563,19572.0,Staphylococcus aureus,Positive
1564,dbAMP_18100,Staphylococcus epidermidis,Positive
1565,19671.0,Escherichia coli,Positive
1566,dbAMP_04733,Pseudomonas aeruginosa,Positive
1567,dbAMP_16260,Salmonella enterica,Positive
1568,20575.0,Staphylococcus aureus,Positive
1569,dbAMP_33595,Pseudomonas aeruginosa,Positive
1570,dbAMP_18375,Escherichia coli,Positive
1571,dbAMP_17963,Pseudomonas aeruginosa,Positive
1572,dbAMP_17960,Candida albicans,Positive
1573,dbAMP_24400,Pseudomonas aeruginosa,Positive
1574,dbAMP_23763,Escherichia coli,Positive
1575,dbAMP_33242,Staphylococcus aureus,Positive
1576,dbAMP_22143,Cryptococcus neoformans,Positive
1577,dbAMP_01289,Staphylococcus aureus,Positive
1578,dbAMP_11856,Bacillus subtilis,Positive
1579,dbAMP_25193,Candida albicans,Positive
1580,dbAMP_02247,Acinetobacter baumannii,Positive
1581,dbAMP_17570,Bacillus subtilis,Positive
1582,18608.0,Escherichia coli,Positive
1583,dbAMP_22734,Micrococcus luteus,Positive
1584,dbAMP_09795,Escherichia coli,Positive
1585,dbAMP_18874,Pseudomonas aeruginosa,Positive
1586,dbAMP_24166,Escherichia coli,Positive
1587,dbAMP_19421,Escherichia coli,Positive
1588,dbAMP_02860,Bacillus subtilis,Positive
1589,dbAMP_19044,Staphylococcus aureus,Positive
1590,dbAMP_34239,Staphylococcus aureus,Positive
1591,dbAMP_18526,Escherichia coli,Positive
1592,dbAMP_23260,Bacillus subtilis,Positive
1593,dbAMP_23237,Staphylococcus aureus,Positive
1594,20155.0,Escherichia coli,Positive
1595,dbAMP_24046,Staphylococcus aureus,Positive
1596,dbAMP_33011,Pseudomonas aeruginosa,Positive
1597,DRAMP21083,Escherichia coli,Positive
1598,dbAMP_16940,Escherichia coli,Positive
1599,dbAMP_33100,Acinetobacter baumannii,Positive
1600,dbAMP_17024,Escherichia coli,Positive
1601,dbAMP_04457,Salmonella enterica,Positive
1602,dbAMP_05281,Enterococcus faecalis,Positive
1603,dbAMP_18935,Bacillus subtilis,Positive
1604,dbAMP_17555,Salmonella enterica,Positive
1605,dbAMP_16252,Micrococcus luteus,Positive
1606,dbAMP_23931,Pseudomonas aeruginosa,Positive
1607,dbAMP_11040,Candida albicans,Positive
1608,dbAMP_00404,Staphylococcus aureus,Positive
1609,dbAMP_02418,Escherichia coli,Positive
1610,dbAMP_33373,Pseudomonas aeruginosa,Positive
1611,dbAMP_10177,Candida albicans,Positive
1612,dbAMP_16197,Escherichia coli,Positive
1613,dbAMP_03760,Listeria monocytogenes,Positive
1614,dbAMP_24264,Bacillus subtilis,Positive
1615,dbAMP_34242,Staphylococcus aureus,Positive
1616,19616.0,Bacillus subtilis,Positive
1617,dbAMP_21407,Escherichia coli,Positive
1618,dbAMP_19035,Escherichia coli,Positive
1619,dbAMP_19301,Enterococcus faecalis,Positive
1620,19673.0,Enterobacter cloacae,Positive
1621,dbAMP_22890,Acinetobacter baumannii,Positive
1622,dbAMP_22028,Staphylococcus aureus,Positive
1623,dbAMP_23935,Candida albicans,Positive
1624,dbAMP_22723,Staphylococcus aureus,Positive
1625,dbAMP_25214,Klebsiella pneumoniae,Positive
1626,dbAMP_34013,Acinetobacter baumannii,Positive
1627,dbAMP_03061,Bacillus cereus,Positive
1628,dbAMP_21953,Escherichia coli,Positive
1629,dbAMP_18180,Staphylococcus epidermidis,Positive
1630,5346.0,Staphylococcus epidermidis,Positive
1631,dbAMP_17469,Escherichia coli,Positive
1632,dbAMP_18793,Staphylococcus aureus,Positive
1633,dbAMP_16942,Salmonella enterica,Positive
1634,dbAMP_21042,Bacillus subtilis,Positive
1635,dbAMP_14710,Escherichia coli,Positive
1636,dbAMP_16748,Escherichia coli,Positive
1637,dbAMP_24653,Bacillus subtilis,Positive
1638,dbAMP_12052,Salmonella enterica,Positive
1639,dbAMP_03504,Bacillus cereus,Positive
1640,19126.0,Staphylococcus epidermidis,Positive
1641,dbAMP_15972,Salmonella enterica,Positive
1642,dbAMP_10642,Bacillus subtilis,Positive
1643,DRAMP03877,Enterococcus faecalis,Positive
1644,dbAMP_10482,Staphylococcus epidermidis,Positive
1645,dbAMP_16582,Pseudomonas aeruginosa,Positive
1646,dbAMP_18231,Candida albicans,Positive
1647,dbAMP_21309,Escherichia coli,Positive
1648,19706.0,Enterobacter cloacae,Positive
1649,dbAMP_22399,Bacillus subtilis,Positive
1650,dbAMP_00407,Staphylococcus epidermidis,Positive
1651,dbAMP_19727,Salmonella enterica,Positive
1652,20494.0,Salmonella enterica,Positive
1653,17350.0,Salmonella enterica,Positive
1654,dbAMP_16511,Pseudomonas aeruginosa,Positive
1655,20501.0,Acinetobacter baumannii,Positive
1656,dbAMP_24916,Micrococcus luteus,Positive
1657,dbAMP_23615,Bacillus subtilis,Positive
1658,dbAMP_16263,Pseudomonas aeruginosa,Positive
1659,dbAMP_09743,Klebsiella pneumoniae,Positive
1660,dbAMP_23956,Candida albicans,Positive
1661,dbAMP_19097,Bacillus subtilis,Positive
1662,22093.0,Staphylococcus aureus,Positive
1663,dbAMP_23982,Staphylococcus aureus,Positive
1664,dbAMP_15879,Candida albicans,Positive
1665,dbAMP_02419,Escherichia coli,Positive
1666,dbAMP_19299,Bacillus subtilis,Positive
1667,dbAMP_34103,Escherichia coli,Positive
1668,dbAMP_10167,Escherichia coli,Positive
1669,19827.0,Enterococcus faecium,Positive
1670,dbAMP_03752,Staphylococcus aureus,Positive
1671,dbAMP_18789,Staphylococcus epidermidis,Positive
1672,dbAMP_19389,Micrococcus luteus,Positive
1673,dbAMP_16228,Salmonella enterica,Positive
1674,dbAMP_17477,Escherichia coli,Positive
1675,dbAMP_19309,Enterococcus faecalis,Positive
1676,dbAMP_20287,Pseudomonas aeruginosa,Positive
1677,DRAMP02861,Staphylococcus aureus,Positive
1678,dbAMP_33682,Staphylococcus epidermidis,Positive
1679,dbAMP_19562,Staphylococcus aureus,Positive
1680,dbAMP_01843,Pseudomonas aeruginosa,Positive
1681,dbAMP_02994,Salmonella enterica,Positive
1682,dbAMP_27576,Escherichia coli,Positive
1683,dbAMP_19302,Staphylococcus aureus,Positive
1684,dbAMP_22969,Staphylococcus epidermidis,Positive
1685,19672.0,Pseudomonas aeruginosa,Positive
1686,dbAMP_23112,Pseudomonas aeruginosa,Positive
1687,19198.0,Pseudomonas aeruginosa,Positive
1688,dbAMP_04524,Micrococcus luteus,Positive
1689,dbAMP_34161,Escherichia coli,Positive
1690,dbAMP_14703,Bacillus subtilis,Positive
1691,dbAMP_03247,Bacillus subtilis,Positive
1692,dbAMP_19783,Candida albicans,Positive
1693,dbAMP_16054,Escherichia coli,Positive
1694,dbAMP_22137,Candida albicans,Positive
1695,dbAMP_02937,Bacillus megaterium,Positive
1696,dbAMP_33697,Staphylococcus aureus,Positive
1697,dbAMP_21033,Pseudomonas aeruginosa,Positive
1698,dbAMP_18393,Pseudomonas aeruginosa,Positive
1699,dbAMP_34333,Escherichia coli,Positive
1700,dbAMP_10433,Candida albicans,Positive
1701,dbAMP_25337,Staphylococcus aureus,Positive
1702,dbAMP_21112,Klebsiella pneumoniae,Positive
1703,dbAMP_01722,Staphylococcus aureus,Positive
1704,dbAMP_16781,Bacillus cereus,Positive
1705,dbAMP_18542,Escherichia coli,Positive
1706,dbAMP_18522,Acinetobacter baumannii,Positive
1707,18893.0,Staphylococcus aureus,Positive
1708,dbAMP_22620,Escherichia coli,Positive
1709,dbAMP_24002,Staphylococcus aureus,Positive
1710,dbAMP_17753,Escherichia coli,Positive
1711,dbAMP_23519,Staphylococcus aureus,Positive
1712,dbAMP_23539,Escherichia coli,Positive
1713,dbAMP_01697,Candida albicans,Positive
1714,dbAMP_19303,Salmonella enterica,Positive
1715,dbAMP_02698,Staphylococcus aureus,Positive
1716,dbAMP_33101,Staphylococcus aureus,Positive
1717,dbAMP_04826,Micrococcus luteus,Positive
1718,dbAMP_16245,Escherichia coli,Positive
1719,dbAMP_11289,Staphylococcus aureus,Positive
1720,dbAMP_31633,Bacillus subtilis,Positive
1721,19634.0,Staphylococcus aureus,Positive
1722,22278.0,Escherichia coli,Positive
1723,dbAMP_17471,Pseudomonas aeruginosa,Positive
1724,dbAMP_16784,Staphylococcus aureus,Positive
1725,dbAMP_18729,Escherichia coli,Positive
1726,dbAMP_28836,Escherichia coli,Positive
1727,dbAMP_19422,Escherichia coli,Positive
1728,17309.0,Pseudomonas aeruginosa,Positive
1729,19682.0,Staphylococcus epidermidis,Positive
1730,DRAMP03181,Bacillus subtilis,Positive
1731,dbAMP_20132,Micrococcus luteus,Positive
1732,dbAMP_18639,Escherichia coli,Positive
1733,DRAMP20787,Staphylococcus aureus,Positive
1734,dbAMP_01837,Micrococcus luteus,Positive
1735,dbAMP_10527,Staphylococcus epidermidis,Positive
1736,dbAMP_33233,Staphylococcus aureus,Positive
1737,18747.0,Enterococcus faecalis,Positive
1738,dbAMP_01701,Bacillus subtilis,Positive
1739,dbAMP_14827,Pseudomonas aeruginosa,Positive
1740,dbAMP_02784,Pseudomonas aeruginosa,Positive
1741,21742.0,Klebsiella pneumoniae,Positive
1742,dbAMP_16247,Escherichia coli,Positive
1743,dbAMP_16916,Escherichia coli,Positive
1744,dbAMP_19365,Candida albicans,Positive
1745,19643.0,Pseudomonas aeruginosa,Positive
1746,dbAMP_23884,Candida parapsilosis,Positive
1747,dbAMP_19293,Staphylococcus aureus,Positive
1748,dbAMP_16116,Enterococcus faecium,Positive
1749,20176.0,Bacillus subtilis,Positive
1750,dbAMP_05512,Bacillus subtilis,Positive
1751,dbAMP_23266,Escherichia coli,Positive
1752,dbAMP_18245,Escherichia coli,Positive
1753,dbAMP_02511,Bacillus subtilis,Positive
1754,dbAMP_02479,Escherichia coli,Positive
1755,dbAMP_17437,Bacillus subtilis,Positive
1756,dbAMP_01887,Bacillus subtilis,Positive
1757,dbAMP_10940,Escherichia coli,Positive
1758,dbAMP_31691,Staphylococcus epidermidis,Positive
1759,dbAMP_27443,Enterobacter cloacae,Positive
1760,20575.0,Pseudomonas aeruginosa,Positive
1761,dbAMP_25443,Enterococcus faecium,Positive
1762,dbAMP_27845,Micrococcus luteus,Positive
1763,dbAMP_19260,Salmonella enterica,Positive
1764,dbAMP_34300,Staphylococcus aureus,Positive
1765,dbAMP_09813,Klebsiella pneumoniae,Positive
1766,dbAMP_03753,Salmonella enterica,Positive
1767,20270.0,Pseudomonas aeruginosa,Positive
1768,dbAMP_33725,Staphylococcus aureus,Positive
1769,21446.0,Staphylococcus aureus,Positive
1770,dbAMP_10716,Pseudomonas aeruginosa,Positive
1771,dbAMP_23228,Staphylococcus epidermidis,Positive
1772,19937.0,Acinetobacter baumannii,Positive
1773,21532.0,Bacillus subtilis,Positive
1774,dbAMP_22647,Candida albicans,Positive
1775,21172.0,Escherichia coli,Positive
1776,21867.0,Escherichia coli,Positive
1777,dbAMP_22033,Bacillus subtilis,Positive
1778,dbAMP_28208,Staphylococcus epidermidis,Positive
1779,dbAMP_33118,Acinetobacter baumannii,Positive
1780,dbAMP_16501,Staphylococcus aureus,Positive
1781,dbAMP_15970,Bacillus megaterium,Positive
1782,dbAMP_16084,Staphylococcus aureus,Positive
1783,dbAMP_01711,Staphylococcus aureus,Positive
1784,dbAMP_02419,Bacillus subtilis,Positive
1785,dbAMP_05290,Pseudomonas aeruginosa,Positive
1786,dbAMP_04656,Pseudomonas aeruginosa,Positive
1787,dbAMP_17148,Pseudomonas aeruginosa,Positive
1788,19243.0,Klebsiella pneumoniae,Positive
1789,dbAMP_22959,Bacillus megaterium,Positive
1790,dbAMP_23363,Escherichia coli,Positive
1791,dbAMP_23901,Escherichia coli,Positive
1792,dbAMP_18433,Staphylococcus aureus,Positive
1793,dbAMP_02706,Escherichia coli,Positive
1794,dbAMP_11778,Bacillus subtilis,Positive
1795,dbAMP_03089,Staphylococcus aureus,Positive
1796,dbAMP_34589,Pseudomonas aeruginosa,Positive
1797,dbAMP_04812,Escherichia coli,Positive
1798,17879.0,Staphylococcus aureus,Positive
1799,dbAMP_34137,Staphylococcus aureus,Positive
1800,dbAMP_21168,Escherichia coli,Positive
1801,dbAMP_33695,Staphylococcus aureus,Positive
1802,dbAMP_20743,Salmonella enterica,Positive
1803,dbAMP_01454,Bacillus subtilis,Positive
1804,dbAMP_23144,Salmonella enterica,Positive
1805,dbAMP_32952,Staphylococcus aureus,Positive
1806,dbAMP_15958,Cryptococcus neoformans,Positive
1807,dbAMP_16225,Staphylococcus aureus,Positive
1808,dbAMP_05513,Salmonella enterica,Positive
1809,20540.0,Bacillus subtilis,Positive
1810,21150.0,Candida albicans,Positive
1811,dbAMP_03794,Pseudomonas aeruginosa,Positive
1812,dbAMP_24802,Staphylococcus aureus,Positive
1813,dbAMP_27428,Acinetobacter baumannii,Positive
1814,dbAMP_10340,Cryptococcus neoformans,Positive
1815,dbAMP_10847,Listeria monocytogenes,Positive
1816,dbAMP_18104,Staphylococcus epidermidis,Positive
1817,dbAMP_10510,Escherichia coli,Positive
1818,dbAMP_31314,Escherichia coli,Positive
1819,22213.0,Acinetobacter baumannii,Positive
1820,19945.0,Staphylococcus aureus,Positive
1821,dbAMP_14894,Staphylococcus aureus,Positive
1822,dbAMP_21611,Micrococcus luteus,Positive
1823,2513.0,Escherichia coli,Positive
1824,dbAMP_33028,Acinetobacter baumannii,Positive
1825,dbAMP_01910,Candida albicans,Positive
1826,dbAMP_19804,Pseudomonas aeruginosa,Positive
1827,dbAMP_17683,Bacillus subtilis,Positive
1828,dbAMP_19803,Pseudomonas aeruginosa,Positive
1829,dbAMP_01704,Escherichia coli,Positive
1830,dbAMP_03212,Listeria monocytogenes,Positive
1831,dbAMP_16098,Escherichia coli,Positive
1832,dbAMP_19256,Salmonella enterica,Positive
1833,19123.0,Escherichia coli,Positive
1834,dbAMP_12178,Escherichia coli,Positive
1835,20058.0,Bacillus subtilis,Positive
1836,dbAMP_16373,Staphylococcus epidermidis,Positive
1837,dbAMP_03221,Acinetobacter baumannii,Positive
1838,14099.0,Listeria monocytogenes,Positive
1839,dbAMP_20253,Staphylococcus aureus,Positive
1840,dbAMP_15955,Pseudomonas aeruginosa,Positive
1841,dbAMP_15768,Escherichia coli,Positive
1842,dbAMP_15857,Staphylococcus aureus,Positive
1843,dbAMP_25423,Escherichia coli,Positive
1844,dbAMP_10412,Staphylococcus aureus,Positive
1845,19367.0,Escherichia coli,Positive
1846,dbAMP_16143,Micrococcus luteus,Positive
1847,dbAMP_33314,Staphylococcus aureus,Positive
1848,dbAMP_19360,Pseudomonas aeruginosa,Positive
1849,dbAMP_16714,Klebsiella pneumoniae,Positive
1850,19940.0,Escherichia coli,Positive
1851,dbAMP_17522,Candida albicans,Positive
1852,dbAMP_16028,Salmonella enterica,Positive
1853,dbAMP_24750,Pseudomonas aeruginosa,Positive
1854,1361.0,Staphylococcus epidermidis,Positive
1855,dbAMP_23524,Bacillus subtilis,Positive
1856,dbAMP_16770,Escherichia coli,Positive
1857,19291.0,Escherichia coli,Positive
1858,dbAMP_18220,Pseudomonas aeruginosa,Positive
1859,dbAMP_19781,Candida albicans,Positive
1860,dbAMP_21981,Escherichia coli,Positive
1861,dbAMP_09743,Staphylococcus aureus,Positive
1862,dbAMP_14819,Salmonella enterica,Positive
1863,dbAMP_03851,Staphylococcus aureus,Positive
1864,dbAMP_20763,Staphylococcus epidermidis,Positive
1865,18636.0,Klebsiella pneumoniae,Positive
1866,dbAMP_14851,Staphylococcus aureus,Positive
1867,dbAMP_21907,Staphylococcus aureus,Positive
1868,dbAMP_19387,Micrococcus luteus,Positive
1869,19700.0,Bacillus subtilis,Positive
1870,dbAMP_33881,Escherichia coli,Positive
1871,dbAMP_03628,Escherichia coli,Positive
1872,dbAMP_28548,Escherichia coli,Positive
1873,dbAMP_24033,Staphylococcus aureus,Positive
1874,21464.0,Escherichia coli,Positive
1875,19502.0,Enterococcus faecium,Positive
1876,dbAMP_19115,Candida albicans,Positive
1877,18083.0,Escherichia coli,Positive
1878,dbAMP_02976,Escherichia coli,Positive
1879,dbAMP_04558,Staphylococcus aureus,Positive
1880,dbAMP_21020,Staphylococcus aureus,Positive
1881,20266.0,Bacillus subtilis,Positive
1882,dbAMP_20504,Micrococcus luteus,Positive
1883,dbAMP_20394,Staphylococcus aureus,Positive
1884,dbAMP_20725,Salmonella enterica,Positive
1885,dbAMP_16055,Bacillus subtilis,Positive
1886,dbAMP_22591,Staphylococcus aureus,Positive
1887,dbAMP_19804,Escherichia coli,Positive
1888,dbAMP_14826,Escherichia coli,Positive
1889,dbAMP_02202,Escherichia coli,Positive
1890,dbAMP_14719,Candida albicans,Positive
1891,DRAMP03923,Bacillus megaterium,Positive
1892,dbAMP_16394,Bacillus subtilis,Positive
1893,dbAMP_16054,Salmonella enterica,Positive
1894,14099.0,Salmonella enterica,Positive
1895,dbAMP_09730,Escherichia coli,Positive
1896,dbAMP_04601,Escherichia coli,Positive
1897,dbAMP_16305,Pseudomonas aeruginosa,Positive
1898,dbAMP_22679,Candida albicans,Positive
1899,dbAMP_25166,Staphylococcus aureus,Positive
1900,dbAMP_27249,Salmonella enterica,Positive
1901,dbAMP_02992,Pseudomonas aeruginosa,Positive
1902,dbAMP_18598,Escherichia coli,Positive
1903,dbAMP_02620,Bacillus subtilis,Positive
1904,dbAMP_04751,Pseudomonas aeruginosa,Positive
1905,dbAMP_22620,Staphylococcus aureus,Positive
1906,dbAMP_27470,Staphylococcus epidermidis,Positive
1907,dbAMP_00616,Bacillus subtilis,Positive
1908,dbAMP_19699,Staphylococcus aureus,Positive
1909,20630.0,Staphylococcus aureus,Positive
1910,dbAMP_09655,Bacillus cereus,Positive
1911,506.0,Staphylococcus epidermidis,Positive
1912,dbAMP_33974,Escherichia coli,Positive
1913,dbAMP_11970,Escherichia coli,Positive
1914,dbAMP_33110,Staphylococcus epidermidis,Positive
1915,dbAMP_25249,Staphylococcus epidermidis,Positive
1916,dbAMP_05500,Salmonella enterica,Positive
1917,dbAMP_21732,Escherichia coli,Positive
1918,dbAMP_05478,Klebsiella pneumoniae,Positive
1919,dbAMP_01604,Bacillus subtilis,Positive
1920,dbAMP_17720,Enterococcus faecalis,Positive
1921,dbAMP_00965,Escherichia coli,Positive
1922,dbAMP_21080,Salmonella enterica,Positive
1923,DRAMP18615,Staphylococcus epidermidis,Positive
1924,dbAMP_33004,Bacillus subtilis,Positive
1925,dbAMP_27180,Enterococcus faecalis,Positive
1926,dbAMP_00962,Pseudomonas aeruginosa,Positive
1927,dbAMP_16324,Bacillus subtilis,Positive
1928,dbAMP_17992,Escherichia coli,Positive
1929,5368.0,Enterobacter cloacae,Positive
1930,dbAMP_17128,Bacillus subtilis,Positive
1931,dbAMP_32523,Cryptococcus neoformans,Positive
1932,dbAMP_00222,Staphylococcus aureus,Positive
1933,dbAMP_02548,Staphylococcus aureus,Positive
1934,dbAMP_22261,Bacillus cereus,Positive
1935,dbAMP_18602,Escherichia coli,Positive
1936,18174.0,Pseudomonas aeruginosa,Positive
1937,dbAMP_23144,Bacillus subtilis,Positive
1938,dbAMP_21902,Micrococcus luteus,Positive
1939,18234.0,Staphylococcus aureus,Positive
1940,dbAMP_22113,Bacillus subtilis,Positive
1941,dbAMP_16980,Bacillus subtilis,Positive
1942,dbAMP_21135,Salmonella enterica,Positive
1943,dbAMP_15971,Bacillus subtilis,Positive
1944,dbAMP_22499,Candida albicans,Positive
1945,dbAMP_21599,Micrococcus luteus,Positive
1946,19244.0,Cryptococcus neoformans,Positive
1947,19612.0,Staphylococcus aureus,Positive
1948,20630.0,Pseudomonas aeruginosa,Positive
1949,dbAMP_17980,Pseudomonas aeruginosa,Positive
1950,7084.0,Staphylococcus epidermidis,Positive
1951,dbAMP_22119,Klebsiella pneumoniae,Positive
1952,dbAMP_14836,Escherichia coli,Positive
1953,DRAMP02331,Klebsiella pneumoniae,Positive
1954,dbAMP_16859,Micrococcus luteus,Positive
1955,dbAMP_24957,Bacillus subtilis,Positive
1956,dbAMP_19158,Escherichia coli,Positive
1957,dbAMP_25426,Enterococcus faecalis,Positive
1958,dbAMP_24816,Escherichia coli,Positive
1959,19858.0,Bacillus subtilis,Positive
1960,dbAMP_04761,Bacillus cereus,Positive
1961,dbAMP_02623,Staphylococcus aureus,Positive
1962,17407.0,Pseudomonas aeruginosa,Positive
1963,dbAMP_11573,Micrococcus luteus,Positive
1964,dbAMP_23633,Escherichia coli,Positive
1965,dbAMP_03494,Micrococcus luteus,Positive
1966,dbAMP_32466,Bacillus subtilis,Positive
1967,dbAMP_27117,Escherichia coli,Positive
1968,dbAMP_01052,Pseudomonas aeruginosa,Positive
1969,dbAMP_04359,Bacillus subtilis,Positive
1970,dbAMP_04638,Staphylococcus aureus,Positive
1971,19255.0,Bacillus subtilis,Positive
1972,dbAMP_23570,Staphylococcus aureus,Positive
1973,dbAMP_15986,Klebsiella pneumoniae,Positive
1974,dbAMP_02836,Klebsiella pneumoniae,Positive
1975,dbAMP_10338,Klebsiella pneumoniae,Positive
1976,dbAMP_21982,Klebsiella pneumoniae,Positive
1977,dbAMP_19047,Staphylococcus epidermidis,Positive
1978,dbAMP_27107,Staphylococcus aureus,Positive
1979,dbAMP_17110,Pseudomonas aeruginosa,Positive
1980,dbAMP_27314,Klebsiella pneumoniae,Positive
1981,dbAMP_02560,Staphylococcus aureus,Positive
1982,dbAMP_02710,Bacillus subtilis,Positive
1983,dbAMP_18783,Staphylococcus aureus,Positive
1984,dbAMP_19588,Pseudomonas aeruginosa,Positive
1985,dbAMP_16769,Staphylococcus aureus,Positive
1986,dbAMP_19310,Bacillus cereus,Positive
1987,dbAMP_18170,Klebsiella pneumoniae,Positive
1988,17724.0,Escherichia coli,Positive
1989,dbAMP_23079,Staphylococcus aureus,Positive
1990,dbAMP_19659,Escherichia coli,Positive
1991,dbAMP_04750,Escherichia coli,Positive
1992,dbAMP_22093,Bacillus subtilis,Positive
1993,dbAMP_10731,Escherichia coli,Positive
1994,dbAMP_02914,Bacillus subtilis,Positive
1995,dbAMP_16715,Staphylococcus epidermidis,Positive
1996,dbAMP_24816,Salmonella enterica,Positive
1997,6470.0,Staphylococcus epidermidis,Positive
1998,13886.0,Staphylococcus aureus,Positive
1999,7058.0,Escherichia coli,Positive
2000,19858.0,Staphylococcus aureus,Positive
2001,dbAMP_31812,Escherichia coli,Positive
2002,dbAMP_14818,Pseudomonas aeruginosa,Positive
2003,2510.0,Candida albicans,Positive
2004,dbAMP_25183,Salmonella enterica,Positive
2005,dbAMP_11406,Candida albicans,Positive
2006,dbAMP_20716,Pseudomonas aeruginosa,Positive
2007,dbAMP_16248,Enterobacter cloacae,Positive
2008,dbAMP_10247,Klebsiella pneumoniae,Positive
2009,dbAMP_04212,Micrococcus luteus,Positive
2010,dbAMP_23945,Staphylococcus aureus,Positive
2011,dbAMP_02247,Candida albicans,Positive
2012,19124.0,Staphylococcus aureus,Positive
2013,dbAMP_23907,Escherichia coli,Positive
2014,dbAMP_24032,Escherichia coli,Positive
2015,dbAMP_33720,Staphylococcus aureus,Positive
2016,22100.0,Staphylococcus aureus,Positive
2017,dbAMP_11932,Salmonella enterica,Positive
2018,19890.0,Klebsiella pneumoniae,Positive
2019,dbAMP_01795,Enterococcus faecalis,Positive
2020,19367.0,Klebsiella pneumoniae,Positive
2021,dbAMP_19310,Enterococcus faecalis,Positive
2022,dbAMP_17989,Staphylococcus aureus,Positive
2023,dbAMP_03417,Pseudomonas aeruginosa,Positive
2024,dbAMP_16085,Staphylococcus aureus,Positive
2025,dbAMP_10467,Escherichia coli,Positive
2026,dbAMP_25358,Micrococcus luteus,Positive
2027,dbAMP_23991,Enterococcus faecium,Positive
2028,dbAMP_19257,Staphylococcus aureus,Positive
2029,22312.0,Pseudomonas aeruginosa,Positive
2030,dbAMP_14887,Bacillus subtilis,Positive
2031,dbAMP_01645,Escherichia coli,Positive
2032,DRAMP02965,Staphylococcus aureus,Positive
2033,dbAMP_19047,Staphylococcus aureus,Positive
2034,dbAMP_24267,Staphylococcus epidermidis,Positive
2035,dbAMP_18180,Escherichia coli,Positive
2036,dbAMP_19790,Escherichia coli,Positive
2037,21334.0,Salmonella enterica,Positive
2038,6855.0,Staphylococcus aureus,Positive
2039,dbAMP_00393,Candida albicans,Positive
2040,dbAMP_20930,Acinetobacter baumannii,Positive
2041,19877.0,Escherichia coli,Positive
2042,dbAMP_33789,Salmonella enterica,Positive
2043,dbAMP_17547,Klebsiella pneumoniae,Positive
2044,19909.0,Staphylococcus aureus,Positive
2045,dbAMP_05061,Escherichia coli,Positive
2046,dbAMP_03229,Bacillus subtilis,Positive
2047,dbAMP_10482,Staphylococcus aureus,Positive
2048,20277.0,Staphylococcus aureus,Positive
2049,dbAMP_12051,Escherichia coli,Positive
2050,dbAMP_25083,Staphylococcus aureus,Positive
2051,dbAMP_15849,Escherichia coli,Positive
2052,18813.0,Enterococcus faecalis,Positive
2053,dbAMP_31180,Enterococcus faecium,Positive
2054,dbAMP_00972,Enterococcus faecalis,Positive
2055,dbAMP_32254,Escherichia coli,Positive
2056,dbAMP_18233,Micrococcus luteus,Positive
2057,dbAMP_16892,Escherichia coli,Positive
2058,dbAMP_05798,Enterococcus faecium,Positive
2059,dbAMP_01665,Listeria monocytogenes,Positive
2060,dbAMP_10440,Staphylococcus aureus,Positive
2061,dbAMP_17465,Acinetobacter baumannii,Positive
2062,dbAMP_01596,Escherichia coli,Positive
2063,dbAMP_15972,Escherichia coli,Positive
2064,17449.0,Staphylococcus aureus,Positive
2065,dbAMP_02533,Enterococcus faecalis,Positive
2066,18781.0,Staphylococcus aureus,Positive
2067,dbAMP_04596,Bacillus subtilis,Positive
2068,20884.0,Klebsiella pneumoniae,Positive
2069,dbAMP_05861,Pseudomonas aeruginosa,Positive
2070,dbAMP_15852,Escherichia coli,Positive
2071,dbAMP_02773,Staphylococcus aureus,Positive
2072,8831.0,Staphylococcus aureus,Positive
2073,dbAMP_21129,Enterococcus faecalis,Positive
2074,21133.0,Candida albicans,Positive
2075,dbAMP_16550,Escherichia coli,Positive
2076,20504.0,Escherichia coli,Positive
2077,dbAMP_31643,Acinetobacter baumannii,Positive
2078,19489.0,Staphylococcus aureus,Positive
2079,DRAMP03922,Acinetobacter baumannii,Positive
2080,dbAMP_21722,Pseudomonas aeruginosa,Positive
2081,dbAMP_15955,Candida albicans,Positive
2082,dbAMP_23920,Staphylococcus aureus,Positive
2083,21253.0,Enterococcus faecium,Positive
2084,dbAMP_02042,Staphylococcus aureus,Positive
2085,dbAMP_05139,Salmonella enterica,Positive
2086,dbAMP_19711,Candida albicans,Positive
2087,dbAMP_18104,Salmonella enterica,Positive
2088,dbAMP_24774,Pseudomonas aeruginosa,Positive
2089,dbAMP_24671,Escherichia coli,Positive
2090,dbAMP_21433,Staphylococcus aureus,Positive
2091,19141.0,Escherichia coli,Positive
2092,dbAMP_04814,Escherichia coli,Positive
2093,dbAMP_19799,Candida albicans,Positive
2094,19438.0,Cryptococcus neoformans,Positive
2095,dbAMP_16804,Escherichia coli,Positive
2096,18834.0,Staphylococcus epidermidis,Positive
2097,dbAMP_04853,Escherichia coli,Positive
2098,dbAMP_24944,Staphylococcus epidermidis,Positive
2099,dbAMP_23719,Staphylococcus aureus,Positive
2100,21551.0,Pseudomonas aeruginosa,Positive
2101,1004.0,Salmonella enterica,Positive
2102,dbAMP_25277,Escherichia coli,Positive
2103,dbAMP_02696,Acinetobacter baumannii,Positive
2104,18637.0,Escherichia coli,Positive
2105,dbAMP_21552,Escherichia coli,Positive
2106,dbAMP_19977,Salmonella enterica,Positive
2107,7049.0,Staphylococcus epidermidis,Positive
2108,18286.0,Pseudomonas aeruginosa,Positive
2109,dbAMP_14870,Escherichia coli,Positive
2110,dbAMP_05151,Escherichia coli,Positive
2111,dbAMP_16307,Staphylococcus aureus,Positive
2112,dbAMP_17397,Staphylococcus aureus,Positive
2113,dbAMP_11230,Candida albicans,Positive
2114,20349.0,Escherichia coli,Positive
2115,19487.0,Staphylococcus epidermidis,Positive
2116,dbAMP_15952,Salmonella enterica,Positive
2117,20120.0,Salmonella enterica,Positive
2118,22319.0,Escherichia coli,Positive
2119,dbAMP_17671,Bacillus subtilis,Positive
2120,dbAMP_11555,Candida albicans,Positive
2121,dbAMP_14877,Pseudomonas aeruginosa,Positive
2122,dbAMP_00172,Salmonella enterica,Positive
2123,dbAMP_14889,Staphylococcus aureus,Positive
2124,dbAMP_22072,Staphylococcus aureus,Positive
2125,dbAMP_19104,Bacillus subtilis,Positive
2126,dbAMP_20930,Klebsiella pneumoniae,Positive
2127,dbAMP_17610,Staphylococcus aureus,Positive
2128,dbAMP_32462,Bacillus subtilis,Positive
2129,dbAMP_21171,Listeria monocytogenes,Positive
2130,21463.0,Enterococcus faecalis,Positive
2131,dbAMP_33291,Candida albicans,Positive
2132,dbAMP_24644,Escherichia coli,Positive
2133,dbAMP_16064,Salmonella enterica,Positive
2134,dbAMP_22842,Escherichia coli,Positive
2135,22094.0,Listeria monocytogenes,Positive
2136,dbAMP_20499,Staphylococcus epidermidis,Positive
2137,dbAMP_16164,Pseudomonas aeruginosa,Positive
2138,dbAMP_02104,Bacillus cereus,Positive
2139,13747.0,Staphylococcus epidermidis,Positive
2140,dbAMP_05477,Bacillus subtilis,Positive
2141,dbAMP_25407,Pseudomonas aeruginosa,Positive
2142,20168.0,Enterobacter cloacae,Positive
2143,dbAMP_12038,Enterococcus faecalis,Positive
2144,dbAMP_21484,Staphylococcus epidermidis,Positive
2145,21472.0,Pseudomonas aeruginosa,Positive
2146,DRAMP02865,Escherichia coli,Positive
2147,dbAMP_21313,Pseudomonas aeruginosa,Positive
2148,dbAMP_20515,Staphylococcus aureus,Positive
2149,dbAMP_21023,Staphylococcus aureus,Positive
2150,19642.0,Pseudomonas aeruginosa,Positive
2151,dbAMP_16220,Staphylococcus epidermidis,Positive
2152,dbAMP_18729,Bacillus subtilis,Positive
2153,dbAMP_02044,Candida parapsilosis,Positive
2154,21312.0,Staphylococcus aureus,Positive
2155,dbAMP_34010,Escherichia coli,Positive
2156,dbAMP_05782,Candida albicans,Positive
2157,21982.0,Acinetobacter baumannii,Positive
2158,19884.0,Staphylococcus aureus,Positive
2159,dbAMP_17068,Escherichia coli,Positive
2160,21538.0,Pseudomonas aeruginosa,Positive
2161,dbAMP_03090,Staphylococcus epidermidis,Positive
2162,dbAMP_23693,Enterococcus faecalis,Positive
2163,dbAMP_12014,Salmonella enterica,Positive
2164,20932.0,Escherichia coli,Positive
2165,dbAMP_16248,Staphylococcus aureus,Positive
2166,19605.0,Staphylococcus aureus,Positive
2167,dbAMP_10501,Staphylococcus aureus,Positive
2168,dbAMP_33294,Candida albicans,Positive
2169,dbAMP_18240,Klebsiella pneumoniae,Positive
2170,22201.0,Staphylococcus epidermidis,Positive
2171,dbAMP_17130,Staphylococcus aureus,Positive
2172,dbAMP_01940,Bacillus subtilis,Positive
2173,dbAMP_34584,Staphylococcus aureus,Positive
2174,dbAMP_22565,Staphylococcus aureus,Positive
2175,dbAMP_19311,Bacillus cereus,Positive
2176,DRAMP20942,Staphylococcus aureus,Positive
2177,dbAMP_12361,Pseudomonas aeruginosa,Positive
2178,dbAMP_02320,Micrococcus luteus,Positive
2179,dbAMP_01906,Staphylococcus aureus,Positive
2180,dbAMP_21307,Escherichia coli,Positive
2181,dbAMP_19795,Pseudomonas aeruginosa,Positive
2182,dbAMP_20569,Bacillus subtilis,Positive
2183,19197.0,Pseudomonas aeruginosa,Positive
2184,dbAMP_15867,Escherichia coli,Positive
2185,dbAMP_17630,Pseudomonas aeruginosa,Positive
2186,dbAMP_31245,Acinetobacter baumannii,Positive
2187,dbAMP_15958,Staphylococcus epidermidis,Positive
2188,dbAMP_21301,Escherichia coli,Positive
2189,dbAMP_04235,Bacillus cereus,Positive
2190,dbAMP_00067,Micrococcus luteus,Positive
2191,dbAMP_15979,Klebsiella pneumoniae,Positive
2192,dbAMP_23108,Acinetobacter baumannii,Positive
2193,dbAMP_12123,Staphylococcus aureus,Positive
2194,dbAMP_19310,Bacillus subtilis,Positive
2195,dbAMP_22930,Staphylococcus aureus,Positive
2196,dbAMP_14892,Bacillus subtilis,Positive
2197,dbAMP_19191,Candida albicans,Positive
2198,dbAMP_15873,Escherichia coli,Positive
2199,dbAMP_00215,Bacillus subtilis,Positive
2200,21532.0,Escherichia coli,Positive
2201,19680.0,Candida albicans,Positive
2202,dbAMP_16276,Bacillus megaterium,Positive
2203,5349.0,Escherichia coli,Positive
2204,dbAMP_10420,Staphylococcus aureus,Positive
2205,dbAMP_18869,Escherichia coli,Positive
2206,19911.0,Staphylococcus aureus,Positive
2207,dbAMP_25441,Staphylococcus aureus,Positive
2208,19941.0,Staphylococcus aureus,Positive
2209,dbAMP_21450,Bacillus subtilis,Positive
2210,22314.0,Klebsiella pneumoniae,Positive
2211,dbAMP_14863,Acinetobacter baumannii,Positive
2212,19938.0,Staphylococcus epidermidis,Positive
2213,dbAMP_16086,Pseudomonas aeruginosa,Positive
2214,dbAMP_27204,Staphylococcus aureus,Positive
2215,7386.0,Acinetobacter baumannii,Positive
2216,dbAMP_32991,Staphylococcus aureus,Positive
2217,dbAMP_15957,Cryptococcus neoformans,Positive
2218,21216.0,Escherichia coli,Positive
2219,dbAMP_27651,Staphylococcus aureus,Positive
2220,21255.0,Klebsiella pneumoniae,Positive
2221,dbAMP_05722,Escherichia coli,Positive
2222,dbAMP_14847,Pseudomonas aeruginosa,Positive
2223,20083.0,Acinetobacter baumannii,Positive
2224,dbAMP_16981,Bacillus subtilis,Positive
2225,dbAMP_06058,Staphylococcus aureus,Positive
2226,dbAMP_32941,Escherichia coli,Positive
2227,dbAMP_23100,Escherichia coli,Positive
2228,dbAMP_01671,Pseudomonas aeruginosa,Positive
2229,dbAMP_23161,Enterococcus faecium,Positive
2230,DRAMP02966,Bacillus megaterium,Positive
2231,21256.0,Escherichia coli,Positive
2232,20318.0,Staphylococcus aureus,Positive
2233,dbAMP_31709,Pseudomonas aeruginosa,Positive
2234,dbAMP_24265,Bacillus subtilis,Positive
2235,dbAMP_22935,Escherichia coli,Positive
2236,dbAMP_17402,Staphylococcus aureus,Positive
2237,dbAMP_02445,Bacillus subtilis,Positive
2238,dbAMP_24607,Staphylococcus epidermidis,Positive
2239,dbAMP_24774,Staphylococcus aureus,Positive
2240,dbAMP_03061,Staphylococcus aureus,Positive
2241,dbAMP_16104,Escherichia coli,Positive
2242,dbAMP_31647,Escherichia coli,Positive
2243,dbAMP_02189,Staphylococcus aureus,Positive
2244,dbAMP_24566,Staphylococcus aureus,Positive
2245,dbAMP_19283,Bacillus cereus,Positive
2246,dbAMP_01870,Staphylococcus aureus,Positive
2247,dbAMP_22780,Pseudomonas aeruginosa,Positive
2248,19676.0,Pseudomonas aeruginosa,Positive
2249,dbAMP_24165,Bacillus subtilis,Positive
2250,20463.0,Candida albicans,Positive
2251,dbAMP_16241,Escherichia coli,Positive
2252,18704.0,Listeria monocytogenes,Positive
2253,7084.0,Escherichia coli,Positive
2254,17449.0,Enterococcus faecium,Positive
2255,21253.0,Klebsiella pneumoniae,Positive
2256,19909.0,Staphylococcus epidermidis,Positive
2257,dbAMP_21409,Salmonella enterica,Positive
2258,dbAMP_01891,Candida albicans,Positive
2259,dbAMP_09743,Enterococcus faecium,Positive
2260,2105.0,Escherichia coli,Positive
2261,18164.0,Staphylococcus aureus,Positive
2262,17570.0,Escherichia coli,Positive
2263,dbAMP_19241,Bacillus megaterium,Positive
2264,19944.0,Salmonella enterica,Positive
2265,dbAMP_01591,Pseudomonas aeruginosa,Positive
2266,dbAMP_16144,Bacillus subtilis,Positive
2267,dbAMP_15802,Staphylococcus epidermidis,Positive
2268,dbAMP_02712,Bacillus subtilis,Positive
2269,21745.0,Acinetobacter baumannii,Positive
2270,dbAMP_18730,Pseudomonas aeruginosa,Positive
2271,dbAMP_32276,Staphylococcus epidermidis,Positive
2272,dbAMP_23720,Acinetobacter baumannii,Positive
2273,dbAMP_03646,Bacillus subtilis,Positive
2274,dbAMP_23999,Staphylococcus epidermidis,Positive
2275,dbAMP_16387,Salmonella enterica,Positive
2276,dbAMP_03694,Klebsiella pneumoniae,Positive
2277,dbAMP_34585,Candida albicans,Positive
2278,3157.0,Escherichia coli,Positive
2279,dbAMP_01604,Staphylococcus aureus,Positive
2280,18326.0,Enterobacter cloacae,Positive
2281,dbAMP_01719,Pseudomonas aeruginosa,Positive
2282,dbAMP_19174,Pseudomonas aeruginosa,Positive
2283,dbAMP_03221,Pseudomonas aeruginosa,Positive
2284,21462.0,Escherichia coli,Positive
2285,dbAMP_17421,Staphylococcus aureus,Positive
2286,dbAMP_21041,Escherichia coli,Positive
2287,dbAMP_16029,Escherichia coli,Positive
2288,dbAMP_03793,Enterobacter cloacae,Positive
2289,14695.0,Candida albicans,Positive
2290,dbAMP_21451,Escherichia coli,Positive
2291,dbAMP_03184,Staphylococcus aureus,Positive
2292,dbAMP_11115,Escherichia coli,Positive
2293,20254.0,Staphylococcus aureus,Positive
2294,22373.0,Pseudomonas aeruginosa,Positive
2295,2105.0,Salmonella enterica,Positive
2296,dbAMP_14806,Staphylococcus epidermidis,Positive
2297,dbAMP_23921,Pseudomonas aeruginosa,Positive
2298,dbAMP_20268,Bacillus subtilis,Positive
2299,dbAMP_22007,Candida albicans,Positive
2300,dbAMP_19703,Enterococcus faecalis,Positive
2301,dbAMP_17345,Candida albicans,Positive
2302,dbAMP_19258,Escherichia coli,Positive
2303,dbAMP_28787,Escherichia coli,Positive
2304,dbAMP_31207,Staphylococcus aureus,Positive
2305,20739.0,Escherichia coli,Positive
2306,DRAMP20792,Staphylococcus epidermidis,Positive
2307,dbAMP_14784,Staphylococcus aureus,Positive
2308,dbAMP_02445,Pseudomonas aeruginosa,Positive
2309,dbAMP_15802,Escherichia coli,Positive
2310,DRAMP29094,Bacillus subtilis,Positive
2311,dbAMP_16040,Staphylococcus epidermidis,Positive
2312,dbAMP_16500,Klebsiella pneumoniae,Positive
2313,dbAMP_33781,Klebsiella pneumoniae,Positive
2314,dbAMP_14731,Candida albicans,Positive
2315,dbAMP_20923,Bacillus subtilis,Positive
2316,dbAMP_21434,Pseudomonas aeruginosa,Positive
2317,dbAMP_16082,Pseudomonas aeruginosa,Positive
2318,dbAMP_08406,Pseudomonas aeruginosa,Positive
2319,dbAMP_16347,Enterococcus faecalis,Positive
2320,dbAMP_21768,Bacillus subtilis,Positive
2321,dbAMP_18785,Salmonella enterica,Positive
2322,dbAMP_20537,Enterococcus faecalis,Positive
2323,dbAMP_21023,Klebsiella pneumoniae,Positive
2324,22311.0,Enterococcus faecalis,Positive
2325,dbAMP_21999,Escherichia coli,Positive
2326,dbAMP_16530,Staphylococcus aureus,Positive
2327,dbAMP_19159,Salmonella enterica,Positive
2328,18250.0,Candida parapsilosis,Positive
2329,dbAMP_16010,Staphylococcus aureus,Positive
2330,18604.0,Micrococcus luteus,Positive
2331,dbAMP_17141,Klebsiella pneumoniae,Positive
2332,dbAMP_31811,Escherichia coli,Positive
2333,dbAMP_33695,Escherichia coli,Positive
2334,dbAMP_18100,Candida albicans,Positive
2335,dbAMP_18966,Staphylococcus aureus,Positive
2336,18633.0,Pseudomonas aeruginosa,Positive
2337,dbAMP_05281,Cryptococcus neoformans,Positive
2338,dbAMP_19286,Bacillus subtilis,Positive
2339,dbAMP_04749,Escherichia coli,Positive
2340,dbAMP_04784,Staphylococcus aureus,Positive
2341,dbAMP_18994,Staphylococcus aureus,Positive
2342,dbAMP_17335,Listeria monocytogenes,Positive
2343,19939.0,Pseudomonas aeruginosa,Positive
2344,17237.0,Bacillus subtilis,Positive
2345,19911.0,Escherichia coli,Positive
2346,dbAMP_21352,Pseudomonas aeruginosa,Positive
2347,dbAMP_20699,Candida albicans,Positive
2348,17246.0,Pseudomonas aeruginosa,Positive
2349,dbAMP_27653,Escherichia coli,Positive
2350,dbAMP_03525,Staphylococcus aureus,Positive
2351,DRAMP03928,Staphylococcus aureus,Positive
2352,dbAMP_23717,Escherichia coli,Positive
2353,22317.0,Enterococcus faecalis,Positive
2354,dbAMP_18127,Staphylococcus aureus,Positive
2355,dbAMP_33262,Candida albicans,Positive
2356,dbAMP_03399,Staphylococcus epidermidis,Positive
2357,dbAMP_14930,Escherichia coli,Positive
2358,dbAMP_09432,Micrococcus luteus,Positive
2359,dbAMP_14832,Salmonella enterica,Positive
2360,dbAMP_23981,Klebsiella pneumoniae,Positive
2361,dbAMP_16150,Salmonella enterica,Positive
2362,dbAMP_25173,Bacillus subtilis,Positive
2363,dbAMP_18210,Pseudomonas aeruginosa,Positive
2364,22051.0,Escherichia coli,Positive
2365,dbAMP_16763,Candida albicans,Positive
2366,dbAMP_11557,Candida albicans,Positive
2367,dbAMP_23934,Salmonella enterica,Positive
2368,dbAMP_17552,Bacillus subtilis,Positive
2369,dbAMP_24031,Escherichia coli,Positive
2370,dbAMP_05272,Salmonella enterica,Positive
2371,4594.0,Pseudomonas aeruginosa,Positive
2372,dbAMP_18055,Staphylococcus epidermidis,Positive
2373,dbAMP_20321,Bacillus subtilis,Positive
2374,dbAMP_04719,Staphylococcus aureus,Positive
2375,dbAMP_21996,Staphylococcus aureus,Positive
2376,dbAMP_14896,Escherichia coli,Positive
2377,dbAMP_16164,Enterococcus faecalis,Positive
2378,dbAMP_04235,Staphylococcus epidermidis,Positive
2379,21886.0,Acinetobacter baumannii,Positive
2380,21587.0,Enterococcus faecium,Positive
2381,dbAMP_19698,Staphylococcus aureus,Positive
2382,dbAMP_02797,Escherichia coli,Positive
2383,dbAMP_21901,Escherichia coli,Positive
2384,dbAMP_16635,Bacillus subtilis,Positive
2385,dbAMP_16248,Bacillus subtilis,Positive
2386,20834.0,Pseudomonas aeruginosa,Positive
2387,dbAMP_21900,Pseudomonas aeruginosa,Positive
2388,20567.0,Staphylococcus aureus,Positive
2389,dbAMP_24371,Pseudomonas aeruginosa,Positive
2390,dbAMP_20663,Candida albicans,Positive
2391,dbAMP_21900,Micrococcus luteus,Positive
2392,dbAMP_19189,Klebsiella pneumoniae,Positive
2393,18105.0,Micrococcus luteus,Positive
2394,19315.0,Candida albicans,Positive
2395,dbAMP_21035,Escherichia coli,Positive
2396,dbAMP_16155,Escherichia coli,Positive
2397,16958.0,Acinetobacter baumannii,Positive
2398,491.0,Pseudomonas aeruginosa,Positive
2399,dbAMP_19073,Acinetobacter baumannii,Positive
2400,DRAMP01650,Pseudomonas aeruginosa,Positive
2401,17940.0,Staphylococcus aureus,Positive
2402,dbAMP_11534,Bacillus subtilis,Positive
2403,dbAMP_04325,Escherichia coli,Positive
2404,dbAMP_18107,Bacillus subtilis,Positive
2405,dbAMP_10810,Pseudomonas aeruginosa,Positive
2406,dbAMP_10849,Escherichia coli,Positive
2407,dbAMP_21313,Staphylococcus aureus,Positive
2408,dbAMP_23725,Bacillus subtilis,Positive
2409,dbAMP_01289,Listeria monocytogenes,Positive
2410,dbAMP_16076,Escherichia coli,Positive
2411,dbAMP_15957,Staphylococcus epidermidis,Positive
2412,DRAMP18479,Escherichia coli,Positive
2413,dbAMP_03807,Micrococcus luteus,Positive
2414,dbAMP_10781,Micrococcus luteus,Positive
2415,dbAMP_01930,Salmonella enterica,Positive
2416,dbAMP_05848,Staphylococcus aureus,Positive
2417,dbAMP_21251,Pseudomonas aeruginosa,Positive
2418,dbAMP_10284,Escherichia coli,Positive
2419,dbAMP_02192,Escherichia coli,Positive
2420,dbAMP_05478,Staphylococcus epidermidis,Positive
2421,dbAMP_16500,Staphylococcus aureus,Positive
2422,dbAMP_15923,Bacillus subtilis,Positive
2423,dbAMP_04775,Pseudomonas aeruginosa,Positive
2424,dbAMP_21519,Escherichia coli,Positive
2425,dbAMP_18959,Escherichia coli,Positive
2426,2162.0,Bacillus subtilis,Positive
2427,dbAMP_25388,Escherichia coli,Positive
2428,dbAMP_23142,Staphylococcus aureus,Positive
2429,dbAMP_17827,Staphylococcus aureus,Positive
2430,dbAMP_02652,Escherichia coli,Positive
2431,dbAMP_10859,Pseudomonas aeruginosa,Positive
2432,dbAMP_27412,Pseudomonas aeruginosa,Positive
2433,dbAMP_22723,Pseudomonas aeruginosa,Positive
2434,22316.0,Klebsiella pneumoniae,Positive
2435,dbAMP_25010,Acinetobacter baumannii,Positive
2436,dbAMP_05268,Pseudomonas aeruginosa,Positive
2437,dbAMP_16045,Micrococcus luteus,Positive
2438,dbAMP_24169,Staphylococcus aureus,Positive
2439,20485.0,Staphylococcus aureus,Positive
2440,dbAMP_21251,Escherichia coli,Positive
2441,dbAMP_18932,Escherichia coli,Positive
2442,dbAMP_34587,Staphylococcus epidermidis,Positive
2443,dbAMP_04361,Staphylococcus epidermidis,Positive
2444,dbAMP_18981,Staphylococcus aureus,Positive
2445,20183.0,Escherichia coli,Positive
2446,dbAMP_16248,Bacillus megaterium,Positive
2447,dbAMP_05895,Micrococcus luteus,Positive
2448,dbAMP_22645,Candida albicans,Positive
2449,dbAMP_16507,Pseudomonas aeruginosa,Positive
2450,DRAMP02863,Staphylococcus aureus,Positive
2451,dbAMP_17733,Escherichia coli,Positive
2452,8647.0,Escherichia coli,Positive
2453,DRAMP03750,Bacillus megaterium,Positive
2454,dbAMP_17730,Staphylococcus aureus,Positive
2455,dbAMP_22742,Escherichia coli,Positive
2456,dbAMP_19104,Klebsiella pneumoniae,Positive
2457,dbAMP_19588,Staphylococcus aureus,Positive
2458,dbAMP_23198,Staphylococcus aureus,Positive
2459,dbAMP_21226,Klebsiella pneumoniae,Positive
2460,dbAMP_17803,Acinetobacter baumannii,Positive
2461,dbAMP_17518,Listeria monocytogenes,Positive
2462,dbAMP_16723,Escherichia coli,Positive
2463,DRAMP03892,Escherichia coli,Positive
2464,dbAMP_23099,Pseudomonas aeruginosa,Positive
2465,dbAMP_11133,Candida albicans,Positive
2466,dbAMP_17575,Staphylococcus aureus,Positive
2467,dbAMP_21393,Micrococcus luteus,Positive
2468,DRAMP21229,Escherichia coli,Positive
2469,20772.0,Klebsiella pneumoniae,Positive
2470,dbAMP_31704,Escherichia coli,Positive
2471,21112.0,Staphylococcus aureus,Positive
2472,dbAMP_17573,Staphylococcus aureus,Positive
2473,dbAMP_20866,Staphylococcus epidermidis,Positive
2474,dbAMP_23283,Staphylococcus aureus,Positive
2475,dbAMP_22167,Salmonella enterica,Positive
2476,dbAMP_22959,Bacillus subtilis,Positive
2477,dbAMP_20341,Staphylococcus epidermidis,Positive
2478,dbAMP_04307,Bacillus subtilis,Positive
2479,17784.0,Staphylococcus aureus,Positive
2480,dbAMP_17737,Klebsiella pneumoniae,Positive
2481,dbAMP_14897,Pseudomonas aeruginosa,Positive
2482,dbAMP_28713,Escherichia coli,Positive
2483,20773.0,Klebsiella pneumoniae,Positive
2484,dbAMP_13325,Candida parapsilosis,Positive
2485,dbAMP_23712,Escherichia coli,Positive
2486,dbAMP_10420,Candida albicans,Positive
2487,dbAMP_19400,Escherichia coli,Positive
2488,dbAMP_05798,Candida albicans,Positive
2489,18789.0,Staphylococcus aureus,Positive
2490,dbAMP_12246,Candida albicans,Positive
2491,dbAMP_28516,Pseudomonas aeruginosa,Positive
2492,dbAMP_27453,Staphylococcus aureus,Positive
2493,dbAMP_21533,Escherichia coli,Positive
2494,dbAMP_23921,Staphylococcus aureus,Positive
2495,20574.0,Enterococcus faecalis,Positive
2496,18288.0,Staphylococcus aureus,Positive
2497,22160.0,Klebsiella pneumoniae,Positive
2498,dbAMP_19285,Listeria monocytogenes,Positive
2499,dbAMP_17779,Pseudomonas aeruginosa,Positive
2500,dbAMP_15852,Bacillus subtilis,Positive
2501,dbAMP_18526,Acinetobacter baumannii,Positive
2502,dbAMP_28801,Pseudomonas aeruginosa,Positive
2503,dbAMP_14814,Staphylococcus aureus,Positive
2504,14206.0,Escherichia coli,Positive
2505,dbAMP_14703,Escherichia coli,Positive
2506,dbAMP_14896,Klebsiella pneumoniae,Positive
2507,13802.0,Enterococcus faecium,Positive
2508,dbAMP_21974,Staphylococcus aureus,Positive
2509,dbAMP_20349,Pseudomonas aeruginosa,Positive
2510,dbAMP_02387,Enterococcus faecalis,Positive
2511,dbAMP_02418,Bacillus subtilis,Positive
2512,dbAMP_14789,Bacillus megaterium,Positive
2513,21078.0,Staphylococcus aureus,Positive
2514,dbAMP_02898,Candida albicans,Positive
2515,20251.0,Escherichia coli,Positive
2516,dbAMP_13954,Escherichia coli,Positive
2517,dbAMP_03394,Staphylococcus aureus,Positive
2518,dbAMP_27239,Enterococcus faecium,Positive
2519,dbAMP_19028,Escherichia coli,Positive
2520,dbAMP_23525,Escherichia coli,Positive
2521,dbAMP_17119,Bacillus subtilis,Positive
2522,dbAMP_18056,Staphylococcus aureus,Positive
2523,dbAMP_19724,Enterococcus faecalis,Positive
2524,dbAMP_01953,Escherichia coli,Positive
2525,20213.0,Staphylococcus aureus,Positive
2526,dbAMP_19217,Pseudomonas aeruginosa,Positive
2527,dbAMP_24194,Listeria monocytogenes,Positive
2528,dbAMP_04382,Pseudomonas aeruginosa,Positive
2529,dbAMP_23916,Candida albicans,Positive
2530,5368.0,Micrococcus luteus,Positive
2531,dbAMP_16427,Bacillus subtilis,Positive
2532,dbAMP_31806,Pseudomonas aeruginosa,Positive
2533,dbAMP_17478,Escherichia coli,Positive
2534,dbAMP_27349,Candida albicans,Positive
2535,dbAMP_19322,Candida albicans,Positive
2536,dbAMP_10584,Enterococcus faecalis,Positive
2537,dbAMP_05489,Salmonella enterica,Positive
2538,dbAMP_01691,Escherichia coli,Positive
2539,dbAMP_05782,Escherichia coli,Positive
2540,dbAMP_05210,Staphylococcus aureus,Positive
2541,20826.0,Bacillus subtilis,Positive
2542,dbAMP_04560,Bacillus subtilis,Positive
2543,dbAMP_11891,Staphylococcus aureus,Positive
2544,dbAMP_17576,Salmonella enterica,Positive
2545,19243.0,Pseudomonas aeruginosa,Positive
2546,dbAMP_24916,Escherichia coli,Positive
2547,6199.0,Staphylococcus epidermidis,Positive
2548,dbAMP_18132,Staphylococcus aureus,Positive
2549,dbAMP_03411,Candida albicans,Positive
2550,dbAMP_19187,Staphylococcus aureus,Positive
2551,dbAMP_33601,Candida parapsilosis,Positive
2552,dbAMP_27421,Candida albicans,Positive
2553,10347.0,Escherichia coli,Positive
2554,dbAMP_25166,Staphylococcus epidermidis,Positive
2555,dbAMP_23342,Escherichia coli,Positive
2556,dbAMP_19035,Bacillus subtilis,Positive
2557,dbAMP_19319,Escherichia coli,Positive
2558,dbAMP_20537,Enterococcus faecium,Positive
2559,dbAMP_23993,Pseudomonas aeruginosa,Positive
2560,19672.0,Enterobacter cloacae,Positive
2561,dbAMP_17225,Staphylococcus aureus,Positive
2562,dbAMP_27408,Staphylococcus epidermidis,Positive
2563,dbAMP_16003,Staphylococcus epidermidis,Positive
2564,dbAMP_03046,Pseudomonas aeruginosa,Positive
2565,18210.0,Staphylococcus aureus,Positive
2566,dbAMP_14853,Acinetobacter baumannii,Positive
2567,dbAMP_27180,Escherichia coli,Positive
2568,dbAMP_31998,Enterococcus faecium,Positive
2569,dbAMP_17456,Pseudomonas aeruginosa,Positive
2570,dbAMP_03588,Acinetobacter baumannii,Positive
2571,dbAMP_17140,Acinetobacter baumannii,Positive
2572,dbAMP_23889,Candida albicans,Positive
2573,dbAMP_15889,Staphylococcus aureus,Positive
2574,dbAMP_24369,Pseudomonas aeruginosa,Positive
2575,18044.0,Staphylococcus aureus,Positive
2576,19844.0,Staphylococcus aureus,Positive
2577,dbAMP_14792,Escherichia coli,Positive
2578,dbAMP_19792,Candida albicans,Positive
2579,dbAMP_14726,Escherichia coli,Positive
2580,dbAMP_02053,Staphylococcus aureus,Positive
2581,dbAMP_16752,Salmonella enterica,Positive
2582,dbAMP_33098,Bacillus subtilis,Positive
2583,21869.0,Acinetobacter baumannii,Positive
2584,dbAMP_32928,Bacillus subtilis,Positive
2585,dbAMP_19103,Klebsiella pneumoniae,Positive
2586,dbAMP_16134,Salmonella enterica,Positive
2587,dbAMP_04456,Candida albicans,Positive
2588,dbAMP_24340,Escherichia coli,Positive
2589,dbAMP_04377,Candida albicans,Positive
2590,dbAMP_19776,Escherichia coli,Positive
2591,DRAMP02349,Staphylococcus epidermidis,Positive
2592,21896.0,Pseudomonas aeruginosa,Positive
2593,dbAMP_04704,Staphylococcus epidermidis,Positive
2594,18087.0,Escherichia coli,Positive
2595,dbAMP_15992,Pseudomonas aeruginosa,Positive
2596,dbAMP_17868,Staphylococcus epidermidis,Positive
2597,dbAMP_02644,Candida albicans,Positive
2598,dbAMP_21979,Enterococcus faecium,Positive
2599,dbAMP_01642,Staphylococcus aureus,Positive
2600,DRAMP20994,Escherichia coli,Positive
2601,dbAMP_14733,Enterococcus faecalis,Positive
2602,dbAMP_14778,Micrococcus luteus,Positive
2603,dbAMP_19578,Escherichia coli,Positive
2604,dbAMP_01660,Pseudomonas aeruginosa,Positive
2605,dbAMP_16234,Pseudomonas aeruginosa,Positive
2606,dbAMP_27580,Bacillus subtilis,Positive
2607,dbAMP_17367,Candida parapsilosis,Positive
2608,dbAMP_23828,Escherichia coli,Positive
2609,dbAMP_31753,Salmonella enterica,Positive
2610,dbAMP_05722,Staphylococcus aureus,Positive
2611,dbAMP_16102,Bacillus subtilis,Positive
2612,dbAMP_17464,Staphylococcus aureus,Positive
2613,dbAMP_27228,Staphylococcus aureus,Positive
2614,dbAMP_25306,Pseudomonas aeruginosa,Positive
2615,dbAMP_01777,Candida albicans,Positive
2616,dbAMP_18393,Salmonella enterica,Positive
2617,DRAMP03922,Pseudomonas aeruginosa,Positive
2618,dbAMP_04719,Escherichia coli,Positive
2619,dbAMP_16142,Escherichia coli,Positive
2620,dbAMP_12103,Escherichia coli,Positive
2621,dbAMP_17454,Cryptococcus neoformans,Positive
2622,dbAMP_02825,Escherichia coli,Positive
2623,dbAMP_23933,Candida albicans,Positive
2624,dbAMP_05484,Escherichia coli,Positive
2625,dbAMP_04606,Salmonella enterica,Positive
2626,dbAMP_18835,Escherichia coli,Positive
2627,20056.0,Bacillus subtilis,Positive
2628,dbAMP_18045,Candida albicans,Positive
2629,dbAMP_20525,Staphylococcus aureus,Positive
2630,dbAMP_25114,Staphylococcus aureus,Positive
2631,dbAMP_04644,Staphylococcus aureus,Positive
2632,dbAMP_15397,Enterobacter cloacae,Positive
2633,dbAMP_04314,Acinetobacter baumannii,Positive
2634,dbAMP_15824,Staphylococcus epidermidis,Positive
2635,dbAMP_31304,Klebsiella pneumoniae,Positive
2636,dbAMP_21113,Klebsiella pneumoniae,Positive
2637,dbAMP_23200,Micrococcus luteus,Positive
2638,dbAMP_01289,Micrococcus luteus,Positive
2639,20855.0,Bacillus subtilis,Positive
2640,dbAMP_18667,Cryptococcus neoformans,Positive
2641,dbAMP_05894,Pseudomonas aeruginosa,Positive
2642,22378.0,Klebsiella pneumoniae,Positive
2643,dbAMP_21600,Staphylococcus aureus,Positive
2644,dbAMP_15997,Pseudomonas aeruginosa,Positive
2645,4847.0,Bacillus subtilis,Positive
2646,dbAMP_12359,Escherichia coli,Positive
2647,21944.0,Enterococcus faecalis,Positive
2648,dbAMP_23815,Candida albicans,Positive
2649,dbAMP_10971,Staphylococcus aureus,Positive
2650,dbAMP_17989,Acinetobacter baumannii,Positive
2651,dbAMP_22031,Escherichia coli,Positive
2652,dbAMP_14616,Candida albicans,Positive
2653,dbAMP_18175,Staphylococcus aureus,Positive
2654,dbAMP_20141,Klebsiella pneumoniae,Positive
2655,dbAMP_22626,Staphylococcus epidermidis,Positive
2656,dbAMP_17997,Escherichia coli,Positive
2657,dbAMP_16980,Pseudomonas aeruginosa,Positive
2658,dbAMP_27107,Salmonella enterica,Positive
2659,dbAMP_16431,Staphylococcus aureus,Positive
2660,dbAMP_06132,Bacillus megaterium,Positive
2661,dbAMP_14882,Micrococcus luteus,Positive
2662,dbAMP_05360,Staphylococcus aureus,Positive
2663,dbAMP_02048,Enterococcus faecalis,Positive
2664,dbAMP_04761,Candida albicans,Positive
2665,1250.0,Listeria monocytogenes,Positive
2666,dbAMP_15913,Enterococcus faecalis,Positive
2667,dbAMP_10965,Staphylococcus aureus,Positive
2668,dbAMP_02088,Candida albicans,Positive
2669,dbAMP_19298,Bacillus subtilis,Positive
2670,dbAMP_24164,Acinetobacter baumannii,Positive
2671,dbAMP_20246,Escherichia coli,Positive
2672,dbAMP_19336,Candida albicans,Positive
2673,21788.0,Staphylococcus epidermidis,Positive
2674,dbAMP_20410,Staphylococcus aureus,Positive
2675,20266.0,Pseudomonas aeruginosa,Positive
2676,dbAMP_18017,Escherichia coli,Positive
2677,dbAMP_20530,Escherichia coli,Positive
2678,dbAMP_03658,Escherichia coli,Positive
2679,dbAMP_19236,Salmonella enterica,Positive
2680,dbAMP_22882,Pseudomonas aeruginosa,Positive
2681,dbAMP_14807,Bacillus subtilis,Positive
2682,20845.0,Escherichia coli,Positive
2683,dbAMP_03851,Enterobacter cloacae,Positive
2684,dbAMP_16069,Micrococcus luteus,Positive
2685,dbAMP_24876,Salmonella enterica,Positive
2686,dbAMP_17898,Escherichia coli,Positive
2687,dbAMP_27166,Candida albicans,Positive
2688,17407.0,Escherichia coli,Positive
2689,dbAMP_17531,Pseudomonas aeruginosa,Positive
2690,dbAMP_33321,Staphylococcus aureus,Positive
2691,dbAMP_25224,Pseudomonas aeruginosa,Positive
2692,dbAMP_15917,Escherichia coli,Positive
2693,dbAMP_16881,Escherichia coli,Positive
2694,dbAMP_13325,Acinetobacter baumannii,Positive
2695,20841.0,Pseudomonas aeruginosa,Positive
2696,19857.0,Klebsiella pneumoniae,Positive
2697,dbAMP_31647,Pseudomonas aeruginosa,Positive
2698,DRAMP02361,Staphylococcus aureus,Positive
2699,dbAMP_16632,Candida albicans,Positive
2700,dbAMP_22783,Bacillus cereus,Positive
2701,dbAMP_22711,Bacillus subtilis,Positive
2702,dbAMP_33031,Staphylococcus epidermidis,Positive
2703,dbAMP_19703,Escherichia coli,Positive
2704,dbAMP_10846,Pseudomonas aeruginosa,Positive
2705,dbAMP_22701,Staphylococcus aureus,Positive
2706,dbAMP_22006,Staphylococcus aureus,Positive
2707,dbAMP_03565,Staphylococcus aureus,Positive
2708,dbAMP_12014,Klebsiella pneumoniae,Positive
2709,dbAMP_22780,Staphylococcus aureus,Positive
2710,dbAMP_02068,Escherichia coli,Positive
2711,19602.0,Bacillus subtilis,Positive
2712,dbAMP_21948,Staphylococcus aureus,Positive
2713,dbAMP_24828,Bacillus subtilis,Positive
2714,dbAMP_03385,Pseudomonas aeruginosa,Positive
2715,dbAMP_18786,Staphylococcus epidermidis,Positive
2716,10040.0,Escherichia coli,Positive
2717,dbAMP_02178,Candida albicans,Positive
2718,dbAMP_18180,Acinetobacter baumannii,Positive
2719,dbAMP_21823,Pseudomonas aeruginosa,Positive
2720,dbAMP_10100,Salmonella enterica,Positive
2721,22049.0,Escherichia coli,Positive
2722,DRAMP18481,Escherichia coli,Positive
2723,dbAMP_17897,Bacillus megaterium,Positive
2724,dbAMP_16303,Staphylococcus aureus,Positive
2725,dbAMP_27568,Escherichia coli,Positive
2726,22280.0,Bacillus megaterium,Positive
2727,dbAMP_17200,Staphylococcus aureus,Positive
2728,dbAMP_32694,Staphylococcus aureus,Positive
2729,dbAMP_32523,Acinetobacter baumannii,Positive
2730,20345.0,Staphylococcus aureus,Positive
2731,21955.0,Staphylococcus aureus,Positive
2732,20076.0,Bacillus subtilis,Positive
2733,dbAMP_28847,Pseudomonas aeruginosa,Positive
2734,dbAMP_00214,Staphylococcus aureus,Positive
2735,dbAMP_33720,Enterobacter cloacae,Positive
2736,dbAMP_15784,Escherichia coli,Positive
2737,dbAMP_24815,Escherichia coli,Positive
2738,DRAMP20837,Bacillus cereus,Positive
2739,dbAMP_03750,Escherichia coli,Positive
2740,dbAMP_14792,Bacillus subtilis,Positive
2741,dbAMP_16910,Acinetobacter baumannii,Positive
2742,dbAMP_34244,Staphylococcus aureus,Positive
2743,dbAMP_11107,Micrococcus luteus,Positive
2744,dbAMP_15952,Escherichia coli,Positive
2745,dbAMP_14851,Staphylococcus epidermidis,Positive
2746,dbAMP_22271,Bacillus cereus,Positive
2747,dbAMP_18877,Salmonella enterica,Positive
2748,dbAMP_20780,Staphylococcus epidermidis,Positive
2749,dbAMP_25249,Staphylococcus aureus,Positive
2750,dbAMP_15875,Klebsiella pneumoniae,Positive
2751,17879.0,Escherichia coli,Positive
2752,dbAMP_17419,Staphylococcus aureus,Positive
2753,dbAMP_04157,Candida albicans,Positive
2754,dbAMP_16178,Staphylococcus aureus,Positive
2755,dbAMP_20318,Escherichia coli,Positive
2756,dbAMP_18956,Cryptococcus neoformans,Positive
2757,dbAMP_00316,Listeria monocytogenes,Positive
2758,dbAMP_15959,Staphylococcus epidermidis,Positive
2759,14950.0,Staphylococcus aureus,Positive
2760,dbAMP_27812,Bacillus subtilis,Positive
2761,dbAMP_10731,Klebsiella pneumoniae,Positive
2762,dbAMP_15812,Staphylococcus aureus,Positive
2763,dbAMP_16026,Salmonella enterica,Positive
2764,dbAMP_22594,Pseudomonas aeruginosa,Positive
2765,dbAMP_32307,Escherichia coli,Positive
2766,dbAMP_24489,Bacillus subtilis,Positive
2767,dbAMP_10526,Pseudomonas aeruginosa,Positive
2768,dbAMP_19239,Salmonella enterica,Positive
2769,dbAMP_18587,Bacillus subtilis,Positive
2770,dbAMP_04634,Bacillus cereus,Positive
2771,dbAMP_21395,Bacillus cereus,Positive
2772,22219.0,Staphylococcus aureus,Positive
2773,dbAMP_21082,Escherichia coli,Positive
2774,dbAMP_32622,Pseudomonas aeruginosa,Positive
2775,14206.0,Klebsiella pneumoniae,Positive
2776,dbAMP_27302,Escherichia coli,Positive
2777,dbAMP_18043,Candida albicans,Positive
2778,dbAMP_21978,Klebsiella pneumoniae,Positive
2779,dbAMP_34586,Staphylococcus epidermidis,Positive
2780,dbAMP_23943,Staphylococcus epidermidis,Positive
2781,DRAMP02317,Bacillus subtilis,Positive
2782,dbAMP_34276,Escherichia coli,Positive
2783,dbAMP_21106,Klebsiella pneumoniae,Positive
2784,19486.0,Staphylococcus aureus,Positive
2785,dbAMP_33697,Klebsiella pneumoniae,Positive
2786,dbAMP_14843,Klebsiella pneumoniae,Positive
2787,dbAMP_20433,Staphylococcus aureus,Positive
2788,dbAMP_03793,Bacillus megaterium,Positive
2789,dbAMP_31311,Escherichia coli,Positive
2790,dbAMP_33086,Staphylococcus aureus,Positive
2791,dbAMP_17972,Staphylococcus aureus,Positive
2792,dbAMP_11290,Staphylococcus aureus,Positive
2793,22239.0,Staphylococcus aureus,Positive
2794,dbAMP_15898,Staphylococcus aureus,Positive
2795,dbAMP_03612,Escherichia coli,Positive
2796,dbAMP_22072,Bacillus subtilis,Positive
2797,dbAMP_16215,Staphylococcus aureus,Positive
2798,dbAMP_22075,Micrococcus luteus,Positive
2799,dbAMP_14730,Escherichia coli,Positive
2800,dbAMP_31997,Staphylococcus aureus,Positive
2801,dbAMP_18697,Cryptococcus neoformans,Positive
2802,dbAMP_19283,Listeria monocytogenes,Positive
2803,dbAMP_24599,Micrococcus luteus,Positive
2804,dbAMP_18786,Escherichia coli,Positive
2805,dbAMP_22794,Staphylococcus epidermidis,Positive
2806,19015.0,Klebsiella pneumoniae,Positive
2807,dbAMP_05955,Micrococcus luteus,Positive
2808,dbAMP_00962,Listeria monocytogenes,Positive
2809,21627.0,Escherichia coli,Positive
2810,dbAMP_10481,Enterobacter cloacae,Positive
2811,dbAMP_02967,Staphylococcus aureus,Positive
2812,22246.0,Pseudomonas aeruginosa,Positive
2813,dbAMP_10664,Listeria monocytogenes,Positive
2814,22106.0,Enterococcus faecalis,Positive
2815,dbAMP_33720,Acinetobacter baumannii,Positive
2816,dbAMP_00028,Candida albicans,Positive
2817,dbAMP_28788,Staphylococcus aureus,Positive
2818,dbAMP_33436,Staphylococcus aureus,Positive
2819,dbAMP_16494,Staphylococcus epidermidis,Positive
2820,dbAMP_34586,Candida albicans,Positive
2821,dbAMP_16141,Staphylococcus epidermidis,Positive
2822,dbAMP_21770,Pseudomonas aeruginosa,Positive
2823,DRAMP02933,Candida parapsilosis,Positive
2824,dbAMP_19234,Staphylococcus aureus,Positive
2825,DRAMP21084,Enterococcus faecalis,Positive
2826,dbAMP_32425,Bacillus megaterium,Positive
2827,dbAMP_04748,Staphylococcus aureus,Positive
2828,dbAMP_03516,Staphylococcus aureus,Positive
2829,dbAMP_33855,Staphylococcus aureus,Positive
2830,dbAMP_20729,Salmonella enterica,Positive
2831,dbAMP_23983,Salmonella enterica,Positive
2832,dbAMP_32505,Pseudomonas aeruginosa,Positive
2833,21663.0,Staphylococcus aureus,Positive
2834,dbAMP_22682,Enterococcus faecium,Positive
2835,dbAMP_33692,Staphylococcus epidermidis,Positive
2836,dbAMP_10546,Enterococcus faecalis,Positive
2837,dbAMP_23455,Candida albicans,Positive
2838,dbAMP_20284,Escherichia coli,Positive
2839,20329.0,Escherichia coli,Positive
2840,19520.0,Salmonella enterica,Positive
2841,DRAMP03035,Escherichia coli,Positive
2842,20543.0,Enterococcus faecalis,Positive
2843,dbAMP_18042,Staphylococcus epidermidis,Positive
2844,dbAMP_17755,Escherichia coli,Positive
2845,dbAMP_24945,Cryptococcus neoformans,Positive
2846,dbAMP_19552,Escherichia coli,Positive
2847,dbAMP_18238,Pseudomonas aeruginosa,Positive
2848,dbAMP_05725,Staphylococcus aureus,Positive
2849,18112.0,Micrococcus luteus,Positive
2850,dbAMP_14823,Staphylococcus aureus,Positive
2851,dbAMP_04785,Enterobacter cloacae,Positive
2852,dbAMP_15873,Staphylococcus aureus,Positive
2853,DRAMP03140,Micrococcus luteus,Positive
2854,dbAMP_16028,Bacillus subtilis,Positive
2855,dbAMP_33101,Staphylococcus epidermidis,Positive
2856,dbAMP_34584,Staphylococcus epidermidis,Positive
2857,dbAMP_33079,Candida albicans,Positive
2858,19646.0,Candida albicans,Positive
2859,dbAMP_33640,Enterococcus faecalis,Positive
2860,dbAMP_31690,Staphylococcus aureus,Positive
2861,20266.0,Staphylococcus aureus,Positive
2862,20842.0,Listeria monocytogenes,Positive
2863,dbAMP_15865,Staphylococcus aureus,Positive
2864,dbAMP_32950,Bacillus subtilis,Positive
2865,dbAMP_25057,Staphylococcus aureus,Positive
2866,dbAMP_32087,Staphylococcus aureus,Positive
2867,20515.0,Escherichia coli,Positive
2868,19916.0,Escherichia coli,Positive
2869,6825.0,Klebsiella pneumoniae,Positive
2870,dbAMP_02949,Klebsiella pneumoniae,Positive
2871,dbAMP_19069,Pseudomonas aeruginosa,Positive
2872,DRAMP03278,Bacillus subtilis,Positive
2873,dbAMP_15957,Micrococcus luteus,Positive
2874,dbAMP_04605,Bacillus subtilis,Positive
2875,dbAMP_02307,Staphylococcus aureus,Positive
2876,17513.0,Staphylococcus aureus,Positive
2877,dbAMP_20465,Escherichia coli,Positive
2878,dbAMP_04227,Staphylococcus epidermidis,Positive
2879,dbAMP_24165,Candida albicans,Positive
2880,dbAMP_33086,Salmonella enterica,Positive
2881,18635.0,Escherichia coli,Positive
2882,dbAMP_16384,Escherichia coli,Positive
2883,dbAMP_15964,Pseudomonas aeruginosa,Positive
2884,dbAMP_17197,Salmonella enterica,Positive
2885,dbAMP_15984,Candida parapsilosis,Positive
2886,dbAMP_16430,Pseudomonas aeruginosa,Positive
2887,dbAMP_10810,Salmonella enterica,Positive
2888,dbAMP_15950,Escherichia coli,Positive
2889,21921.0,Staphylococcus epidermidis,Positive
2890,21319.0,Escherichia coli,Positive
2891,dbAMP_18172,Pseudomonas aeruginosa,Positive
2892,21537.0,Enterococcus faecium,Positive
2893,DRAMP03928,Bacillus subtilis,Positive
2894,dbAMP_02946,Staphylococcus aureus,Positive
2895,dbAMP_22444,Candida albicans,Positive
2896,dbAMP_23100,Salmonella enterica,Positive
2897,19644.0,Bacillus subtilis,Positive
2898,6755.0,Escherichia coli,Positive
2899,dbAMP_02073,Staphylococcus aureus,Positive
2900,dbAMP_18042,Candida albicans,Positive
2901,dbAMP_15897,Escherichia coli,Positive
2902,dbAMP_04499,Pseudomonas aeruginosa,Positive
2903,dbAMP_22064,Escherichia coli,Positive
2904,20826.0,Enterococcus faecalis,Positive
2905,dbAMP_03858,Staphylococcus aureus,Positive
2906,dbAMP_27610,Staphylococcus aureus,Positive
2907,dbAMP_19309,Bacillus subtilis,Positive
2908,dbAMP_16274,Enterobacter cloacae,Positive
2909,dbAMP_16161,Staphylococcus aureus,Positive
2910,dbAMP_19786,Candida albicans,Positive
2911,7058.0,Staphylococcus epidermidis,Positive
2912,18319.0,Staphylococcus aureus,Positive
2913,dbAMP_19261,Staphylococcus epidermidis,Positive
2914,DRAMP03923,Staphylococcus aureus,Positive
2915,2854.0,Acinetobacter baumannii,Positive
2916,dbAMP_20250,Klebsiella pneumoniae,Positive
2917,dbAMP_16144,Escherichia coli,Positive
2918,18363.0,Pseudomonas aeruginosa,Positive
2919,dbAMP_16133,Bacillus cereus,Positive
2920,5368.0,Acinetobacter baumannii,Positive
2921,dbAMP_10403,Enterococcus faecalis,Positive
2922,dbAMP_21903,Salmonella enterica,Positive
2923,dbAMP_22428,Staphylococcus aureus,Positive
2924,dbAMP_14732,Candida parapsilosis,Positive
2925,dbAMP_16773,Escherichia coli,Positive
2926,22292.0,Staphylococcus aureus,Positive
2927,dbAMP_18696,Cryptococcus neoformans,Positive
2928,21660.0,Staphylococcus aureus,Positive
2929,dbAMP_24819,Candida albicans,Positive
2930,dbAMP_11143,Escherichia coli,Positive
2931,dbAMP_02635,Candida albicans,Positive
2932,22295.0,Staphylococcus aureus,Positive
2933,dbAMP_19802,Pseudomonas aeruginosa,Positive
2934,DRAMP01452,Staphylococcus aureus,Positive
2935,dbAMP_33781,Micrococcus luteus,Positive
2936,dbAMP_25278,Staphylococcus epidermidis,Positive
2937,dbAMP_23885,Escherichia coli,Positive
2938,dbAMP_05455,Staphylococcus aureus,Positive
2939,DRAMP18479,Pseudomonas aeruginosa,Positive
2940,20270.0,Escherichia coli,Positive
2941,DRAMP02473,Salmonella enterica,Positive
2942,dbAMP_02710,Staphylococcus aureus,Positive
2943,dbAMP_17807,Klebsiella pneumoniae,Positive
2944,18787.0,Acinetobacter baumannii,Positive
2945,dbAMP_19293,Bacillus subtilis,Positive
2946,dbAMP_18811,Escherichia coli,Positive
2947,dbAMP_03078,Escherichia coli,Positive
2948,18757.0,Klebsiella pneumoniae,Positive
2949,dbAMP_02617,Klebsiella pneumoniae,Positive
2950,DRAMP18615,Staphylococcus aureus,Positive
2951,18657.0,Staphylococcus aureus,Positive
2952,dbAMP_21252,Pseudomonas aeruginosa,Positive
2953,dbAMP_02206,Escherichia coli,Positive
2954,7051.0,Salmonella enterica,Positive
2955,22374.0,Micrococcus luteus,Positive
2956,dbAMP_16003,Bacillus subtilis,Positive
2957,dbAMP_18435,Salmonella enterica,Positive
2958,dbAMP_24302,Staphylococcus aureus,Positive
2959,dbAMP_23147,Pseudomonas aeruginosa,Positive
2960,dbAMP_34133,Staphylococcus aureus,Positive
2961,dbAMP_17718,Staphylococcus aureus,Positive
2962,dbAMP_24955,Klebsiella pneumoniae,Positive
2963,19647.0,Pseudomonas aeruginosa,Positive
2964,dbAMP_34208,Staphylococcus aureus,Positive
2965,dbAMP_15803,Escherichia coli,Positive
2966,18784.0,Salmonella enterica,Positive
2967,dbAMP_18999,Staphylococcus aureus,Positive
2968,dbAMP_10340,Candida albicans,Positive
2969,dbAMP_16903,Salmonella enterica,Positive
2970,dbAMP_12014,Pseudomonas aeruginosa,Positive
2971,dbAMP_04608,Salmonella enterica,Positive
2972,dbAMP_32263,Escherichia coli,Positive
2973,dbAMP_20387,Staphylococcus aureus,Positive
2974,dbAMP_18678,Cryptococcus neoformans,Positive
2975,4966.0,Staphylococcus aureus,Positive
2976,dbAMP_24294,Enterococcus faecalis,Positive
2977,dbAMP_16328,Escherichia coli,Positive
2978,dbAMP_33032,Staphylococcus aureus,Positive
2979,dbAMP_33829,Escherichia coli,Positive
2980,18694.0,Escherichia coli,Positive
2981,dbAMP_21978,Enterobacter cloacae,Positive
2982,dbAMP_10362,Bacillus cereus,Positive
2983,17517.0,Klebsiella pneumoniae,Positive
2984,dbAMP_19304,Pseudomonas aeruginosa,Positive
2985,dbAMP_20305,Pseudomonas aeruginosa,Positive
2986,DRAMP01621,Staphylococcus aureus,Positive
2987,dbAMP_24985,Candida albicans,Positive
2988,dbAMP_02777,Enterobacter cloacae,Positive
2989,dbAMP_20756,Escherichia coli,Positive
2990,dbAMP_19779,Staphylococcus aureus,Positive
2991,dbAMP_21432,Pseudomonas aeruginosa,Positive
2992,dbAMP_09730,Staphylococcus aureus,Positive
2993,dbAMP_21126,Bacillus cereus,Positive
2994,dbAMP_17019,Staphylococcus aureus,Positive
2995,dbAMP_23937,Staphylococcus epidermidis,Positive
2996,dbAMP_31690,Listeria monocytogenes,Positive
2997,dbAMP_21720,Staphylococcus aureus,Positive
2998,dbAMP_04704,Enterobacter cloacae,Positive
2999,dbAMP_32997,Bacillus subtilis,Positive
3000,dbAMP_04711,Staphylococcus epidermidis,Positive
3001,20249.0,Salmonella enterica,Positive
3002,19553.0,Salmonella enterica,Positive
3003,dbAMP_24743,Candida albicans,Positive
3004,dbAMP_21015,Pseudomonas aeruginosa,Positive
3005,20582.0,Pseudomonas aeruginosa,Positive
3006,1160.0,Klebsiella pneumoniae,Positive
3007,dbAMP_15892,Bacillus cereus,Positive
3008,dbAMP_34242,Escherichia coli,Positive
3009,dbAMP_00860,Candida albicans,Positive
3010,dbAMP_05525,Escherichia coli,Positive
3011,dbAMP_21285,Escherichia coli,Positive
3012,dbAMP_05478,Acinetobacter baumannii,Positive
3013,dbAMP_11108,Staphylococcus aureus,Positive
3014,dbAMP_18452,Salmonella enterica,Positive
3015,dbAMP_05483,Escherichia coli,Positive
3016,dbAMP_16169,Pseudomonas aeruginosa,Positive
3017,22215.0,Candida albicans,Positive
3018,20274.0,Escherichia coli,Positive
3019,dbAMP_34297,Staphylococcus aureus,Positive
3020,DRAMP03875,Escherichia coli,Positive
3021,dbAMP_23720,Staphylococcus aureus,Positive
3022,dbAMP_16253,Bacillus megaterium,Positive
3023,21078.0,Staphylococcus epidermidis,Positive
3024,dbAMP_16145,Escherichia coli,Positive
3025,dbAMP_03407,Staphylococcus aureus,Positive
3026,dbAMP_22954,Bacillus cereus,Positive
3027,dbAMP_10403,Staphylococcus aureus,Positive
3028,dbAMP_27639,Acinetobacter baumannii,Positive
3029,dbAMP_21410,Pseudomonas aeruginosa,Positive
3030,dbAMP_15784,Enterococcus faecalis,Positive
3031,dbAMP_17659,Bacillus subtilis,Positive
3032,dbAMP_17601,Escherichia coli,Positive
3033,20577.0,Acinetobacter baumannii,Positive
3034,dbAMP_21095,Acinetobacter baumannii,Positive
3035,dbAMP_27474,Candida albicans,Positive
3036,dbAMP_24573,Staphylococcus aureus,Positive
3037,dbAMP_14726,Salmonella enterica,Positive
3038,dbAMP_17733,Pseudomonas aeruginosa,Positive
3039,dbAMP_18987,Escherichia coli,Positive
3040,dbAMP_01651,Enterococcus faecalis,Positive
3041,dbAMP_03963,Staphylococcus aureus,Positive
3042,dbAMP_17726,Staphylococcus epidermidis,Positive
3043,1052.0,Escherichia coli,Positive
3044,dbAMP_04331,Staphylococcus aureus,Positive
3045,dbAMP_10543,Candida albicans,Positive
3046,dbAMP_10341,Bacillus subtilis,Positive
3047,dbAMP_23103,Escherichia coli,Positive
3048,dbAMP_14804,Staphylococcus aureus,Positive
3049,dbAMP_18438,Escherichia coli,Positive
3050,dbAMP_24164,Pseudomonas aeruginosa,Positive
3051,dbAMP_01501,Candida albicans,Positive
3052,dbAMP_17670,Pseudomonas aeruginosa,Positive
3053,dbAMP_23463,Staphylococcus epidermidis,Positive
3054,dbAMP_20322,Salmonella enterica,Positive
3055,dbAMP_32952,Bacillus subtilis,Positive
3056,dbAMP_15871,Bacillus subtilis,Positive
3057,dbAMP_18453,Escherichia coli,Positive
3058,dbAMP_33683,Klebsiella pneumoniae,Positive
3059,dbAMP_22592,Salmonella enterica,Positive
3060,dbAMP_18025,Pseudomonas aeruginosa,Positive
3061,dbAMP_27116,Klebsiella pneumoniae,Positive
3062,dbAMP_04804,Pseudomonas aeruginosa,Positive
3063,dbAMP_22772,Pseudomonas aeruginosa,Positive
3064,dbAMP_04517,Escherichia coli,Positive
3065,dbAMP_17104,Acinetobacter baumannii,Positive
3066,dbAMP_00667,Escherichia coli,Positive
3067,DRAMP02057,Escherichia coli,Positive
3068,dbAMP_20866,Escherichia coli,Positive
3069,dbAMP_05034,Enterococcus faecalis,Positive
3070,17510.0,Acinetobacter baumannii,Positive
3071,dbAMP_33004,Pseudomonas aeruginosa,Positive
3072,dbAMP_15773,Micrococcus luteus,Positive
3073,dbAMP_27351,Candida albicans,Positive
3074,dbAMP_04829,Escherichia coli,Positive
3075,21068.0,Klebsiella pneumoniae,Positive
3076,21736.0,Pseudomonas aeruginosa,Positive
3077,22277.0,Micrococcus luteus,Positive
3078,21290.0,Pseudomonas aeruginosa,Positive
3079,dbAMP_18791,Staphylococcus epidermidis,Positive
3080,dbAMP_03890,Escherichia coli,Positive
3081,dbAMP_24745,Staphylococcus epidermidis,Positive
3082,dbAMP_14897,Staphylococcus aureus,Positive
3083,20147.0,Staphylococcus aureus,Positive
3084,dbAMP_18058,Escherichia coli,Positive
3085,dbAMP_11959,Candida albicans,Positive
3086,18328.0,Bacillus subtilis,Positive
3087,dbAMP_21207,Staphylococcus aureus,Positive
3088,dbAMP_05530,Enterobacter cloacae,Positive
3089,dbAMP_09621,Salmonella enterica,Positive
3090,dbAMP_16236,Staphylococcus epidermidis,Positive
3091,20959.0,Staphylococcus aureus,Positive
3092,dbAMP_01911,Pseudomonas aeruginosa,Positive
3093,8833.0,Enterococcus faecium,Positive
3094,dbAMP_27117,Staphylococcus epidermidis,Positive
3095,dbAMP_24297,Staphylococcus aureus,Positive
3096,21079.0,Salmonella enterica,Positive
3097,dbAMP_17431,Listeria monocytogenes,Positive
3098,6749.0,Escherichia coli,Positive
3099,dbAMP_24792,Candida albicans,Positive
3100,dbAMP_21295,Escherichia coli,Positive
3101,dbAMP_24489,Klebsiella pneumoniae,Positive
3102,dbAMP_02202,Candida albicans,Positive
3103,dbAMP_10744,Micrococcus luteus,Positive
3104,dbAMP_20113,Staphylococcus aureus,Positive
3105,dbAMP_02133,Bacillus subtilis,Positive
3106,dbAMP_23322,Bacillus subtilis,Positive
3107,dbAMP_28434,Escherichia coli,Positive
3108,dbAMP_27351,Staphylococcus aureus,Positive
3109,dbAMP_32523,Candida albicans,Positive
3110,dbAMP_33075,Salmonella enterica,Positive
3111,dbAMP_19547,Escherichia coli,Positive
3112,dbAMP_21462,Staphylococcus epidermidis,Positive
3113,dbAMP_14714,Escherichia coli,Positive
3114,dbAMP_15575,Salmonella enterica,Positive
3115,dbAMP_24242,Staphylococcus epidermidis,Positive
3116,dbAMP_14714,Bacillus cereus,Positive
3117,dbAMP_27609,Staphylococcus aureus,Positive
3118,dbAMP_16165,Candida albicans,Positive
3119,dbAMP_18857,Pseudomonas aeruginosa,Positive
3120,dbAMP_15949,Bacillus cereus,Positive
3121,DRAMP04003,Staphylococcus epidermidis,Positive
3122,DRAMP03898,Escherichia coli,Positive
3123,dbAMP_17441,Escherichia coli,Positive
3124,19617.0,Candida albicans,Positive
3125,dbAMP_24045,Enterococcus faecium,Positive
3126,20542.0,Pseudomonas aeruginosa,Positive
3127,dbAMP_10653,Salmonella enterica,Positive
3128,dbAMP_14849,Escherichia coli,Positive
3129,dbAMP_04812,Staphylococcus aureus,Positive
3130,dbAMP_16732,Salmonella enterica,Positive
3131,dbAMP_33349,Candida albicans,Positive
3132,dbAMP_23632,Micrococcus luteus,Positive
3133,dbAMP_19788,Staphylococcus aureus,Positive
3134,dbAMP_24000,Acinetobacter baumannii,Positive
3135,dbAMP_21771,Bacillus subtilis,Positive
3136,dbAMP_15891,Escherichia coli,Positive
3137,dbAMP_15995,Klebsiella pneumoniae,Positive
3138,20812.0,Staphylococcus aureus,Positive
3139,dbAMP_15762,Enterococcus faecalis,Positive
3140,dbAMP_20339,Staphylococcus aureus,Positive
3141,dbAMP_24623,Salmonella enterica,Positive
3142,dbAMP_24953,Acinetobacter baumannii,Positive
3143,dbAMP_15939,Staphylococcus aureus,Positive
3144,20267.0,Pseudomonas aeruginosa,Positive
3145,dbAMP_20538,Bacillus cereus,Positive
3146,dbAMP_03204,Candida albicans,Positive
3147,dbAMP_17497,Escherichia coli,Positive
3148,dbAMP_18549,Escherichia coli,Positive
3149,dbAMP_25357,Escherichia coli,Positive
3150,dbAMP_12361,Salmonella enterica,Positive
3151,dbAMP_16239,Salmonella enterica,Positive
3152,dbAMP_14883,Bacillus subtilis,Positive
3153,21995.0,Candida parapsilosis,Positive
3154,dbAMP_32020,Pseudomonas aeruginosa,Positive
3155,691.0,Staphylococcus aureus,Positive
3156,dbAMP_10311,Enterococcus faecium,Positive
3157,18754.0,Staphylococcus aureus,Positive
3158,dbAMP_18959,Staphylococcus aureus,Positive
3159,dbAMP_24894,Salmonella enterica,Positive
3160,17601.0,Salmonella enterica,Positive
3161,dbAMP_17203,Escherichia coli,Positive
3162,dbAMP_17412,Staphylococcus aureus,Positive
3163,dbAMP_18939,Escherichia coli,Positive
3164,18624.0,Klebsiella pneumoniae,Positive
3165,19902.0,Pseudomonas aeruginosa,Positive
3166,20842.0,Enterococcus faecalis,Positive
3167,20541.0,Cryptococcus neoformans,Positive
3168,dbAMP_00683,Micrococcus luteus,Positive
3169,dbAMP_23762,Escherichia coli,Positive
3170,dbAMP_00032,Escherichia coli,Positive
3171,dbAMP_18049,Escherichia coli,Positive
3172,21888.0,Acinetobacter baumannii,Positive
3173,dbAMP_33006,Pseudomonas aeruginosa,Positive
3174,dbAMP_15575,Pseudomonas aeruginosa,Positive
3175,dbAMP_19538,Salmonella enterica,Positive
3176,dbAMP_20756,Staphylococcus aureus,Positive
3177,21834.0,Acinetobacter baumannii,Positive
3178,dbAMP_18669,Pseudomonas aeruginosa,Positive
3179,21585.0,Staphylococcus aureus,Positive
3180,dbAMP_17104,Escherichia coli,Positive
3181,dbAMP_03408,Klebsiella pneumoniae,Positive
3182,dbAMP_14929,Escherichia coli,Positive
3183,dbAMP_00214,Salmonella enterica,Positive
3184,dbAMP_02068,Staphylococcus aureus,Positive
3185,dbAMP_18055,Salmonella enterica,Positive
3186,dbAMP_33621,Candida albicans,Positive
3187,dbAMP_02187,Bacillus megaterium,Positive
3188,dbAMP_25045,Escherichia coli,Positive
3189,dbAMP_02995,Staphylococcus aureus,Positive
3190,19480.0,Pseudomonas aeruginosa,Positive
3191,dbAMP_32948,Bacillus subtilis,Positive
3192,dbAMP_24873,Staphylococcus aureus,Positive
3193,1369.0,Candida albicans,Positive
3194,dbAMP_21771,Escherichia coli,Positive
3195,dbAMP_23224,Staphylococcus aureus,Positive
3196,19671.0,Acinetobacter baumannii,Positive
3197,20326.0,Escherichia coli,Positive
3198,dbAMP_21976,Escherichia coli,Positive
3199,17327.0,Candida albicans,Positive
3200,dbAMP_18069,Bacillus subtilis,Positive
3201,dbAMP_21724,Staphylococcus aureus,Positive
3202,dbAMP_16906,Listeria monocytogenes,Positive
3203,dbAMP_10435,Bacillus subtilis,Positive
3204,dbAMP_33685,Pseudomonas aeruginosa,Positive
3205,dbAMP_15957,Bacillus subtilis,Positive
3206,dbAMP_04961,Pseudomonas aeruginosa,Positive
3207,dbAMP_16538,Escherichia coli,Positive
3208,dbAMP_15791,Escherichia coli,Positive
3209,dbAMP_16811,Acinetobacter baumannii,Positive
3210,dbAMP_05269,Candida albicans,Positive
3211,dbAMP_20413,Pseudomonas aeruginosa,Positive
3212,dbAMP_10368,Listeria monocytogenes,Positive
3213,dbAMP_16903,Klebsiella pneumoniae,Positive
3214,DRAMP20994,Candida albicans,Positive
3215,dbAMP_20562,Candida albicans,Positive
3216,21743.0,Acinetobacter baumannii,Positive
3217,dbAMP_01658,Candida albicans,Positive
3218,dbAMP_20098,Staphylococcus epidermidis,Positive
3219,dbAMP_34587,Bacillus subtilis,Positive
3220,19948.0,Staphylococcus epidermidis,Positive
3221,dbAMP_05271,Bacillus subtilis,Positive
3222,DRAMP02125,Acinetobacter baumannii,Positive
3223,dbAMP_03075,Staphylococcus aureus,Positive
3224,dbAMP_22435,Staphylococcus aureus,Positive
3225,dbAMP_19034,Staphylococcus aureus,Positive
3226,dbAMP_16524,Staphylococcus aureus,Positive
3227,dbAMP_23935,Salmonella enterica,Positive
3228,dbAMP_32865,Bacillus subtilis,Positive
3229,dbAMP_21232,Acinetobacter baumannii,Positive
3230,3241.0,Staphylococcus aureus,Positive
3231,dbAMP_05268,Staphylococcus epidermidis,Positive
3232,dbAMP_03877,Staphylococcus aureus,Positive
3233,dbAMP_23367,Bacillus megaterium,Positive
3234,1687.0,Staphylococcus aureus,Positive
3235,dbAMP_10635,Pseudomonas aeruginosa,Positive
3236,21150.0,Escherichia coli,Positive
3237,21579.0,Pseudomonas aeruginosa,Positive
3238,20568.0,Enterococcus faecium,Positive
3239,DRAMP03166,Candida albicans,Positive
3240,dbAMP_13325,Klebsiella pneumoniae,Positive
3241,dbAMP_03832,Escherichia coli,Positive
3242,17722.0,Escherichia coli,Positive
3243,dbAMP_20518,Pseudomonas aeruginosa,Positive
3244,dbAMP_12038,Staphylococcus aureus,Positive
3245,dbAMP_17517,Pseudomonas aeruginosa,Positive
3246,dbAMP_34585,Escherichia coli,Positive
3247,dbAMP_33619,Staphylococcus aureus,Positive
3248,dbAMP_14776,Bacillus megaterium,Positive
3249,dbAMP_20476,Pseudomonas aeruginosa,Positive
3250,dbAMP_03430,Pseudomonas aeruginosa,Positive
3251,dbAMP_27602,Candida albicans,Positive
3252,dbAMP_16386,Salmonella enterica,Positive
3253,20772.0,Enterococcus faecalis,Positive
3254,dbAMP_27400,Bacillus subtilis,Positive
3255,dbAMP_19319,Staphylococcus aureus,Positive
3256,18855.0,Candida albicans,Positive
3257,dbAMP_18099,Staphylococcus epidermidis,Positive
3258,dbAMP_33689,Escherichia coli,Positive
3259,dbAMP_02155,Staphylococcus aureus,Positive
3260,dbAMP_11141,Pseudomonas aeruginosa,Positive
3261,904.0,Klebsiella pneumoniae,Positive
3262,DRAMP03090,Enterobacter cloacae,Positive
3263,dbAMP_03444,Staphylococcus aureus,Positive
3264,dbAMP_09734,Pseudomonas aeruginosa,Positive
3265,dbAMP_19284,Staphylococcus epidermidis,Positive
3266,17383.0,Micrococcus luteus,Positive
3267,dbAMP_16016,Staphylococcus epidermidis,Positive
3268,dbAMP_16002,Pseudomonas aeruginosa,Positive
3269,19776.0,Acinetobacter baumannii,Positive
3270,dbAMP_32951,Escherichia coli,Positive
3271,dbAMP_14891,Pseudomonas aeruginosa,Positive
3272,19611.0,Staphylococcus aureus,Positive
3273,dbAMP_01142,Candida albicans,Positive
3274,dbAMP_22481,Candida albicans,Positive
3275,dbAMP_33022,Staphylococcus aureus,Positive
3276,dbAMP_14838,Salmonella enterica,Positive
3277,dbAMP_27361,Staphylococcus aureus,Positive
3278,dbAMP_10327,Pseudomonas aeruginosa,Positive
3279,dbAMP_25336,Escherichia coli,Positive
3280,dbAMP_03794,Salmonella enterica,Positive
3281,dbAMP_18979,Staphylococcus epidermidis,Positive
3282,dbAMP_19269,Staphylococcus aureus,Positive
3283,dbAMP_04377,Bacillus cereus,Positive
3284,dbAMP_05294,Candida albicans,Positive
3285,dbAMP_18236,Micrococcus luteus,Positive
3286,dbAMP_24870,Enterococcus faecalis,Positive
3287,dbAMP_22291,Escherichia coli,Positive
3288,dbAMP_05765,Escherichia coli,Positive
3289,dbAMP_25192,Pseudomonas aeruginosa,Positive
3290,dbAMP_23941,Escherichia coli,Positive
3291,dbAMP_33692,Enterococcus faecalis,Positive
3292,dbAMP_33102,Staphylococcus epidermidis,Positive
3293,dbAMP_19039,Escherichia coli,Positive
3294,19244.0,Klebsiella pneumoniae,Positive
3295,dbAMP_04750,Staphylococcus aureus,Positive
3296,dbAMP_21770,Salmonella enterica,Positive
3297,19830.0,Klebsiella pneumoniae,Positive
3298,dbAMP_16251,Micrococcus luteus,Positive
3299,DRAMP03472,Staphylococcus aureus,Positive
3300,dbAMP_14831,Pseudomonas aeruginosa,Positive
3301,dbAMP_23930,Salmonella enterica,Positive
3302,dbAMP_02117,Candida albicans,Positive
3303,dbAMP_02837,Staphylococcus aureus,Positive
3304,17237.0,Pseudomonas aeruginosa,Positive
3305,dbAMP_16384,Enterococcus faecium,Positive
3306,DRAMP01846,Escherichia coli,Positive
3307,dbAMP_33313,Staphylococcus aureus,Positive
3308,22308.0,Escherichia coli,Positive
3309,dbAMP_25300,Staphylococcus aureus,Positive
3310,DRAMP18495,Pseudomonas aeruginosa,Positive
3311,DRAMP02316,Escherichia coli,Positive
3312,dbAMP_24985,Escherichia coli,Positive
3313,21031.0,Escherichia coli,Positive
3314,dbAMP_21235,Staphylococcus aureus,Positive
3315,DRAMP18618,Micrococcus luteus,Positive
3316,dbAMP_25012,Escherichia coli,Positive
3317,dbAMP_16269,Escherichia coli,Positive
3318,dbAMP_02895,Enterococcus faecium,Positive
3319,dbAMP_17572,Listeria monocytogenes,Positive
3320,dbAMP_02016,Enterococcus faecalis,Positive
3321,14945.0,Pseudomonas aeruginosa,Positive
3322,DRAMP03642,Staphylococcus aureus,Positive
3323,dbAMP_21130,Escherichia coli,Positive
3324,dbAMP_25013,Pseudomonas aeruginosa,Positive
3325,18152.0,Enterococcus faecalis,Positive
3326,dbAMP_24328,Escherichia coli,Positive
3327,17594.0,Cryptococcus neoformans,Positive
3328,dbAMP_02129,Bacillus subtilis,Positive
3329,20797.0,Staphylococcus aureus,Positive
3330,dbAMP_23108,Klebsiella pneumoniae,Positive
3331,dbAMP_24055,Escherichia coli,Positive
3332,dbAMP_10433,Enterococcus faecalis,Positive
3333,dbAMP_21772,Salmonella enterica,Positive
3334,dbAMP_10441,Pseudomonas aeruginosa,Positive
3335,dbAMP_21311,Pseudomonas aeruginosa,Positive
3336,dbAMP_24387,Salmonella enterica,Positive
3337,dbAMP_23983,Enterococcus faecalis,Positive
3338,dbAMP_18875,Staphylococcus epidermidis,Positive
3339,dbAMP_03601,Staphylococcus aureus,Positive
3340,5135.0,Staphylococcus aureus,Positive
3341,dbAMP_16060,Staphylococcus aureus,Positive
3342,4298.0,Staphylococcus aureus,Positive
3343,dbAMP_21532,Enterobacter cloacae,Positive
3344,dbAMP_25404,Escherichia coli,Positive
3345,dbAMP_16059,Pseudomonas aeruginosa,Positive
3346,dbAMP_16325,Bacillus subtilis,Positive
3347,dbAMP_19351,Pseudomonas aeruginosa,Positive
3348,19500.0,Enterococcus faecium,Positive
3349,dbAMP_17779,Escherichia coli,Positive
3350,dbAMP_18446,Escherichia coli,Positive
3351,dbAMP_16139,Bacillus subtilis,Positive
3352,DRAMP02361,Staphylococcus epidermidis,Positive
3353,dbAMP_14809,Bacillus subtilis,Positive
3354,dbAMP_23755,Escherichia coli,Positive
3355,dbAMP_03658,Klebsiella pneumoniae,Positive
3356,dbAMP_02325,Candida albicans,Positive
3357,18824.0,Salmonella enterica,Positive
3358,19950.0,Pseudomonas aeruginosa,Positive
3359,dbAMP_21070,Escherichia coli,Positive
3360,dbAMP_23934,Staphylococcus aureus,Positive
3361,dbAMP_24884,Staphylococcus aureus,Positive
3362,dbAMP_02937,Pseudomonas aeruginosa,Positive
3363,2302.0,Cryptococcus neoformans,Positive
3364,dbAMP_20786,Escherichia coli,Positive
3365,19684.0,Enterobacter cloacae,Positive
3366,4889.0,Klebsiella pneumoniae,Positive
3367,dbAMP_02679,Staphylococcus epidermidis,Positive
3368,dbAMP_03984,Bacillus megaterium,Positive
3369,19829.0,Cryptococcus neoformans,Positive
3370,dbAMP_18705,Escherichia coli,Positive
3371,dbAMP_17119,Pseudomonas aeruginosa,Positive
3372,dbAMP_17737,Pseudomonas aeruginosa,Positive
3373,dbAMP_33134,Salmonella enterica,Positive
3374,dbAMP_23533,Salmonella enterica,Positive
3375,dbAMP_04223,Escherichia coli,Positive
3376,18328.0,Staphylococcus aureus,Positive
3377,22022.0,Salmonella enterica,Positive
3378,dbAMP_23676,Candida albicans,Positive
3379,dbAMP_15869,Enterococcus faecalis,Positive
3380,dbAMP_01884,Candida albicans,Positive
3381,dbAMP_15989,Staphylococcus aureus,Positive
3382,dbAMP_16502,Staphylococcus aureus,Positive
3383,dbAMP_21029,Klebsiella pneumoniae,Positive
3384,dbAMP_16373,Staphylococcus aureus,Positive
3385,17454.0,Candida albicans,Positive
3386,dbAMP_32997,Escherichia coli,Positive
3387,dbAMP_31179,Enterobacter cloacae,Positive
3388,dbAMP_17016,Candida albicans,Positive
3389,dbAMP_20829,Pseudomonas aeruginosa,Positive
3390,19884.0,Escherichia coli,Positive
3391,dbAMP_24436,Candida albicans,Positive
3392,17622.0,Escherichia coli,Positive
3393,dbAMP_02590,Pseudomonas aeruginosa,Positive
3394,19992.0,Escherichia coli,Positive
3395,dbAMP_31642,Acinetobacter baumannii,Positive
3396,dbAMP_21224,Bacillus subtilis,Positive
3397,dbAMP_20380,Staphylococcus aureus,Positive
3398,dbAMP_04812,Candida albicans,Positive
3399,dbAMP_21435,Acinetobacter baumannii,Positive
3400,dbAMP_04701,Escherichia coli,Positive
3401,dbAMP_23638,Micrococcus luteus,Positive
3402,dbAMP_18833,Escherichia coli,Positive
3403,19686.0,Staphylococcus aureus,Positive
3404,dbAMP_17013,Bacillus cereus,Positive
3405,dbAMP_04775,Candida albicans,Positive
3406,dbAMP_16403,Escherichia coli,Positive
3407,20272.0,Escherichia coli,Positive
3408,dbAMP_03796,Escherichia coli,Positive
3409,dbAMP_17806,Staphylococcus epidermidis,Positive
3410,dbAMP_02835,Bacillus subtilis,Positive
3411,dbAMP_21434,Acinetobacter baumannii,Positive
3412,dbAMP_24340,Salmonella enterica,Positive
3413,22051.0,Staphylococcus aureus,Positive
3414,dbAMP_19108,Acinetobacter baumannii,Positive
3415,dbAMP_01941,Staphylococcus epidermidis,Positive
3416,dbAMP_21394,Staphylococcus epidermidis,Positive
3417,dbAMP_03064,Candida albicans,Positive
3418,dbAMP_05947,Escherichia coli,Positive
3419,dbAMP_31874,Candida albicans,Positive
3420,dbAMP_27442,Candida albicans,Positive
3421,17389.0,Pseudomonas aeruginosa,Positive
3422,dbAMP_01625,Staphylococcus aureus,Positive
3423,dbAMP_20246,Staphylococcus aureus,Positive
3424,dbAMP_33218,Staphylococcus aureus,Positive
3425,dbAMP_25025,Candida albicans,Positive
3426,dbAMP_16126,Staphylococcus aureus,Positive
3427,dbAMP_19028,Staphylococcus epidermidis,Positive
3428,20937.0,Acinetobacter baumannii,Positive
3429,dbAMP_31186,Enterococcus faecium,Positive
3430,dbAMP_16246,Enterobacter cloacae,Positive
3431,dbAMP_16060,Staphylococcus epidermidis,Positive
3432,dbAMP_27110,Escherichia coli,Positive
3433,dbAMP_10591,Candida albicans,Positive
3434,dbAMP_10549,Listeria monocytogenes,Positive
3435,dbAMP_16748,Salmonella enterica,Positive
3436,dbAMP_22166,Acinetobacter baumannii,Positive
3437,17798.0,Bacillus subtilis,Positive
3438,dbAMP_05526,Escherichia coli,Positive
3439,dbAMP_15887,Enterobacter cloacae,Positive
3440,dbAMP_33109,Klebsiella pneumoniae,Positive
3441,dbAMP_17898,Salmonella enterica,Positive
3442,dbAMP_24421,Staphylococcus aureus,Positive
3443,dbAMP_24293,Bacillus cereus,Positive
3444,20890.0,Escherichia coli,Positive
3445,dbAMP_15784,Micrococcus luteus,Positive
3446,DRAMP29047,Bacillus subtilis,Positive
3447,2999.0,Bacillus subtilis,Positive
3448,dbAMP_22062,Enterococcus faecalis,Positive
3449,dbAMP_11731,Escherichia coli,Positive
3450,dbAMP_20875,Staphylococcus aureus,Positive
3451,22346.0,Pseudomonas aeruginosa,Positive
3452,dbAMP_25010,Enterococcus faecalis,Positive
3453,16646.0,Staphylococcus aureus,Positive
3454,dbAMP_04853,Staphylococcus aureus,Positive
3455,dbAMP_00957,Bacillus megaterium,Positive
3456,17802.0,Pseudomonas aeruginosa,Positive
3457,dbAMP_21129,Escherichia coli,Positive
3458,dbAMP_25213,Bacillus subtilis,Positive
3459,21150.0,Bacillus subtilis,Positive
3460,dbAMP_22722,Salmonella enterica,Positive
3461,dbAMP_03413,Candida albicans,Positive
3462,21059.0,Staphylococcus aureus,Positive
3463,dbAMP_21059,Klebsiella pneumoniae,Positive
3464,dbAMP_17289,Staphylococcus aureus,Positive
3465,dbAMP_15961,Staphylococcus aureus,Positive
3466,18464.0,Listeria monocytogenes,Positive
3467,dbAMP_18233,Candida albicans,Positive
3468,dbAMP_23669,Micrococcus luteus,Positive
3469,17428.0,Cryptococcus neoformans,Positive
3470,dbAMP_19530,Escherichia coli,Positive
3471,dbAMP_15969,Salmonella enterica,Positive
3472,dbAMP_16235,Salmonella enterica,Positive
3473,dbAMP_05497,Acinetobacter baumannii,Positive
3474,dbAMP_18052,Staphylococcus aureus,Positive
3475,dbAMP_02586,Bacillus subtilis,Positive
3476,dbAMP_02146,Staphylococcus aureus,Positive
3477,dbAMP_01982,Staphylococcus aureus,Positive
3478,dbAMP_02048,Candida albicans,Positive
3479,dbAMP_21989,Pseudomonas aeruginosa,Positive
3480,DRAMP18713,Pseudomonas aeruginosa,Positive
3481,dbAMP_21471,Candida albicans,Positive
3482,dbAMP_33029,Escherichia coli,Positive
3483,dbAMP_22024,Staphylococcus aureus,Positive
3484,dbAMP_01708,Pseudomonas aeruginosa,Positive
3485,dbAMP_15870,Bacillus subtilis,Positive
3486,dbAMP_02068,Pseudomonas aeruginosa,Positive
3487,dbAMP_01840,Pseudomonas aeruginosa,Positive
3488,dbAMP_22976,Staphylococcus epidermidis,Positive
3489,dbAMP_22719,Escherichia coli,Positive
3490,13802.0,Bacillus megaterium,Positive
3491,dbAMP_23725,Staphylococcus epidermidis,Positive
3492,dbAMP_25279,Staphylococcus epidermidis,Positive
3493,dbAMP_16752,Pseudomonas aeruginosa,Positive
3494,dbAMP_19044,Staphylococcus epidermidis,Positive
3495,dbAMP_24657,Bacillus subtilis,Positive
3496,dbAMP_18075,Enterococcus faecalis,Positive
3497,dbAMP_21029,Staphylococcus aureus,Positive
3498,dbAMP_10979,Candida albicans,Positive
3499,dbAMP_10980,Klebsiella pneumoniae,Positive
3500,dbAMP_28848,Klebsiella pneumoniae,Positive
3501,dbAMP_20659,Acinetobacter baumannii,Positive
3502,dbAMP_15922,Candida albicans,Positive
3503,19950.0,Staphylococcus aureus,Positive
3504,dbAMP_17607,Staphylococcus aureus,Positive
3505,18790.0,Escherichia coli,Positive
3506,dbAMP_18193,Pseudomonas aeruginosa,Positive
3507,dbAMP_15982,Acinetobacter baumannii,Positive
3508,dbAMP_22428,Escherichia coli,Positive
3509,dbAMP_14719,Escherichia coli,Positive
3510,dbAMP_34281,Escherichia coli,Positive
3511,dbAMP_28833,Pseudomonas aeruginosa,Positive
3512,dbAMP_31648,Staphylococcus aureus,Positive
3513,dbAMP_03529,Staphylococcus aureus,Positive
3514,dbAMP_27400,Escherichia coli,Positive
3515,DRAMP29046,Pseudomonas aeruginosa,Positive
3516,dbAMP_19090,Enterococcus faecalis,Positive
3517,dbAMP_21653,Staphylococcus epidermidis,Positive
3518,dbAMP_23964,Staphylococcus aureus,Positive
3519,dbAMP_15887,Candida albicans,Positive
3520,dbAMP_09740,Pseudomonas aeruginosa,Positive
3521,dbAMP_04638,Acinetobacter baumannii,Positive
3522,dbAMP_18671,Pseudomonas aeruginosa,Positive
3523,dbAMP_16279,Staphylococcus epidermidis,Positive
3524,dbAMP_24170,Staphylococcus aureus,Positive
3525,21049.0,Staphylococcus epidermidis,Positive
3526,dbAMP_32891,Escherichia coli,Positive
3527,dbAMP_18730,Escherichia coli,Positive
3528,dbAMP_10304,Bacillus megaterium,Positive
3529,dbAMP_02037,Staphylococcus aureus,Positive
3530,dbAMP_15862,Staphylococcus epidermidis,Positive
3531,4950.0,Micrococcus luteus,Positive
3532,dbAMP_33135,Salmonella enterica,Positive
3533,dbAMP_00917,Micrococcus luteus,Positive
3534,20152.0,Staphylococcus aureus,Positive
3535,dbAMP_17469,Klebsiella pneumoniae,Positive
3536,dbAMP_05777,Staphylococcus aureus,Positive
3537,dbAMP_05731,Staphylococcus epidermidis,Positive
3538,22344.0,Escherichia coli,Positive
3539,dbAMP_16729,Pseudomonas aeruginosa,Positive
3540,dbAMP_04670,Candida albicans,Positive
3541,DRAMP21033,Candida albicans,Positive
3542,dbAMP_14882,Staphylococcus epidermidis,Positive
3543,dbAMP_11172,Enterobacter cloacae,Positive
3544,21035.0,Escherichia coli,Positive
3545,14353.0,Staphylococcus aureus,Positive
3546,dbAMP_16523,Enterococcus faecium,Positive
3547,dbAMP_27412,Candida albicans,Positive
3548,dbAMP_04785,Pseudomonas aeruginosa,Positive
3549,dbAMP_22691,Bacillus subtilis,Positive
3550,dbAMP_33683,Bacillus subtilis,Positive
3551,dbAMP_03692,Escherichia coli,Positive
3552,dbAMP_02968,Staphylococcus aureus,Positive
3553,dbAMP_02898,Klebsiella pneumoniae,Positive
3554,dbAMP_16258,Escherichia coli,Positive
3555,dbAMP_21815,Pseudomonas aeruginosa,Positive
3556,19686.0,Bacillus subtilis,Positive
3557,dbAMP_19197,Micrococcus luteus,Positive
3558,dbAMP_18561,Escherichia coli,Positive
3559,dbAMP_17055,Salmonella enterica,Positive
3560,dbAMP_22069,Escherichia coli,Positive
3561,dbAMP_16039,Salmonella enterica,Positive
3562,21721.0,Pseudomonas aeruginosa,Positive
3563,dbAMP_00052,Staphylococcus aureus,Positive
3564,20628.0,Staphylococcus epidermidis,Positive
3565,20060.0,Pseudomonas aeruginosa,Positive
3566,dbAMP_19305,Listeria monocytogenes,Positive
3567,dbAMP_02840,Escherichia coli,Positive
3568,dbAMP_19033,Bacillus subtilis,Positive
3569,21728.0,Staphylococcus epidermidis,Positive
3570,dbAMP_16376,Staphylococcus aureus,Positive
3571,dbAMP_14838,Escherichia coli,Positive
3572,dbAMP_10970,Pseudomonas aeruginosa,Positive
3573,dbAMP_17718,Enterococcus faecalis,Positive
3574,dbAMP_23893,Bacillus megaterium,Positive
3575,dbAMP_00032,Pseudomonas aeruginosa,Positive
3576,dbAMP_16875,Enterococcus faecalis,Positive
3577,20167.0,Pseudomonas aeruginosa,Positive
3578,dbAMP_16124,Listeria monocytogenes,Positive
3579,dbAMP_27233,Escherichia coli,Positive
3580,21529.0,Pseudomonas aeruginosa,Positive
3581,dbAMP_15830,Candida albicans,Positive
3582,17256.0,Pseudomonas aeruginosa,Positive
3583,dbAMP_17574,Pseudomonas aeruginosa,Positive
3584,dbAMP_16761,Salmonella enterica,Positive
3585,dbAMP_03331,Bacillus cereus,Positive
3586,dbAMP_27094,Escherichia coli,Positive
3587,dbAMP_25303,Staphylococcus aureus,Positive
3588,763.0,Staphylococcus epidermidis,Positive
3589,dbAMP_22528,Staphylococcus aureus,Positive
3590,dbAMP_16728,Staphylococcus aureus,Positive
3591,5135.0,Enterococcus faecium,Positive
3592,dbAMP_18459,Listeria monocytogenes,Positive
3593,dbAMP_19045,Salmonella enterica,Positive
3594,dbAMP_16168,Escherichia coli,Positive
3595,dbAMP_12767,Staphylococcus aureus,Positive
3596,dbAMP_18149,Klebsiella pneumoniae,Positive
3597,dbAMP_00723,Candida albicans,Positive
3598,dbAMP_33025,Escherichia coli,Positive
3599,dbAMP_34245,Staphylococcus aureus,Positive
3600,dbAMP_16184,Escherichia coli,Positive
3601,22290.0,Salmonella enterica,Positive
3602,dbAMP_23180,Staphylococcus aureus,Positive
3603,18817.0,Staphylococcus epidermidis,Positive
3604,dbAMP_00217,Pseudomonas aeruginosa,Positive
3605,dbAMP_24066,Escherichia coli,Positive
3606,dbAMP_04643,Candida albicans,Positive
3607,dbAMP_04704,Escherichia coli,Positive
3608,dbAMP_32542,Staphylococcus aureus,Positive
3609,dbAMP_17554,Pseudomonas aeruginosa,Positive
3610,dbAMP_18379,Staphylococcus aureus,Positive
3611,dbAMP_21135,Staphylococcus aureus,Positive
3612,dbAMP_18155,Escherichia coli,Positive
3613,dbAMP_10501,Candida albicans,Positive
3614,dbAMP_24896,Escherichia coli,Positive
3615,dbAMP_27453,Pseudomonas aeruginosa,Positive
3616,dbAMP_02418,Staphylococcus aureus,Positive
3617,dbAMP_02837,Escherichia coli,Positive
3618,dbAMP_06021,Salmonella enterica,Positive
3619,dbAMP_17806,Klebsiella pneumoniae,Positive
3620,dbAMP_04077,Staphylococcus aureus,Positive
3621,18044.0,Salmonella enterica,Positive
3622,dbAMP_16091,Bacillus subtilis,Positive
3623,dbAMP_21186,Enterococcus faecalis,Positive
3624,dbAMP_18918,Bacillus subtilis,Positive
3625,dbAMP_18627,Escherichia coli,Positive
3626,dbAMP_28342,Pseudomonas aeruginosa,Positive
3627,dbAMP_27263,Micrococcus luteus,Positive
3628,dbAMP_16146,Staphylococcus epidermidis,Positive
3629,dbAMP_33103,Acinetobacter baumannii,Positive
3630,5135.0,Bacillus subtilis,Positive
3631,dbAMP_18560,Staphylococcus aureus,Positive
3632,DRAMP03923,Pseudomonas aeruginosa,Positive
3633,dbAMP_21059,Candida albicans,Positive
3634,dbAMP_21226,Bacillus subtilis,Positive
3635,DRAMP18713,Enterococcus faecalis,Positive
3636,dbAMP_14656,Staphylococcus aureus,Positive
3637,dbAMP_16008,Staphylococcus epidermidis,Positive
3638,dbAMP_27604,Pseudomonas aeruginosa,Positive
3639,22161.0,Staphylococcus aureus,Positive
3640,dbAMP_18972,Staphylococcus aureus,Positive
3641,dbAMP_27113,Enterococcus faecium,Positive
3642,dbAMP_04798,Staphylococcus aureus,Positive
3643,dbAMP_03054,Klebsiella pneumoniae,Positive
3644,dbAMP_22813,Staphylococcus aureus,Positive
3645,dbAMP_01931,Salmonella enterica,Positive
3646,dbAMP_17822,Staphylococcus aureus,Positive
3647,dbAMP_20790,Bacillus subtilis,Positive
3648,dbAMP_04560,Staphylococcus epidermidis,Positive
3649,DRAMP02867,Staphylococcus aureus,Positive
3650,dbAMP_22085,Escherichia coli,Positive
3651,dbAMP_15954,Bacillus subtilis,Positive
3652,19358.0,Pseudomonas aeruginosa,Positive
3653,20729.0,Acinetobacter baumannii,Positive
3654,dbAMP_22720,Escherichia coli,Positive
3655,dbAMP_31641,Klebsiella pneumoniae,Positive
3656,21659.0,Klebsiella pneumoniae,Positive
3657,18173.0,Staphylococcus aureus,Positive
3658,22347.0,Salmonella enterica,Positive
3659,dbAMP_31653,Salmonella enterica,Positive
3660,19640.0,Escherichia coli,Positive
3661,dbAMP_16261,Salmonella enterica,Positive
3662,dbAMP_21258,Staphylococcus aureus,Positive
3663,dbAMP_10483,Klebsiella pneumoniae,Positive
3664,5135.0,Klebsiella pneumoniae,Positive
3665,dbAMP_16050,Escherichia coli,Positive
3666,dbAMP_19794,Escherichia coli,Positive
3667,dbAMP_20471,Staphylococcus aureus,Positive
3668,dbAMP_34039,Salmonella enterica,Positive
3669,dbAMP_23941,Pseudomonas aeruginosa,Positive
3670,22362.0,Staphylococcus aureus,Positive
3671,19903.0,Staphylococcus aureus,Positive
3672,20853.0,Staphylococcus aureus,Positive
3673,dbAMP_19709,Candida albicans,Positive
3674,dbAMP_14847,Staphylococcus aureus,Positive
3675,dbAMP_23460,Pseudomonas aeruginosa,Positive
3676,9125.0,Candida parapsilosis,Positive
3677,dbAMP_18879,Staphylococcus epidermidis,Positive
3678,dbAMP_16235,Escherichia coli,Positive
3679,dbAMP_23999,Escherichia coli,Positive
3680,dbAMP_16120,Escherichia coli,Positive
3681,17420.0,Listeria monocytogenes,Positive
3682,dbAMP_20539,Micrococcus luteus,Positive
3683,dbAMP_22845,Staphylococcus aureus,Positive
3684,dbAMP_04006,Staphylococcus aureus,Positive
3685,9584.0,Escherichia coli,Positive
3686,dbAMP_15852,Staphylococcus aureus,Positive
3687,18787.0,Escherichia coli,Positive
3688,dbAMP_16727,Escherichia coli,Positive
3689,18832.0,Salmonella enterica,Positive
3690,dbAMP_15995,Pseudomonas aeruginosa,Positive
3691,19670.0,Klebsiella pneumoniae,Positive
3692,dbAMP_28848,Acinetobacter baumannii,Positive
3693,dbAMP_00257,Pseudomonas aeruginosa,Positive
3694,dbAMP_33684,Staphylococcus epidermidis,Positive
3695,dbAMP_24216,Escherichia coli,Positive
3696,22345.0,Pseudomonas aeruginosa,Positive
3697,20104.0,Staphylococcus aureus,Positive
3698,dbAMP_12343,Micrococcus luteus,Positive
3699,20837.0,Staphylococcus epidermidis,Positive
3700,DRAMP02923,Klebsiella pneumoniae,Positive
3701,dbAMP_24904,Escherichia coli,Positive
3702,6804.0,Klebsiella pneumoniae,Positive
3703,dbAMP_22472,Pseudomonas aeruginosa,Positive
3704,2820.0,Bacillus subtilis,Positive
3705,dbAMP_16507,Bacillus subtilis,Positive
3706,dbAMP_24387,Staphylococcus epidermidis,Positive
3707,dbAMP_11986,Escherichia coli,Positive
3708,dbAMP_18426,Staphylococcus aureus,Positive
3709,dbAMP_04636,Staphylococcus aureus,Positive
3710,dbAMP_18017,Staphylococcus aureus,Positive
3711,dbAMP_20285,Escherichia coli,Positive
3712,dbAMP_15786,Candida parapsilosis,Positive
3713,dbAMP_22618,Bacillus megaterium,Positive
3714,21530.0,Escherichia coli,Positive
3715,19813.0,Enterococcus faecium,Positive
3716,18051.0,Staphylococcus aureus,Positive
3717,21736.0,Staphylococcus aureus,Positive
3718,dbAMP_27354,Staphylococcus aureus,Positive
3719,20502.0,Salmonella enterica,Positive
3720,dbAMP_25260,Staphylococcus aureus,Positive
3721,18464.0,Staphylococcus aureus,Positive
3722,17818.0,Micrococcus luteus,Positive
3723,dbAMP_25875,Klebsiella pneumoniae,Positive
3724,dbAMP_16388,Escherichia coli,Positive
3725,dbAMP_16180,Escherichia coli,Positive
3726,18170.0,Escherichia coli,Positive
3727,dbAMP_10635,Escherichia coli,Positive
3728,dbAMP_20327,Staphylococcus epidermidis,Positive
3729,dbAMP_17155,Staphylococcus aureus,Positive
3730,dbAMP_10737,Pseudomonas aeruginosa,Positive
3731,dbAMP_17407,Staphylococcus aureus,Positive
3732,dbAMP_27064,Klebsiella pneumoniae,Positive
3733,10347.0,Salmonella enterica,Positive
3734,dbAMP_22903,Pseudomonas aeruginosa,Positive
3735,dbAMP_18025,Escherichia coli,Positive
3736,21553.0,Staphylococcus aureus,Positive
3737,dbAMP_31626,Micrococcus luteus,Positive
3738,dbAMP_14911,Bacillus subtilis,Positive
3739,dbAMP_04058,Candida albicans,Positive
3740,dbAMP_11249,Micrococcus luteus,Positive
3741,dbAMP_24012,Salmonella enterica,Positive
3742,20963.0,Staphylococcus aureus,Positive
3743,dbAMP_09734,Enterococcus faecalis,Positive
3744,dbAMP_17792,Pseudomonas aeruginosa,Positive
3745,dbAMP_34234,Staphylococcus aureus,Positive
3746,dbAMP_27343,Staphylococcus aureus,Positive
3747,dbAMP_25405,Salmonella enterica,Positive
3748,dbAMP_18137,Escherichia coli,Positive
3749,dbAMP_25015,Escherichia coli,Positive
3750,dbAMP_16816,Bacillus subtilis,Positive
3751,dbAMP_14835,Enterococcus faecalis,Positive
3752,dbAMP_16059,Staphylococcus epidermidis,Positive
3753,dbAMP_21405,Pseudomonas aeruginosa,Positive
3754,dbAMP_18946,Pseudomonas aeruginosa,Positive
3755,dbAMP_18041,Staphylococcus aureus,Positive
3756,dbAMP_02843,Staphylococcus aureus,Positive
3757,dbAMP_23811,Staphylococcus aureus,Positive
3758,3343.0,Candida albicans,Positive
3759,20632.0,Staphylococcus epidermidis,Positive
3760,dbAMP_18211,Staphylococcus aureus,Positive
3761,18666.0,Bacillus subtilis,Positive
3762,dbAMP_03554,Escherichia coli,Positive
3763,dbAMP_05294,Pseudomonas aeruginosa,Positive
3764,dbAMP_21462,Staphylococcus aureus,Positive
3765,dbAMP_33102,Escherichia coli,Positive
3766,dbAMP_04897,Staphylococcus aureus,Positive
3767,dbAMP_17420,Pseudomonas aeruginosa,Positive
3768,DRAMP04165,Escherichia coli,Positive
3769,dbAMP_19600,Pseudomonas aeruginosa,Positive
3770,dbAMP_09881,Bacillus cereus,Positive
3771,dbAMP_20762,Escherichia coli,Positive
3772,19502.0,Bacillus cereus,Positive
3773,dbAMP_22684,Staphylococcus aureus,Positive
3774,21969.0,Acinetobacter baumannii,Positive
3775,dbAMP_03682,Staphylococcus aureus,Positive
3776,dbAMP_25278,Escherichia coli,Positive
3777,18601.0,Escherichia coli,Positive
3778,dbAMP_18606,Staphylococcus aureus,Positive
3779,dbAMP_17530,Pseudomonas aeruginosa,Positive
3780,dbAMP_20449,Escherichia coli,Positive
3781,dbAMP_14890,Escherichia coli,Positive
3782,5243.0,Escherichia coli,Positive
3783,dbAMP_18631,Escherichia coli,Positive
3784,7082.0,Staphylococcus epidermidis,Positive
3785,dbAMP_18075,Pseudomonas aeruginosa,Positive
3786,dbAMP_18225,Escherichia coli,Positive
3787,20582.0,Staphylococcus aureus,Positive
3788,dbAMP_20825,Staphylococcus aureus,Positive
3789,1004.0,Staphylococcus aureus,Positive
3790,dbAMP_24675,Candida albicans,Positive
3791,dbAMP_03330,Bacillus cereus,Positive
3792,dbAMP_18453,Pseudomonas aeruginosa,Positive
3793,dbAMP_10177,Pseudomonas aeruginosa,Positive
3794,dbAMP_18673,Escherichia coli,Positive
3795,19777.0,Candida parapsilosis,Positive
3796,dbAMP_15899,Staphylococcus aureus,Positive
3797,dbAMP_00856,Enterococcus faecium,Positive
3798,dbAMP_34041,Staphylococcus epidermidis,Positive
3799,dbAMP_14875,Pseudomonas aeruginosa,Positive
3800,dbAMP_17144,Klebsiella pneumoniae,Positive
3801,13802.0,Enterococcus faecalis,Positive
3802,dbAMP_01972,Staphylococcus aureus,Positive
3803,dbAMP_14874,Staphylococcus aureus,Positive
3804,dbAMP_24606,Listeria monocytogenes,Positive
3805,dbAMP_19399,Pseudomonas aeruginosa,Positive
3806,dbAMP_33832,Escherichia coli,Positive
3807,dbAMP_21126,Enterococcus faecalis,Positive
3808,19950.0,Staphylococcus epidermidis,Positive
3809,dbAMP_01881,Candida albicans,Positive
3810,18816.0,Escherichia coli,Positive
3811,dbAMP_14903,Bacillus subtilis,Positive
3812,20042.0,Staphylococcus epidermidis,Positive
3813,dbAMP_14908,Bacillus subtilis,Positive
3814,dbAMP_10413,Candida albicans,Positive
3815,19885.0,Escherichia coli,Positive
3816,dbAMP_21407,Pseudomonas aeruginosa,Positive
3817,20145.0,Staphylococcus aureus,Positive
3818,dbAMP_20790,Pseudomonas aeruginosa,Positive
3819,dbAMP_19868,Escherichia coli,Positive
3820,dbAMP_18827,Escherichia coli,Positive
3821,dbAMP_17472,Pseudomonas aeruginosa,Positive
3822,dbAMP_02988,Klebsiella pneumoniae,Positive
3823,dbAMP_16046,Staphylococcus epidermidis,Positive
3824,dbAMP_21973,Pseudomonas aeruginosa,Positive
3825,dbAMP_20830,Pseudomonas aeruginosa,Positive
3826,dbAMP_14828,Candida albicans,Positive
3827,14099.0,Bacillus subtilis,Positive
3828,dbAMP_17121,Candida albicans,Positive
3829,dbAMP_10587,Bacillus subtilis,Positive
3830,dbAMP_16916,Salmonella enterica,Positive
3831,19560.0,Staphylococcus aureus,Positive
3832,19252.0,Escherichia coli,Positive
3833,dbAMP_28799,Acinetobacter baumannii,Positive
3834,dbAMP_32938,Escherichia coli,Positive
3835,DRAMP02965,Bacillus megaterium,Positive
3836,dbAMP_01843,Escherichia coli,Positive
3837,dbAMP_25330,Pseudomonas aeruginosa,Positive
3838,dbAMP_24222,Escherichia coli,Positive
3839,dbAMP_11731,Enterococcus faecalis,Positive
3840,dbAMP_31631,Staphylococcus aureus,Positive
3841,dbAMP_27268,Escherichia coli,Positive
3842,dbAMP_25054,Escherichia coli,Positive
3843,17255.0,Acinetobacter baumannii,Positive
3844,dbAMP_10573,Escherichia coli,Positive
3845,DRAMP02933,Klebsiella pneumoniae,Positive
3846,dbAMP_16387,Staphylococcus aureus,Positive
3847,dbAMP_18179,Bacillus subtilis,Positive
3848,dbAMP_01594,Staphylococcus aureus,Positive
3849,dbAMP_01727,Staphylococcus aureus,Positive
3850,dbAMP_17229,Staphylococcus aureus,Positive
3851,dbAMP_15999,Staphylococcus aureus,Positive
3852,dbAMP_10527,Bacillus cereus,Positive
3853,dbAMP_16030,Escherichia coli,Positive
3854,dbAMP_16258,Pseudomonas aeruginosa,Positive
3855,dbAMP_00174,Candida albicans,Positive
3856,21459.0,Enterococcus faecalis,Positive
3857,dbAMP_09969,Escherichia coli,Positive
3858,17427.0,Escherichia coli,Positive
3859,dbAMP_18370,Pseudomonas aeruginosa,Positive
3860,dbAMP_10717,Pseudomonas aeruginosa,Positive
3861,dbAMP_18669,Escherichia coli,Positive
3862,dbAMP_27399,Escherichia coli,Positive
3863,dbAMP_19788,Escherichia coli,Positive
3864,dbAMP_02158,Candida albicans,Positive
3865,20349.0,Candida parapsilosis,Positive
3866,dbAMP_20795,Candida albicans,Positive
3867,dbAMP_23526,Staphylococcus aureus,Positive
3868,19637.0,Acinetobacter baumannii,Positive
3869,21980.0,Pseudomonas aeruginosa,Positive
3870,dbAMP_18437,Staphylococcus epidermidis,Positive
3871,dbAMP_27186,Enterococcus faecalis,Positive
3872,DRAMP18588,Micrococcus luteus,Positive
3873,dbAMP_20565,Escherichia coli,Positive
3874,dbAMP_17967,Staphylococcus epidermidis,Positive
3875,22320.0,Escherichia coli,Positive
3876,dbAMP_33689,Pseudomonas aeruginosa,Positive
3877,dbAMP_03869,Pseudomonas aeruginosa,Positive
3878,dbAMP_17573,Escherichia coli,Positive
3879,dbAMP_22043,Bacillus subtilis,Positive
3880,dbAMP_18944,Escherichia coli,Positive
3881,21311.0,Escherichia coli,Positive
3882,dbAMP_04603,Salmonella enterica,Positive
3883,dbAMP_17650,Bacillus subtilis,Positive
3884,1564.0,Staphylococcus aureus,Positive
3885,dbAMP_03062,Candida albicans,Positive
3886,dbAMP_17500,Listeria monocytogenes,Positive
3887,dbAMP_19304,Acinetobacter baumannii,Positive
3888,dbAMP_01727,Enterococcus faecium,Positive
3889,dbAMP_01673,Pseudomonas aeruginosa,Positive
3890,506.0,Enterococcus faecium,Positive
3891,dbAMP_22250,Bacillus cereus,Positive
3892,dbAMP_23167,Candida albicans,Positive
3893,dbAMP_14782,Pseudomonas aeruginosa,Positive
3894,dbAMP_24952,Pseudomonas aeruginosa,Positive
3895,dbAMP_00917,Bacillus subtilis,Positive
3896,dbAMP_22811,Candida albicans,Positive
3897,dbAMP_24952,Klebsiella pneumoniae,Positive
3898,21945.0,Staphylococcus aureus,Positive
3899,dbAMP_16423,Staphylococcus aureus,Positive
3900,dbAMP_01964,Enterococcus faecalis,Positive
3901,dbAMP_22976,Enterococcus faecalis,Positive
3902,dbAMP_17459,Bacillus subtilis,Positive
3903,dbAMP_27619,Bacillus subtilis,Positive
3904,dbAMP_03640,Salmonella enterica,Positive
3905,dbAMP_22159,Staphylococcus aureus,Positive
3906,18043.0,Pseudomonas aeruginosa,Positive
3907,dbAMP_21195,Escherichia coli,Positive
3908,15955.0,Staphylococcus aureus,Positive
3909,dbAMP_25350,Staphylococcus epidermidis,Positive
3910,dbAMP_02080,Candida albicans,Positive
3911,dbAMP_25445,Candida parapsilosis,Positive
3912,16991.0,Staphylococcus aureus,Positive
3913,dbAMP_23974,Escherichia coli,Positive
3914,dbAMP_27425,Staphylococcus epidermidis,Positive
3915,19557.0,Pseudomonas aeruginosa,Positive
3916,dbAMP_31186,Klebsiella pneumoniae,Positive
3917,dbAMP_22285,Staphylococcus aureus,Positive
3918,dbAMP_16817,Escherichia coli,Positive
3919,dbAMP_20782,Escherichia coli,Positive
3920,dbAMP_17582,Candida albicans,Positive
3921,dbAMP_34590,Escherichia coli,Positive
3922,dbAMP_18785,Staphylococcus aureus,Positive
3923,dbAMP_04221,Candida albicans,Positive
3924,dbAMP_18394,Candida parapsilosis,Positive
3925,dbAMP_21601,Escherichia coli,Positive
3926,dbAMP_20734,Escherichia coli,Positive
3927,dbAMP_16043,Staphylococcus aureus,Positive
3928,dbAMP_03822,Escherichia coli,Positive
3929,dbAMP_03651,Micrococcus luteus,Positive
3930,dbAMP_05999,Pseudomonas aeruginosa,Positive
3931,dbAMP_28738,Staphylococcus aureus,Positive
3932,20061.0,Staphylococcus epidermidis,Positive
3933,18893.0,Enterococcus faecalis,Positive
3934,dbAMP_03121,Pseudomonas aeruginosa,Positive
3935,dbAMP_27242,Cryptococcus neoformans,Positive
3936,dbAMP_21036,Staphylococcus aureus,Positive
3937,dbAMP_18832,Escherichia coli,Positive
3938,4889.0,Escherichia coli,Positive
3939,dbAMP_15897,Pseudomonas aeruginosa,Positive
3940,dbAMP_27426,Escherichia coli,Positive
3941,dbAMP_16924,Escherichia coli,Positive
3942,dbAMP_18104,Acinetobacter baumannii,Positive
3943,dbAMP_05162,Staphylococcus aureus,Positive
3944,dbAMP_22499,Staphylococcus epidermidis,Positive
3945,dbAMP_21899,Micrococcus luteus,Positive
3946,3114.0,Pseudomonas aeruginosa,Positive
3947,18755.0,Salmonella enterica,Positive
3948,20065.0,Bacillus megaterium,Positive
3949,dbAMP_13325,Enterobacter cloacae,Positive
3950,dbAMP_25309,Bacillus subtilis,Positive
3951,20042.0,Bacillus subtilis,Positive
3952,dbAMP_23884,Candida albicans,Positive
3953,dbAMP_17900,Salmonella enterica,Positive
3954,dbAMP_18105,Escherichia coli,Positive
3955,dbAMP_19134,Pseudomonas aeruginosa,Positive
3956,dbAMP_10441,Salmonella enterica,Positive
3957,dbAMP_02999,Klebsiella pneumoniae,Positive
3958,dbAMP_27354,Candida albicans,Positive
3959,dbAMP_12191,Staphylococcus aureus,Positive
3960,dbAMP_33927,Pseudomonas aeruginosa,Positive
3961,dbAMP_19302,Pseudomonas aeruginosa,Positive
3962,dbAMP_16862,Bacillus subtilis,Positive
3963,dbAMP_32293,Klebsiella pneumoniae,Positive
3964,dbAMP_23992,Bacillus cereus,Positive
3965,dbAMP_17882,Acinetobacter baumannii,Positive
3966,6841.0,Enterococcus faecalis,Positive
3967,dbAMP_16936,Escherichia coli,Positive
3968,DRAMP01650,Escherichia coli,Positive
3969,12495.0,Staphylococcus aureus,Positive
3970,dbAMP_04606,Pseudomonas aeruginosa,Positive
3971,dbAMP_18246,Escherichia coli,Positive
3972,dbAMP_23989,Salmonella enterica,Positive
3973,dbAMP_01625,Staphylococcus epidermidis,Positive
3974,20786.0,Pseudomonas aeruginosa,Positive
3975,dbAMP_18453,Listeria monocytogenes,Positive
3976,dbAMP_19528,Pseudomonas aeruginosa,Positive
3977,dbAMP_24979,Candida albicans,Positive
3978,dbAMP_24139,Staphylococcus aureus,Positive
3979,dbAMP_02987,Staphylococcus aureus,Positive
3980,dbAMP_22171,Escherichia coli,Positive
3981,dbAMP_04601,Staphylococcus epidermidis,Positive
3982,20983.0,Salmonella enterica,Positive
3983,dbAMP_00215,Candida albicans,Positive
3984,dbAMP_23469,Micrococcus luteus,Positive
3985,dbAMP_24869,Escherichia coli,Positive
3986,21779.0,Staphylococcus aureus,Positive
3987,dbAMP_17561,Escherichia coli,Positive
3988,18175.0,Klebsiella pneumoniae,Positive
3989,dbAMP_18054,Staphylococcus epidermidis,Positive
3990,dbAMP_16178,Escherichia coli,Positive
3991,dbAMP_05478,Micrococcus luteus,Positive
3992,dbAMP_03861,Cryptococcus neoformans,Positive
3993,dbAMP_18096,Staphylococcus aureus,Positive
3994,dbAMP_19639,Klebsiella pneumoniae,Positive
3995,20122.0,Staphylococcus aureus,Positive
3996,dbAMP_16632,Cryptococcus neoformans,Positive
3997,dbAMP_25433,Listeria monocytogenes,Positive
3998,dbAMP_18075,Bacillus subtilis,Positive
3999,dbAMP_01690,Staphylococcus aureus,Positive
4000,19587.0,Staphylococcus aureus,Positive
4001,dbAMP_05183,Escherichia coli,Positive
4002,20268.0,Bacillus subtilis,Positive
4003,dbAMP_10427,Candida albicans,Positive
4004,dbAMP_00348,Escherichia coli,Positive
4005,dbAMP_24675,Escherichia coli,Positive
4006,dbAMP_22760,Escherichia coli,Positive
4007,22214.0,Escherichia coli,Positive
4008,dbAMP_05527,Escherichia coli,Positive
4009,dbAMP_14783,Bacillus subtilis,Positive
4010,20266.0,Listeria monocytogenes,Positive
4011,dbAMP_32889,Enterococcus faecalis,Positive
4012,dbAMP_24418,Pseudomonas aeruginosa,Positive
4013,dbAMP_27515,Staphylococcus aureus,Positive
4014,dbAMP_23815,Staphylococcus aureus,Positive
4015,dbAMP_23934,Escherichia coli,Positive
4016,dbAMP_14722,Candida albicans,Positive
4017,dbAMP_16125,Pseudomonas aeruginosa,Positive
4018,dbAMP_24302,Pseudomonas aeruginosa,Positive
4019,dbAMP_03049,Enterobacter cloacae,Positive
4020,dbAMP_27960,Bacillus subtilis,Positive
4021,19488.0,Enterococcus faecalis,Positive
4022,dbAMP_11062,Bacillus subtilis,Positive
4023,dbAMP_18538,Escherichia coli,Positive
4024,dbAMP_24391,Pseudomonas aeruginosa,Positive
4025,dbAMP_18187,Staphylococcus epidermidis,Positive
4026,dbAMP_22159,Pseudomonas aeruginosa,Positive
4027,dbAMP_23309,Escherichia coli,Positive
4028,dbAMP_10497,Candida albicans,Positive
4029,dbAMP_23299,Bacillus megaterium,Positive
4030,dbAMP_02029,Candida albicans,Positive
4031,21528.0,Enterococcus faecium,Positive
4032,dbAMP_16307,Enterococcus faecium,Positive
4033,dbAMP_31137,Staphylococcus aureus,Positive
4034,dbAMP_19300,Bacillus cereus,Positive
4035,21551.0,Enterococcus faecalis,Positive
4036,dbAMP_20738,Salmonella enterica,Positive
4037,dbAMP_24401,Staphylococcus aureus,Positive
4038,dbAMP_00314,Staphylococcus aureus,Positive
4039,dbAMP_15983,Pseudomonas aeruginosa,Positive
4040,dbAMP_27421,Salmonella enterica,Positive
4041,dbAMP_10978,Pseudomonas aeruginosa,Positive
4042,dbAMP_16499,Escherichia coli,Positive
4043,22027.0,Candida albicans,Positive
4044,dbAMP_23526,Bacillus subtilis,Positive
4045,dbAMP_14844,Escherichia coli,Positive
4046,20056.0,Pseudomonas aeruginosa,Positive
4047,dbAMP_17500,Pseudomonas aeruginosa,Positive
4048,dbAMP_01917,Pseudomonas aeruginosa,Positive
4049,dbAMP_17717,Enterococcus faecium,Positive
4050,dbAMP_18825,Pseudomonas aeruginosa,Positive
4051,dbAMP_12208,Candida albicans,Positive
4052,20160.0,Candida albicans,Positive
4053,dbAMP_19304,Escherichia coli,Positive
4054,dbAMP_23223,Staphylococcus epidermidis,Positive
4055,dbAMP_21980,Escherichia coli,Positive
4056,dbAMP_34585,Pseudomonas aeruginosa,Positive
4057,21942.0,Staphylococcus aureus,Positive
4058,20578.0,Staphylococcus aureus,Positive
4059,dbAMP_15836,Micrococcus luteus,Positive
4060,dbAMP_01988,Candida albicans,Positive
4061,dbAMP_19296,Bacillus megaterium,Positive
4062,dbAMP_17437,Staphylococcus aureus,Positive
4063,dbAMP_21069,Escherichia coli,Positive
4064,dbAMP_17577,Bacillus subtilis,Positive
4065,dbAMP_23570,Klebsiella pneumoniae,Positive
4066,dbAMP_18846,Pseudomonas aeruginosa,Positive
4067,dbAMP_23182,Pseudomonas aeruginosa,Positive
4068,dbAMP_33374,Listeria monocytogenes,Positive
4069,dbAMP_05051,Bacillus subtilis,Positive
4070,dbAMP_11986,Staphylococcus aureus,Positive
4071,dbAMP_24044,Enterococcus faecalis,Positive
4072,dbAMP_21653,Candida albicans,Positive
4073,dbAMP_15913,Staphylococcus aureus,Positive
4074,19557.0,Salmonella enterica,Positive
4075,dbAMP_25404,Salmonella enterica,Positive
4076,dbAMP_23691,Bacillus cereus,Positive
4077,dbAMP_24156,Bacillus megaterium,Positive
4078,dbAMP_16365,Candida albicans,Positive
4079,dbAMP_10836,Staphylococcus aureus,Positive
4080,dbAMP_22716,Bacillus subtilis,Positive
4081,dbAMP_11308,Acinetobacter baumannii,Positive
4082,20292.0,Escherichia coli,Positive
4083,22343.0,Escherichia coli,Positive
4084,dbAMP_21394,Micrococcus luteus,Positive
4085,11838.0,Escherichia coli,Positive
4086,21972.0,Staphylococcus aureus,Positive
4087,19909.0,Pseudomonas aeruginosa,Positive
4088,dbAMP_19437,Escherichia coli,Positive
4089,dbAMP_04304,Enterobacter cloacae,Positive
4090,dbAMP_18750,Escherichia coli,Positive
4091,dbAMP_19242,Pseudomonas aeruginosa,Positive
4092,dbAMP_33112,Bacillus subtilis,Positive
4093,dbAMP_21091,Candida albicans,Positive
4094,20771.0,Klebsiella pneumoniae,Positive
4095,dbAMP_00313,Salmonella enterica,Positive
4096,dbAMP_03218,Staphylococcus aureus,Positive
4097,dbAMP_11730,Candida albicans,Positive
4098,dbAMP_04673,Staphylococcus aureus,Positive
4099,17430.0,Staphylococcus aureus,Positive
4100,dbAMP_21393,Staphylococcus epidermidis,Positive
4101,dbAMP_17470,Bacillus subtilis,Positive
4102,DRAMP02854,Staphylococcus epidermidis,Positive
4103,dbAMP_22877,Pseudomonas aeruginosa,Positive
4104,dbAMP_16523,Staphylococcus aureus,Positive
4105,dbAMP_25249,Bacillus subtilis,Positive
4106,dbAMP_11245,Enterococcus faecalis,Positive
4107,21029.0,Acinetobacter baumannii,Positive
4108,20120.0,Escherichia coli,Positive
4109,dbAMP_17364,Pseudomonas aeruginosa,Positive
4110,dbAMP_31609,Micrococcus luteus,Positive
4111,19247.0,Acinetobacter baumannii,Positive
4112,22373.0,Acinetobacter baumannii,Positive
4113,DRAMP04171,Escherichia coli,Positive
4114,dbAMP_18382,Salmonella enterica,Positive
4115,dbAMP_17731,Staphylococcus aureus,Positive
4116,dbAMP_23593,Staphylococcus epidermidis,Positive
4117,dbAMP_19785,Candida albicans,Positive
4118,19777.0,Candida albicans,Positive
4119,dbAMP_15955,Escherichia coli,Positive
4120,dbAMP_19038,Escherichia coli,Positive
4121,dbAMP_01870,Escherichia coli,Positive
4122,dbAMP_22072,Pseudomonas aeruginosa,Positive
4123,dbAMP_25222,Staphylococcus aureus,Positive
4124,dbAMP_16006,Escherichia coli,Positive
4125,dbAMP_15791,Staphylococcus aureus,Positive
4126,dbAMP_00189,Escherichia coli,Positive
4127,dbAMP_23990,Bacillus subtilis,Positive
4128,dbAMP_21393,Bacillus cereus,Positive
4129,dbAMP_15759,Escherichia coli,Positive
4130,dbAMP_23104,Acinetobacter baumannii,Positive
4131,dbAMP_14732,Staphylococcus aureus,Positive
4132,dbAMP_02816,Escherichia coli,Positive
4133,dbAMP_16388,Salmonella enterica,Positive
4134,dbAMP_17452,Staphylococcus aureus,Positive
4135,dbAMP_23612,Bacillus subtilis,Positive
4136,dbAMP_16903,Pseudomonas aeruginosa,Positive
4137,dbAMP_23560,Klebsiella pneumoniae,Positive
4138,dbAMP_20868,Staphylococcus epidermidis,Positive
4139,dbAMP_22005,Staphylococcus aureus,Positive
4140,19703.0,Micrococcus luteus,Positive
4141,dbAMP_17455,Escherichia coli,Positive
4142,dbAMP_23629,Staphylococcus aureus,Positive
4143,1076.0,Acinetobacter baumannii,Positive
4144,dbAMP_18076,Acinetobacter baumannii,Positive
4145,dbAMP_02051,Staphylococcus aureus,Positive
4146,dbAMP_16738,Staphylococcus aureus,Positive
4147,dbAMP_33222,Candida albicans,Positive
4148,dbAMP_34041,Staphylococcus aureus,Positive
4149,19285.0,Klebsiella pneumoniae,Positive
4150,dbAMP_17357,Micrococcus luteus,Positive
4151,dbAMP_21287,Pseudomonas aeruginosa,Positive
4152,dbAMP_18989,Escherichia coli,Positive
4153,dbAMP_16915,Escherichia coli,Positive
4154,22049.0,Acinetobacter baumannii,Positive
4155,DRAMP02872,Bacillus subtilis,Positive
4156,dbAMP_16169,Staphylococcus aureus,Positive
4157,dbAMP_02954,Listeria monocytogenes,Positive
4158,dbAMP_05516,Staphylococcus aureus,Positive
4159,dbAMP_23968,Enterococcus faecium,Positive
4160,dbAMP_23143,Staphylococcus aureus,Positive
4161,dbAMP_18100,Enterococcus faecalis,Positive
4162,dbAMP_10262,Pseudomonas aeruginosa,Positive
4163,dbAMP_03499,Candida albicans,Positive
4164,dbAMP_17062,Escherichia coli,Positive
4165,dbAMP_03372,Escherichia coli,Positive
4166,dbAMP_22642,Staphylococcus aureus,Positive
4167,dbAMP_11293,Staphylococcus aureus,Positive
4168,19636.0,Pseudomonas aeruginosa,Positive
4169,dbAMP_21439,Listeria monocytogenes,Positive
4170,dbAMP_11932,Candida parapsilosis,Positive
4171,dbAMP_21601,Micrococcus luteus,Positive
4172,dbAMP_22481,Escherichia coli,Positive
4173,dbAMP_18014,Enterococcus faecalis,Positive
4174,dbAMP_22679,Escherichia coli,Positive
4175,22324.0,Escherichia coli,Positive
4176,dbAMP_22930,Salmonella enterica,Positive
4177,DRAMP01016,Bacillus megaterium,Positive
4178,dbAMP_23127,Escherichia coli,Positive
4179,dbAMP_19223,Enterococcus faecium,Positive
4180,dbAMP_15942,Staphylococcus aureus,Positive
4181,dbAMP_21969,Staphylococcus aureus,Positive
4182,dbAMP_16036,Pseudomonas aeruginosa,Positive
4183,20539.0,Pseudomonas aeruginosa,Positive
4184,dbAMP_17575,Bacillus subtilis,Positive
4185,dbAMP_18040,Staphylococcus aureus,Positive
4186,dbAMP_16405,Salmonella enterica,Positive
4187,19501.0,Klebsiella pneumoniae,Positive
4188,dbAMP_01918,Pseudomonas aeruginosa,Positive
4189,dbAMP_02407,Cryptococcus neoformans,Positive
4190,dbAMP_27234,Bacillus subtilis,Positive
4191,dbAMP_17025,Pseudomonas aeruginosa,Positive
4192,21945.0,Enterococcus faecalis,Positive
4193,dbAMP_27166,Bacillus subtilis,Positive
4194,dbAMP_20660,Candida albicans,Positive
4195,dbAMP_20438,Salmonella enterica,Positive
4196,DRAMP04169,Staphylococcus aureus,Positive
4197,dbAMP_15864,Pseudomonas aeruginosa,Positive
4198,dbAMP_21851,Salmonella enterica,Positive
4199,dbAMP_23099,Salmonella enterica,Positive
4200,dbAMP_15861,Staphylococcus epidermidis,Positive
4201,15964.0,Pseudomonas aeruginosa,Positive
4202,dbAMP_31661,Pseudomonas aeruginosa,Positive
4203,dbAMP_18625,Escherichia coli,Positive
4204,dbAMP_14885,Escherichia coli,Positive
4205,dbAMP_17292,Enterococcus faecalis,Positive
4206,17414.0,Klebsiella pneumoniae,Positive
4207,dbAMP_04696,Candida albicans,Positive
4208,dbAMP_03658,Bacillus cereus,Positive
4209,dbAMP_16214,Salmonella enterica,Positive
4210,19205.0,Klebsiella pneumoniae,Positive
4211,dbAMP_14730,Candida albicans,Positive
4212,DRAMP02965,Salmonella enterica,Positive
4213,20273.0,Escherichia coli,Positive
4214,20890.0,Enterococcus faecalis,Positive
4215,dbAMP_17470,Pseudomonas aeruginosa,Positive
4216,dbAMP_09621,Escherichia coli,Positive
4217,dbAMP_02834,Escherichia coli,Positive
4218,dbAMP_22140,Bacillus subtilis,Positive
4219,dbAMP_02406,Salmonella enterica,Positive
4220,dbAMP_33009,Staphylococcus epidermidis,Positive
4221,dbAMP_02679,Enterococcus faecalis,Positive
4222,dbAMP_15982,Pseudomonas aeruginosa,Positive
4223,dbAMP_18214,Enterococcus faecium,Positive
4224,dbAMP_31874,Micrococcus luteus,Positive
4225,dbAMP_14894,Micrococcus luteus,Positive
4226,dbAMP_18441,Pseudomonas aeruginosa,Positive
4227,dbAMP_27088,Pseudomonas aeruginosa,Positive
4228,20568.0,Bacillus subtilis,Positive
4229,dbAMP_06007,Escherichia coli,Positive
4230,dbAMP_12040,Pseudomonas aeruginosa,Positive
4231,dbAMP_04880,Bacillus megaterium,Positive
4232,dbAMP_01968,Escherichia coli,Positive
4233,dbAMP_22839,Staphylococcus aureus,Positive
4234,DRAMP01495,Candida albicans,Positive
4235,dbAMP_14881,Staphylococcus aureus,Positive
4236,dbAMP_10636,Bacillus subtilis,Positive
4237,dbAMP_04787,Staphylococcus aureus,Positive
4238,dbAMP_33370,Enterococcus faecalis,Positive
4239,dbAMP_03002,Staphylococcus aureus,Positive
4240,dbAMP_22805,Candida albicans,Positive
4241,dbAMP_19593,Pseudomonas aeruginosa,Positive
4242,dbAMP_10642,Cryptococcus neoformans,Positive
4243,dbAMP_15855,Escherichia coli,Positive
4244,dbAMP_04734,Bacillus subtilis,Positive
4245,dbAMP_03054,Staphylococcus aureus,Positive
4246,dbAMP_16123,Enterobacter cloacae,Positive
4247,8829.0,Pseudomonas aeruginosa,Positive
4248,dbAMP_16762,Escherichia coli,Positive
4249,dbAMP_19732,Staphylococcus epidermidis,Positive
4250,dbAMP_05177,Escherichia coli,Positive
4251,dbAMP_23666,Staphylococcus aureus,Positive
4252,19944.0,Pseudomonas aeruginosa,Positive
4253,dbAMP_34284,Staphylococcus aureus,Positive
4254,dbAMP_33926,Bacillus subtilis,Positive
4255,21172.0,Pseudomonas aeruginosa,Positive
4256,dbAMP_22850,Escherichia coli,Positive
4257,21527.0,Staphylococcus aureus,Positive
4258,dbAMP_33830,Escherichia coli,Positive
4259,dbAMP_04961,Candida albicans,Positive
4260,dbAMP_15955,Enterobacter cloacae,Positive
4261,dbAMP_17343,Listeria monocytogenes,Positive
4262,dbAMP_19312,Enterococcus faecalis,Positive
4263,dbAMP_23945,Escherichia coli,Positive
4264,dbAMP_21408,Salmonella enterica,Positive
4265,20574.0,Bacillus subtilis,Positive
4266,dbAMP_33692,Bacillus subtilis,Positive
4267,21859.0,Escherichia coli,Positive
4268,dbAMP_21844,Pseudomonas aeruginosa,Positive
4269,dbAMP_33789,Escherichia coli,Positive
4270,18634.0,Escherichia coli,Positive
4271,dbAMP_31994,Staphylococcus aureus,Positive
4272,dbAMP_32998,Bacillus subtilis,Positive
4273,dbAMP_16559,Escherichia coli,Positive
4274,dbAMP_21233,Enterococcus faecium,Positive
4275,dbAMP_16817,Bacillus cereus,Positive
4276,dbAMP_19282,Staphylococcus epidermidis,Positive
4277,dbAMP_19330,Escherichia coli,Positive
4278,19638.0,Pseudomonas aeruginosa,Positive
4279,dbAMP_14830,Escherichia coli,Positive
4280,10305.0,Pseudomonas aeruginosa,Positive
4281,dbAMP_06084,Acinetobacter baumannii,Positive
4282,19910.0,Acinetobacter baumannii,Positive
4283,dbAMP_17424,Staphylococcus aureus,Positive
4284,dbAMP_23897,Escherichia coli,Positive
4285,dbAMP_24411,Pseudomonas aeruginosa,Positive
4286,dbAMP_17120,Bacillus subtilis,Positive
4287,dbAMP_11548,Staphylococcus aureus,Positive
4288,dbAMP_33115,Staphylococcus aureus,Positive
4289,dbAMP_33254,Bacillus subtilis,Positive
4290,dbAMP_22758,Micrococcus luteus,Positive
4291,21871.0,Acinetobacter baumannii,Positive
4292,DRAMP04665,Salmonella enterica,Positive
4293,dbAMP_24273,Escherichia coli,Positive
4294,18755.0,Bacillus subtilis,Positive
4295,dbAMP_01150,Staphylococcus aureus,Positive
4296,dbAMP_33687,Escherichia coli,Positive
4297,dbAMP_10338,Micrococcus luteus,Positive
4298,DRAMP18619,Staphylococcus aureus,Positive
4299,dbAMP_19562,Micrococcus luteus,Positive
4300,dbAMP_19104,Enterobacter cloacae,Positive
4301,dbAMP_15918,Staphylococcus aureus,Positive
4302,dbAMP_20551,Pseudomonas aeruginosa,Positive
4303,dbAMP_25281,Staphylococcus aureus,Positive
4304,5349.0,Klebsiella pneumoniae,Positive
4305,dbAMP_33837,Escherichia coli,Positive
4306,20855.0,Pseudomonas aeruginosa,Positive
4307,11335.0,Staphylococcus aureus,Positive
4308,dbAMP_21980,Enterobacter cloacae,Positive
4309,dbAMP_17492,Listeria monocytogenes,Positive
4310,dbAMP_12359,Staphylococcus aureus,Positive
4311,dbAMP_19046,Enterococcus faecium,Positive
4312,dbAMP_23966,Escherichia coli,Positive
4313,dbAMP_05516,Cryptococcus neoformans,Positive
4314,dbAMP_14783,Escherichia coli,Positive
4315,dbAMP_24292,Bacillus cereus,Positive
4316,dbAMP_03963,Micrococcus luteus,Positive
4317,dbAMP_21463,Escherichia coli,Positive
4318,21654.0,Escherichia coli,Positive
4319,dbAMP_00105,Listeria monocytogenes,Positive
4320,dbAMP_19443,Escherichia coli,Positive
4321,13442.0,Enterococcus faecalis,Positive
4322,dbAMP_24776,Escherichia coli,Positive
4323,dbAMP_16044,Staphylococcus aureus,Positive
4324,dbAMP_34014,Escherichia coli,Positive
4325,dbAMP_04798,Bacillus subtilis,Positive
4326,dbAMP_16043,Pseudomonas aeruginosa,Positive
4327,18787.0,Micrococcus luteus,Positive
4328,dbAMP_15924,Klebsiella pneumoniae,Positive
4329,dbAMP_24318,Staphylococcus aureus,Positive
4330,dbAMP_16742,Staphylococcus aureus,Positive
4331,dbAMP_01952,Micrococcus luteus,Positive
4332,dbAMP_11536,Enterococcus faecalis,Positive
4333,dbAMP_20787,Escherichia coli,Positive
4334,dbAMP_33097,Pseudomonas aeruginosa,Positive
4335,dbAMP_11985,Acinetobacter baumannii,Positive
4336,dbAMP_27085,Bacillus subtilis,Positive
4337,dbAMP_23211,Escherichia coli,Positive
4338,dbAMP_17388,Staphylococcus aureus,Positive
4339,dbAMP_16630,Escherichia coli,Positive
4340,18517.0,Bacillus subtilis,Positive
4341,dbAMP_22006,Pseudomonas aeruginosa,Positive
4342,dbAMP_17055,Enterococcus faecium,Positive
4343,dbAMP_25332,Escherichia coli,Positive
4344,20184.0,Bacillus subtilis,Positive
4345,dbAMP_19864,Staphylococcus aureus,Positive
4346,dbAMP_20446,Candida albicans,Positive
4347,dbAMP_25440,Pseudomonas aeruginosa,Positive
4348,dbAMP_03125,Bacillus subtilis,Positive
4349,dbAMP_19187,Pseudomonas aeruginosa,Positive
4350,dbAMP_01644,Bacillus megaterium,Positive
4351,dbAMP_33689,Staphylococcus aureus,Positive
4352,dbAMP_33593,Escherichia coli,Positive
4353,dbAMP_16008,Klebsiella pneumoniae,Positive
4354,dbAMP_16047,Bacillus subtilis,Positive
4355,16958.0,Escherichia coli,Positive
4356,dbAMP_18936,Pseudomonas aeruginosa,Positive
4357,dbAMP_33173,Staphylococcus aureus,Positive
4358,19312.0,Candida albicans,Positive
4359,19140.0,Bacillus subtilis,Positive
4360,20842.0,Acinetobacter baumannii,Positive
4361,18157.0,Staphylococcus aureus,Positive
4362,dbAMP_01718,Enterococcus faecalis,Positive
4363,18072.0,Klebsiella pneumoniae,Positive
4364,21852.0,Escherichia coli,Positive
4365,19676.0,Staphylococcus aureus,Positive
4366,dbAMP_06084,Candida albicans,Positive
4367,dbAMP_34585,Staphylococcus aureus,Positive
4368,dbAMP_02816,Candida albicans,Positive
4369,dbAMP_20322,Bacillus subtilis,Positive
4370,dbAMP_00600,Bacillus megaterium,Positive
4371,dbAMP_16904,Enterococcus faecalis,Positive
4372,1755.0,Staphylococcus epidermidis,Positive
4373,dbAMP_25213,Pseudomonas aeruginosa,Positive
4374,20628.0,Bacillus subtilis,Positive
4375,4847.0,Escherichia coli,Positive
4376,dbAMP_23123,Escherichia coli,Positive
4377,18051.0,Escherichia coli,Positive
4378,dbAMP_16538,Micrococcus luteus,Positive
4379,dbAMP_16508,Salmonella enterica,Positive
4380,17280.0,Escherichia coli,Positive
4381,dbAMP_03243,Staphylococcus aureus,Positive
4382,dbAMP_32281,Salmonella enterica,Positive
4383,dbAMP_33115,Enterococcus faecalis,Positive
4384,dbAMP_26064,Staphylococcus epidermidis,Positive
4385,dbAMP_10413,Listeria monocytogenes,Positive
4386,dbAMP_04411,Escherichia coli,Positive
4387,dbAMP_32523,Enterococcus faecalis,Positive
4388,19704.0,Acinetobacter baumannii,Positive
4389,12461.0,Candida albicans,Positive
4390,dbAMP_21097,Escherichia coli,Positive
4391,dbAMP_32694,Enterococcus faecalis,Positive
4392,11335.0,Salmonella enterica,Positive
4393,dbAMP_18453,Salmonella enterica,Positive
4394,17224.0,Acinetobacter baumannii,Positive
4395,dbAMP_19223,Staphylococcus epidermidis,Positive
4396,dbAMP_02339,Bacillus cereus,Positive
4397,22036.0,Bacillus subtilis,Positive
4398,dbAMP_21472,Micrococcus luteus,Positive
4399,dbAMP_11062,Escherichia coli,Positive
4400,dbAMP_21904,Escherichia coli,Positive
4401,dbAMP_28738,Klebsiella pneumoniae,Positive
4402,dbAMP_00214,Candida parapsilosis,Positive
4403,7084.0,Enterococcus faecalis,Positive
4404,dbAMP_23244,Staphylococcus aureus,Positive
4405,7386.0,Enterococcus faecium,Positive
4406,dbAMP_12284,Klebsiella pneumoniae,Positive
4407,17430.0,Cryptococcus neoformans,Positive
4408,7010.0,Bacillus subtilis,Positive
4409,dbAMP_20337,Escherichia coli,Positive
4410,dbAMP_16017,Staphylococcus aureus,Positive
4411,20079.0,Staphylococcus epidermidis,Positive
4412,21983.0,Enterococcus faecalis,Positive
4413,dbAMP_23072,Staphylococcus epidermidis,Positive
4414,dbAMP_18578,Acinetobacter baumannii,Positive
4415,dbAMP_03386,Escherichia coli,Positive
4416,18583.0,Cryptococcus neoformans,Positive
4417,19701.0,Enterobacter cloacae,Positive
4418,dbAMP_23990,Escherichia coli,Positive
4419,20845.0,Listeria monocytogenes,Positive
4420,19292.0,Escherichia coli,Positive
4421,dbAMP_02420,Enterococcus faecium,Positive
4422,DRAMP03881,Enterococcus faecalis,Positive
4423,dbAMP_19309,Listeria monocytogenes,Positive
4424,dbAMP_18236,Pseudomonas aeruginosa,Positive
4425,dbAMP_23693,Listeria monocytogenes,Positive
4426,dbAMP_16750,Pseudomonas aeruginosa,Positive
4427,dbAMP_21244,Staphylococcus aureus,Positive
4428,dbAMP_20341,Escherichia coli,Positive
4429,dbAMP_21308,Staphylococcus aureus,Positive
4430,14036.0,Escherichia coli,Positive
4431,dbAMP_22271,Staphylococcus aureus,Positive
4432,20841.0,Acinetobacter baumannii,Positive
4433,dbAMP_15831,Candida albicans,Positive
4434,19604.0,Pseudomonas aeruginosa,Positive
4435,DRAMP03181,Bacillus megaterium,Positive
4436,dbAMP_33786,Staphylococcus aureus,Positive
4437,18821.0,Staphylococcus epidermidis,Positive
4438,DRAMP18356,Staphylococcus epidermidis,Positive
4439,dbAMP_17582,Salmonella enterica,Positive
4440,dbAMP_33139,Staphylococcus aureus,Positive
4441,dbAMP_19400,Pseudomonas aeruginosa,Positive
4442,18174.0,Bacillus subtilis,Positive
4443,dbAMP_20929,Escherichia coli,Positive
4444,dbAMP_20454,Escherichia coli,Positive
4445,dbAMP_22948,Staphylococcus aureus,Positive
4446,dbAMP_03753,Pseudomonas aeruginosa,Positive
4447,dbAMP_19287,Enterococcus faecalis,Positive
4448,dbAMP_14617,Cryptococcus neoformans,Positive
4449,dbAMP_33603,Pseudomonas aeruginosa,Positive
4450,dbAMP_25089,Staphylococcus aureus,Positive
4451,dbAMP_05947,Staphylococcus aureus,Positive
4452,dbAMP_02049,Staphylococcus epidermidis,Positive
4453,dbAMP_02816,Staphylococcus aureus,Positive
4454,dbAMP_23771,Bacillus subtilis,Positive
4455,20386.0,Escherichia coli,Positive
4456,17471.0,Klebsiella pneumoniae,Positive
4457,dbAMP_19714,Pseudomonas aeruginosa,Positive
4458,dbAMP_24869,Staphylococcus aureus,Positive
4459,dbAMP_20321,Escherichia coli,Positive
4460,dbAMP_17883,Escherichia coli,Positive
4461,20840.0,Pseudomonas aeruginosa,Positive
4462,dbAMP_16432,Pseudomonas aeruginosa,Positive
4463,18058.0,Escherichia coli,Positive
4464,dbAMP_19261,Staphylococcus aureus,Positive
4465,dbAMP_16506,Enterococcus faecalis,Positive
4466,18586.0,Candida parapsilosis,Positive
4467,DRAMP02412,Escherichia coli,Positive
4468,dbAMP_16240,Salmonella enterica,Positive
4469,dbAMP_31310,Staphylococcus aureus,Positive
4470,dbAMP_01791,Pseudomonas aeruginosa,Positive
4471,dbAMP_16273,Escherichia coli,Positive
4472,9130.0,Candida albicans,Positive
4473,20288.0,Staphylococcus aureus,Positive
4474,dbAMP_14894,Escherichia coli,Positive
4475,dbAMP_14711,Pseudomonas aeruginosa,Positive
4476,14099.0,Staphylococcus epidermidis,Positive
4477,dbAMP_10262,Salmonella enterica,Positive
4478,20790.0,Escherichia coli,Positive
4479,dbAMP_22289,Escherichia coli,Positive
4480,21928.0,Escherichia coli,Positive
4481,dbAMP_21605,Micrococcus luteus,Positive
4482,dbAMP_17420,Micrococcus luteus,Positive
4483,dbAMP_01953,Bacillus cereus,Positive
4484,dbAMP_22037,Bacillus subtilis,Positive
4485,20966.0,Listeria monocytogenes,Positive
4486,17413.0,Escherichia coli,Positive
4487,dbAMP_23463,Escherichia coli,Positive
4488,22102.0,Listeria monocytogenes,Positive
4489,dbAMP_19124,Micrococcus luteus,Positive
4490,dbAMP_18973,Bacillus subtilis,Positive
4491,dbAMP_20657,Staphylococcus aureus,Positive
4492,dbAMP_21363,Escherichia coli,Positive
4493,dbAMP_18211,Pseudomonas aeruginosa,Positive
4494,dbAMP_17686,Bacillus subtilis,Positive
4495,dbAMP_01714,Candida parapsilosis,Positive
4496,dbAMP_19733,Salmonella enterica,Positive
4497,dbAMP_19791,Staphylococcus aureus,Positive
4498,dbAMP_10413,Staphylococcus aureus,Positive
4499,20054.0,Staphylococcus aureus,Positive
4500,22218.0,Acinetobacter baumannii,Positive
4501,dbAMP_16237,Staphylococcus epidermidis,Positive
4502,1465.0,Micrococcus luteus,Positive
4503,6470.0,Staphylococcus aureus,Positive
4504,21727.0,Pseudomonas aeruginosa,Positive
4505,dbAMP_33001,Escherichia coli,Positive
4506,dbAMP_01593,Staphylococcus aureus,Positive
4507,dbAMP_31312,Pseudomonas aeruginosa,Positive
4508,20807.0,Staphylococcus aureus,Positive
4509,dbAMP_19197,Salmonella enterica,Positive
4510,dbAMP_21333,Pseudomonas aeruginosa,Positive
4511,1738.0,Enterobacter cloacae,Positive
4512,22084.0,Acinetobacter baumannii,Positive
4513,dbAMP_11891,Bacillus subtilis,Positive
4514,dbAMP_17477,Pseudomonas aeruginosa,Positive
4515,20489.0,Staphylococcus aureus,Positive
4516,dbAMP_32616,Staphylococcus aureus,Positive
4517,dbAMP_20462,Candida albicans,Positive
4518,dbAMP_24783,Pseudomonas aeruginosa,Positive
4519,20579.0,Escherichia coli,Positive
4520,dbAMP_33079,Escherichia coli,Positive
4521,dbAMP_18805,Salmonella enterica,Positive
4522,20288.0,Acinetobacter baumannii,Positive
4523,dbAMP_22262,Staphylococcus aureus,Positive
4524,dbAMP_18844,Pseudomonas aeruginosa,Positive
4525,dbAMP_04076,Pseudomonas aeruginosa,Positive
4526,17599.0,Salmonella enterica,Positive
4527,dbAMP_05294,Acinetobacter baumannii,Positive
4528,dbAMP_25007,Candida parapsilosis,Positive
4529,dbAMP_03871,Micrococcus luteus,Positive
4530,dbAMP_01995,Enterococcus faecalis,Positive
4531,3359.0,Escherichia coli,Positive
4532,dbAMP_02061,Staphylococcus aureus,Positive
4533,dbAMP_15961,Escherichia coli,Positive
4534,dbAMP_28517,Staphylococcus aureus,Positive
4535,dbAMP_16121,Pseudomonas aeruginosa,Positive
4536,dbAMP_27240,Klebsiella pneumoniae,Positive
4537,dbAMP_22880,Escherichia coli,Positive
4538,dbAMP_03037,Pseudomonas aeruginosa,Positive
4539,dbAMP_24951,Klebsiella pneumoniae,Positive
4540,1564.0,Salmonella enterica,Positive
4541,dbAMP_15771,Escherichia coli,Positive
4542,dbAMP_20466,Staphylococcus aureus,Positive
4543,dbAMP_16069,Escherichia coli,Positive
4544,dbAMP_05896,Staphylococcus epidermidis,Positive
4545,dbAMP_19352,Candida albicans,Positive
4546,dbAMP_23099,Enterobacter cloacae,Positive
4547,dbAMP_23713,Listeria monocytogenes,Positive
4548,dbAMP_16256,Escherichia coli,Positive
4549,dbAMP_27632,Escherichia coli,Positive
4550,20841.0,Candida parapsilosis,Positive
4551,dbAMP_05847,Staphylococcus aureus,Positive
4552,dbAMP_34014,Acinetobacter baumannii,Positive
4553,dbAMP_21311,Escherichia coli,Positive
4554,dbAMP_02399,Pseudomonas aeruginosa,Positive
4555,19616.0,Enterococcus faecalis,Positive
4556,DRAMP21033,Staphylococcus aureus,Positive
4557,dbAMP_19277,Escherichia coli,Positive
4558,dbAMP_17200,Escherichia coli,Positive
4559,dbAMP_33022,Acinetobacter baumannii,Positive
4560,20208.0,Candida albicans,Positive
4561,dbAMP_15990,Staphylococcus aureus,Positive
4562,dbAMP_18307,Candida parapsilosis,Positive
4563,18786.0,Candida albicans,Positive
4564,17601.0,Staphylococcus aureus,Positive
4565,dbAMP_23322,Staphylococcus aureus,Positive
4566,22310.0,Escherichia coli,Positive
4567,dbAMP_22937,Escherichia coli,Positive
4568,dbAMP_20499,Micrococcus luteus,Positive
4569,dbAMP_16280,Staphylococcus epidermidis,Positive
4570,dbAMP_17579,Pseudomonas aeruginosa,Positive
4571,21963.0,Staphylococcus aureus,Positive
4572,dbAMP_23163,Candida albicans,Positive
4573,dbAMP_17577,Listeria monocytogenes,Positive
4574,dbAMP_10587,Enterococcus faecalis,Positive
4575,dbAMP_18193,Salmonella enterica,Positive
4576,dbAMP_15751,Staphylococcus aureus,Positive
4577,dbAMP_16875,Candida albicans,Positive
4578,dbAMP_05877,Staphylococcus aureus,Positive
4579,dbAMP_01895,Escherichia coli,Positive
4580,dbAMP_16072,Escherichia coli,Positive
4581,19141.0,Pseudomonas aeruginosa,Positive
4582,dbAMP_22614,Pseudomonas aeruginosa,Positive
4583,dbAMP_12015,Staphylococcus aureus,Positive
4584,21579.0,Enterococcus faecium,Positive
4585,14695.0,Candida parapsilosis,Positive
4586,1076.0,Klebsiella pneumoniae,Positive
4587,18173.0,Bacillus subtilis,Positive
4588,dbAMP_10836,Escherichia coli,Positive
4589,dbAMP_18227,Escherichia coli,Positive
4590,dbAMP_33027,Staphylococcus epidermidis,Positive
4591,dbAMP_03425,Candida albicans,Positive
4592,20043.0,Staphylococcus epidermidis,Positive
4593,dbAMP_01641,Escherichia coli,Positive
4594,21525.0,Pseudomonas aeruginosa,Positive
4595,dbAMP_01097,Micrococcus luteus,Positive
4596,dbAMP_24826,Salmonella enterica,Positive
4597,dbAMP_11985,Staphylococcus aureus,Positive
4598,22033.0,Acinetobacter baumannii,Positive
4599,dbAMP_03097,Staphylococcus aureus,Positive
4600,dbAMP_22721,Escherichia coli,Positive
4601,dbAMP_02665,Candida albicans,Positive
4602,dbAMP_19698,Escherichia coli,Positive
4603,dbAMP_27501,Escherichia coli,Positive
4604,dbAMP_24490,Bacillus subtilis,Positive
4605,dbAMP_17467,Bacillus subtilis,Positive
4606,dbAMP_11548,Salmonella enterica,Positive
4607,dbAMP_24212,Escherichia coli,Positive
4608,DRAMP01502,Staphylococcus aureus,Positive
4609,dbAMP_03499,Pseudomonas aeruginosa,Positive
4610,dbAMP_23615,Candida albicans,Positive
4611,dbAMP_19248,Pseudomonas aeruginosa,Positive
4612,17439.0,Staphylococcus aureus,Positive
4613,dbAMP_04751,Staphylococcus aureus,Positive
4614,dbAMP_10420,Escherichia coli,Positive
4615,dbAMP_02858,Staphylococcus aureus,Positive
4616,dbAMP_22627,Pseudomonas aeruginosa,Positive
4617,dbAMP_21230,Enterococcus faecium,Positive
4618,dbAMP_18376,Escherichia coli,Positive
4619,dbAMP_19533,Escherichia coli,Positive
4620,dbAMP_15824,Candida albicans,Positive
4621,dbAMP_10818,Micrococcus luteus,Positive
4622,dbAMP_18048,Candida parapsilosis,Positive
4623,dbAMP_17455,Cryptococcus neoformans,Positive
4624,20122.0,Salmonella enterica,Positive
4625,dbAMP_04560,Escherichia coli,Positive
4626,dbAMP_27111,Enterococcus faecium,Positive
4627,10249.0,Enterococcus faecalis,Positive
4628,20614.0,Staphylococcus aureus,Positive
4629,dbAMP_23132,Cryptococcus neoformans,Positive
4630,dbAMP_28831,Bacillus subtilis,Positive
4631,dbAMP_19743,Escherichia coli,Positive
4632,dbAMP_05261,Pseudomonas aeruginosa,Positive
4633,dbAMP_26087,Klebsiella pneumoniae,Positive
4634,21004.0,Acinetobacter baumannii,Positive
4635,dbAMP_33325,Staphylococcus aureus,Positive
4636,dbAMP_33236,Candida albicans,Positive
4637,21116.0,Acinetobacter baumannii,Positive
4638,dbAMP_04356,Staphylococcus epidermidis,Positive
4639,19480.0,Staphylococcus epidermidis,Positive
4640,dbAMP_18206,Staphylococcus aureus,Positive
4641,dbAMP_25356,Pseudomonas aeruginosa,Positive
4642,dbAMP_28785,Staphylococcus aureus,Positive
4643,dbAMP_21832,Escherichia coli,Positive
4644,dbAMP_02387,Pseudomonas aeruginosa,Positive
4645,21620.0,Candida albicans,Positive
4646,18985.0,Bacillus subtilis,Positive
4647,dbAMP_20799,Staphylococcus aureus,Positive
4648,dbAMP_16731,Pseudomonas aeruginosa,Positive
4649,dbAMP_18394,Candida albicans,Positive
4650,dbAMP_22628,Pseudomonas aeruginosa,Positive
4651,dbAMP_10549,Enterococcus faecalis,Positive
4652,18130.0,Staphylococcus epidermidis,Positive
4653,dbAMP_00219,Candida albicans,Positive
4654,dbAMP_24295,Staphylococcus aureus,Positive
4655,17221.0,Escherichia coli,Positive
4656,dbAMP_31863,Escherichia coli,Positive
4657,dbAMP_24743,Salmonella enterica,Positive
4658,dbAMP_33642,Staphylococcus aureus,Positive
4659,dbAMP_18373,Salmonella enterica,Positive
4660,dbAMP_17578,Escherichia coli,Positive
4661,21332.0,Salmonella enterica,Positive
4662,dbAMP_22078,Candida albicans,Positive
4663,dbAMP_25309,Escherichia coli,Positive
4664,dbAMP_25298,Staphylococcus aureus,Positive
4665,dbAMP_04819,Bacillus subtilis,Positive
4666,dbAMP_02079,Staphylococcus aureus,Positive
4667,20143.0,Staphylococcus aureus,Positive
4668,dbAMP_32936,Escherichia coli,Positive
4669,22293.0,Pseudomonas aeruginosa,Positive
4670,dbAMP_20570,Bacillus subtilis,Positive
4671,dbAMP_14799,Escherichia coli,Positive
4672,dbAMP_02735,Pseudomonas aeruginosa,Positive
4673,dbAMP_02907,Escherichia coli,Positive
4674,19859.0,Bacillus subtilis,Positive
4675,dbAMP_16750,Enterococcus faecium,Positive
4676,dbAMP_03242,Micrococcus luteus,Positive
4677,dbAMP_16246,Micrococcus luteus,Positive
4678,1755.0,Escherichia coli,Positive
4679,dbAMP_17422,Staphylococcus aureus,Positive
4680,dbAMP_01730,Candida albicans,Positive
4681,dbAMP_24750,Enterococcus faecium,Positive
4682,dbAMP_17221,Staphylococcus aureus,Positive
4683,dbAMP_03529,Pseudomonas aeruginosa,Positive
4684,dbAMP_17123,Bacillus subtilis,Positive
4685,dbAMP_18141,Salmonella enterica,Positive
4686,18608.0,Micrococcus luteus,Positive
4687,dbAMP_01704,Klebsiella pneumoniae,Positive
4688,17329.0,Candida albicans,Positive
4689,dbAMP_00973,Listeria monocytogenes,Positive
4690,dbAMP_27231,Bacillus subtilis,Positive
4691,dbAMP_14891,Staphylococcus aureus,Positive
4692,dbAMP_03574,Micrococcus luteus,Positive
4693,18821.0,Escherichia coli,Positive
4694,dbAMP_16712,Bacillus subtilis,Positive
4695,dbAMP_05782,Staphylococcus aureus,Positive
4696,19555.0,Staphylococcus aureus,Positive
4697,dbAMP_14792,Staphylococcus aureus,Positive
4698,dbAMP_21919,Bacillus subtilis,Positive
4699,dbAMP_19076,Staphylococcus aureus,Positive
4700,dbAMP_24029,Escherichia coli,Positive
4701,dbAMP_18658,Cryptococcus neoformans,Positive
4702,dbAMP_32999,Escherichia coli,Positive
4703,dbAMP_03858,Micrococcus luteus,Positive
4704,dbAMP_19108,Staphylococcus aureus,Positive
4705,dbAMP_23942,Staphylococcus epidermidis,Positive
4706,22093.0,Listeria monocytogenes,Positive
4707,dbAMP_06007,Candida albicans,Positive
4708,dbAMP_33105,Staphylococcus aureus,Positive
4709,dbAMP_05798,Escherichia coli,Positive
4710,dbAMP_01658,Enterococcus faecalis,Positive
4711,dbAMP_21190,Pseudomonas aeruginosa,Positive
4712,dbAMP_11730,Enterococcus faecium,Positive
4713,4201.0,Micrococcus luteus,Positive
4714,19895.0,Enterobacter cloacae,Positive
4715,dbAMP_33698,Escherichia coli,Positive
4716,dbAMP_21021,Staphylococcus aureus,Positive
4717,dbAMP_01930,Enterococcus faecium,Positive
4718,dbAMP_27586,Escherichia coli,Positive
4719,dbAMP_22615,Enterococcus faecalis,Positive
4720,dbAMP_27091,Escherichia coli,Positive
4721,dbAMP_04352,Escherichia coli,Positive
4722,dbAMP_24223,Enterococcus faecium,Positive
4723,dbAMP_28517,Bacillus subtilis,Positive
4724,dbAMP_22039,Staphylococcus aureus,Positive
4725,dbAMP_19310,Staphylococcus aureus,Positive
4726,DRAMP03797,Pseudomonas aeruginosa,Positive
4727,260.0,Staphylococcus aureus,Positive
4728,DRAMP02473,Acinetobacter baumannii,Positive
4729,21884.0,Pseudomonas aeruginosa,Positive
4730,dbAMP_16816,Salmonella enterica,Positive
4731,19352.0,Pseudomonas aeruginosa,Positive
4732,dbAMP_21220,Acinetobacter baumannii,Positive
4733,dbAMP_16273,Pseudomonas aeruginosa,Positive
4734,dbAMP_23186,Bacillus megaterium,Positive
4735,dbAMP_01616,Bacillus subtilis,Positive
4736,dbAMP_24673,Candida parapsilosis,Positive
4737,dbAMP_03984,Escherichia coli,Positive
4738,dbAMP_16046,Micrococcus luteus,Positive
4739,dbAMP_20419,Pseudomonas aeruginosa,Positive
4740,dbAMP_17474,Escherichia coli,Positive
4741,dbAMP_19739,Escherichia coli,Positive
4742,19576.0,Pseudomonas aeruginosa,Positive
4743,dbAMP_05527,Salmonella enterica,Positive
4744,21512.0,Staphylococcus aureus,Positive
4745,dbAMP_22481,Pseudomonas aeruginosa,Positive
4746,dbAMP_15798,Bacillus subtilis,Positive
4747,18105.0,Bacillus cereus,Positive
4748,20142.0,Staphylococcus aureus,Positive
4749,dbAMP_19426,Escherichia coli,Positive
4750,21312.0,Escherichia coli,Positive
4751,DRAMP20838,Pseudomonas aeruginosa,Positive
4752,dbAMP_27634,Staphylococcus aureus,Positive
4753,dbAMP_16281,Escherichia coli,Positive
4754,dbAMP_02958,Klebsiella pneumoniae,Positive
4755,dbAMP_18236,Escherichia coli,Positive
4756,dbAMP_10971,Pseudomonas aeruginosa,Positive
4757,DRAMP01588,Bacillus cereus,Positive
4758,dbAMP_00481,Micrococcus luteus,Positive
4759,19358.0,Acinetobacter baumannii,Positive
4760,dbAMP_18057,Staphylococcus aureus,Positive
4761,dbAMP_18586,Staphylococcus aureus,Positive
4762,dbAMP_01917,Escherichia coli,Positive
4763,dbAMP_24422,Staphylococcus aureus,Positive
4764,9310.0,Bacillus subtilis,Positive
4765,dbAMP_20309,Escherichia coli,Positive
4766,dbAMP_23935,Enterococcus faecalis,Positive
4767,dbAMP_03751,Escherichia coli,Positive
4768,dbAMP_34588,Pseudomonas aeruginosa,Positive
4769,dbAMP_19123,Candida parapsilosis,Positive
4770,dbAMP_15782,Staphylococcus aureus,Positive
4771,dbAMP_23924,Staphylococcus epidermidis,Positive
4772,dbAMP_24953,Staphylococcus aureus,Positive
4773,17436.0,Acinetobacter baumannii,Positive
4774,dbAMP_19236,Micrococcus luteus,Positive
4775,dbAMP_20533,Klebsiella pneumoniae,Positive
4776,DRAMP18618,Escherichia coli,Positive
4777,dbAMP_17579,Salmonella enterica,Positive
4778,19618.0,Pseudomonas aeruginosa,Positive
4779,dbAMP_19046,Staphylococcus aureus,Positive
4780,dbAMP_16172,Staphylococcus aureus,Positive
4781,17794.0,Pseudomonas aeruginosa,Positive
4782,dbAMP_03118,Escherichia coli,Positive
4783,dbAMP_25406,Staphylococcus aureus,Positive
4784,dbAMP_23098,Escherichia coli,Positive
4785,dbAMP_05488,Pseudomonas aeruginosa,Positive
4786,dbAMP_01804,Candida albicans,Positive
4787,dbAMP_19641,Enterococcus faecium,Positive
4788,dbAMP_03643,Micrococcus luteus,Positive
4789,20012.0,Staphylococcus aureus,Positive
4790,22282.0,Klebsiella pneumoniae,Positive
4791,dbAMP_18232,Enterococcus faecium,Positive
4792,dbAMP_21826,Bacillus subtilis,Positive
4793,dbAMP_31966,Bacillus cereus,Positive
4794,dbAMP_33118,Bacillus cereus,Positive
4795,dbAMP_11927,Staphylococcus aureus,Positive
4796,dbAMP_32067,Staphylococcus aureus,Positive
4797,dbAMP_19789,Pseudomonas aeruginosa,Positive
4798,dbAMP_16020,Bacillus subtilis,Positive
4799,dbAMP_05265,Staphylococcus aureus,Positive
4800,dbAMP_16309,Bacillus subtilis,Positive
4801,dbAMP_03823,Staphylococcus aureus,Positive
4802,dbAMP_24269,Staphylococcus epidermidis,Positive
4803,dbAMP_33190,Staphylococcus epidermidis,Positive
4804,22309.0,Escherichia coli,Positive
4805,dbAMP_25190,Klebsiella pneumoniae,Positive
4806,dbAMP_15789,Staphylococcus aureus,Positive
4807,dbAMP_17499,Pseudomonas aeruginosa,Positive
4808,dbAMP_18534,Escherichia coli,Positive
4809,dbAMP_10430,Candida albicans,Positive
4810,17599.0,Candida albicans,Positive
4811,dbAMP_22693,Staphylococcus aureus,Positive
4812,dbAMP_15913,Staphylococcus epidermidis,Positive
4813,dbAMP_19256,Staphylococcus aureus,Positive
4814,dbAMP_14724,Candida albicans,Positive
4815,dbAMP_22843,Candida albicans,Positive
4816,dbAMP_18536,Escherichia coli,Positive
4817,dbAMP_11284,Staphylococcus aureus,Positive
4818,dbAMP_21636,Micrococcus luteus,Positive
4819,dbAMP_21288,Escherichia coli,Positive
4820,dbAMP_16635,Staphylococcus aureus,Positive
4821,20290.0,Acinetobacter baumannii,Positive
4822,dbAMP_23381,Staphylococcus aureus,Positive
4823,DRAMP21258,Escherichia coli,Positive
4824,dbAMP_05768,Enterococcus faecium,Positive
4825,dbAMP_05478,Pseudomonas aeruginosa,Positive
4826,dbAMP_27070,Candida albicans,Positive
4827,dbAMP_17986,Staphylococcus aureus,Positive
4828,dbAMP_18218,Staphylococcus aureus,Positive
4829,dbAMP_24275,Enterococcus faecium,Positive
4830,dbAMP_25254,Escherichia coli,Positive
4831,7058.0,Acinetobacter baumannii,Positive
4832,dbAMP_16547,Pseudomonas aeruginosa,Positive
4833,dbAMP_21021,Klebsiella pneumoniae,Positive
4834,21725.0,Acinetobacter baumannii,Positive
4835,DRAMP02933,Micrococcus luteus,Positive
4836,21467.0,Acinetobacter baumannii,Positive
4837,dbAMP_18729,Klebsiella pneumoniae,Positive
4838,dbAMP_23918,Staphylococcus aureus,Positive
4839,10154.0,Escherichia coli,Positive
4840,DRAMP02995,Escherichia coli,Positive
4841,dbAMP_20397,Pseudomonas aeruginosa,Positive
4842,dbAMP_17582,Bacillus subtilis,Positive
4843,dbAMP_21904,Micrococcus luteus,Positive
4844,18366.0,Micrococcus luteus,Positive
4845,dbAMP_17429,Micrococcus luteus,Positive
4846,dbAMP_27419,Staphylococcus epidermidis,Positive
4847,dbAMP_02162,Staphylococcus aureus,Positive
4848,dbAMP_33927,Acinetobacter baumannii,Positive
4849,dbAMP_15999,Pseudomonas aeruginosa,Positive
4850,dbAMP_02219,Enterococcus faecalis,Positive
4851,dbAMP_11446,Bacillus subtilis,Positive
4852,dbAMP_15851,Klebsiella pneumoniae,Positive
4853,22375.0,Staphylococcus aureus,Positive
4854,dbAMP_23724,Bacillus subtilis,Positive
4855,21526.0,Staphylococcus aureus,Positive
4856,dbAMP_22684,Pseudomonas aeruginosa,Positive
4857,18583.0,Candida parapsilosis,Positive
4858,dbAMP_04621,Staphylococcus aureus,Positive
4859,dbAMP_17729,Pseudomonas aeruginosa,Positive
4860,19126.0,Pseudomonas aeruginosa,Positive
4861,dbAMP_17456,Bacillus subtilis,Positive
4862,dbAMP_14795,Escherichia coli,Positive
4863,21216.0,Enterococcus faecium,Positive
4864,19684.0,Pseudomonas aeruginosa,Positive
4865,dbAMP_02133,Staphylococcus aureus,Positive
4866,dbAMP_33017,Escherichia coli,Positive
4867,dbAMP_16140,Candida albicans,Positive
4868,dbAMP_11718,Enterococcus faecalis,Positive
4869,18053.0,Staphylococcus aureus,Positive
4870,dbAMP_18521,Micrococcus luteus,Positive
4871,dbAMP_33598,Escherichia coli,Positive
4872,22216.0,Staphylococcus aureus,Positive
4873,dbAMP_32079,Bacillus subtilis,Positive
4874,dbAMP_03064,Escherichia coli,Positive
4875,dbAMP_19714,Klebsiella pneumoniae,Positive
4876,17099.0,Escherichia coli,Positive
4877,dbAMP_16185,Escherichia coli,Positive
4878,dbAMP_03820,Staphylococcus aureus,Positive
4879,dbAMP_11925,Staphylococcus aureus,Positive
4880,dbAMP_03049,Klebsiella pneumoniae,Positive
4881,dbAMP_22957,Staphylococcus epidermidis,Positive
4882,dbAMP_18051,Staphylococcus aureus,Positive
4883,dbAMP_21121,Candida albicans,Positive
4884,DRAMP02854,Bacillus megaterium,Positive
4885,dbAMP_24010,Escherichia coli,Positive
4886,dbAMP_19522,Escherichia coli,Positive
4887,dbAMP_31133,Staphylococcus aureus,Positive
4888,17434.0,Candida albicans,Positive
4889,481.0,Pseudomonas aeruginosa,Positive
4890,DRAMP02912,Escherichia coli,Positive
4891,dbAMP_20306,Escherichia coli,Positive
4892,1004.0,Candida albicans,Positive
4893,20294.0,Escherichia coli,Positive
4894,dbAMP_33875,Candida albicans,Positive
4895,dbAMP_16911,Acinetobacter baumannii,Positive
4896,20154.0,Escherichia coli,Positive
4897,dbAMP_28548,Bacillus subtilis,Positive
4898,dbAMP_20790,Escherichia coli,Positive
4899,dbAMP_18236,Salmonella enterica,Positive
4900,dbAMP_27111,Staphylococcus epidermidis,Positive
4901,dbAMP_33110,Klebsiella pneumoniae,Positive
4902,dbAMP_23668,Candida albicans,Positive
4903,dbAMP_15766,Staphylococcus epidermidis,Positive
4904,dbAMP_22261,Escherichia coli,Positive
4905,dbAMP_03833,Micrococcus luteus,Positive
4906,20309.0,Enterococcus faecalis,Positive
4907,dbAMP_33710,Pseudomonas aeruginosa,Positive
4908,dbAMP_22479,Bacillus subtilis,Positive
4909,dbAMP_24899,Escherichia coli,Positive
4910,dbAMP_21973,Klebsiella pneumoniae,Positive
4911,dbAMP_20724,Escherichia coli,Positive
4912,dbAMP_00352,Staphylococcus aureus,Positive
4913,dbAMP_10373,Candida albicans,Positive
4914,dbAMP_31988,Staphylococcus aureus,Positive
4915,dbAMP_03833,Escherichia coli,Positive
4916,2854.0,Micrococcus luteus,Positive
4917,dbAMP_24946,Klebsiella pneumoniae,Positive
4918,dbAMP_15551,Listeria monocytogenes,Positive
4919,dbAMP_18825,Escherichia coli,Positive
4920,dbAMP_02009,Staphylococcus aureus,Positive
4921,dbAMP_23915,Acinetobacter baumannii,Positive
4922,DRAMP02849,Salmonella enterica,Positive
4923,dbAMP_24407,Staphylococcus aureus,Positive
4924,dbAMP_22525,Staphylococcus epidermidis,Positive
4925,dbAMP_22764,Staphylococcus epidermidis,Positive
4926,dbAMP_11110,Escherichia coli,Positive
4927,7058.0,Pseudomonas aeruginosa,Positive
4928,dbAMP_02533,Enterococcus faecium,Positive
4929,DRAMP03140,Bacillus megaterium,Positive
4930,dbAMP_22639,Candida albicans,Positive
4931,dbAMP_18990,Klebsiella pneumoniae,Positive
4932,dbAMP_09655,Staphylococcus aureus,Positive
4933,dbAMP_22959,Micrococcus luteus,Positive
4934,dbAMP_16271,Pseudomonas aeruginosa,Positive
4935,dbAMP_17364,Staphylococcus aureus,Positive
4936,dbAMP_16301,Escherichia coli,Positive
4937,dbAMP_34044,Salmonella enterica,Positive
4938,dbAMP_01651,Escherichia coli,Positive
4939,6751.0,Pseudomonas aeruginosa,Positive
4940,dbAMP_20756,Bacillus subtilis,Positive
4941,18126.0,Bacillus subtilis,Positive
4942,dbAMP_22968,Staphylococcus epidermidis,Positive
4943,dbAMP_27231,Pseudomonas aeruginosa,Positive
4944,dbAMP_00214,Enterococcus faecium,Positive
4945,dbAMP_20545,Candida albicans,Positive
4946,dbAMP_23326,Bacillus subtilis,Positive
4947,20967.0,Pseudomonas aeruginosa,Positive
4948,dbAMP_02234,Staphylococcus aureus,Positive
4949,dbAMP_04506,Candida albicans,Positive
4950,dbAMP_04646,Escherichia coli,Positive
4951,dbAMP_16105,Escherichia coli,Positive
4952,dbAMP_20413,Staphylococcus aureus,Positive
4953,18818.0,Enterococcus faecalis,Positive
4954,dbAMP_21671,Escherichia coli,Positive
4955,11025.0,Escherichia coli,Positive
4956,dbAMP_23249,Staphylococcus epidermidis,Positive
4957,dbAMP_06086,Listeria monocytogenes,Positive
4958,dbAMP_15397,Klebsiella pneumoniae,Positive
4959,dbAMP_10834,Staphylococcus epidermidis,Positive
4960,dbAMP_24001,Pseudomonas aeruginosa,Positive
4961,dbAMP_20455,Escherichia coli,Positive
4962,dbAMP_16051,Escherichia coli,Positive
4963,dbAMP_14773,Bacillus megaterium,Positive
4964,dbAMP_02239,Salmonella enterica,Positive
4965,dbAMP_19368,Salmonella enterica,Positive
4966,dbAMP_16282,Pseudomonas aeruginosa,Positive
4967,dbAMP_20784,Staphylococcus epidermidis,Positive
4968,22344.0,Klebsiella pneumoniae,Positive
4969,dbAMP_02036,Staphylococcus aureus,Positive
4970,dbAMP_19350,Staphylococcus aureus,Positive
4971,dbAMP_14893,Staphylococcus epidermidis,Positive
4972,dbAMP_09881,Staphylococcus aureus,Positive
4973,dbAMP_16227,Escherichia coli,Positive
4974,21621.0,Staphylococcus aureus,Positive
4975,DRAMP02854,Cryptococcus neoformans,Positive
4976,dbAMP_16073,Escherichia coli,Positive
4977,dbAMP_16760,Bacillus subtilis,Positive
4978,dbAMP_28785,Candida albicans,Positive
4979,dbAMP_16365,Candida parapsilosis,Positive
4980,17706.0,Enterococcus faecalis,Positive
4981,dbAMP_23636,Staphylococcus aureus,Positive
4982,19016.0,Staphylococcus aureus,Positive
4983,dbAMP_01242,Escherichia coli,Positive
4984,dbAMP_16738,Staphylococcus epidermidis,Positive
4985,dbAMP_18210,Bacillus subtilis,Positive
4986,dbAMP_17463,Cryptococcus neoformans,Positive
4987,dbAMP_14817,Candida albicans,Positive
4988,dbAMP_33139,Escherichia coli,Positive
4989,dbAMP_23959,Staphylococcus aureus,Positive
4990,dbAMP_27618,Escherichia coli,Positive
4991,dbAMP_03483,Escherichia coli,Positive
4992,20890.0,Staphylococcus aureus,Positive
4993,dbAMP_22638,Staphylococcus epidermidis,Positive
4994,dbAMP_15869,Pseudomonas aeruginosa,Positive
4995,19685.0,Bacillus subtilis,Positive
4996,dbAMP_21819,Pseudomonas aeruginosa,Positive
4997,dbAMP_04733,Candida albicans,Positive
4998,dbAMP_19542,Bacillus subtilis,Positive
4999,dbAMP_18209,Enterococcus faecium,Positive
5000,17437.0,Staphylococcus aureus,Positive
5001,dbAMP_22733,Micrococcus luteus,Positive
5002,DRAMP21083,Candida albicans,Positive
5003,dbAMP_17575,Pseudomonas aeruginosa,Positive
5004,dbAMP_22636,Bacillus megaterium,Positive
5005,19698.0,Escherichia coli,Positive
5006,dbAMP_20562,Staphylococcus aureus,Positive
5007,dbAMP_31704,Klebsiella pneumoniae,Positive
5008,dbAMP_20532,Staphylococcus aureus,Positive
5009,18164.0,Candida albicans,Positive
5010,21309.0,Pseudomonas aeruginosa,Positive
5011,dbAMP_19666,Bacillus subtilis,Positive
5012,21980.0,Staphylococcus aureus,Positive
5013,DRAMP03075,Escherichia coli,Positive
5014,dbAMP_23943,Enterococcus faecalis,Positive
5015,17599.0,Staphylococcus aureus,Positive
5016,22160.0,Acinetobacter baumannii,Positive
5017,21865.0,Escherichia coli,Positive
5018,6841.0,Staphylococcus epidermidis,Positive
5019,dbAMP_16914,Enterobacter cloacae,Positive
5020,2302.0,Bacillus cereus,Positive
5021,21896.0,Acinetobacter baumannii,Positive
5022,dbAMP_18219,Pseudomonas aeruginosa,Positive
5023,dbAMP_27570,Staphylococcus aureus,Positive
5024,18070.0,Candida parapsilosis,Positive
5025,20568.0,Enterococcus faecalis,Positive
5026,dbAMP_10498,Escherichia coli,Positive
5027,21068.0,Staphylococcus aureus,Positive
5028,dbAMP_14879,Bacillus subtilis,Positive
5029,19639.0,Acinetobacter baumannii,Positive
5030,19928.0,Klebsiella pneumoniae,Positive
5031,dbAMP_23786,Staphylococcus aureus,Positive
5032,dbAMP_02017,Staphylococcus aureus,Positive
5033,dbAMP_04382,Micrococcus luteus,Positive
5034,dbAMP_33007,Staphylococcus epidermidis,Positive
5035,dbAMP_20923,Escherichia coli,Positive
5036,dbAMP_11010,Listeria monocytogenes,Positive
5037,dbAMP_16253,Candida albicans,Positive
5038,dbAMP_16944,Escherichia coli,Positive
5039,dbAMP_31803,Staphylococcus aureus,Positive
5040,dbAMP_02641,Escherichia coli,Positive
5041,dbAMP_01694,Staphylococcus aureus,Positive
5042,dbAMP_27452,Bacillus cereus,Positive
5043,19927.0,Staphylococcus aureus,Positive
5044,dbAMP_22003,Pseudomonas aeruginosa,Positive
5045,dbAMP_33349,Staphylococcus aureus,Positive
5046,17517.0,Staphylococcus aureus,Positive
5047,dbAMP_04822,Staphylococcus aureus,Positive
5048,2870.0,Staphylococcus epidermidis,Positive
5049,dbAMP_23677,Bacillus subtilis,Positive
5050,dbAMP_05737,Staphylococcus epidermidis,Positive
5051,dbAMP_27653,Staphylococcus aureus,Positive
5052,dbAMP_20460,Bacillus subtilis,Positive
5053,dbAMP_21979,Enterococcus faecalis,Positive
5054,dbAMP_20789,Staphylococcus epidermidis,Positive
5055,21116.0,Klebsiella pneumoniae,Positive
5056,20005.0,Staphylococcus aureus,Positive
5057,dbAMP_14836,Staphylococcus epidermidis,Positive
5058,dbAMP_16117,Escherichia coli,Positive
5059,dbAMP_00217,Salmonella enterica,Positive
5060,dbAMP_20248,Candida albicans,Positive
5061,dbAMP_22617,Escherichia coli,Positive
5062,491.0,Escherichia coli,Positive
5063,dbAMP_06016,Pseudomonas aeruginosa,Positive
5064,19866.0,Acinetobacter baumannii,Positive
5065,dbAMP_02908,Escherichia coli,Positive
5066,dbAMP_17578,Staphylococcus epidermidis,Positive
5067,dbAMP_15872,Staphylococcus epidermidis,Positive
5068,dbAMP_14816,Staphylococcus aureus,Positive
5069,dbAMP_16762,Salmonella enterica,Positive
5070,dbAMP_00302,Staphylococcus epidermidis,Positive
5071,dbAMP_33939,Enterococcus faecium,Positive
5072,dbAMP_03758,Staphylococcus aureus,Positive
5073,dbAMP_31640,Klebsiella pneumoniae,Positive
5074,dbAMP_19219,Pseudomonas aeruginosa,Positive
5075,dbAMP_00754,Klebsiella pneumoniae,Positive
5076,17254.0,Staphylococcus aureus,Positive
5077,dbAMP_34585,Bacillus subtilis,Positive
5078,dbAMP_12244,Escherichia coli,Positive
5079,dbAMP_00469,Escherichia coli,Positive
5080,14036.0,Pseudomonas aeruginosa,Positive
5081,dbAMP_17347,Pseudomonas aeruginosa,Positive
5082,dbAMP_18044,Salmonella enterica,Positive
5083,dbAMP_06055,Bacillus subtilis,Positive
5084,dbAMP_16756,Staphylococcus epidermidis,Positive
5085,dbAMP_10430,Escherichia coli,Positive
5086,dbAMP_02206,Candida albicans,Positive
5087,dbAMP_00419,Pseudomonas aeruginosa,Positive
5088,dbAMP_19158,Staphylococcus epidermidis,Positive
5089,dbAMP_05954,Staphylococcus aureus,Positive
5090,dbAMP_15889,Escherichia coli,Positive
5091,852.0,Escherichia coli,Positive
5092,19684.0,Klebsiella pneumoniae,Positive
5093,dbAMP_02895,Staphylococcus epidermidis,Positive
5094,dbAMP_16549,Escherichia coli,Positive
5095,dbAMP_17797,Escherichia coli,Positive
5096,19552.0,Escherichia coli,Positive
5097,dbAMP_14782,Candida albicans,Positive
5098,dbAMP_17111,Escherichia coli,Positive
5099,20572.0,Escherichia coli,Positive
5100,dbAMP_32457,Bacillus subtilis,Positive
5101,dbAMP_21972,Klebsiella pneumoniae,Positive
5102,19701.0,Escherichia coli,Positive
5103,19611.0,Enterococcus faecalis,Positive
5104,dbAMP_17720,Staphylococcus epidermidis,Positive
5105,dbAMP_24268,Escherichia coli,Positive
5106,dbAMP_28176,Candida albicans,Positive
5107,21968.0,Staphylococcus aureus,Positive
5108,dbAMP_21674,Escherichia coli,Positive
5109,dbAMP_21081,Staphylococcus aureus,Positive
5110,dbAMP_02247,Micrococcus luteus,Positive
5111,dbAMP_22010,Pseudomonas aeruginosa,Positive
5112,dbAMP_23164,Staphylococcus aureus,Positive
5113,dbAMP_25183,Staphylococcus aureus,Positive
5114,19234.0,Escherichia coli,Positive
5115,20344.0,Staphylococcus aureus,Positive
5116,dbAMP_03523,Candida albicans,Positive
5117,dbAMP_02596,Staphylococcus aureus,Positive
5118,dbAMP_21834,Staphylococcus aureus,Positive
5119,dbAMP_22137,Salmonella enterica,Positive
5120,dbAMP_27305,Staphylococcus aureus,Positive
5121,dbAMP_16116,Pseudomonas aeruginosa,Positive
5122,dbAMP_33108,Acinetobacter baumannii,Positive
5123,dbAMP_23210,Staphylococcus aureus,Positive
5124,20386.0,Salmonella enterica,Positive
5125,dbAMP_24329,Staphylococcus aureus,Positive
5126,dbAMP_15985,Bacillus subtilis,Positive
5127,dbAMP_22637,Bacillus megaterium,Positive
5128,dbAMP_19026,Staphylococcus aureus,Positive
5129,18581.0,Candida parapsilosis,Positive
5130,21872.0,Acinetobacter baumannii,Positive
5131,dbAMP_05615,Staphylococcus aureus,Positive
5132,dbAMP_17635,Micrococcus luteus,Positive
5133,dbAMP_09654,Salmonella enterica,Positive
5134,dbAMP_03365,Escherichia coli,Positive
5135,dbAMP_17493,Escherichia coli,Positive
5136,dbAMP_02441,Bacillus megaterium,Positive
5137,dbAMP_17349,Klebsiella pneumoniae,Positive
5138,dbAMP_02182,Staphylococcus aureus,Positive
5139,dbAMP_05716,Pseudomonas aeruginosa,Positive
5140,dbAMP_19212,Escherichia coli,Positive
5141,DRAMP02925,Klebsiella pneumoniae,Positive
5142,dbAMP_19595,Escherichia coli,Positive
5143,dbAMP_22668,Escherichia coli,Positive
5144,dbAMP_22138,Escherichia coli,Positive
5145,18326.0,Escherichia coli,Positive
5146,19199.0,Bacillus subtilis,Positive
5147,1076.0,Enterococcus faecium,Positive
5148,dbAMP_27242,Staphylococcus epidermidis,Positive
5149,dbAMP_17892,Klebsiella pneumoniae,Positive
5150,dbAMP_24870,Bacillus cereus,Positive
5151,dbAMP_27580,Candida albicans,Positive
5152,dbAMP_21816,Staphylococcus aureus,Positive
5153,dbAMP_20324,Pseudomonas aeruginosa,Positive
5154,dbAMP_16145,Staphylococcus aureus,Positive
5155,20340.0,Staphylococcus aureus,Positive
5156,dbAMP_27230,Enterococcus faecalis,Positive
5157,dbAMP_23227,Staphylococcus aureus,Positive
5158,dbAMP_18180,Pseudomonas aeruginosa,Positive
5159,dbAMP_19774,Escherichia coli,Positive
5160,dbAMP_18441,Salmonella enterica,Positive
5161,dbAMP_16047,Staphylococcus epidermidis,Positive
5162,DRAMP02925,Escherichia coli,Positive
5163,dbAMP_21943,Staphylococcus aureus,Positive
5164,dbAMP_23960,Pseudomonas aeruginosa,Positive
5165,dbAMP_16181,Escherichia coli,Positive
5166,dbAMP_16325,Enterococcus faecalis,Positive
5167,dbAMP_02247,Enterococcus faecalis,Positive
5168,dbAMP_21368,Pseudomonas aeruginosa,Positive
5169,dbAMP_16658,Acinetobacter baumannii,Positive
5170,dbAMP_18026,Acinetobacter baumannii,Positive
5171,dbAMP_03395,Staphylococcus aureus,Positive
5172,dbAMP_20307,Escherichia coli,Positive
5173,dbAMP_22065,Escherichia coli,Positive
5174,dbAMP_24672,Escherichia coli,Positive
5175,dbAMP_02049,Enterobacter cloacae,Positive
5176,dbAMP_28830,Bacillus subtilis,Positive
5177,18044.0,Enterococcus faecalis,Positive
5178,dbAMP_17460,Acinetobacter baumannii,Positive
5179,dbAMP_04074,Salmonella enterica,Positive
5180,dbAMP_03280,Staphylococcus epidermidis,Positive
5181,759.0,Pseudomonas aeruginosa,Positive
5182,dbAMP_18116,Enterococcus faecalis,Positive
5183,9310.0,Staphylococcus aureus,Positive
5184,dbAMP_16213,Salmonella enterica,Positive
5185,dbAMP_22486,Bacillus subtilis,Positive
5186,19571.0,Pseudomonas aeruginosa,Positive
5187,dbAMP_23618,Bacillus subtilis,Positive
5188,dbAMP_04810,Bacillus cereus,Positive
5189,19864.0,Pseudomonas aeruginosa,Positive
5190,dbAMP_01801,Staphylococcus aureus,Positive
5191,dbAMP_27407,Staphylococcus aureus,Positive
5192,dbAMP_22067,Bacillus subtilis,Positive
5193,dbAMP_03866,Candida albicans,Positive
5194,dbAMP_14897,Micrococcus luteus,Positive
5195,dbAMP_03986,Bacillus subtilis,Positive
5196,18691.0,Escherichia coli,Positive
5197,dbAMP_16751,Staphylococcus epidermidis,Positive
5198,18634.0,Pseudomonas aeruginosa,Positive
5199,dbAMP_24863,Candida albicans,Positive
5200,dbAMP_32307,Pseudomonas aeruginosa,Positive
5201,21338.0,Acinetobacter baumannii,Positive
5202,dbAMP_23837,Escherichia coli,Positive
5203,dbAMP_09743,Enterococcus faecalis,Positive
5204,dbAMP_18669,Cryptococcus neoformans,Positive
5205,dbAMP_17804,Staphylococcus aureus,Positive
5206,17819.0,Bacillus megaterium,Positive
5207,dbAMP_03655,Pseudomonas aeruginosa,Positive
5208,dbAMP_31136,Enterococcus faecalis,Positive
5209,dbAMP_17901,Salmonella enterica,Positive
5210,dbAMP_22290,Bacillus cereus,Positive
5211,dbAMP_27515,Bacillus cereus,Positive
5212,dbAMP_05271,Salmonella enterica,Positive
5213,20956.0,Staphylococcus aureus,Positive
5214,19140.0,Acinetobacter baumannii,Positive
5215,dbAMP_27960,Escherichia coli,Positive
5216,14934.0,Klebsiella pneumoniae,Positive
5217,dbAMP_19533,Salmonella enterica,Positive
5218,1755.0,Enterococcus faecium,Positive
5219,dbAMP_31998,Staphylococcus aureus,Positive
5220,dbAMP_01714,Staphylococcus aureus,Positive
5221,21532.0,Enterococcus faecium,Positive
5222,dbAMP_21532,Klebsiella pneumoniae,Positive
5223,dbAMP_18116,Escherichia coli,Positive
5224,dbAMP_16585,Pseudomonas aeruginosa,Positive
5225,dbAMP_16104,Staphylococcus epidermidis,Positive
5226,dbAMP_17567,Pseudomonas aeruginosa,Positive
5227,dbAMP_27107,Pseudomonas aeruginosa,Positive
5228,dbAMP_16001,Klebsiella pneumoniae,Positive
5229,dbAMP_23929,Candida albicans,Positive
5230,dbAMP_00360,Klebsiella pneumoniae,Positive
5231,21747.0,Staphylococcus aureus,Positive
5232,dbAMP_17458,Klebsiella pneumoniae,Positive
5233,dbAMP_05284,Candida albicans,Positive
5234,dbAMP_04369,Pseudomonas aeruginosa,Positive
5235,dbAMP_19092,Bacillus subtilis,Positive
5236,17943.0,Staphylococcus aureus,Positive
5237,dbAMP_02189,Bacillus megaterium,Positive
5238,dbAMP_16397,Escherichia coli,Positive
5239,dbAMP_05894,Escherichia coli,Positive
5240,dbAMP_23179,Staphylococcus aureus,Positive
5241,dbAMP_21874,Pseudomonas aeruginosa,Positive
5242,dbAMP_11199,Klebsiella pneumoniae,Positive
5243,dbAMP_00315,Staphylococcus aureus,Positive
5244,dbAMP_18106,Staphylococcus aureus,Positive
5245,dbAMP_27240,Escherichia coli,Positive
5246,dbAMP_02914,Staphylococcus aureus,Positive
5247,dbAMP_22784,Bacillus subtilis,Positive
5248,dbAMP_05146,Bacillus subtilis,Positive
5249,20001.0,Staphylococcus aureus,Positive
5250,dbAMP_18924,Escherichia coli,Positive
5251,dbAMP_16092,Bacillus cereus,Positive
5252,dbAMP_17491,Micrococcus luteus,Positive
5253,dbAMP_02256,Pseudomonas aeruginosa,Positive
5254,17800.0,Pseudomonas aeruginosa,Positive
5255,dbAMP_18159,Salmonella enterica,Positive
5256,dbAMP_22939,Staphylococcus aureus,Positive
5257,dbAMP_24266,Bacillus subtilis,Positive
5258,dbAMP_18989,Staphylococcus aureus,Positive
5259,dbAMP_16309,Staphylococcus aureus,Positive
5260,19613.0,Enterococcus faecalis,Positive
5261,dbAMP_22852,Escherichia coli,Positive
5262,dbAMP_33704,Acinetobacter baumannii,Positive
5263,dbAMP_33029,Staphylococcus epidermidis,Positive
5264,dbAMP_19826,Candida albicans,Positive
5265,dbAMP_25350,Salmonella enterica,Positive
5266,dbAMP_02021,Staphylococcus aureus,Positive
5267,20291.0,Pseudomonas aeruginosa,Positive
5268,dbAMP_18074,Staphylococcus aureus,Positive
5269,dbAMP_04933,Staphylococcus aureus,Positive
5270,dbAMP_02158,Escherichia coli,Positive
5271,dbAMP_14776,Bacillus subtilis,Positive
5272,dbAMP_15986,Acinetobacter baumannii,Positive
5273,dbAMP_02418,Candida albicans,Positive
5274,dbAMP_02317,Escherichia coli,Positive
5275,dbAMP_09655,Candida albicans,Positive
5276,dbAMP_27300,Escherichia coli,Positive
5277,dbAMP_19303,Escherichia coli,Positive
5278,19862.0,Klebsiella pneumoniae,Positive
5279,dbAMP_28517,Micrococcus luteus,Positive
5280,dbAMP_22424,Candida albicans,Positive
5281,dbAMP_18828,Staphylococcus aureus,Positive
5282,dbAMP_11249,Pseudomonas aeruginosa,Positive
5283,dbAMP_18527,Salmonella enterica,Positive
5284,dbAMP_20744,Candida parapsilosis,Positive
5285,dbAMP_03090,Klebsiella pneumoniae,Positive
5286,dbAMP_03455,Escherichia coli,Positive
5287,dbAMP_27662,Enterococcus faecium,Positive
5288,17239.0,Pseudomonas aeruginosa,Positive
5289,DRAMP03879,Enterococcus faecalis,Positive
5290,dbAMP_01928,Staphylococcus aureus,Positive
5291,dbAMP_17955,Candida albicans,Positive
5292,19927.0,Escherichia coli,Positive
5293,1361.0,Staphylococcus aureus,Positive
5294,20007.0,Bacillus cereus,Positive
5295,dbAMP_16751,Bacillus subtilis,Positive
5296,dbAMP_33243,Staphylococcus aureus,Positive
5297,dbAMP_18865,Pseudomonas aeruginosa,Positive
5298,dbAMP_25118,Pseudomonas aeruginosa,Positive
5299,dbAMP_10441,Cryptococcus neoformans,Positive
5300,dbAMP_23587,Staphylococcus aureus,Positive
5301,dbAMP_27500,Enterococcus faecalis,Positive
5302,dbAMP_10467,Candida albicans,Positive
5303,dbAMP_16787,Staphylococcus aureus,Positive
5304,dbAMP_18233,Pseudomonas aeruginosa,Positive
5305,dbAMP_01665,Staphylococcus epidermidis,Positive
5306,dbAMP_33108,Bacillus subtilis,Positive
5307,dbAMP_18141,Pseudomonas aeruginosa,Positive
5308,dbAMP_18045,Pseudomonas aeruginosa,Positive
5309,dbAMP_03100,Escherichia coli,Positive
5310,dbAMP_03905,Escherichia coli,Positive
5311,dbAMP_31532,Escherichia coli,Positive
5312,dbAMP_05294,Staphylococcus aureus,Positive
5313,dbAMP_22033,Escherichia coli,Positive
5314,DRAMP03930,Bacillus megaterium,Positive
5315,dbAMP_11985,Pseudomonas aeruginosa,Positive
5316,dbAMP_09734,Escherichia coli,Positive
5317,dbAMP_23989,Klebsiella pneumoniae,Positive
5318,19864.0,Staphylococcus aureus,Positive
5319,dbAMP_21981,Enterococcus faecium,Positive
5320,dbAMP_14791,Bacillus subtilis,Positive
5321,dbAMP_15976,Pseudomonas aeruginosa,Positive
5322,dbAMP_16254,Bacillus subtilis,Positive
5323,dbAMP_27300,Pseudomonas aeruginosa,Positive
5324,20838.0,Bacillus subtilis,Positive
5325,dbAMP_02560,Bacillus subtilis,Positive
5326,dbAMP_20537,Staphylococcus epidermidis,Positive
5327,dbAMP_15550,Candida albicans,Positive
5328,dbAMP_01935,Candida albicans,Positive
5329,19501.0,Enterococcus faecium,Positive
5330,dbAMP_01995,Staphylococcus aureus,Positive
5331,20055.0,Staphylococcus aureus,Positive
5332,dbAMP_17377,Escherichia coli,Positive
5333,dbAMP_19603,Escherichia coli,Positive
5334,dbAMP_17054,Escherichia coli,Positive
5335,dbAMP_17102,Pseudomonas aeruginosa,Positive
5336,22311.0,Klebsiella pneumoniae,Positive
5337,dbAMP_04701,Pseudomonas aeruginosa,Positive
5338,20167.0,Salmonella enterica,Positive
5339,dbAMP_19695,Staphylococcus aureus,Positive
5340,dbAMP_01871,Candida albicans,Positive
5341,dbAMP_16938,Escherichia coli,Positive
5342,dbAMP_19255,Pseudomonas aeruginosa,Positive
5343,dbAMP_19818,Staphylococcus aureus,Positive
5344,19555.0,Salmonella enterica,Positive
5345,dbAMP_23310,Escherichia coli,Positive
5346,dbAMP_14889,Micrococcus luteus,Positive
5347,21331.0,Candida albicans,Positive
5348,166.0,Bacillus subtilis,Positive
5349,dbAMP_31812,Pseudomonas aeruginosa,Positive
5350,21973.0,Staphylococcus aureus,Positive
5351,dbAMP_16051,Staphylococcus epidermidis,Positive
5352,dbAMP_17292,Staphylococcus aureus,Positive
5353,dbAMP_17324,Escherichia coli,Positive
5354,DRAMP20942,Candida albicans,Positive
5355,dbAMP_17635,Staphylococcus aureus,Positive
5356,dbAMP_02819,Escherichia coli,Positive
5357,dbAMP_15827,Enterococcus faecalis,Positive
5358,DRAMP01588,Staphylococcus aureus,Positive
5359,dbAMP_33107,Escherichia coli,Positive
5360,dbAMP_16283,Pseudomonas aeruginosa,Positive
5361,dbAMP_16905,Acinetobacter baumannii,Positive
5362,764.0,Bacillus subtilis,Positive
5363,dbAMP_16311,Salmonella enterica,Positive
5364,dbAMP_31331,Escherichia coli,Positive
5365,dbAMP_02051,Enterococcus faecalis,Positive
5366,21114.0,Acinetobacter baumannii,Positive
5367,19616.0,Klebsiella pneumoniae,Positive
5368,19938.0,Salmonella enterica,Positive
5369,dbAMP_16546,Escherichia coli,Positive
5370,dbAMP_16209,Escherichia coli,Positive
5371,dbAMP_27196,Staphylococcus aureus,Positive
5372,dbAMP_02027,Candida albicans,Positive
5373,dbAMP_03296,Bacillus cereus,Positive
5374,dbAMP_20521,Staphylococcus aureus,Positive
5375,dbAMP_18823,Staphylococcus aureus,Positive
5376,1755.0,Salmonella enterica,Positive
5377,dbAMP_27239,Enterococcus faecalis,Positive
5378,dbAMP_24638,Bacillus subtilis,Positive
5379,dbAMP_17408,Staphylococcus aureus,Positive
5380,dbAMP_20324,Escherichia coli,Positive
5381,dbAMP_18940,Staphylococcus aureus,Positive
5382,dbAMP_11618,Escherichia coli,Positive
5383,21112.0,Acinetobacter baumannii,Positive
5384,dbAMP_00291,Staphylococcus aureus,Positive
5385,dbAMP_19163,Escherichia coli,Positive
5386,dbAMP_16475,Staphylococcus aureus,Positive
5387,dbAMP_18767,Acinetobacter baumannii,Positive
5388,dbAMP_23163,Staphylococcus aureus,Positive
5389,dbAMP_32541,Staphylococcus aureus,Positive
5390,dbAMP_16228,Escherichia coli,Positive
5391,dbAMP_04232,Micrococcus luteus,Positive
5392,dbAMP_24952,Escherichia coli,Positive
5393,dbAMP_27094,Enterococcus faecalis,Positive
5394,dbAMP_19803,Staphylococcus aureus,Positive
5395,dbAMP_19799,Pseudomonas aeruginosa,Positive
5396,dbAMP_32819,Staphylococcus aureus,Positive
5397,9245.0,Bacillus subtilis,Positive
5398,dbAMP_22486,Candida albicans,Positive
5399,dbAMP_14731,Salmonella enterica,Positive
5400,1419.0,Candida albicans,Positive
5401,dbAMP_21982,Staphylococcus aureus,Positive
5402,19642.0,Acinetobacter baumannii,Positive
5403,dbAMP_16500,Pseudomonas aeruginosa,Positive
5404,dbAMP_16198,Escherichia coli,Positive
5405,dbAMP_17464,Candida albicans,Positive
5406,dbAMP_21931,Staphylococcus aureus,Positive
5407,dbAMP_19522,Staphylococcus aureus,Positive
5408,564.0,Salmonella enterica,Positive
5409,dbAMP_21466,Salmonella enterica,Positive
5410,14387.0,Candida albicans,Positive
5411,2870.0,Staphylococcus aureus,Positive
5412,15837.0,Candida albicans,Positive
5413,dbAMP_17122,Bacillus cereus,Positive
5414,dbAMP_02329,Staphylococcus aureus,Positive
5415,dbAMP_05221,Enterococcus faecalis,Positive
5416,dbAMP_03643,Klebsiella pneumoniae,Positive
5417,dbAMP_14828,Staphylococcus aureus,Positive
5418,dbAMP_19361,Pseudomonas aeruginosa,Positive
5419,dbAMP_00312,Candida parapsilosis,Positive
5420,20504.0,Salmonella enterica,Positive
5421,dbAMP_22813,Candida albicans,Positive
5422,dbAMP_03061,Acinetobacter baumannii,Positive
5423,dbAMP_16981,Staphylococcus aureus,Positive
5424,dbAMP_22782,Staphylococcus aureus,Positive
5425,20497.0,Salmonella enterica,Positive
5426,dbAMP_17807,Bacillus subtilis,Positive
5427,17818.0,Bacillus subtilis,Positive
5428,dbAMP_16040,Staphylococcus aureus,Positive
5429,2869.0,Bacillus subtilis,Positive
5430,dbAMP_22133,Salmonella enterica,Positive
5431,dbAMP_02082,Escherichia coli,Positive
5432,dbAMP_28831,Klebsiella pneumoniae,Positive
5433,19612.0,Staphylococcus epidermidis,Positive
5434,17784.0,Klebsiella pneumoniae,Positive
5435,dbAMP_25053,Escherichia coli,Positive
5436,22345.0,Escherichia coli,Positive
5437,dbAMP_20281,Escherichia coli,Positive
5438,dbAMP_21297,Escherichia coli,Positive
5439,dbAMP_00593,Candida albicans,Positive
5440,dbAMP_14720,Enterococcus faecalis,Positive
5441,dbAMP_04608,Staphylococcus epidermidis,Positive
5442,dbAMP_21294,Escherichia coli,Positive
5443,dbAMP_21769,Bacillus subtilis,Positive
5444,19946.0,Pseudomonas aeruginosa,Positive
5445,DRAMP02933,Staphylococcus aureus,Positive
5446,dbAMP_25057,Escherichia coli,Positive
5447,dbAMP_11923,Staphylococcus epidermidis,Positive
5448,dbAMP_32552,Pseudomonas aeruginosa,Positive
5449,dbAMP_20340,Staphylococcus epidermidis,Positive
5450,DRAMP02862,Escherichia coli,Positive
5451,dbAMP_14841,Escherichia coli,Positive
5452,dbAMP_21492,Escherichia coli,Positive
5453,dbAMP_03090,Enterobacter cloacae,Positive
5454,21076.0,Salmonella enterica,Positive
5455,dbAMP_25339,Escherichia coli,Positive
5456,dbAMP_21653,Staphylococcus aureus,Positive
5457,dbAMP_18225,Pseudomonas aeruginosa,Positive
5458,dbAMP_16770,Staphylococcus aureus,Positive
5459,dbAMP_22692,Staphylococcus aureus,Positive
5460,dbAMP_31652,Salmonella enterica,Positive
5461,dbAMP_04517,Pseudomonas aeruginosa,Positive
5462,18045.0,Pseudomonas aeruginosa,Positive
5463,dbAMP_31177,Enterobacter cloacae,Positive
5464,dbAMP_01995,Bacillus subtilis,Positive
5465,21467.0,Escherichia coli,Positive
5466,dbAMP_18445,Listeria monocytogenes,Positive
5467,20632.0,Pseudomonas aeruginosa,Positive
5468,dbAMP_23748,Candida albicans,Positive
5469,dbAMP_21473,Candida albicans,Positive
5470,dbAMP_15878,Pseudomonas aeruginosa,Positive
5471,dbAMP_17779,Staphylococcus aureus,Positive
5472,dbAMP_17972,Escherichia coli,Positive
5473,dbAMP_21333,Escherichia coli,Positive
5474,dbAMP_22802,Pseudomonas aeruginosa,Positive
5475,DRAMP02855,Enterococcus faecium,Positive
5476,dbAMP_19796,Escherichia coli,Positive
5477,dbAMP_16219,Staphylococcus epidermidis,Positive
5478,dbAMP_19777,Escherichia coli,Positive
5479,dbAMP_17359,Escherichia coli,Positive
5480,DRAMP02855,Salmonella enterica,Positive
5481,dbAMP_34039,Pseudomonas aeruginosa,Positive
5482,dbAMP_16557,Staphylococcus aureus,Positive
5483,dbAMP_19584,Escherichia coli,Positive
5484,dbAMP_18229,Escherichia coli,Positive
5485,dbAMP_21279,Escherichia coli,Positive
5486,dbAMP_17462,Cryptococcus neoformans,Positive
5487,dbAMP_20867,Pseudomonas aeruginosa,Positive
5488,DRAMP03879,Escherichia coli,Positive
5489,dbAMP_16760,Escherichia coli,Positive
5490,dbAMP_18848,Pseudomonas aeruginosa,Positive
5491,dbAMP_01686,Staphylococcus aureus,Positive
5492,dbAMP_16068,Bacillus subtilis,Positive
5493,21035.0,Acinetobacter baumannii,Positive
5494,DRAMP03116,Bacillus subtilis,Positive
5495,dbAMP_32952,Escherichia coli,Positive
5496,dbAMP_18928,Staphylococcus aureus,Positive
5497,18070.0,Staphylococcus aureus,Positive
5498,dbAMP_22018,Escherichia coli,Positive
5499,dbAMP_16510,Salmonella enterica,Positive
5500,dbAMP_21975,Enterococcus faecalis,Positive
5501,dbAMP_24406,Escherichia coli,Positive
5502,20013.0,Staphylococcus aureus,Positive
5503,dbAMP_18858,Pseudomonas aeruginosa,Positive
5504,dbAMP_03089,Escherichia coli,Positive
5505,3343.0,Enterococcus faecalis,Positive
5506,dbAMP_17466,Bacillus subtilis,Positive
5507,dbAMP_15763,Klebsiella pneumoniae,Positive
5508,dbAMP_28434,Staphylococcus epidermidis,Positive
5509,dbAMP_23212,Pseudomonas aeruginosa,Positive
5510,18127.0,Staphylococcus epidermidis,Positive
5511,dbAMP_01913,Staphylococcus aureus,Positive
5512,dbAMP_21127,Pseudomonas aeruginosa,Positive
5513,dbAMP_01883,Staphylococcus aureus,Positive
5514,dbAMP_02146,Escherichia coli,Positive
5515,dbAMP_34306,Staphylococcus aureus,Positive
5516,dbAMP_17472,Bacillus subtilis,Positive
5517,20504.0,Pseudomonas aeruginosa,Positive
5518,dbAMP_18874,Escherichia coli,Positive
5519,dbAMP_14800,Bacillus subtilis,Positive
5520,dbAMP_05295,Staphylococcus epidermidis,Positive
5521,dbAMP_27622,Staphylococcus aureus,Positive
5522,dbAMP_03156,Escherichia coli,Positive
5523,dbAMP_19309,Escherichia coli,Positive
5524,dbAMP_18234,Staphylococcus aureus,Positive
5525,dbAMP_10970,Staphylococcus aureus,Positive
5526,dbAMP_17983,Enterococcus faecalis,Positive
5527,12553.0,Staphylococcus aureus,Positive
5528,dbAMP_17669,Bacillus subtilis,Positive
5529,12591.0,Klebsiella pneumoniae,Positive
5530,DRAMP02995,Micrococcus luteus,Positive
5531,dbAMP_17451,Staphylococcus aureus,Positive
5532,dbAMP_17452,Bacillus subtilis,Positive
5533,21319.0,Staphylococcus aureus,Positive
5534,dbAMP_10426,Bacillus megaterium,Positive
5535,DRAMP20942,Acinetobacter baumannii,Positive
5536,dbAMP_17685,Bacillus subtilis,Positive
5537,dbAMP_01052,Candida albicans,Positive
5538,18789.0,Cryptococcus neoformans,Positive
5539,dbAMP_04813,Bacillus subtilis,Positive
5540,21512.0,Pseudomonas aeruginosa,Positive
5541,dbAMP_19174,Candida parapsilosis,Positive
5542,dbAMP_17342,Staphylococcus aureus,Positive
5543,dbAMP_11557,Escherichia coli,Positive
5544,dbAMP_03151,Pseudomonas aeruginosa,Positive
5545,20726.0,Escherichia coli,Positive
5546,17237.0,Escherichia coli,Positive
5547,dbAMP_23577,Micrococcus luteus,Positive
5548,dbAMP_02875,Escherichia coli,Positive
5549,dbAMP_16510,Pseudomonas aeruginosa,Positive
5550,dbAMP_17188,Escherichia coli,Positive
5551,dbAMP_09742,Escherichia coli,Positive
5552,dbAMP_20452,Klebsiella pneumoniae,Positive
5553,dbAMP_23936,Enterococcus faecalis,Positive
5554,dbAMP_01848,Staphylococcus aureus,Positive
5555,dbAMP_33103,Escherichia coli,Positive
5556,dbAMP_20729,Escherichia coli,Positive
5557,dbAMP_23714,Escherichia coli,Positive
5558,dbAMP_23880,Staphylococcus aureus,Positive
5559,dbAMP_33692,Staphylococcus aureus,Positive
5560,1004.0,Listeria monocytogenes,Positive
5561,dbAMP_16658,Escherichia coli,Positive
5562,dbAMP_10826,Staphylococcus aureus,Positive
5563,dbAMP_03520,Staphylococcus aureus,Positive
5564,21049.0,Pseudomonas aeruginosa,Positive
5565,dbAMP_17453,Escherichia coli,Positive
5566,dbAMP_01953,Staphylococcus aureus,Positive
5567,dbAMP_14897,Klebsiella pneumoniae,Positive
5568,21500.0,Pseudomonas aeruginosa,Positive
5569,21533.0,Escherichia coli,Positive
5570,dbAMP_18429,Escherichia coli,Positive
5571,dbAMP_02080,Staphylococcus aureus,Positive
5572,18784.0,Micrococcus luteus,Positive
5573,20791.0,Pseudomonas aeruginosa,Positive
5574,dbAMP_16633,Pseudomonas aeruginosa,Positive
5575,dbAMP_02836,Enterococcus faecalis,Positive
5576,21727.0,Enterococcus faecalis,Positive
5577,dbAMP_20669,Acinetobacter baumannii,Positive
5578,dbAMP_14892,Micrococcus luteus,Positive
5579,17406.0,Staphylococcus aureus,Positive
5580,17723.0,Acinetobacter baumannii,Positive
5581,dbAMP_01648,Listeria monocytogenes,Positive
5582,18114.0,Micrococcus luteus,Positive
5583,dbAMP_33142,Staphylococcus aureus,Positive
5584,dbAMP_18676,Cryptococcus neoformans,Positive
5585,dbAMP_21100,Escherichia coli,Positive
5586,dbAMP_01975,Staphylococcus aureus,Positive
5587,dbAMP_33012,Escherichia coli,Positive
5588,dbAMP_16169,Salmonella enterica,Positive
5589,dbAMP_02639,Pseudomonas aeruginosa,Positive
5590,dbAMP_14776,Escherichia coli,Positive
5591,dbAMP_05160,Pseudomonas aeruginosa,Positive
5592,20605.0,Escherichia coli,Positive
5593,dbAMP_16019,Pseudomonas aeruginosa,Positive
5594,dbAMP_20490,Klebsiella pneumoniae,Positive
5595,dbAMP_33195,Candida albicans,Positive
5596,dbAMP_06416,Pseudomonas aeruginosa,Positive
5597,20160.0,Klebsiella pneumoniae,Positive
5598,dbAMP_19123,Pseudomonas aeruginosa,Positive
5599,dbAMP_33577,Micrococcus luteus,Positive
5600,dbAMP_22876,Staphylococcus aureus,Positive
5601,dbAMP_03308,Staphylococcus aureus,Positive
5602,dbAMP_31969,Escherichia coli,Positive
5603,dbAMP_31134,Staphylococcus aureus,Positive
5604,dbAMP_22481,Bacillus subtilis,Positive
5605,dbAMP_03904,Escherichia coli,Positive
5606,dbAMP_15895,Escherichia coli,Positive
5607,dbAMP_18459,Enterococcus faecalis,Positive
5608,dbAMP_18934,Staphylococcus aureus,Positive
5609,dbAMP_02450,Candida albicans,Positive
5610,dbAMP_32865,Bacillus cereus,Positive
5611,dbAMP_05768,Micrococcus luteus,Positive
5612,20317.0,Staphylococcus aureus,Positive
5613,dbAMP_18522,Escherichia coli,Positive
5614,dbAMP_16247,Enterobacter cloacae,Positive
5615,dbAMP_23932,Salmonella enterica,Positive
5616,dbAMP_23455,Staphylococcus aureus,Positive
5617,dbAMP_18044,Escherichia coli,Positive
5618,dbAMP_33106,Escherichia coli,Positive
5619,19609.0,Staphylococcus aureus,Positive
5620,dbAMP_11361,Enterococcus faecium,Positive
5621,dbAMP_15873,Bacillus subtilis,Positive
5622,dbAMP_03136,Pseudomonas aeruginosa,Positive
5623,8830.0,Enterococcus faecalis,Positive
5624,5243.0,Klebsiella pneumoniae,Positive
5625,dbAMP_04377,Pseudomonas aeruginosa,Positive
5626,dbAMP_19285,Staphylococcus epidermidis,Positive
5627,dbAMP_31643,Escherichia coli,Positive
5628,dbAMP_16936,Salmonella enterica,Positive
5629,8833.0,Pseudomonas aeruginosa,Positive
5630,dbAMP_17858,Staphylococcus aureus,Positive
5631,dbAMP_24750,Staphylococcus aureus,Positive
5632,18790.0,Enterococcus faecalis,Positive
5633,dbAMP_03236,Staphylococcus epidermidis,Positive
5634,dbAMP_25432,Micrococcus luteus,Positive
5635,dbAMP_18064,Bacillus subtilis,Positive
5636,dbAMP_02446,Klebsiella pneumoniae,Positive
5637,21330.0,Bacillus subtilis,Positive
5638,dbAMP_19788,Pseudomonas aeruginosa,Positive
5639,dbAMP_19287,Listeria monocytogenes,Positive
5640,dbAMP_05270,Enterococcus faecalis,Positive
5641,DRAMP01097,Staphylococcus aureus,Positive
5642,22289.0,Staphylococcus aureus,Positive
5643,dbAMP_17905,Escherichia coli,Positive
5644,dbAMP_03613,Pseudomonas aeruginosa,Positive
5645,18786.0,Salmonella enterica,Positive
5646,dbAMP_33307,Acinetobacter baumannii,Positive
5647,dbAMP_21974,Klebsiella pneumoniae,Positive
5648,2162.0,Escherichia coli,Positive
5649,22219.0,Candida albicans,Positive
5650,dbAMP_21137,Pseudomonas aeruginosa,Positive
5651,dbAMP_17222,Micrococcus luteus,Positive
5652,dbAMP_18440,Salmonella enterica,Positive
5653,dbAMP_04674,Staphylococcus epidermidis,Positive
5654,dbAMP_16659,Bacillus subtilis,Positive
5655,dbAMP_14819,Candida albicans,Positive
5656,dbAMP_20793,Candida parapsilosis,Positive
5657,dbAMP_23916,Salmonella enterica,Positive
5658,2820.0,Escherichia coli,Positive
5659,dbAMP_04360,Staphylococcus epidermidis,Positive
5660,dbAMP_17123,Escherichia coli,Positive
5661,dbAMP_19135,Pseudomonas aeruginosa,Positive
5662,dbAMP_18103,Pseudomonas aeruginosa,Positive
5663,dbAMP_17452,Acinetobacter baumannii,Positive
5664,18814.0,Staphylococcus epidermidis,Positive
5665,dbAMP_20268,Candida albicans,Positive
5666,dbAMP_12015,Salmonella enterica,Positive
5667,19830.0,Pseudomonas aeruginosa,Positive
5668,dbAMP_01952,Staphylococcus epidermidis,Positive
5669,dbAMP_16746,Staphylococcus epidermidis,Positive
5670,dbAMP_10435,Enterococcus faecalis,Positive
5671,dbAMP_18228,Staphylococcus epidermidis,Positive
5672,dbAMP_33841,Staphylococcus aureus,Positive
5673,dbAMP_10429,Escherichia coli,Positive
5674,dbAMP_18928,Klebsiella pneumoniae,Positive
5675,dbAMP_25442,Bacillus cereus,Positive
5676,dbAMP_33301,Pseudomonas aeruginosa,Positive
5677,DRAMP29046,Staphylococcus aureus,Positive
5678,dbAMP_23372,Escherichia coli,Positive
5679,DRAMP20975,Enterococcus faecalis,Positive
5680,dbAMP_24399,Escherichia coli,Positive
5681,dbAMP_21080,Pseudomonas aeruginosa,Positive
5682,dbAMP_22079,Candida albicans,Positive
5683,dbAMP_21638,Staphylococcus aureus,Positive
5684,5208.0,Bacillus subtilis,Positive
5685,dbAMP_17986,Escherichia coli,Positive
5686,20845.0,Pseudomonas aeruginosa,Positive
5687,dbAMP_19262,Staphylococcus epidermidis,Positive
5688,dbAMP_16152,Salmonella enterica,Positive
5689,dbAMP_17477,Acinetobacter baumannii,Positive
5690,dbAMP_00620,Escherichia coli,Positive
5691,dbAMP_20546,Candida albicans,Positive
5692,dbAMP_22905,Escherichia coli,Positive
5693,dbAMP_31180,Acinetobacter baumannii,Positive
5694,dbAMP_23943,Salmonella enterica,Positive
5695,dbAMP_17958,Candida albicans,Positive
5696,dbAMP_17986,Bacillus subtilis,Positive
5697,20967.0,Staphylococcus aureus,Positive
5698,dbAMP_14786,Bacillus subtilis,Positive
5699,dbAMP_17750,Enterococcus faecium,Positive
5700,dbAMP_23226,Staphylococcus epidermidis,Positive
5701,dbAMP_19977,Candida albicans,Positive
5702,dbAMP_16715,Staphylococcus aureus,Positive
5703,dbAMP_14816,Pseudomonas aeruginosa,Positive
5704,10249.0,Staphylococcus aureus,Positive
5705,dbAMP_21370,Escherichia coli,Positive
5706,dbAMP_18218,Enterococcus faecalis,Positive
5707,22019.0,Staphylococcus aureus,Positive
5708,dbAMP_20371,Staphylococcus aureus,Positive
5709,dbAMP_01793,Bacillus subtilis,Positive
5710,dbAMP_22981,Salmonella enterica,Positive
5711,dbAMP_20969,Escherichia coli,Positive
5712,dbAMP_27418,Staphylococcus aureus,Positive
5713,DRAMP20792,Micrococcus luteus,Positive
5714,dbAMP_16511,Staphylococcus aureus,Positive
5715,dbAMP_16264,Escherichia coli,Positive
5716,dbAMP_10897,Staphylococcus aureus,Positive
5717,dbAMP_14808,Micrococcus luteus,Positive
5718,dbAMP_33006,Staphylococcus epidermidis,Positive
5719,3157.0,Enterococcus faecalis,Positive
5720,dbAMP_27353,Salmonella enterica,Positive
5721,dbAMP_18232,Staphylococcus aureus,Positive
5722,dbAMP_21403,Bacillus subtilis,Positive
5723,dbAMP_16784,Escherichia coli,Positive
5724,dbAMP_23992,Klebsiella pneumoniae,Positive
5725,dbAMP_14877,Staphylococcus epidermidis,Positive
5726,dbAMP_22901,Escherichia coli,Positive
5727,dbAMP_15763,Micrococcus luteus,Positive
5728,dbAMP_15852,Klebsiella pneumoniae,Positive
5729,dbAMP_05026,Salmonella enterica,Positive
5730,19937.0,Salmonella enterica,Positive
5731,dbAMP_15899,Enterococcus faecalis,Positive
5732,dbAMP_16748,Bacillus subtilis,Positive
5733,dbAMP_23288,Klebsiella pneumoniae,Positive
5734,dbAMP_24411,Escherichia coli,Positive
5735,dbAMP_18042,Staphylococcus aureus,Positive
5736,20122.0,Escherichia coli,Positive
5737,dbAMP_27083,Candida albicans,Positive
5738,dbAMP_23260,Enterococcus faecalis,Positive
5739,DRAMP02873,Escherichia coli,Positive
5740,22052.0,Pseudomonas aeruginosa,Positive
5741,dbAMP_11019,Salmonella enterica,Positive
5742,dbAMP_31701,Enterococcus faecalis,Positive
5743,dbAMP_16143,Staphylococcus epidermidis,Positive
5744,18175.0,Escherichia coli,Positive
5745,dbAMP_27648,Pseudomonas aeruginosa,Positive
5746,dbAMP_15770,Escherichia coli,Positive
5747,dbAMP_02846,Escherichia coli,Positive
5748,dbAMP_27604,Enterococcus faecium,Positive
5749,dbAMP_31333,Bacillus cereus,Positive
5750,dbAMP_16257,Candida albicans,Positive
5751,dbAMP_15950,Bacillus cereus,Positive
5752,dbAMP_16098,Staphylococcus aureus,Positive
5753,dbAMP_09830,Staphylococcus aureus,Positive
5754,dbAMP_11238,Pseudomonas aeruginosa,Positive
5755,dbAMP_18784,Bacillus subtilis,Positive
5756,13728.0,Escherichia coli,Positive
5757,dbAMP_27300,Acinetobacter baumannii,Positive
5758,dbAMP_23297,Micrococcus luteus,Positive
5759,dbAMP_32276,Klebsiella pneumoniae,Positive
5760,dbAMP_14656,Micrococcus luteus,Positive
5761,dbAMP_28176,Staphylococcus aureus,Positive
5762,19488.0,Staphylococcus epidermidis,Positive
5763,21536.0,Escherichia coli,Positive
5764,dbAMP_03529,Candida albicans,Positive
5765,dbAMP_12123,Escherichia coli,Positive
5766,dbAMP_02165,Escherichia coli,Positive
5767,dbAMP_15771,Staphylococcus aureus,Positive
5768,dbAMP_27418,Pseudomonas aeruginosa,Positive
5769,dbAMP_23180,Pseudomonas aeruginosa,Positive
5770,dbAMP_23934,Enterococcus faecalis,Positive
5771,dbAMP_25208,Pseudomonas aeruginosa,Positive
5772,dbAMP_24520,Enterococcus faecium,Positive
5773,dbAMP_14731,Staphylococcus epidermidis,Positive
5774,dbAMP_20757,Escherichia coli,Positive
5775,dbAMP_19863,Staphylococcus aureus,Positive
5776,20840.0,Listeria monocytogenes,Positive
5777,dbAMP_22754,Micrococcus luteus,Positive
5778,dbAMP_23922,Pseudomonas aeruginosa,Positive
5779,20037.0,Acinetobacter baumannii,Positive
5780,dbAMP_10580,Salmonella enterica,Positive
5781,dbAMP_27412,Staphylococcus aureus,Positive
5782,dbAMP_23722,Staphylococcus aureus,Positive
5783,dbAMP_17115,Escherichia coli,Positive
5784,19205.0,Pseudomonas aeruginosa,Positive
5785,dbAMP_19109,Pseudomonas aeruginosa,Positive
5786,dbAMP_33020,Escherichia coli,Positive
5787,dbAMP_17751,Escherichia coli,Positive
5788,dbAMP_18239,Bacillus subtilis,Positive
5789,dbAMP_24853,Staphylococcus aureus,Positive
5790,dbAMP_17561,Klebsiella pneumoniae,Positive
5791,dbAMP_03322,Staphylococcus aureus,Positive
5792,17242.0,Pseudomonas aeruginosa,Positive
5793,dbAMP_17013,Listeria monocytogenes,Positive
5794,dbAMP_25194,Staphylococcus aureus,Positive
5795,dbAMP_14729,Salmonella enterica,Positive
5796,dbAMP_33390,Listeria monocytogenes,Positive
5797,dbAMP_23694,Micrococcus luteus,Positive
5798,dbAMP_15899,Bacillus cereus,Positive
5799,dbAMP_18634,Escherichia coli,Positive
5800,dbAMP_16017,Pseudomonas aeruginosa,Positive
5801,dbAMP_09734,Candida parapsilosis,Positive
5802,dbAMP_03046,Staphylococcus aureus,Positive
5803,dbAMP_33002,Pseudomonas aeruginosa,Positive
5804,dbAMP_24520,Bacillus cereus,Positive
5805,dbAMP_22484,Enterobacter cloacae,Positive
5806,dbAMP_18817,Escherichia coli,Positive
5807,dbAMP_11753,Staphylococcus aureus,Positive
5808,dbAMP_03307,Staphylococcus aureus,Positive
5809,dbAMP_22591,Salmonella enterica,Positive
5810,dbAMP_16882,Escherichia coli,Positive
5811,dbAMP_17851,Escherichia coli,Positive
5812,dbAMP_22611,Escherichia coli,Positive
5813,dbAMP_04219,Candida albicans,Positive
5814,dbAMP_11247,Enterococcus faecalis,Positive
5815,dbAMP_02958,Bacillus subtilis,Positive
5816,dbAMP_01837,Salmonella enterica,Positive
5817,dbAMP_16150,Staphylococcus aureus,Positive
5818,dbAMP_21286,Staphylococcus aureus,Positive
5819,dbAMP_16237,Salmonella enterica,Positive
5820,dbAMP_02570,Staphylococcus epidermidis,Positive
5821,dbAMP_15751,Bacillus cereus,Positive
5822,dbAMP_19714,Salmonella enterica,Positive
5823,dbAMP_17067,Candida albicans,Positive
5824,dbAMP_02310,Bacillus subtilis,Positive
5825,DRAMP02084,Bacillus megaterium,Positive
5826,dbAMP_23468,Escherichia coli,Positive
5827,dbAMP_14795,Staphylococcus aureus,Positive
5828,dbAMP_19710,Pseudomonas aeruginosa,Positive
5829,dbAMP_23457,Pseudomonas aeruginosa,Positive
5830,18637.0,Pseudomonas aeruginosa,Positive
5831,dbAMP_04517,Candida albicans,Positive
5832,dbAMP_18874,Salmonella enterica,Positive
5833,20120.0,Staphylococcus aureus,Positive
5834,dbAMP_16495,Salmonella enterica,Positive
5835,dbAMP_17891,Escherichia coli,Positive
5836,dbAMP_05478,Bacillus subtilis,Positive
5837,dbAMP_19744,Bacillus subtilis,Positive
5838,dbAMP_09963,Staphylococcus epidermidis,Positive
5839,17818.0,Candida albicans,Positive
5840,dbAMP_05798,Salmonella enterica,Positive
5841,dbAMP_33140,Escherichia coli,Positive
5842,dbAMP_18989,Klebsiella pneumoniae,Positive
5843,dbAMP_18967,Staphylococcus aureus,Positive
5844,dbAMP_23891,Staphylococcus aureus,Positive
5845,dbAMP_20531,Escherichia coli,Positive
5846,dbAMP_16904,Listeria monocytogenes,Positive
5847,dbAMP_22484,Bacillus subtilis,Positive
5848,dbAMP_16304,Staphylococcus epidermidis,Positive
5849,dbAMP_22067,Escherichia coli,Positive
5850,18784.0,Candida albicans,Positive
5851,dbAMP_17200,Staphylococcus epidermidis,Positive
5852,dbAMP_01704,Candida albicans,Positive
5853,dbAMP_18379,Salmonella enterica,Positive
5854,dbAMP_19000,Staphylococcus aureus,Positive
5855,dbAMP_21210,Escherichia coli,Positive
5856,dbAMP_00235,Klebsiella pneumoniae,Positive
5857,dbAMP_01697,Staphylococcus aureus,Positive
5858,1755.0,Enterococcus faecalis,Positive
5859,dbAMP_33623,Candida albicans,Positive
5860,dbAMP_22938,Staphylococcus aureus,Positive
5861,dbAMP_33735,Bacillus subtilis,Positive
5862,18517.0,Staphylococcus aureus,Positive
5863,dbAMP_16385,Salmonella enterica,Positive
5864,dbAMP_21170,Acinetobacter baumannii,Positive
5865,dbAMP_31803,Enterococcus faecium,Positive
5866,dbAMP_15767,Staphylococcus aureus,Positive
5867,dbAMP_22798,Pseudomonas aeruginosa,Positive
5868,dbAMP_04263,Escherichia coli,Positive
5869,dbAMP_33299,Staphylococcus aureus,Positive
5870,dbAMP_15917,Staphylococcus aureus,Positive
5871,dbAMP_24946,Escherichia coli,Positive
5872,dbAMP_17450,Enterococcus faecalis,Positive
5873,8829.0,Enterococcus faecalis,Positive
5874,dbAMP_21044,Candida albicans,Positive
5875,18813.0,Pseudomonas aeruginosa,Positive
5876,dbAMP_04456,Pseudomonas aeruginosa,Positive
5877,dbAMP_01469,Enterococcus faecium,Positive
5878,dbAMP_21028,Staphylococcus aureus,Positive
5879,19126.0,Staphylococcus aureus,Positive
5880,dbAMP_10262,Bacillus megaterium,Positive
5881,DRAMP01490,Escherichia coli,Positive
5882,dbAMP_19326,Escherichia coli,Positive
5883,19608.0,Escherichia coli,Positive
5884,6855.0,Staphylococcus epidermidis,Positive
5885,dbAMP_00400,Acinetobacter baumannii,Positive
5886,dbAMP_12767,Micrococcus luteus,Positive
5887,dbAMP_18152,Salmonella enterica,Positive
5888,dbAMP_23081,Bacillus subtilis,Positive
5889,dbAMP_25445,Candida albicans,Positive
5890,dbAMP_10339,Staphylococcus aureus,Positive
5891,19467.0,Acinetobacter baumannii,Positive
5892,dbAMP_04959,Pseudomonas aeruginosa,Positive
5893,dbAMP_18534,Salmonella enterica,Positive
5894,dbAMP_05806,Enterococcus faecalis,Positive
5895,dbAMP_16181,Staphylococcus aureus,Positive
5896,dbAMP_19352,Escherichia coli,Positive
5897,22062.0,Pseudomonas aeruginosa,Positive
5898,dbAMP_03242,Escherichia coli,Positive
5899,dbAMP_32413,Staphylococcus epidermidis,Positive
5900,6841.0,Escherichia coli,Positive
5901,dbAMP_03124,Staphylococcus aureus,Positive
5902,20936.0,Staphylococcus aureus,Positive
5903,dbAMP_16133,Listeria monocytogenes,Positive
5904,dbAMP_24654,Bacillus subtilis,Positive
5905,dbAMP_17672,Bacillus subtilis,Positive
5906,22346.0,Acinetobacter baumannii,Positive
5907,dbAMP_20336,Escherichia coli,Positive
5908,17308.0,Pseudomonas aeruginosa,Positive
5909,dbAMP_23298,Escherichia coli,Positive
5910,18755.0,Enterococcus faecalis,Positive
5911,dbAMP_17456,Acinetobacter baumannii,Positive
5912,dbAMP_21233,Acinetobacter baumannii,Positive
5913,dbAMP_05919,Pseudomonas aeruginosa,Positive
5914,dbAMP_15397,Pseudomonas aeruginosa,Positive
5915,20581.0,Listeria monocytogenes,Positive
5916,dbAMP_01793,Candida albicans,Positive
5917,dbAMP_02437,Staphylococcus aureus,Positive
5918,dbAMP_20928,Acinetobacter baumannii,Positive
5919,dbAMP_23248,Staphylococcus epidermidis,Positive
5920,dbAMP_17555,Staphylococcus aureus,Positive
5921,dbAMP_05264,Enterococcus faecalis,Positive
5922,DRAMP18618,Staphylococcus epidermidis,Positive
5923,20629.0,Bacillus subtilis,Positive
5924,dbAMP_17552,Pseudomonas aeruginosa,Positive
5925,dbAMP_02679,Enterobacter cloacae,Positive
5926,19487.0,Klebsiella pneumoniae,Positive
5927,dbAMP_21277,Escherichia coli,Positive
5928,1250.0,Enterococcus faecium,Positive
5929,21528.0,Acinetobacter baumannii,Positive
5930,dbAMP_16092,Pseudomonas aeruginosa,Positive
5931,dbAMP_23932,Escherichia coli,Positive
5932,dbAMP_17179,Pseudomonas aeruginosa,Positive
5933,dbAMP_12344,Micrococcus luteus,Positive
5934,dbAMP_05954,Escherichia coli,Positive
5935,dbAMP_14890,Bacillus subtilis,Positive
5936,dbAMP_02078,Candida albicans,Positive
5937,dbAMP_14912,Bacillus subtilis,Positive
5938,17612.0,Salmonella enterica,Positive
5939,dbAMP_17122,Bacillus subtilis,Positive
5940,20629.0,Staphylococcus epidermidis,Positive
5941,20599.0,Bacillus cereus,Positive
5942,dbAMP_10167,Listeria monocytogenes,Positive
5943,dbAMP_01729,Bacillus subtilis,Positive
5944,dbAMP_00315,Staphylococcus epidermidis,Positive
5945,dbAMP_28746,Staphylococcus aureus,Positive
5946,dbAMP_01991,Enterobacter cloacae,Positive
5947,dbAMP_16911,Klebsiella pneumoniae,Positive
5948,dbAMP_16759,Bacillus subtilis,Positive
5949,dbAMP_02112,Staphylococcus aureus,Positive
5950,dbAMP_16747,Enterococcus faecium,Positive
5951,dbAMP_32616,Escherichia coli,Positive
5952,dbAMP_14855,Pseudomonas aeruginosa,Positive
5953,dbAMP_23692,Staphylococcus aureus,Positive
5954,dbAMP_18026,Klebsiella pneumoniae,Positive
5955,dbAMP_27233,Bacillus subtilis,Positive
5956,18605.0,Escherichia coli,Positive
5957,dbAMP_24946,Candida parapsilosis,Positive
5958,dbAMP_00882,Bacillus subtilis,Positive
5959,19371.0,Staphylococcus aureus,Positive
5960,dbAMP_14883,Micrococcus luteus,Positive
5961,dbAMP_01617,Pseudomonas aeruginosa,Positive
5962,dbAMP_21958,Escherichia coli,Positive
5963,dbAMP_31988,Candida albicans,Positive
5964,dbAMP_27356,Staphylococcus aureus,Positive
5965,dbAMP_05386,Staphylococcus aureus,Positive
5966,dbAMP_16160,Enterococcus faecalis,Positive
5967,dbAMP_10836,Enterococcus faecalis,Positive
5968,dbAMP_16127,Escherichia coli,Positive
5969,dbAMP_10571,Candida albicans,Positive
5970,dbAMP_23560,Escherichia coli,Positive
5971,dbAMP_11020,Staphylococcus aureus,Positive
5972,22020.0,Escherichia coli,Positive
5973,dbAMP_31609,Listeria monocytogenes,Positive
5974,dbAMP_21252,Enterococcus faecalis,Positive
5975,dbAMP_23945,Salmonella enterica,Positive
5976,dbAMP_23929,Staphylococcus epidermidis,Positive
5977,dbAMP_21800,Pseudomonas aeruginosa,Positive
5978,dbAMP_24751,Enterococcus faecium,Positive
5979,dbAMP_04820,Escherichia coli,Positive
5980,DRAMP02349,Pseudomonas aeruginosa,Positive
5981,dbAMP_33237,Escherichia coli,Positive
5982,dbAMP_32997,Staphylococcus epidermidis,Positive
5983,22283.0,Acinetobacter baumannii,Positive
5984,dbAMP_02405,Bacillus subtilis,Positive
5985,dbAMP_22300,Bacillus cereus,Positive
5986,21657.0,Escherichia coli,Positive
5987,dbAMP_16861,Staphylococcus aureus,Positive
5988,20840.0,Klebsiella pneumoniae,Positive
5989,dbAMP_33330,Staphylococcus aureus,Positive
5990,dbAMP_03082,Bacillus megaterium,Positive
5991,dbAMP_20561,Bacillus subtilis,Positive
5992,dbAMP_21597,Micrococcus luteus,Positive
5993,19779.0,Salmonella enterica,Positive
5994,19485.0,Staphylococcus epidermidis,Positive
5995,dbAMP_02837,Enterobacter cloacae,Positive
5996,dbAMP_04798,Pseudomonas aeruginosa,Positive
5997,20494.0,Staphylococcus epidermidis,Positive
5998,18692.0,Escherichia coli,Positive
5999,dbAMP_04996,Pseudomonas aeruginosa,Positive
6000,dbAMP_10527,Enterococcus faecalis,Positive
6001,6825.0,Escherichia coli,Positive
6002,dbAMP_17172,Bacillus cereus,Positive
6003,dbAMP_04608,Staphylococcus aureus,Positive
6004,dbAMP_20383,Staphylococcus aureus,Positive
6005,20739.0,Staphylococcus epidermidis,Positive
6006,22084.0,Escherichia coli,Positive
6007,dbAMP_16501,Bacillus subtilis,Positive
6008,7051.0,Staphylococcus epidermidis,Positive
6009,dbAMP_27101,Staphylococcus epidermidis,Positive
6010,dbAMP_24831,Bacillus subtilis,Positive
6011,dbAMP_22140,Escherichia coli,Positive
6012,dbAMP_03634,Candida albicans,Positive
6013,dbAMP_18984,Staphylococcus aureus,Positive
6014,683.0,Listeria monocytogenes,Positive
6015,dbAMP_18460,Salmonella enterica,Positive
6016,dbAMP_34327,Escherichia coli,Positive
6017,dbAMP_23689,Listeria monocytogenes,Positive
6018,dbAMP_27241,Enterococcus faecalis,Positive
6019,dbAMP_31874,Staphylococcus aureus,Positive
6020,18296.0,Salmonella enterica,Positive
6021,dbAMP_20669,Klebsiella pneumoniae,Positive
6022,dbAMP_03075,Candida albicans,Positive
6023,dbAMP_18149,Acinetobacter baumannii,Positive
6024,19641.0,Pseudomonas aeruginosa,Positive
6025,dbAMP_21764,Enterococcus faecalis,Positive
6026,dbAMP_23676,Bacillus subtilis,Positive
6027,DRAMP01305,Escherichia coli,Positive
6028,dbAMP_02614,Staphylococcus aureus,Positive
6029,19500.0,Staphylococcus aureus,Positive
6030,dbAMP_05488,Micrococcus luteus,Positive
6031,dbAMP_22031,Candida albicans,Positive
6032,dbAMP_19783,Staphylococcus aureus,Positive
6033,20574.0,Bacillus cereus,Positive
6034,dbAMP_05139,Bacillus subtilis,Positive
6035,18818.0,Staphylococcus aureus,Positive
6036,dbAMP_06215,Enterococcus faecalis,Positive
6037,dbAMP_19166,Pseudomonas aeruginosa,Positive
6038,21674.0,Acinetobacter baumannii,Positive
6039,dbAMP_05178,Micrococcus luteus,Positive
6040,dbAMP_18595,Pseudomonas aeruginosa,Positive
6041,DRAMP02903,Escherichia coli,Positive
6042,dbAMP_22593,Pseudomonas aeruginosa,Positive
6043,dbAMP_24185,Listeria monocytogenes,Positive
6044,14934.0,Escherichia coli,Positive
6045,dbAMP_18829,Escherichia coli,Positive
6046,21745.0,Klebsiella pneumoniae,Positive
6047,16988.0,Staphylococcus aureus,Positive
6048,dbAMP_16395,Staphylococcus aureus,Positive
6049,dbAMP_23630,Acinetobacter baumannii,Positive
6050,dbAMP_17332,Pseudomonas aeruginosa,Positive
6051,dbAMP_04959,Bacillus cereus,Positive
6052,dbAMP_19813,Staphylococcus aureus,Positive
6053,dbAMP_05477,Micrococcus luteus,Positive
6054,dbAMP_03820,Enterococcus faecalis,Positive
6055,dbAMP_05529,Staphylococcus aureus,Positive
6056,20160.0,Enterococcus faecalis,Positive
6057,dbAMP_18234,Staphylococcus epidermidis,Positive
6058,dbAMP_16333,Staphylococcus epidermidis,Positive
6059,dbAMP_27303,Staphylococcus aureus,Positive
6060,dbAMP_15949,Pseudomonas aeruginosa,Positive
6061,dbAMP_18861,Pseudomonas aeruginosa,Positive
6062,dbAMP_19174,Enterobacter cloacae,Positive
6063,dbAMP_19333,Pseudomonas aeruginosa,Positive
6064,dbAMP_10781,Escherichia coli,Positive
6065,dbAMP_20427,Pseudomonas aeruginosa,Positive
6066,dbAMP_02033,Candida albicans,Positive
6067,dbAMP_01731,Candida albicans,Positive
6068,dbAMP_21058,Candida albicans,Positive
6069,19206.0,Pseudomonas aeruginosa,Positive
6070,dbAMP_02709,Staphylococcus aureus,Positive
6071,dbAMP_22764,Pseudomonas aeruginosa,Positive
6072,dbAMP_17100,Staphylococcus aureus,Positive
6073,dbAMP_21296,Escherichia coli,Positive
6074,dbAMP_05271,Pseudomonas aeruginosa,Positive
6075,dbAMP_05102,Pseudomonas aeruginosa,Positive
6076,dbAMP_02597,Escherichia coli,Positive
6077,dbAMP_03431,Staphylococcus aureus,Positive
6078,dbAMP_16754,Pseudomonas aeruginosa,Positive
6079,dbAMP_18836,Escherichia coli,Positive
6080,dbAMP_19286,Pseudomonas aeruginosa,Positive
6081,4203.0,Pseudomonas aeruginosa,Positive
6082,dbAMP_04961,Escherichia coli,Positive
6083,DRAMP01452,Escherichia coli,Positive
6084,19615.0,Pseudomonas aeruginosa,Positive
6085,dbAMP_02949,Staphylococcus aureus,Positive
6086,dbAMP_00260,Salmonella enterica,Positive
6087,2854.0,Escherichia coli,Positive
6088,dbAMP_19782,Escherichia coli,Positive
6089,20841.0,Enterococcus faecalis,Positive
6090,dbAMP_33021,Bacillus subtilis,Positive
6091,21499.0,Klebsiella pneumoniae,Positive
6092,dbAMP_00403,Pseudomonas aeruginosa,Positive
6093,dbAMP_25124,Bacillus subtilis,Positive
6094,dbAMP_02857,Staphylococcus aureus,Positive
6095,dbAMP_21950,Staphylococcus aureus,Positive
6096,dbAMP_01653,Acinetobacter baumannii,Positive
6097,dbAMP_23325,Escherichia coli,Positive
6098,dbAMP_25333,Escherichia coli,Positive
6099,dbAMP_20931,Pseudomonas aeruginosa,Positive
6100,dbAMP_16153,Salmonella enterica,Positive
6101,19701.0,Acinetobacter baumannii,Positive
6102,dbAMP_04243,Escherichia coli,Positive
6103,dbAMP_20342,Pseudomonas aeruginosa,Positive
6104,536.0,Bacillus subtilis,Positive
6105,dbAMP_04362,Salmonella enterica,Positive
6106,dbAMP_21853,Salmonella enterica,Positive
6107,21983.0,Bacillus subtilis,Positive
6108,20771.0,Escherichia coli,Positive
6109,20541.0,Staphylococcus epidermidis,Positive
6110,dbAMP_19187,Salmonella enterica,Positive
6111,dbAMP_21732,Salmonella enterica,Positive
6112,dbAMP_20490,Escherichia coli,Positive
6113,1026.0,Staphylococcus epidermidis,Positive
6114,dbAMP_18456,Salmonella enterica,Positive
6115,dbAMP_31184,Bacillus subtilis,Positive
6116,dbAMP_27419,Salmonella enterica,Positive
6117,17449.0,Acinetobacter baumannii,Positive
6118,9450.0,Staphylococcus aureus,Positive
6119,dbAMP_21186,Candida albicans,Positive
6120,dbAMP_24884,Escherichia coli,Positive
6121,dbAMP_25208,Salmonella enterica,Positive
6122,dbAMP_01785,Escherichia coli,Positive
6123,dbAMP_18946,Escherichia coli,Positive
6124,8450.0,Escherichia coli,Positive
6125,dbAMP_03474,Bacillus subtilis,Positive
6126,dbAMP_19736,Escherichia coli,Positive
6127,dbAMP_23593,Micrococcus luteus,Positive
6128,dbAMP_19242,Acinetobacter baumannii,Positive
6129,dbAMP_23286,Klebsiella pneumoniae,Positive
6130,dbAMP_11534,Staphylococcus aureus,Positive
6131,dbAMP_17368,Candida parapsilosis,Positive
6132,19901.0,Acinetobacter baumannii,Positive
6133,dbAMP_19865,Staphylococcus epidermidis,Positive
6134,dbAMP_18578,Salmonella enterica,Positive
6135,dbAMP_14728,Klebsiella pneumoniae,Positive
6136,dbAMP_01991,Candida parapsilosis,Positive
6137,21727.0,Staphylococcus epidermidis,Positive
6138,dbAMP_03080,Staphylococcus aureus,Positive
6139,21058.0,Staphylococcus aureus,Positive
6140,dbAMP_22699,Staphylococcus aureus,Positive
6141,dbAMP_16765,Candida albicans,Positive
6142,dbAMP_17130,Candida albicans,Positive
6143,dbAMP_14823,Candida albicans,Positive
6144,dbAMP_19386,Bacillus subtilis,Positive
6145,dbAMP_31342,Candida albicans,Positive
6146,dbAMP_20323,Enterococcus faecalis,Positive
6147,19489.0,Bacillus cereus,Positive
6148,dbAMP_33786,Pseudomonas aeruginosa,Positive
6149,dbAMP_03451,Candida albicans,Positive
6150,dbAMP_24953,Escherichia coli,Positive
6151,dbAMP_16215,Escherichia coli,Positive
6152,dbAMP_02663,Staphylococcus aureus,Positive
6153,dbAMP_25426,Bacillus subtilis,Positive
6154,dbAMP_33641,Escherichia coli,Positive
6155,dbAMP_21948,Escherichia coli,Positive
6156,DRAMP02294,Escherichia coli,Positive
6157,dbAMP_18956,Klebsiella pneumoniae,Positive
6158,20289.0,Staphylococcus epidermidis,Positive
6159,dbAMP_17901,Bacillus megaterium,Positive
6160,dbAMP_34301,Staphylococcus aureus,Positive
6161,7041.0,Pseudomonas aeruginosa,Positive
6162,dbAMP_31690,Staphylococcus epidermidis,Positive
6163,22229.0,Staphylococcus aureus,Positive
6164,dbAMP_19116,Staphylococcus epidermidis,Positive
6165,dbAMP_24586,Escherichia coli,Positive
6166,dbAMP_33104,Bacillus subtilis,Positive
6167,dbAMP_14698,Pseudomonas aeruginosa,Positive
6168,dbAMP_14656,Listeria monocytogenes,Positive
6169,dbAMP_04275,Candida albicans,Positive
6170,dbAMP_22779,Bacillus subtilis,Positive
6171,dbAMP_09734,Klebsiella pneumoniae,Positive
6172,dbAMP_17983,Enterococcus faecium,Positive
6173,dbAMP_17146,Klebsiella pneumoniae,Positive
6174,dbAMP_23298,Candida albicans,Positive
6175,dbAMP_32425,Candida albicans,Positive
6176,dbAMP_03303,Bacillus cereus,Positive
6177,dbAMP_20552,Pseudomonas aeruginosa,Positive
6178,dbAMP_24034,Bacillus subtilis,Positive
6179,dbAMP_25044,Escherichia coli,Positive
6180,dbAMP_02429,Bacillus megaterium,Positive
6181,dbAMP_32254,Pseudomonas aeruginosa,Positive
6182,dbAMP_33591,Staphylococcus aureus,Positive
6183,dbAMP_03866,Escherichia coli,Positive
6184,dbAMP_04539,Enterococcus faecium,Positive
6185,19243.0,Candida albicans,Positive
6186,dbAMP_10717,Escherichia coli,Positive
6187,dbAMP_32883,Klebsiella pneumoniae,Positive
6188,dbAMP_04221,Staphylococcus aureus,Positive
6189,20061.0,Staphylococcus aureus,Positive
6190,dbAMP_23281,Staphylococcus epidermidis,Positive
6191,dbAMP_20385,Staphylococcus aureus,Positive
6192,dbAMP_16036,Staphylococcus aureus,Positive
6193,17225.0,Pseudomonas aeruginosa,Positive
6194,dbAMP_10885,Enterobacter cloacae,Positive
6195,dbAMP_05524,Escherichia coli,Positive
6196,dbAMP_15756,Escherichia coli,Positive
6197,dbAMP_23339,Staphylococcus aureus,Positive
6198,dbAMP_25279,Candida albicans,Positive
6199,dbAMP_16717,Escherichia coli,Positive
6200,dbAMP_33838,Escherichia coli,Positive
6201,dbAMP_21442,Escherichia coli,Positive
6202,dbAMP_22655,Escherichia coli,Positive
6203,dbAMP_17057,Enterococcus faecalis,Positive
6204,dbAMP_00172,Bacillus subtilis,Positive
6205,dbAMP_24864,Candida albicans,Positive
6206,dbAMP_16306,Staphylococcus epidermidis,Positive
6207,dbAMP_05516,Salmonella enterica,Positive
6208,dbAMP_22976,Salmonella enterica,Positive
6209,dbAMP_21128,Pseudomonas aeruginosa,Positive
6210,2025.0,Enterococcus faecium,Positive
6211,20167.0,Staphylococcus aureus,Positive
6212,dbAMP_17471,Klebsiella pneumoniae,Positive
6213,20834.0,Bacillus subtilis,Positive
6214,dbAMP_27473,Staphylococcus epidermidis,Positive
6215,dbAMP_19047,Escherichia coli,Positive
6216,dbAMP_16743,Staphylococcus aureus,Positive
6217,13802.0,Staphylococcus aureus,Positive
6218,dbAMP_03408,Bacillus subtilis,Positive
6219,dbAMP_15787,Escherichia coli,Positive
6220,19890.0,Escherichia coli,Positive
6221,21982.0,Enterococcus faecalis,Positive
6222,20580.0,Bacillus cereus,Positive
6223,dbAMP_25424,Salmonella enterica,Positive
6224,dbAMP_17359,Candida albicans,Positive
6225,dbAMP_20761,Staphylococcus aureus,Positive
6226,DRAMP03797,Escherichia coli,Positive
6227,dbAMP_02140,Staphylococcus aureus,Positive
6228,dbAMP_00389,Staphylococcus aureus,Positive
6229,dbAMP_10721,Salmonella enterica,Positive
6230,dbAMP_15919,Staphylococcus aureus,Positive
6231,dbAMP_31864,Staphylococcus aureus,Positive
6232,dbAMP_14723,Candida albicans,Positive
6233,dbAMP_18692,Staphylococcus aureus,Positive
6234,dbAMP_16813,Escherichia coli,Positive
6235,dbAMP_17063,Enterococcus faecalis,Positive
6236,dbAMP_16770,Staphylococcus epidermidis,Positive
6237,dbAMP_20517,Bacillus subtilis,Positive
6238,dbAMP_14787,Escherichia coli,Positive
6239,dbAMP_25402,Enterococcus faecalis,Positive
6240,dbAMP_28176,Bacillus subtilis,Positive
6241,DRAMP21083,Pseudomonas aeruginosa,Positive
6242,dbAMP_22874,Candida albicans,Positive
6243,dbAMP_17983,Escherichia coli,Positive
6244,dbAMP_04077,Bacillus subtilis,Positive
6245,20501.0,Listeria monocytogenes,Positive
6246,DRAMP03893,Escherichia coli,Positive
6247,DRAMP20877,Bacillus cereus,Positive
6248,dbAMP_20437,Candida albicans,Positive
6249,dbAMP_04822,Bacillus megaterium,Positive
6250,dbAMP_04774,Listeria monocytogenes,Positive
6251,dbAMP_17571,Listeria monocytogenes,Positive
6252,dbAMP_19604,Escherichia coli,Positive
6253,21530.0,Acinetobacter baumannii,Positive
6254,19204.0,Pseudomonas aeruginosa,Positive
6255,dbAMP_19790,Staphylococcus aureus,Positive
6256,dbAMP_24945,Bacillus subtilis,Positive
6257,dbAMP_16781,Enterococcus faecalis,Positive
6258,dbAMP_03124,Staphylococcus epidermidis,Positive
6259,dbAMP_16346,Acinetobacter baumannii,Positive
6260,22318.0,Pseudomonas aeruginosa,Positive
6261,dbAMP_24305,Staphylococcus aureus,Positive
6262,dbAMP_11136,Salmonella enterica,Positive
6263,dbAMP_15919,Listeria monocytogenes,Positive
6264,dbAMP_16750,Staphylococcus epidermidis,Positive
6265,19859.0,Escherichia coli,Positive
6266,dbAMP_18104,Bacillus subtilis,Positive
6267,dbAMP_31965,Micrococcus luteus,Positive
6268,19354.0,Bacillus subtilis,Positive
6269,dbAMP_23945,Staphylococcus epidermidis,Positive
6270,dbAMP_34248,Escherichia coli,Positive
6271,19669.0,Pseudomonas aeruginosa,Positive
6272,dbAMP_22163,Escherichia coli,Positive
6273,dbAMP_21930,Escherichia coli,Positive
6274,dbAMP_17636,Staphylococcus aureus,Positive
6275,dbAMP_19600,Staphylococcus aureus,Positive
6276,dbAMP_33023,Staphylococcus aureus,Positive
6277,dbAMP_33696,Staphylococcus epidermidis,Positive
6278,dbAMP_17456,Escherichia coli,Positive
6279,dbAMP_22805,Escherichia coli,Positive
6280,22282.0,Bacillus subtilis,Positive
6281,dbAMP_20490,Pseudomonas aeruginosa,Positive
6282,dbAMP_22800,Escherichia coli,Positive
6283,19670.0,Escherichia coli,Positive
6284,dbAMP_02187,Staphylococcus aureus,Positive
6285,dbAMP_21407,Salmonella enterica,Positive
6286,dbAMP_24010,Salmonella enterica,Positive
6287,dbAMP_16746,Bacillus subtilis,Positive
6288,dbAMP_00359,Staphylococcus aureus,Positive
6289,DRAMP02316,Bacillus subtilis,Positive
6290,22161.0,Enterococcus faecalis,Positive
6291,dbAMP_05625,Staphylococcus aureus,Positive
6292,dbAMP_17803,Enterococcus faecalis,Positive
6293,17279.0,Bacillus subtilis,Positive
6294,dbAMP_27313,Enterococcus faecalis,Positive
6295,dbAMP_05524,Salmonella enterica,Positive
6296,19951.0,Staphylococcus epidermidis,Positive
6297,22292.0,Acinetobacter baumannii,Positive
6298,dbAMP_20734,Salmonella enterica,Positive
6299,DRAMP18495,Staphylococcus epidermidis,Positive
6300,dbAMP_03120,Escherichia coli,Positive
6301,dbAMP_21152,Staphylococcus aureus,Positive
6302,dbAMP_21599,Staphylococcus aureus,Positive
6303,dbAMP_21225,Staphylococcus aureus,Positive
6304,20250.0,Escherichia coli,Positive
6305,dbAMP_03385,Escherichia coli,Positive
6306,dbAMP_19167,Pseudomonas aeruginosa,Positive
6307,dbAMP_32523,Escherichia coli,Positive
6308,dbAMP_22792,Staphylococcus aureus,Positive
6309,18132.0,Staphylococcus epidermidis,Positive
6310,dbAMP_21832,Bacillus subtilis,Positive
6311,dbAMP_21369,Pseudomonas aeruginosa,Positive
6312,dbAMP_18105,Enterococcus faecalis,Positive
6313,dbAMP_34368,Escherichia coli,Positive
6314,dbAMP_21059,Staphylococcus aureus,Positive
6315,19693.0,Escherichia coli,Positive
6316,dbAMP_16058,Bacillus subtilis,Positive
6317,dbAMP_20538,Staphylococcus epidermidis,Positive
6318,dbAMP_23802,Staphylococcus aureus,Positive
6319,dbAMP_00259,Listeria monocytogenes,Positive
6320,17517.0,Pseudomonas aeruginosa,Positive
6321,dbAMP_17471,Cryptococcus neoformans,Positive
6322,18170.0,Bacillus subtilis,Positive
6323,dbAMP_20930,Escherichia coli,Positive
6324,dbAMP_23222,Staphylococcus aureus,Positive
6325,dbAMP_33592,Pseudomonas aeruginosa,Positive
6326,6470.0,Bacillus megaterium,Positive
6327,dbAMP_14829,Pseudomonas aeruginosa,Positive
6328,dbAMP_27349,Bacillus subtilis,Positive
6329,dbAMP_17119,Staphylococcus aureus,Positive
6330,dbAMP_04075,Salmonella enterica,Positive
6331,dbAMP_10595,Pseudomonas aeruginosa,Positive
6332,dbAMP_23323,Bacillus subtilis,Positive
6333,dbAMP_21463,Micrococcus luteus,Positive
6334,6749.0,Staphylococcus aureus,Positive
6335,dbAMP_17580,Listeria monocytogenes,Positive
6336,10295.0,Staphylococcus epidermidis,Positive
6337,dbAMP_03295,Staphylococcus epidermidis,Positive
6338,dbAMP_27845,Klebsiella pneumoniae,Positive
6339,2302.0,Klebsiella pneumoniae,Positive
6340,dbAMP_32887,Bacillus subtilis,Positive
6341,dbAMP_19737,Bacillus cereus,Positive
6342,dbAMP_17907,Staphylococcus aureus,Positive
6343,dbAMP_16080,Staphylococcus epidermidis,Positive
6344,15918.0,Staphylococcus aureus,Positive
6345,19125.0,Staphylococcus aureus,Positive
6346,dbAMP_02061,Enterococcus faecalis,Positive
6347,dbAMP_24214,Bacillus subtilis,Positive
6348,21830.0,Escherichia coli,Positive
6349,dbAMP_12344,Escherichia coli,Positive
6350,dbAMP_16245,Klebsiella pneumoniae,Positive
6351,dbAMP_11014,Candida albicans,Positive
6352,dbAMP_10433,Staphylococcus aureus,Positive
6353,dbAMP_04404,Staphylococcus epidermidis,Positive
6354,dbAMP_18432,Escherichia coli,Positive
6355,dbAMP_06258,Bacillus cereus,Positive
6356,dbAMP_19110,Staphylococcus aureus,Positive
6357,dbAMP_27242,Micrococcus luteus,Positive
6358,20174.0,Bacillus subtilis,Positive
6359,dbAMP_16503,Cryptococcus neoformans,Positive
6360,dbAMP_28617,Micrococcus luteus,Positive
6361,dbAMP_10754,Pseudomonas aeruginosa,Positive
6362,dbAMP_19004,Staphylococcus aureus,Positive
6363,dbAMP_22975,Candida albicans,Positive
6364,13802.0,Klebsiella pneumoniae,Positive
6365,dbAMP_15790,Bacillus subtilis,Positive
6366,dbAMP_10403,Escherichia coli,Positive
6367,dbAMP_15992,Klebsiella pneumoniae,Positive
6368,dbAMP_19338,Acinetobacter baumannii,Positive
6369,dbAMP_02666,Staphylococcus aureus,Positive
6370,21622.0,Escherichia coli,Positive
6371,dbAMP_24324,Escherichia coli,Positive
6372,21554.0,Enterococcus faecalis,Positive
6373,dbAMP_04609,Pseudomonas aeruginosa,Positive
6374,dbAMP_11028,Bacillus subtilis,Positive
6375,dbAMP_21041,Bacillus subtilis,Positive
6376,dbAMP_25301,Pseudomonas aeruginosa,Positive
6377,dbAMP_09813,Listeria monocytogenes,Positive
6378,dbAMP_00882,Staphylococcus aureus,Positive
6379,dbAMP_18664,Pseudomonas aeruginosa,Positive
6380,dbAMP_01991,Escherichia coli,Positive
6381,dbAMP_03598,Bacillus subtilis,Positive
6382,dbAMP_16659,Staphylococcus epidermidis,Positive
6383,20855.0,Enterococcus faecalis,Positive
6384,dbAMP_03794,Staphylococcus aureus,Positive
6385,dbAMP_16194,Escherichia coli,Positive
6386,dbAMP_20754,Pseudomonas aeruginosa,Positive
6387,20840.0,Staphylococcus epidermidis,Positive
6388,dbAMP_05856,Staphylococcus aureus,Positive
6389,dbAMP_10338,Staphylococcus aureus,Positive
6390,2025.0,Acinetobacter baumannii,Positive
6391,dbAMP_00610,Staphylococcus aureus,Positive
6392,dbAMP_18803,Salmonella enterica,Positive
6393,dbAMP_32056,Enterococcus faecalis,Positive
6394,dbAMP_11927,Salmonella enterica,Positive
6395,dbAMP_21898,Pseudomonas aeruginosa,Positive
6396,dbAMP_03694,Staphylococcus aureus,Positive
6397,12623.0,Bacillus subtilis,Positive
6398,5368.0,Cryptococcus neoformans,Positive
6399,18636.0,Staphylococcus aureus,Positive
6400,19867.0,Staphylococcus aureus,Positive
6401,dbAMP_32945,Staphylococcus aureus,Positive
6402,dbAMP_25360,Bacillus subtilis,Positive
6403,DRAMP20975,Klebsiella pneumoniae,Positive
6404,dbAMP_22590,Bacillus subtilis,Positive
6405,19924.0,Acinetobacter baumannii,Positive
6406,dbAMP_22764,Escherichia coli,Positive
6407,dbAMP_19423,Klebsiella pneumoniae,Positive
6408,dbAMP_05517,Bacillus subtilis,Positive
6409,20252.0,Listeria monocytogenes,Positive
6410,dbAMP_00348,Staphylococcus aureus,Positive
6411,dbAMP_17435,Pseudomonas aeruginosa,Positive
6412,21525.0,Salmonella enterica,Positive
6413,dbAMP_18862,Pseudomonas aeruginosa,Positive
6414,dbAMP_15781,Pseudomonas aeruginosa,Positive
6415,dbAMP_23233,Escherichia coli,Positive
6416,dbAMP_20364,Pseudomonas aeruginosa,Positive
6417,dbAMP_02402,Escherichia coli,Positive
6418,dbAMP_27487,Staphylococcus aureus,Positive
6419,dbAMP_20141,Candida albicans,Positive
6420,dbAMP_21199,Staphylococcus aureus,Positive
6421,dbAMP_16016,Staphylococcus aureus,Positive
6422,dbAMP_22883,Escherichia coli,Positive
6423,dbAMP_16436,Staphylococcus aureus,Positive
6424,dbAMP_05221,Klebsiella pneumoniae,Positive
6425,dbAMP_17118,Pseudomonas aeruginosa,Positive
6426,20251.0,Staphylococcus aureus,Positive
6427,DRAMP00275,Listeria monocytogenes,Positive
6428,20457.0,Escherichia coli,Positive
6429,dbAMP_27602,Enterococcus faecium,Positive
6430,dbAMP_21823,Staphylococcus aureus,Positive
6431,21726.0,Klebsiella pneumoniae,Positive
6432,DRAMP03532,Bacillus cereus,Positive
6433,21316.0,Escherichia coli,Positive
6434,dbAMP_00972,Listeria monocytogenes,Positive
6435,dbAMP_18282,Staphylococcus aureus,Positive
6436,dbAMP_17962,Staphylococcus epidermidis,Positive
6437,20077.0,Staphylococcus epidermidis,Positive
6438,21726.0,Bacillus subtilis,Positive
6439,dbAMP_18156,Salmonella enterica,Positive
6440,dbAMP_11859,Listeria monocytogenes,Positive
6441,19611.0,Bacillus subtilis,Positive
6442,dbAMP_16496,Salmonella enterica,Positive
6443,19903.0,Acinetobacter baumannii,Positive
6444,dbAMP_18279,Candida parapsilosis,Positive
6445,dbAMP_14851,Salmonella enterica,Positive
6446,7141.0,Staphylococcus aureus,Positive
6447,dbAMP_03861,Staphylococcus aureus,Positive
6448,dbAMP_02030,Escherichia coli,Positive
6449,dbAMP_16233,Escherichia coli,Positive
6450,dbAMP_16813,Acinetobacter baumannii,Positive
6451,20017.0,Bacillus cereus,Positive
6452,7386.0,Enterococcus faecalis,Positive
6453,dbAMP_12832,Pseudomonas aeruginosa,Positive
6454,17436.0,Pseudomonas aeruginosa,Positive
6455,dbAMP_01696,Escherichia coli,Positive
6456,dbAMP_15870,Pseudomonas aeruginosa,Positive
6457,dbAMP_25329,Escherichia coli,Positive
6458,dbAMP_20867,Staphylococcus epidermidis,Positive
6459,dbAMP_26087,Bacillus subtilis,Positive
6460,dbAMP_10847,Escherichia coli,Positive
6461,dbAMP_22036,Staphylococcus aureus,Positive
6462,dbAMP_14241,Escherichia coli,Positive
6463,DRAMP02867,Escherichia coli,Positive
6464,dbAMP_32544,Staphylococcus aureus,Positive
6465,dbAMP_18979,Bacillus subtilis,Positive
6466,dbAMP_32057,Bacillus subtilis,Positive
6467,dbAMP_04659,Pseudomonas aeruginosa,Positive
6468,dbAMP_24745,Salmonella enterica,Positive
6469,14036.0,Klebsiella pneumoniae,Positive
6470,dbAMP_23206,Escherichia coli,Positive
6471,dbAMP_03820,Escherichia coli,Positive
6472,dbAMP_23146,Klebsiella pneumoniae,Positive
6473,dbAMP_05497,Pseudomonas aeruginosa,Positive
6474,dbAMP_03983,Staphylococcus aureus,Positive
6475,dbAMP_20120,Klebsiella pneumoniae,Positive
6476,21756.0,Staphylococcus aureus,Positive
6477,dbAMP_22590,Staphylococcus epidermidis,Positive
6478,102.0,Acinetobacter baumannii,Positive
6479,dbAMP_17458,Pseudomonas aeruginosa,Positive
6480,dbAMP_19774,Pseudomonas aeruginosa,Positive
6481,dbAMP_14777,Bacillus megaterium,Positive
6482,21410.0,Acinetobacter baumannii,Positive
6483,573.0,Salmonella enterica,Positive
6484,19606.0,Escherichia coli,Positive
6485,dbAMP_19253,Pseudomonas aeruginosa,Positive
6486,dbAMP_19094,Bacillus subtilis,Positive
6487,dbAMP_04262,Bacillus subtilis,Positive
6488,19780.0,Salmonella enterica,Positive
6489,21729.0,Candida albicans,Positive
6490,dbAMP_24387,Escherichia coli,Positive
6491,dbAMP_18241,Pseudomonas aeruginosa,Positive
6492,dbAMP_15919,Bacillus subtilis,Positive
6493,dbAMP_03481,Pseudomonas aeruginosa,Positive
6494,18818.0,Staphylococcus epidermidis,Positive
6495,dbAMP_22530,Staphylococcus epidermidis,Positive
6496,dbAMP_10500,Candida albicans,Positive
6497,dbAMP_22954,Candida albicans,Positive
6498,dbAMP_23136,Cryptococcus neoformans,Positive
6499,dbAMP_18463,Listeria monocytogenes,Positive
6500,dbAMP_01231,Candida albicans,Positive
6501,21536.0,Acinetobacter baumannii,Positive
6502,dbAMP_18231,Salmonella enterica,Positive
6503,dbAMP_05477,Cryptococcus neoformans,Positive
6504,dbAMP_10426,Enterobacter cloacae,Positive
6505,dbAMP_16134,Staphylococcus aureus,Positive
6506,dbAMP_23992,Staphylococcus aureus,Positive
6507,dbAMP_33176,Klebsiella pneumoniae,Positive
6508,dbAMP_23750,Escherichia coli,Positive
6509,20291.0,Staphylococcus epidermidis,Positive
6510,dbAMP_25067,Escherichia coli,Positive
6511,dbAMP_14723,Staphylococcus aureus,Positive
6512,dbAMP_17480,Acinetobacter baumannii,Positive
6513,dbAMP_05998,Escherichia coli,Positive
6514,dbAMP_23461,Escherichia coli,Positive
6515,dbAMP_32315,Enterococcus faecalis,Positive
6516,22225.0,Escherichia coli,Positive
6517,18129.0,Escherichia coli,Positive
6518,dbAMP_10412,Listeria monocytogenes,Positive
6519,dbAMP_31637,Escherichia coli,Positive
6520,dbAMP_24916,Candida albicans,Positive
6521,dbAMP_19159,Pseudomonas aeruginosa,Positive
6522,dbAMP_23457,Salmonella enterica,Positive
6523,dbAMP_22810,Candida albicans,Positive
6524,dbAMP_17502,Escherichia coli,Positive
6525,20854.0,Escherichia coli,Positive
6526,dbAMP_22498,Acinetobacter baumannii,Positive
6527,dbAMP_19193,Enterococcus faecalis,Positive
6528,dbAMP_20274,Staphylococcus aureus,Positive
6529,dbAMP_33107,Staphylococcus aureus,Positive
6530,dbAMP_17935,Pseudomonas aeruginosa,Positive
6531,dbAMP_15953,Enterobacter cloacae,Positive
6532,763.0,Micrococcus luteus,Positive
6533,dbAMP_23935,Pseudomonas aeruginosa,Positive
6534,dbAMP_03855,Escherichia coli,Positive
6535,dbAMP_21193,Escherichia coli,Positive
6536,dbAMP_03425,Escherichia coli,Positive
6537,dbAMP_20472,Escherichia coli,Positive
6538,17248.0,Acinetobacter baumannii,Positive
6539,dbAMP_20536,Bacillus cereus,Positive
6540,dbAMP_27240,Enterococcus faecalis,Positive
6541,dbAMP_02669,Escherichia coli,Positive
6542,dbAMP_14703,Klebsiella pneumoniae,Positive
6543,dbAMP_16150,Pseudomonas aeruginosa,Positive
6544,21499.0,Bacillus subtilis,Positive
6545,20080.0,Staphylococcus aureus,Positive
6546,dbAMP_18517,Escherichia coli,Positive
6547,20610.0,Pseudomonas aeruginosa,Positive
6548,dbAMP_04562,Bacillus cereus,Positive
6549,dbAMP_33373,Staphylococcus aureus,Positive
6550,dbAMP_17500,Escherichia coli,Positive
6551,dbAMP_22597,Micrococcus luteus,Positive
6552,dbAMP_24743,Pseudomonas aeruginosa,Positive
6553,22316.0,Staphylococcus epidermidis,Positive
6554,dbAMP_02827,Enterococcus faecalis,Positive
6555,dbAMP_21854,Escherichia coli,Positive
6556,dbAMP_16152,Staphylococcus epidermidis,Positive
6557,dbAMP_15891,Enterococcus faecium,Positive
6558,dbAMP_19285,Acinetobacter baumannii,Positive
6559,dbAMP_16737,Escherichia coli,Positive
6560,dbAMP_15865,Escherichia coli,Positive
6561,dbAMP_24744,Candida albicans,Positive
6562,dbAMP_24149,Staphylococcus aureus,Positive
6563,dbAMP_19969,Candida albicans,Positive
6564,DRAMP02331,Staphylococcus epidermidis,Positive
6565,dbAMP_18701,Escherichia coli,Positive
6566,dbAMP_17808,Staphylococcus aureus,Positive
6567,dbAMP_25335,Escherichia coli,Positive
6568,dbAMP_19170,Staphylococcus aureus,Positive
6569,dbAMP_21189,Escherichia coli,Positive
6570,dbAMP_20828,Staphylococcus aureus,Positive
6571,dbAMP_19217,Staphylococcus aureus,Positive
6572,dbAMP_05270,Candida albicans,Positive
6573,dbAMP_15925,Staphylococcus aureus,Positive
6574,dbAMP_22740,Micrococcus luteus,Positive
6575,dbAMP_20547,Staphylococcus aureus,Positive
6576,dbAMP_18223,Staphylococcus aureus,Positive
6577,dbAMP_18024,Staphylococcus epidermidis,Positive
6578,dbAMP_33320,Staphylococcus aureus,Positive
6579,dbAMP_21772,Escherichia coli,Positive
6580,dbAMP_22529,Staphylococcus aureus,Positive
6581,dbAMP_03695,Klebsiella pneumoniae,Positive
6582,18754.0,Klebsiella pneumoniae,Positive
6583,dbAMP_22800,Candida albicans,Positive
6584,dbAMP_31862,Escherichia coli,Positive
6585,dbAMP_11548,Pseudomonas aeruginosa,Positive
6586,dbAMP_03061,Enterococcus faecium,Positive
6587,17917.0,Bacillus subtilis,Positive
6588,dbAMP_33781,Bacillus subtilis,Positive
6589,21861.0,Escherichia coli,Positive
6590,dbAMP_24944,Cryptococcus neoformans,Positive
6591,DRAMP04165,Staphylococcus aureus,Positive
6592,dbAMP_10716,Staphylococcus aureus,Positive
6593,dbAMP_03238,Enterococcus faecalis,Positive
6594,dbAMP_33333,Staphylococcus aureus,Positive
6595,dbAMP_16786,Acinetobacter baumannii,Positive
6596,dbAMP_23618,Escherichia coli,Positive
6597,dbAMP_21981,Enterobacter cloacae,Positive
6598,dbAMP_18126,Bacillus subtilis,Positive
6599,DRAMP02017,Staphylococcus aureus,Positive
6600,7464.0,Staphylococcus aureus,Positive
6601,dbAMP_14784,Bacillus subtilis,Positive
6602,17622.0,Salmonella enterica,Positive
6603,dbAMP_16502,Bacillus subtilis,Positive
6604,7081.0,Escherichia coli,Positive
6605,dbAMP_16180,Staphylococcus aureus,Positive
6606,17221.0,Pseudomonas aeruginosa,Positive
6607,dbAMP_22482,Escherichia coli,Positive
6608,dbAMP_01787,Bacillus subtilis,Positive
6609,dbAMP_21670,Micrococcus luteus,Positive
6610,dbAMP_16378,Pseudomonas aeruginosa,Positive
6611,dbAMP_22886,Escherichia coli,Positive
6612,dbAMP_10857,Klebsiella pneumoniae,Positive
6613,dbAMP_20326,Staphylococcus aureus,Positive
6614,dbAMP_16388,Staphylococcus aureus,Positive
6615,19439.0,Cryptococcus neoformans,Positive
6616,dbAMP_16522,Escherichia coli,Positive
6617,dbAMP_17985,Salmonella enterica,Positive
6618,dbAMP_34253,Staphylococcus aureus,Positive
6619,dbAMP_25010,Salmonella enterica,Positive
6620,dbAMP_27609,Escherichia coli,Positive
6621,dbAMP_17717,Salmonella enterica,Positive
6622,dbAMP_04734,Cryptococcus neoformans,Positive
6623,20802.0,Enterococcus faecalis,Positive
6624,dbAMP_18660,Cryptococcus neoformans,Positive
6625,dbAMP_02680,Candida albicans,Positive
6626,dbAMP_27064,Bacillus subtilis,Positive
6627,19502.0,Acinetobacter baumannii,Positive
6628,dbAMP_22018,Candida albicans,Positive
6629,18828.0,Staphylococcus aureus,Positive
6630,dbAMP_23933,Staphylococcus aureus,Positive
6631,dbAMP_17546,Staphylococcus aureus,Positive
6632,dbAMP_09903,Staphylococcus aureus,Positive
6633,19669.0,Enterobacter cloacae,Positive
6634,21701.0,Staphylococcus aureus,Positive
6635,dbAMP_21462,Escherichia coli,Positive
6636,dbAMP_23135,Escherichia coli,Positive
6637,18636.0,Acinetobacter baumannii,Positive
6638,18340.0,Pseudomonas aeruginosa,Positive
6639,dbAMP_22843,Staphylococcus aureus,Positive
6640,5641.0,Pseudomonas aeruginosa,Positive
6641,22282.0,Salmonella enterica,Positive
6642,dbAMP_01593,Escherichia coli,Positive
6643,dbAMP_19716,Enterococcus faecium,Positive
6644,dbAMP_02867,Pseudomonas aeruginosa,Positive
6645,DRAMP20994,Enterococcus faecium,Positive
6646,dbAMP_19131,Escherichia coli,Positive
6647,dbAMP_22602,Micrococcus luteus,Positive
6648,dbAMP_24142,Escherichia coli,Positive
6649,dbAMP_16904,Escherichia coli,Positive
6650,dbAMP_02396,Staphylococcus aureus,Positive
6651,dbAMP_24566,Escherichia coli,Positive
6652,dbAMP_21148,Staphylococcus aureus,Positive
6653,dbAMP_24952,Staphylococcus epidermidis,Positive
6654,20142.0,Bacillus subtilis,Positive
6655,dbAMP_32946,Bacillus subtilis,Positive
6656,dbAMP_19260,Bacillus subtilis,Positive
6657,20160.0,Pseudomonas aeruginosa,Positive
6658,dbAMP_16043,Micrococcus luteus,Positive
6659,21076.0,Escherichia coli,Positive
6660,19777.0,Staphylococcus aureus,Positive
6661,dbAMP_17125,Pseudomonas aeruginosa,Positive
6662,dbAMP_16745,Pseudomonas aeruginosa,Positive
6663,dbAMP_17643,Bacillus subtilis,Positive
6664,dbAMP_02485,Salmonella enterica,Positive
6665,dbAMP_10311,Micrococcus luteus,Positive
6666,dbAMP_27572,Staphylococcus aureus,Positive
6667,dbAMP_03528,Escherichia coli,Positive
6668,dbAMP_20932,Escherichia coli,Positive
6669,20964.0,Acinetobacter baumannii,Positive
6670,DRAMP21084,Micrococcus luteus,Positive
6671,dbAMP_19311,Pseudomonas aeruginosa,Positive
6672,dbAMP_18051,Candida parapsilosis,Positive
6673,dbAMP_16280,Staphylococcus aureus,Positive
6674,dbAMP_33589,Staphylococcus aureus,Positive
6675,3241.0,Escherichia coli,Positive
6676,dbAMP_11933,Bacillus cereus,Positive
6677,dbAMP_25406,Staphylococcus epidermidis,Positive
6678,dbAMP_18830,Staphylococcus aureus,Positive
6679,16991.0,Escherichia coli,Positive
6680,dbAMP_18776,Acinetobacter baumannii,Positive
6681,dbAMP_14894,Bacillus subtilis,Positive
6682,dbAMP_16504,Candida albicans,Positive
6683,dbAMP_18282,Pseudomonas aeruginosa,Positive
6684,dbAMP_23570,Bacillus subtilis,Positive
6685,dbAMP_21934,Staphylococcus aureus,Positive
6686,dbAMP_18973,Escherichia coli,Positive
6687,dbAMP_16422,Escherichia coli,Positive
6688,19671.0,Staphylococcus aureus,Positive
6689,dbAMP_23921,Candida albicans,Positive
6690,dbAMP_18212,Escherichia coli,Positive
6691,dbAMP_33799,Escherichia coli,Positive
6692,dbAMP_25243,Staphylococcus aureus,Positive
6693,dbAMP_16262,Escherichia coli,Positive
6694,dbAMP_22482,Salmonella enterica,Positive
6695,dbAMP_21042,Staphylococcus aureus,Positive
6696,dbAMP_23917,Staphylococcus epidermidis,Positive
6697,dbAMP_33940,Staphylococcus aureus,Positive
6698,dbAMP_02597,Klebsiella pneumoniae,Positive
6699,DRAMP02391,Acinetobacter baumannii,Positive
6700,dbAMP_14730,Salmonella enterica,Positive
6701,2020.0,Staphylococcus aureus,Positive
6702,20961.0,Escherichia coli,Positive
6703,dbAMP_34004,Staphylococcus aureus,Positive
6704,dbAMP_17119,Cryptococcus neoformans,Positive
6705,dbAMP_15756,Pseudomonas aeruginosa,Positive
6706,dbAMP_15955,Micrococcus luteus,Positive
6707,dbAMP_33079,Bacillus cereus,Positive
6708,852.0,Staphylococcus aureus,Positive
6709,dbAMP_16069,Candida albicans,Positive
6710,dbAMP_18233,Enterococcus faecium,Positive
6711,dbAMP_04749,Pseudomonas aeruginosa,Positive
6712,dbAMP_16061,Escherichia coli,Positive
6713,dbAMP_19373,Salmonella enterica,Positive
6714,19243.0,Cryptococcus neoformans,Positive
6715,dbAMP_21027,Staphylococcus aureus,Positive
6716,dbAMP_23593,Escherichia coli,Positive
6717,dbAMP_02223,Escherichia coli,Positive
6718,dbAMP_02121,Bacillus subtilis,Positive
6719,dbAMP_16534,Escherichia coli,Positive
6720,dbAMP_19660,Escherichia coli,Positive
6721,dbAMP_28798,Staphylococcus aureus,Positive
6722,dbAMP_22592,Bacillus subtilis,Positive
6723,13802.0,Acinetobacter baumannii,Positive
6724,dbAMP_11304,Escherichia coli,Positive
6725,dbAMP_02652,Micrococcus luteus,Positive
6726,dbAMP_03628,Candida albicans,Positive
6727,dbAMP_16032,Escherichia coli,Positive
6728,dbAMP_17461,Pseudomonas aeruginosa,Positive
6729,dbAMP_33134,Staphylococcus aureus,Positive
6730,dbAMP_01593,Acinetobacter baumannii,Positive
6731,dbAMP_23337,Escherichia coli,Positive
6732,dbAMP_17825,Staphylococcus aureus,Positive
6733,dbAMP_16217,Staphylococcus aureus,Positive
6734,dbAMP_18790,Staphylococcus aureus,Positive
6735,dbAMP_17947,Escherichia coli,Positive
6736,dbAMP_05507,Staphylococcus epidermidis,Positive
6737,dbAMP_00360,Bacillus subtilis,Positive
6738,dbAMP_18888,Salmonella enterica,Positive
6739,21189.0,Bacillus subtilis,Positive
6740,20536.0,Escherichia coli,Positive
6741,dbAMP_02687,Staphylococcus aureus,Positive
6742,dbAMP_25339,Bacillus subtilis,Positive
6743,dbAMP_31134,Enterococcus faecalis,Positive
6744,18786.0,Acinetobacter baumannii,Positive
6745,dbAMP_14910,Escherichia coli,Positive
6746,dbAMP_20536,Staphylococcus aureus,Positive
6747,18757.0,Staphylococcus aureus,Positive
6748,dbAMP_18025,Acinetobacter baumannii,Positive
6749,dbAMP_04223,Candida albicans,Positive
6750,dbAMP_25406,Escherichia coli,Positive
6751,dbAMP_21283,Escherichia coli,Positive
6752,21949.0,Enterococcus faecalis,Positive
6753,dbAMP_16147,Escherichia coli,Positive
6754,22312.0,Acinetobacter baumannii,Positive
6755,DRAMP01623,Staphylococcus aureus,Positive
6756,dbAMP_03165,Pseudomonas aeruginosa,Positive
6757,dbAMP_18056,Staphylococcus epidermidis,Positive
6758,20278.0,Enterococcus faecium,Positive
6759,dbAMP_27113,Staphylococcus aureus,Positive
6760,dbAMP_23930,Staphylococcus aureus,Positive
6761,dbAMP_24034,Staphylococcus epidermidis,Positive
6762,dbAMP_18450,Listeria monocytogenes,Positive
6763,dbAMP_32226,Pseudomonas aeruginosa,Positive
6764,491.0,Enterococcus faecium,Positive
6765,22213.0,Staphylococcus aureus,Positive
6766,21743.0,Escherichia coli,Positive
6767,19615.0,Bacillus subtilis,Positive
6768,dbAMP_32553,Candida albicans,Positive
6769,18234.0,Escherichia coli,Positive
6770,20014.0,Escherichia coli,Positive
6771,dbAMP_33007,Staphylococcus aureus,Positive
6772,dbAMP_25211,Listeria monocytogenes,Positive
6773,dbAMP_01928,Escherichia coli,Positive
6774,18787.0,Salmonella enterica,Positive
6775,dbAMP_11208,Micrococcus luteus,Positive
6776,dbAMP_10826,Bacillus subtilis,Positive
6777,9494.0,Staphylococcus aureus,Positive
6778,dbAMP_19124,Staphylococcus epidermidis,Positive
6779,dbAMP_02628,Escherichia coli,Positive
6780,18826.0,Staphylococcus aureus,Positive
6781,dbAMP_21884,Pseudomonas aeruginosa,Positive
6782,22321.0,Pseudomonas aeruginosa,Positive
6783,dbAMP_22068,Bacillus subtilis,Positive
6784,dbAMP_02736,Micrococcus luteus,Positive
6785,2302.0,Staphylococcus epidermidis,Positive
6786,dbAMP_33137,Salmonella enterica,Positive
6787,dbAMP_17220,Escherichia coli,Positive
6788,dbAMP_23559,Salmonella enterica,Positive
6789,dbAMP_33303,Candida albicans,Positive
6790,dbAMP_21532,Candida albicans,Positive
6791,20081.0,Staphylococcus aureus,Positive
6792,dbAMP_27580,Candida parapsilosis,Positive
6793,dbAMP_20350,Pseudomonas aeruginosa,Positive
6794,dbAMP_19690,Staphylococcus epidermidis,Positive
6795,dbAMP_18041,Candida parapsilosis,Positive
6796,dbAMP_18705,Cryptococcus neoformans,Positive
6797,dbAMP_05868,Staphylococcus aureus,Positive
6798,dbAMP_32471,Bacillus subtilis,Positive
6799,dbAMP_14720,Salmonella enterica,Positive
6800,dbAMP_02708,Escherichia coli,Positive
6801,dbAMP_05165,Staphylococcus aureus,Positive
6802,dbAMP_17130,Cryptococcus neoformans,Positive
6803,dbAMP_21120,Escherichia coli,Positive
6804,dbAMP_23714,Pseudomonas aeruginosa,Positive
6805,dbAMP_21976,Pseudomonas aeruginosa,Positive
6806,dbAMP_34585,Staphylococcus epidermidis,Positive
6807,dbAMP_22709,Staphylococcus aureus,Positive
6808,dbAMP_15925,Escherichia coli,Positive
6809,dbAMP_18942,Escherichia coli,Positive
6810,dbAMP_02235,Micrococcus luteus,Positive
6811,dbAMP_27541,Escherichia coli,Positive
6812,dbAMP_23128,Pseudomonas aeruginosa,Positive
6813,dbAMP_01910,Enterococcus faecium,Positive
6814,dbAMP_22424,Pseudomonas aeruginosa,Positive
6815,dbAMP_23960,Escherichia coli,Positive
6816,17281.0,Staphylococcus aureus,Positive
6817,dbAMP_20133,Enterococcus faecalis,Positive
6818,dbAMP_19817,Acinetobacter baumannii,Positive
6819,dbAMP_21082,Staphylococcus aureus,Positive
6820,dbAMP_18941,Pseudomonas aeruginosa,Positive
6821,dbAMP_16903,Listeria monocytogenes,Positive
6822,dbAMP_18049,Staphylococcus aureus,Positive
6823,dbAMP_27428,Staphylococcus aureus,Positive
6824,dbAMP_16981,Acinetobacter baumannii,Positive
6825,2105.0,Klebsiella pneumoniae,Positive
6826,22094.0,Staphylococcus aureus,Positive
6827,dbAMP_28744,Escherichia coli,Positive
6828,dbAMP_21207,Escherichia coli,Positive
6829,dbAMP_23148,Bacillus subtilis,Positive
6830,dbAMP_22272,Staphylococcus aureus,Positive
6831,dbAMP_27619,Salmonella enterica,Positive
6832,dbAMP_21106,Escherichia coli,Positive
6833,dbAMP_24956,Escherichia coli,Positive
6834,DRAMP02854,Escherichia coli,Positive
6835,dbAMP_19308,Salmonella enterica,Positive
6836,dbAMP_14866,Pseudomonas aeruginosa,Positive
6837,dbAMP_02121,Staphylococcus aureus,Positive
6838,dbAMP_31149,Escherichia coli,Positive
6839,dbAMP_21399,Staphylococcus aureus,Positive
6840,dbAMP_18278,Candida albicans,Positive
6841,21527.0,Acinetobacter baumannii,Positive
6842,dbAMP_16177,Escherichia coli,Positive
6843,dbAMP_03121,Micrococcus luteus,Positive
6844,dbAMP_03407,Escherichia coli,Positive
6845,dbAMP_31186,Escherichia coli,Positive
6846,dbAMP_21276,Staphylococcus aureus,Positive
6847,2870.0,Salmonella enterica,Positive
6848,dbAMP_02996,Klebsiella pneumoniae,Positive
6849,dbAMP_20339,Staphylococcus epidermidis,Positive
6850,20818.0,Staphylococcus aureus,Positive
6851,dbAMP_03413,Staphylococcus aureus,Positive
6852,DRAMP02802,Candida albicans,Positive
6853,dbAMP_04996,Enterococcus faecium,Positive
6854,dbAMP_02247,Staphylococcus aureus,Positive
6855,19522.0,Escherichia coli,Positive
6856,DRAMP02835,Bacillus megaterium,Positive
6857,dbAMP_02711,Staphylococcus aureus,Positive
6858,dbAMP_14895,Klebsiella pneumoniae,Positive
6859,dbAMP_16163,Acinetobacter baumannii,Positive
6860,19200.0,Bacillus subtilis,Positive
6861,7484.0,Klebsiella pneumoniae,Positive
6862,dbAMP_25425,Enterococcus faecalis,Positive
6863,dbAMP_20336,Bacillus subtilis,Positive
6864,dbAMP_17363,Escherichia coli,Positive
6865,dbAMP_34143,Staphylococcus aureus,Positive
6866,dbAMP_21194,Staphylococcus aureus,Positive
6867,dbAMP_23112,Candida albicans,Positive
6868,dbAMP_04702,Staphylococcus aureus,Positive
6869,dbAMP_22592,Staphylococcus epidermidis,Positive
6870,dbAMP_18070,Candida albicans,Positive
6871,18234.0,Candida albicans,Positive
6872,dbAMP_17493,Salmonella enterica,Positive
6873,dbAMP_01645,Enterococcus faecalis,Positive
6874,dbAMP_18727,Candida albicans,Positive
6875,dbAMP_22008,Bacillus subtilis,Positive
6876,17184.0,Escherichia coli,Positive
6877,dbAMP_00312,Candida albicans,Positive
6878,22101.0,Staphylococcus aureus,Positive
6879,dbAMP_18148,Acinetobacter baumannii,Positive
6880,dbAMP_18056,Salmonella enterica,Positive
6881,dbAMP_31991,Staphylococcus aureus,Positive
6882,dbAMP_15852,Enterobacter cloacae,Positive
6883,8831.0,Staphylococcus epidermidis,Positive
6884,dbAMP_16248,Micrococcus luteus,Positive
6885,22365.0,Staphylococcus aureus,Positive
6886,dbAMP_04076,Bacillus subtilis,Positive
6887,dbAMP_18787,Salmonella enterica,Positive
6888,dbAMP_15921,Candida albicans,Positive
6889,dbAMP_17155,Escherichia coli,Positive
6890,dbAMP_21972,Staphylococcus aureus,Positive
6891,dbAMP_24062,Klebsiella pneumoniae,Positive
6892,20057.0,Klebsiella pneumoniae,Positive
6893,dbAMP_02879,Staphylococcus aureus,Positive
6894,21983.0,Escherichia coli,Positive
6895,dbAMP_27186,Staphylococcus aureus,Positive
6896,18121.0,Staphylococcus epidermidis,Positive
6897,18056.0,Staphylococcus aureus,Positive
6898,dbAMP_02250,Bacillus subtilis,Positive
6899,DRAMP02125,Salmonella enterica,Positive
6900,dbAMP_02506,Escherichia coli,Positive
6901,dbAMP_33141,Pseudomonas aeruginosa,Positive
6902,dbAMP_10433,Escherichia coli,Positive
6903,dbAMP_14885,Bacillus subtilis,Positive
6904,dbAMP_17576,Listeria monocytogenes,Positive
6905,dbAMP_15979,Escherichia coli,Positive
6906,18893.0,Staphylococcus epidermidis,Positive
6907,dbAMP_23299,Klebsiella pneumoniae,Positive
6908,17784.0,Bacillus subtilis,Positive
6909,dbAMP_05919,Candida albicans,Positive
6910,19866.0,Pseudomonas aeruginosa,Positive
6911,dbAMP_20778,Escherichia coli,Positive
6912,5346.0,Bacillus subtilis,Positive
6913,21165.0,Bacillus subtilis,Positive
6914,20568.0,Klebsiella pneumoniae,Positive
6915,dbAMP_03658,Staphylococcus epidermidis,Positive
6916,DRAMP18660,Escherichia coli,Positive
6917,dbAMP_02988,Escherichia coli,Positive
6918,dbAMP_22042,Candida albicans,Positive
6919,dbAMP_16029,Staphylococcus aureus,Positive
6920,dbAMP_01919,Staphylococcus aureus,Positive
6921,dbAMP_25297,Staphylococcus aureus,Positive
6922,dbAMP_17327,Escherichia coli,Positive
6923,dbAMP_02420,Enterococcus faecalis,Positive
6924,dbAMP_17466,Pseudomonas aeruginosa,Positive
6925,21317.0,Pseudomonas aeruginosa,Positive
6926,dbAMP_28434,Micrococcus luteus,Positive
6927,dbAMP_23309,Salmonella enterica,Positive
6928,dbAMP_02187,Escherichia coli,Positive
6929,dbAMP_01696,Staphylococcus aureus,Positive
6930,775.0,Salmonella enterica,Positive
6931,dbAMP_10818,Bacillus subtilis,Positive
6932,dbAMP_21234,Cryptococcus neoformans,Positive
6933,dbAMP_23979,Klebsiella pneumoniae,Positive
6934,dbAMP_25009,Candida albicans,Positive
6935,dbAMP_23460,Bacillus subtilis,Positive
6936,dbAMP_21696,Micrococcus luteus,Positive
6937,dbAMP_27231,Staphylococcus epidermidis,Positive
6938,dbAMP_18050,Staphylococcus aureus,Positive
6939,dbAMP_21171,Micrococcus luteus,Positive
6940,20855.0,Acinetobacter baumannii,Positive
6941,dbAMP_23927,Staphylococcus aureus,Positive
6942,dbAMP_31810,Escherichia coli,Positive
6943,dbAMP_06017,Pseudomonas aeruginosa,Positive
6944,dbAMP_20134,Staphylococcus aureus,Positive
6945,dbAMP_00399,Cryptococcus neoformans,Positive
6946,20184.0,Escherichia coli,Positive
6947,dbAMP_16015,Pseudomonas aeruginosa,Positive
6948,dbAMP_16161,Enterococcus faecalis,Positive
6949,21581.0,Klebsiella pneumoniae,Positive
6950,dbAMP_04227,Staphylococcus aureus,Positive
6951,21472.0,Escherichia coli,Positive
6952,dbAMP_16366,Candida parapsilosis,Positive
6953,dbAMP_00387,Klebsiella pneumoniae,Positive
6954,dbAMP_02044,Candida albicans,Positive
6955,dbAMP_18695,Bacillus subtilis,Positive
6956,dbAMP_21599,Escherichia coli,Positive
6957,dbAMP_18430,Candida parapsilosis,Positive
6958,20614.0,Acinetobacter baumannii,Positive
6959,21578.0,Escherichia coli,Positive
6960,dbAMP_03591,Bacillus megaterium,Positive
6961,dbAMP_18876,Staphylococcus aureus,Positive
6962,dbAMP_17437,Candida albicans,Positive
6963,dbAMP_18100,Listeria monocytogenes,Positive
6964,dbAMP_15766,Staphylococcus aureus,Positive
6965,dbAMP_25439,Pseudomonas aeruginosa,Positive
6966,dbAMP_27429,Staphylococcus epidermidis,Positive
6967,19866.0,Staphylococcus aureus,Positive
6968,dbAMP_21119,Escherichia coli,Positive
6969,dbAMP_24953,Staphylococcus epidermidis,Positive
6970,dbAMP_14895,Pseudomonas aeruginosa,Positive
6971,19103.0,Bacillus megaterium,Positive
6972,21535.0,Bacillus subtilis,Positive
6973,dbAMP_17384,Staphylococcus aureus,Positive
6974,17328.0,Pseudomonas aeruginosa,Positive
6975,dbAMP_00214,Escherichia coli,Positive
6976,dbAMP_14831,Staphylococcus epidermidis,Positive
6977,dbAMP_11047,Staphylococcus aureus,Positive
6978,dbAMP_31207,Staphylococcus epidermidis,Positive
6979,dbAMP_27542,Bacillus cereus,Positive
6980,17470.0,Klebsiella pneumoniae,Positive
6981,dbAMP_03986,Pseudomonas aeruginosa,Positive
6982,dbAMP_01611,Micrococcus luteus,Positive
6983,dbAMP_14687,Listeria monocytogenes,Positive
6984,dbAMP_14787,Pseudomonas aeruginosa,Positive
6985,dbAMP_19229,Staphylococcus epidermidis,Positive
6986,dbAMP_17410,Escherichia coli,Positive
6987,dbAMP_04790,Candida albicans,Positive
6988,7010.0,Candida albicans,Positive
6989,dbAMP_16005,Pseudomonas aeruginosa,Positive
6990,dbAMP_17478,Pseudomonas aeruginosa,Positive
6991,260.0,Micrococcus luteus,Positive
6992,dbAMP_17147,Pseudomonas aeruginosa,Positive
6993,dbAMP_25043,Escherichia coli,Positive
6994,21470.0,Pseudomonas aeruginosa,Positive
6995,dbAMP_16326,Staphylococcus epidermidis,Positive
6996,dbAMP_16326,Pseudomonas aeruginosa,Positive
6997,dbAMP_01728,Staphylococcus aureus,Positive
6998,dbAMP_24043,Escherichia coli,Positive
6999,dbAMP_27300,Candida albicans,Positive
7000,dbAMP_17450,Pseudomonas aeruginosa,Positive
7001,dbAMP_24894,Pseudomonas aeruginosa,Positive
7002,dbAMP_23299,Salmonella enterica,Positive
7003,dbAMP_33176,Bacillus subtilis,Positive
7004,dbAMP_09656,Pseudomonas aeruginosa,Positive
7005,dbAMP_33144,Escherichia coli,Positive
7006,19517.0,Pseudomonas aeruginosa,Positive
7007,dbAMP_21673,Escherichia coli,Positive
7008,dbAMP_18154,Escherichia coli,Positive
7009,dbAMP_22544,Bacillus subtilis,Positive
7010,dbAMP_22077,Micrococcus luteus,Positive
7011,dbAMP_06084,Enterococcus faecalis,Positive
7012,dbAMP_31655,Escherichia coli,Positive
7013,dbAMP_01759,Candida albicans,Positive
7014,dbAMP_02395,Enterococcus faecalis,Positive
7015,21185.0,Staphylococcus aureus,Positive
7016,dbAMP_19773,Escherichia coli,Positive
7017,dbAMP_34298,Escherichia coli,Positive
7018,dbAMP_02709,Enterobacter cloacae,Positive
7019,dbAMP_33681,Bacillus subtilis,Positive
7020,dbAMP_19095,Bacillus subtilis,Positive
7021,dbAMP_16530,Escherichia coli,Positive
7022,dbAMP_19531,Listeria monocytogenes,Positive
7023,21499.0,Staphylococcus aureus,Positive
7024,dbAMP_33122,Escherichia coli,Positive
7025,dbAMP_25089,Micrococcus luteus,Positive
7026,dbAMP_14729,Pseudomonas aeruginosa,Positive
7027,DRAMP20877,Pseudomonas aeruginosa,Positive
7028,dbAMP_21728,Candida albicans,Positive
7029,dbAMP_20513,Escherichia coli,Positive
7030,dbAMP_31631,Pseudomonas aeruginosa,Positive
7031,dbAMP_19260,Staphylococcus epidermidis,Positive
7032,DRAMP18456,Staphylococcus epidermidis,Positive
7033,20183.0,Bacillus subtilis,Positive
7034,dbAMP_20558,Pseudomonas aeruginosa,Positive
7035,22218.0,Staphylococcus aureus,Positive
7036,dbAMP_01214,Staphylococcus aureus,Positive
7037,dbAMP_19268,Escherichia coli,Positive
7038,dbAMP_22079,Bacillus subtilis,Positive
7039,dbAMP_14782,Bacillus megaterium,Positive
7040,19244.0,Salmonella enterica,Positive
7041,19994.0,Candida albicans,Positive
7042,dbAMP_21128,Staphylococcus epidermidis,Positive
7043,dbAMP_10971,Escherichia coli,Positive
7044,dbAMP_18659,Pseudomonas aeruginosa,Positive
7045,dbAMP_18586,Pseudomonas aeruginosa,Positive
7046,10857.0,Pseudomonas aeruginosa,Positive
7047,dbAMP_04530,Pseudomonas aeruginosa,Positive
7048,20930.0,Pseudomonas aeruginosa,Positive
7049,dbAMP_21455,Salmonella enterica,Positive
7050,dbAMP_18522,Klebsiella pneumoniae,Positive
7051,dbAMP_33736,Bacillus subtilis,Positive
7052,dbAMP_17857,Pseudomonas aeruginosa,Positive
7053,dbAMP_19798,Staphylococcus aureus,Positive
7054,dbAMP_05497,Bacillus megaterium,Positive
7055,dbAMP_16492,Salmonella enterica,Positive
7056,102.0,Pseudomonas aeruginosa,Positive
7057,dbAMP_02819,Bacillus subtilis,Positive
7058,dbAMP_04734,Staphylococcus epidermidis,Positive
7059,DRAMP20776,Staphylococcus epidermidis,Positive
7060,dbAMP_18485,Escherichia coli,Positive
7061,dbAMP_05271,Acinetobacter baumannii,Positive
7062,dbAMP_14830,Pseudomonas aeruginosa,Positive
7063,dbAMP_34147,Staphylococcus aureus,Positive
7064,18169.0,Staphylococcus aureus,Positive
7065,dbAMP_11855,Candida albicans,Positive
7066,dbAMP_19285,Bacillus subtilis,Positive
7067,dbAMP_04304,Staphylococcus aureus,Positive
7068,dbAMP_24951,Bacillus subtilis,Positive
7069,dbAMP_04212,Escherichia coli,Positive
7070,dbAMP_01918,Acinetobacter baumannii,Positive
7071,21462.0,Staphylococcus aureus,Positive
7072,dbAMP_03061,Pseudomonas aeruginosa,Positive
7073,dbAMP_10584,Staphylococcus epidermidis,Positive
7074,10842.0,Staphylococcus aureus,Positive
7075,dbAMP_31632,Enterococcus faecalis,Positive
7076,dbAMP_10416,Klebsiella pneumoniae,Positive
7077,dbAMP_19386,Escherichia coli,Positive
7078,dbAMP_27107,Bacillus subtilis,Positive
7079,18755.0,Klebsiella pneumoniae,Positive
7080,DRAMP02925,Salmonella enterica,Positive
7081,18632.0,Pseudomonas aeruginosa,Positive
7082,dbAMP_17490,Escherichia coli,Positive
7083,dbAMP_17570,Salmonella enterica,Positive
7084,dbAMP_04785,Escherichia coli,Positive
7085,19486.0,Acinetobacter baumannii,Positive
7086,dbAMP_12093,Escherichia coli,Positive
7087,18645.0,Staphylococcus aureus,Positive
7088,dbAMP_22618,Staphylococcus aureus,Positive
7089,dbAMP_31809,Escherichia coli,Positive
7090,19883.0,Escherichia coli,Positive
7091,dbAMP_32935,Staphylococcus aureus,Positive
7092,20582.0,Listeria monocytogenes,Positive
7093,dbAMP_14791,Staphylococcus aureus,Positive
7094,dbAMP_14775,Bacillus subtilis,Positive
7095,20060.0,Staphylococcus aureus,Positive
7096,dbAMP_25441,Escherichia coli,Positive
7097,20631.0,Salmonella enterica,Positive
7098,dbAMP_19412,Escherichia coli,Positive
7099,dbAMP_10781,Candida albicans,Positive
7100,dbAMP_18851,Pseudomonas aeruginosa,Positive
7101,dbAMP_22699,Bacillus subtilis,Positive
7102,dbAMP_01653,Listeria monocytogenes,Positive
7103,dbAMP_04929,Pseudomonas aeruginosa,Positive
7104,21982.0,Staphylococcus aureus,Positive
7105,20296.0,Acinetobacter baumannii,Positive
7106,dbAMP_14805,Escherichia coli,Positive
7107,dbAMP_25429,Escherichia coli,Positive
7108,dbAMP_22030,Escherichia coli,Positive
7109,dbAMP_20743,Staphylococcus aureus,Positive
7110,dbAMP_27063,Staphylococcus aureus,Positive
7111,21034.0,Candida albicans,Positive
7112,dbAMP_34039,Staphylococcus epidermidis,Positive
7113,dbAMP_17230,Staphylococcus aureus,Positive
7114,19610.0,Staphylococcus aureus,Positive
7115,dbAMP_17571,Staphylococcus aureus,Positive
7116,dbAMP_18588,Escherichia coli,Positive
7117,dbAMP_23326,Staphylococcus aureus,Positive
7118,dbAMP_32293,Pseudomonas aeruginosa,Positive
7119,dbAMP_22694,Escherichia coli,Positive
7120,dbAMP_23129,Pseudomonas aeruginosa,Positive
7121,21530.0,Enterococcus faecium,Positive
7122,22236.0,Staphylococcus aureus,Positive
7123,dbAMP_27306,Klebsiella pneumoniae,Positive
7124,20885.0,Pseudomonas aeruginosa,Positive
7125,dbAMP_04605,Escherichia coli,Positive
7126,dbAMP_01787,Staphylococcus aureus,Positive
7127,22215.0,Staphylococcus aureus,Positive
7128,dbAMP_17148,Acinetobacter baumannii,Positive
7129,dbAMP_16768,Staphylococcus epidermidis,Positive
7130,3807.0,Staphylococcus aureus,Positive
7131,dbAMP_22901,Staphylococcus epidermidis,Positive
7132,dbAMP_17640,Bacillus subtilis,Positive
7133,dbAMP_23978,Escherichia coli,Positive
7134,dbAMP_33683,Staphylococcus epidermidis,Positive
7135,dbAMP_18826,Staphylococcus aureus,Positive
7136,17514.0,Pseudomonas aeruginosa,Positive
7137,dbAMP_19977,Escherichia coli,Positive
7138,dbAMP_17138,Enterococcus faecalis,Positive
7139,22281.0,Pseudomonas aeruginosa,Positive
7140,dbAMP_22528,Klebsiella pneumoniae,Positive
7141,dbAMP_21014,Pseudomonas aeruginosa,Positive
7142,dbAMP_28230,Enterococcus faecalis,Positive
7143,dbAMP_23355,Escherichia coli,Positive
7144,dbAMP_17461,Bacillus subtilis,Positive
7145,dbAMP_17333,Salmonella enterica,Positive
7146,dbAMP_11932,Staphylococcus aureus,Positive
7147,dbAMP_03891,Candida albicans,Positive
7148,19225.0,Listeria monocytogenes,Positive
7149,dbAMP_22621,Staphylococcus epidermidis,Positive
7150,dbAMP_19529,Staphylococcus aureus,Positive
7151,DRAMP02923,Staphylococcus aureus,Positive
7152,dbAMP_21119,Acinetobacter baumannii,Positive
7153,dbAMP_16095,Candida albicans,Positive
7154,dbAMP_03330,Staphylococcus epidermidis,Positive
7155,dbAMP_15941,Staphylococcus aureus,Positive
7156,dbAMP_32468,Bacillus subtilis,Positive
7157,dbAMP_19360,Salmonella enterica,Positive
7158,dbAMP_24538,Pseudomonas aeruginosa,Positive
7159,dbAMP_14719,Pseudomonas aeruginosa,Positive
7160,dbAMP_19302,Escherichia coli,Positive
7161,21531.0,Acinetobacter baumannii,Positive
7162,dbAMP_27300,Staphylococcus aureus,Positive
7163,20630.0,Bacillus subtilis,Positive
7164,dbAMP_17118,Escherichia coli,Positive
7165,dbAMP_16745,Enterococcus faecium,Positive
7166,DRAMP01588,Micrococcus luteus,Positive
7167,dbAMP_10527,Salmonella enterica,Positive
7168,dbAMP_25091,Klebsiella pneumoniae,Positive
7169,dbAMP_17733,Candida albicans,Positive
7170,dbAMP_14729,Staphylococcus epidermidis,Positive
7171,dbAMP_19166,Escherichia coli,Positive
7172,dbAMP_31709,Micrococcus luteus,Positive
7173,dbAMP_18100,Acinetobacter baumannii,Positive
7174,20040.0,Staphylococcus aureus,Positive
7175,dbAMP_03760,Salmonella enterica,Positive
7176,dbAMP_18990,Staphylococcus aureus,Positive
7177,DRAMP02349,Escherichia coli,Positive
7178,dbAMP_01022,Candida albicans,Positive
7179,dbAMP_21285,Staphylococcus aureus,Positive
7180,dbAMP_20793,Candida albicans,Positive
7181,dbAMP_10546,Candida albicans,Positive
7182,dbAMP_28803,Pseudomonas aeruginosa,Positive
7183,19488.0,Acinetobacter baumannii,Positive
7184,dbAMP_18233,Cryptococcus neoformans,Positive
7185,dbAMP_20567,Bacillus subtilis,Positive
7186,17327.0,Pseudomonas aeruginosa,Positive
7187,dbAMP_31707,Candida albicans,Positive
7188,dbAMP_17655,Bacillus subtilis,Positive
7189,DRAMP02017,Escherichia coli,Positive
7190,dbAMP_14812,Escherichia coli,Positive
7191,dbAMP_02375,Staphylococcus aureus,Positive
7192,dbAMP_23296,Micrococcus luteus,Positive
7193,dbAMP_15772,Escherichia coli,Positive
7194,19684.0,Acinetobacter baumannii,Positive
7195,20148.0,Bacillus subtilis,Positive
7196,20819.0,Staphylococcus aureus,Positive
7197,dbAMP_14890,Pseudomonas aeruginosa,Positive
7198,20503.0,Acinetobacter baumannii,Positive
7199,dbAMP_00784,Bacillus subtilis,Positive
7200,20004.0,Escherichia coli,Positive
7201,dbAMP_23142,Escherichia coli,Positive
7202,dbAMP_33020,Pseudomonas aeruginosa,Positive
7203,18234.0,Candida parapsilosis,Positive
7204,19670.0,Pseudomonas aeruginosa,Positive
7205,dbAMP_22815,Candida albicans,Positive
7206,dbAMP_10653,Cryptococcus neoformans,Positive
7207,dbAMP_27180,Candida albicans,Positive
7208,21527.0,Bacillus subtilis,Positive
7209,dbAMP_21298,Escherichia coli,Positive
7210,12612.0,Klebsiella pneumoniae,Positive
7211,dbAMP_18068,Bacillus subtilis,Positive
7212,dbAMP_22797,Bacillus subtilis,Positive
7213,dbAMP_22593,Bacillus subtilis,Positive
7214,6751.0,Staphylococcus aureus,Positive
7215,dbAMP_04636,Escherichia coli,Positive
7216,dbAMP_16083,Pseudomonas aeruginosa,Positive
7217,1004.0,Enterobacter cloacae,Positive
7218,22247.0,Pseudomonas aeruginosa,Positive
7219,dbAMP_16049,Staphylococcus epidermidis,Positive
7220,dbAMP_00313,Listeria monocytogenes,Positive
7221,dbAMP_01771,Staphylococcus aureus,Positive
7222,dbAMP_03609,Staphylococcus aureus,Positive
7223,dbAMP_16389,Pseudomonas aeruginosa,Positive
7224,dbAMP_20477,Pseudomonas aeruginosa,Positive
7225,dbAMP_19161,Escherichia coli,Positive
7226,dbAMP_25268,Pseudomonas aeruginosa,Positive
7227,19902.0,Acinetobacter baumannii,Positive
7228,dbAMP_32935,Bacillus subtilis,Positive
7229,dbAMP_04343,Salmonella enterica,Positive
7230,19683.0,Pseudomonas aeruginosa,Positive
7231,dbAMP_23989,Pseudomonas aeruginosa,Positive
7232,dbAMP_17573,Candida albicans,Positive
7233,dbAMP_27421,Enterococcus faecalis,Positive
7234,dbAMP_19268,Enterococcus faecalis,Positive
7235,dbAMP_23762,Klebsiella pneumoniae,Positive
7236,dbAMP_20538,Bacillus subtilis,Positive
7237,dbAMP_01840,Enterococcus faecalis,Positive
7238,dbAMP_14825,Enterococcus faecalis,Positive
7239,dbAMP_22957,Escherichia coli,Positive
7240,20158.0,Enterococcus faecalis,Positive
7241,dbAMP_31861,Staphylococcus aureus,Positive
7242,21410.0,Klebsiella pneumoniae,Positive
7243,dbAMP_27442,Bacillus subtilis,Positive
7244,dbAMP_15860,Bacillus subtilis,Positive
7245,dbAMP_27368,Bacillus subtilis,Positive
7246,dbAMP_19791,Candida albicans,Positive
7247,dbAMP_33176,Staphylococcus aureus,Positive
7248,dbAMP_23287,Salmonella enterica,Positive
7249,dbAMP_11062,Candida albicans,Positive
7250,dbAMP_18533,Escherichia coli,Positive
7251,dbAMP_25359,Pseudomonas aeruginosa,Positive
7252,dbAMP_20117,Klebsiella pneumoniae,Positive
7253,22372.0,Acinetobacter baumannii,Positive
7254,19615.0,Enterococcus faecalis,Positive
7255,dbAMP_19311,Listeria monocytogenes,Positive
7256,dbAMP_11035,Staphylococcus aureus,Positive
7257,20067.0,Bacillus megaterium,Positive
7258,DRAMP03875,Enterococcus faecalis,Positive
7259,dbAMP_19350,Pseudomonas aeruginosa,Positive
7260,dbAMP_18874,Listeria monocytogenes,Positive
7261,dbAMP_21404,Pseudomonas aeruginosa,Positive
7262,dbAMP_33692,Pseudomonas aeruginosa,Positive
7263,20598.0,Candida albicans,Positive
7264,dbAMP_04456,Staphylococcus aureus,Positive
7265,dbAMP_11970,Pseudomonas aeruginosa,Positive
7266,dbAMP_18448,Salmonella enterica,Positive
7267,dbAMP_16862,Staphylococcus aureus,Positive
7268,17509.0,Pseudomonas aeruginosa,Positive
7269,dbAMP_18450,Pseudomonas aeruginosa,Positive
7270,dbAMP_03695,Enterobacter cloacae,Positive
7271,dbAMP_23310,Staphylococcus aureus,Positive
7272,20934.0,Acinetobacter baumannii,Positive
7273,dbAMP_21706,Salmonella enterica,Positive
7274,dbAMP_18072,Staphylococcus aureus,Positive
7275,dbAMP_03658,Staphylococcus aureus,Positive
7276,dbAMP_31800,Staphylococcus aureus,Positive
7277,dbAMP_21596,Staphylococcus aureus,Positive
7278,dbAMP_22258,Escherichia coli,Positive
7279,dbAMP_00078,Candida parapsilosis,Positive
7280,dbAMP_23924,Enterococcus faecalis,Positive
7281,dbAMP_16037,Escherichia coli,Positive
7282,dbAMP_19296,Candida albicans,Positive
7283,20581.0,Bacillus cereus,Positive
7284,dbAMP_33001,Bacillus subtilis,Positive
7285,dbAMP_27101,Pseudomonas aeruginosa,Positive
7286,9125.0,Enterococcus faecalis,Positive
7287,dbAMP_22189,Escherichia coli,Positive
7288,dbAMP_03431,Candida albicans,Positive
7289,dbAMP_18889,Staphylococcus aureus,Positive
7290,dbAMP_02635,Staphylococcus aureus,Positive
7291,dbAMP_23226,Staphylococcus aureus,Positive
7292,20254.0,Listeria monocytogenes,Positive
7293,21788.0,Staphylococcus aureus,Positive
7294,15048.0,Pseudomonas aeruginosa,Positive
7295,dbAMP_15783,Candida albicans,Positive
7296,481.0,Staphylococcus epidermidis,Positive
7297,dbAMP_02035,Staphylococcus aureus,Positive
7298,dbAMP_03643,Salmonella enterica,Positive
7299,dbAMP_14718,Salmonella enterica,Positive
7300,dbAMP_23072,Bacillus megaterium,Positive
7301,dbAMP_19217,Escherichia coli,Positive
7302,dbAMP_01840,Micrococcus luteus,Positive
7303,dbAMP_19798,Escherichia coli,Positive
7304,dbAMP_32456,Enterococcus faecium,Positive
7305,dbAMP_16633,Cryptococcus neoformans,Positive
7306,dbAMP_21226,Staphylococcus epidermidis,Positive
7307,dbAMP_19305,Pseudomonas aeruginosa,Positive
7308,dbAMP_27656,Staphylococcus epidermidis,Positive
7309,dbAMP_22614,Escherichia coli,Positive
7310,21998.0,Escherichia coli,Positive
7311,20933.0,Staphylococcus aureus,Positive
7312,dbAMP_10403,Bacillus subtilis,Positive
7313,dbAMP_02117,Bacillus subtilis,Positive
7314,dbAMP_11600,Bacillus subtilis,Positive
7315,dbAMP_23282,Klebsiella pneumoniae,Positive
7316,dbAMP_19305,Staphylococcus aureus,Positive
7317,dbAMP_16172,Bacillus subtilis,Positive
7318,18070.0,Klebsiella pneumoniae,Positive
7319,dbAMP_02445,Staphylococcus aureus,Positive
7320,dbAMP_32315,Pseudomonas aeruginosa,Positive
7321,dbAMP_24871,Staphylococcus epidermidis,Positive
7322,dbAMP_00315,Listeria monocytogenes,Positive
7323,dbAMP_18240,Escherichia coli,Positive
7324,dbAMP_23418,Bacillus subtilis,Positive
7325,21744.0,Escherichia coli,Positive
7326,dbAMP_04933,Escherichia coli,Positive
7327,19830.0,Staphylococcus aureus,Positive
7328,21698.0,Escherichia coli,Positive
7329,dbAMP_05873,Staphylococcus aureus,Positive
7330,dbAMP_05895,Pseudomonas aeruginosa,Positive
7331,dbAMP_23957,Salmonella enterica,Positive
7332,20276.0,Pseudomonas aeruginosa,Positive
7333,dbAMP_01673,Staphylococcus aureus,Positive
7334,dbAMP_16392,Pseudomonas aeruginosa,Positive
7335,18812.0,Enterococcus faecalis,Positive
7336,20059.0,Klebsiella pneumoniae,Positive
7337,dbAMP_32616,Staphylococcus epidermidis,Positive
7338,dbAMP_16115,Candida albicans,Positive
7339,dbAMP_27113,Staphylococcus epidermidis,Positive
7340,dbAMP_22780,Staphylococcus epidermidis,Positive
7341,dbAMP_14880,Escherichia coli,Positive
7342,dbAMP_34591,Salmonella enterica,Positive
7343,dbAMP_12052,Escherichia coli,Positive
7344,dbAMP_33079,Acinetobacter baumannii,Positive
7345,dbAMP_33196,Candida albicans,Positive
7346,dbAMP_10970,Candida albicans,Positive
7347,dbAMP_17516,Escherichia coli,Positive
7348,dbAMP_25423,Staphylococcus aureus,Positive
7349,dbAMP_04602,Staphylococcus epidermidis,Positive
7350,dbAMP_25017,Escherichia coli,Positive
7351,dbAMP_01785,Staphylococcus aureus,Positive
7352,17407.0,Staphylococcus aureus,Positive
7353,dbAMP_21233,Klebsiella pneumoniae,Positive
7354,dbAMP_14822,Candida albicans,Positive
7355,dbAMP_21409,Escherichia coli,Positive
7356,dbAMP_02578,Listeria monocytogenes,Positive
7357,dbAMP_32620,Staphylococcus aureus,Positive
7358,20575.0,Acinetobacter baumannii,Positive
7359,dbAMP_01910,Staphylococcus aureus,Positive
7360,dbAMP_03640,Enterococcus faecium,Positive
7361,dbAMP_05895,Staphylococcus epidermidis,Positive
7362,dbAMP_25255,Escherichia coli,Positive
7363,dbAMP_00400,Cryptococcus neoformans,Positive
7364,dbAMP_17289,Escherichia coli,Positive
7365,dbAMP_10842,Candida albicans,Positive
7366,DRAMP02361,Salmonella enterica,Positive
7367,dbAMP_16539,Bacillus subtilis,Positive
7368,dbAMP_25353,Staphylococcus aureus,Positive
7369,dbAMP_20926,Klebsiella pneumoniae,Positive
7370,dbAMP_15953,Cryptococcus neoformans,Positive
7371,19937.0,Staphylococcus aureus,Positive
7372,dbAMP_18956,Staphylococcus aureus,Positive
7373,dbAMP_17420,Escherichia coli,Positive
7374,dbAMP_10598,Escherichia coli,Positive
7375,dbAMP_18665,Pseudomonas aeruginosa,Positive
7376,dbAMP_03613,Enterococcus faecalis,Positive
7377,dbAMP_05287,Listeria monocytogenes,Positive
7378,dbAMP_24145,Enterococcus faecium,Positive
7379,dbAMP_33297,Staphylococcus epidermidis,Positive
7380,dbAMP_23943,Pseudomonas aeruginosa,Positive
7381,17427.0,Pseudomonas aeruginosa,Positive
7382,dbAMP_03967,Staphylococcus aureus,Positive
7383,21725.0,Escherichia coli,Positive
7384,dbAMP_11232,Candida albicans,Positive
7385,dbAMP_16786,Escherichia coli,Positive
7386,dbAMP_21081,Pseudomonas aeruginosa,Positive
7387,dbAMP_31631,Escherichia coli,Positive
7388,21464.0,Pseudomonas aeruginosa,Positive
7389,dbAMP_20546,Escherichia coli,Positive
7390,dbAMP_21450,Escherichia coli,Positive
7391,dbAMP_14873,Pseudomonas aeruginosa,Positive
7392,dbAMP_22365,Escherichia coli,Positive
7393,dbAMP_03651,Bacillus cereus,Positive
7394,dbAMP_27604,Candida albicans,Positive
7395,dbAMP_16424,Enterococcus faecalis,Positive
7396,dbAMP_00407,Bacillus megaterium,Positive
7397,dbAMP_17575,Listeria monocytogenes,Positive
7398,dbAMP_17964,Escherichia coli,Positive
7399,dbAMP_14730,Enterococcus faecalis,Positive
7400,dbAMP_11247,Escherichia coli,Positive
7401,dbAMP_31183,Klebsiella pneumoniae,Positive
7402,dbAMP_24575,Micrococcus luteus,Positive
7403,dbAMP_23814,Staphylococcus aureus,Positive
7404,4201.0,Klebsiella pneumoniae,Positive
7405,dbAMP_00258,Pseudomonas aeruginosa,Positive
7406,19700.0,Escherichia coli,Positive
7407,19639.0,Pseudomonas aeruginosa,Positive
7408,dbAMP_15969,Bacillus subtilis,Positive
7409,dbAMP_03982,Escherichia coli,Positive
7410,dbAMP_27347,Staphylococcus epidermidis,Positive
7411,dbAMP_17858,Pseudomonas aeruginosa,Positive
7412,dbAMP_04635,Staphylococcus aureus,Positive
7413,dbAMP_33698,Enterococcus faecalis,Positive
7414,dbAMP_04577,Escherichia coli,Positive
7415,dbAMP_15789,Pseudomonas aeruginosa,Positive
7416,dbAMP_16378,Acinetobacter baumannii,Positive
7417,dbAMP_20724,Salmonella enterica,Positive
7418,dbAMP_15897,Enterococcus faecalis,Positive
7419,dbAMP_28183,Candida albicans,Positive
7420,dbAMP_16086,Staphylococcus aureus,Positive
7421,dbAMP_18992,Staphylococcus aureus,Positive
7422,2583.0,Staphylococcus aureus,Positive
7423,dbAMP_15896,Bacillus cereus,Positive
7424,dbAMP_03752,Escherichia coli,Positive
7425,DRAMP01479,Candida albicans,Positive
7426,dbAMP_21825,Escherichia coli,Positive
7427,dbAMP_21439,Escherichia coli,Positive
7428,dbAMP_03658,Acinetobacter baumannii,Positive
7429,dbAMP_10187,Enterococcus faecalis,Positive
7430,dbAMP_15824,Staphylococcus aureus,Positive
7431,dbAMP_22817,Pseudomonas aeruginosa,Positive
7432,dbAMP_16038,Staphylococcus aureus,Positive
7433,dbAMP_22905,Bacillus subtilis,Positive
7434,dbAMP_27408,Pseudomonas aeruginosa,Positive
7435,dbAMP_10311,Enterococcus faecalis,Positive
7436,dbAMP_16665,Pseudomonas aeruginosa,Positive
7437,dbAMP_05205,Acinetobacter baumannii,Positive
7438,8921.0,Klebsiella pneumoniae,Positive
7439,dbAMP_14850,Escherichia coli,Positive
7440,dbAMP_27637,Acinetobacter baumannii,Positive
7441,dbAMP_19277,Pseudomonas aeruginosa,Positive
7442,dbAMP_02778,Micrococcus luteus,Positive
7443,20160.0,Escherichia coli,Positive
7444,dbAMP_00407,Staphylococcus aureus,Positive
7445,3116.0,Acinetobacter baumannii,Positive
7446,DRAMP03278,Staphylococcus aureus,Positive
7447,dbAMP_16508,Pseudomonas aeruginosa,Positive
7448,dbAMP_19550,Bacillus subtilis,Positive
7449,dbAMP_10980,Candida albicans,Positive
7450,dbAMP_11855,Pseudomonas aeruginosa,Positive
7451,dbAMP_01916,Staphylococcus aureus,Positive
7452,19705.0,Escherichia coli,Positive
7453,dbAMP_22485,Salmonella enterica,Positive
7454,dbAMP_21280,Pseudomonas aeruginosa,Positive
7455,dbAMP_33105,Acinetobacter baumannii,Positive
7456,dbAMP_16153,Bacillus subtilis,Positive
7457,dbAMP_24276,Escherichia coli,Positive
7458,21523.0,Escherichia coli,Positive
7459,dbAMP_31708,Escherichia coli,Positive
7460,dbAMP_32316,Escherichia coli,Positive
7461,dbAMP_19809,Staphylococcus aureus,Positive
7462,17706.0,Salmonella enterica,Positive
7463,dbAMP_10846,Staphylococcus aureus,Positive
7464,dbAMP_16862,Escherichia coli,Positive
7465,19576.0,Escherichia coli,Positive
7466,dbAMP_16003,Escherichia coli,Positive
7467,dbAMP_16785,Bacillus subtilis,Positive
7468,dbAMP_16523,Candida albicans,Positive
7469,dbAMP_27313,Staphylococcus aureus,Positive
7470,14868.0,Pseudomonas aeruginosa,Positive
7471,dbAMP_21978,Enterococcus faecalis,Positive
7472,dbAMP_17393,Staphylococcus aureus,Positive
7473,11838.0,Salmonella enterica,Positive
7474,dbAMP_01660,Bacillus subtilis,Positive
7475,17105.0,Escherichia coli,Positive
7476,dbAMP_20286,Escherichia coli,Positive
7477,dbAMP_22627,Staphylococcus aureus,Positive
7478,dbAMP_01706,Pseudomonas aeruginosa,Positive
7479,dbAMP_20322,Staphylococcus aureus,Positive
7480,dbAMP_33926,Bacillus cereus,Positive
7481,dbAMP_18209,Salmonella enterica,Positive
7482,14037.0,Pseudomonas aeruginosa,Positive
7483,dbAMP_17188,Candida albicans,Positive
7484,dbAMP_22039,Bacillus subtilis,Positive
7485,22278.0,Pseudomonas aeruginosa,Positive
7486,dbAMP_18619,Escherichia coli,Positive
7487,dbAMP_18109,Escherichia coli,Positive
7488,dbAMP_03082,Escherichia coli,Positive
7489,dbAMP_00972,Escherichia coli,Positive
7490,19560.0,Salmonella enterica,Positive
7491,21721.0,Staphylococcus aureus,Positive
7492,18125.0,Bacillus subtilis,Positive
7493,dbAMP_27656,Pseudomonas aeruginosa,Positive
7494,dbAMP_19287,Staphylococcus aureus,Positive
7495,17226.0,Pseudomonas aeruginosa,Positive
7496,dbAMP_19241,Pseudomonas aeruginosa,Positive
7497,20630.0,Staphylococcus epidermidis,Positive
7498,17846.0,Escherichia coli,Positive
7499,dbAMP_11573,Staphylococcus epidermidis,Positive
7500,5368.0,Candida albicans,Positive
7501,dbAMP_23582,Escherichia coli,Positive
7502,20269.0,Escherichia coli,Positive
7503,dbAMP_16246,Staphylococcus aureus,Positive
7504,18295.0,Enterobacter cloacae,Positive
7505,dbAMP_05730,Escherichia coli,Positive
7506,DRAMP03599,Escherichia coli,Positive
7507,dbAMP_21522,Escherichia coli,Positive
7508,dbAMP_00387,Enterococcus faecalis,Positive
7509,14950.0,Salmonella enterica,Positive
7510,dbAMP_09888,Escherichia coli,Positive
7511,dbAMP_05895,Escherichia coli,Positive
7512,dbAMP_27370,Pseudomonas aeruginosa,Positive
7513,dbAMP_27289,Staphylococcus aureus,Positive
7514,dbAMP_23127,Salmonella enterica,Positive
7515,dbAMP_17806,Pseudomonas aeruginosa,Positive
7516,dbAMP_20382,Escherichia coli,Positive
7517,22097.0,Enterococcus faecalis,Positive
7518,dbAMP_22167,Pseudomonas aeruginosa,Positive
7519,dbAMP_02617,Staphylococcus epidermidis,Positive
7520,19679.0,Klebsiella pneumoniae,Positive
7521,dbAMP_06085,Staphylococcus aureus,Positive
7522,dbAMP_21220,Salmonella enterica,Positive
7523,dbAMP_20754,Bacillus subtilis,Positive
7524,dbAMP_15981,Bacillus subtilis,Positive
7525,dbAMP_04644,Escherichia coli,Positive
7526,dbAMP_19590,Escherichia coli,Positive
7527,dbAMP_27542,Staphylococcus aureus,Positive
7528,dbAMP_17104,Klebsiella pneumoniae,Positive
7529,19705.0,Klebsiella pneumoniae,Positive
7530,dbAMP_21462,Bacillus subtilis,Positive
7531,21700.0,Acinetobacter baumannii,Positive
7532,dbAMP_04218,Staphylococcus aureus,Positive
7533,20578.0,Escherichia coli,Positive
7534,8830.0,Enterobacter cloacae,Positive
7535,dbAMP_05715,Listeria monocytogenes,Positive
7536,dbAMP_19425,Escherichia coli,Positive
7537,DRAMP01497,Candida albicans,Positive
7538,19672.0,Klebsiella pneumoniae,Positive
7539,18855.0,Escherichia coli,Positive
7540,dbAMP_04263,Pseudomonas aeruginosa,Positive
7541,dbAMP_34583,Candida albicans,Positive
7542,dbAMP_18586,Bacillus subtilis,Positive
7543,dbAMP_05221,Pseudomonas aeruginosa,Positive
7544,dbAMP_19690,Escherichia coli,Positive
7545,dbAMP_15811,Candida albicans,Positive
7546,dbAMP_16316,Bacillus subtilis,Positive
7547,dbAMP_31187,Bacillus subtilis,Positive
7548,19267.0,Escherichia coli,Positive
7549,dbAMP_21960,Staphylococcus aureus,Positive
7550,dbAMP_33108,Pseudomonas aeruginosa,Positive
7551,dbAMP_33631,Bacillus subtilis,Positive
7552,DRAMP03750,Micrococcus luteus,Positive
7553,dbAMP_23132,Enterococcus faecalis,Positive
7554,dbAMP_21768,Pseudomonas aeruginosa,Positive
7555,dbAMP_04472,Staphylococcus aureus,Positive
7556,dbAMP_33099,Staphylococcus epidermidis,Positive
7557,19855.0,Staphylococcus aureus,Positive
7558,dbAMP_20272,Escherichia coli,Positive
7559,dbAMP_18701,Pseudomonas aeruginosa,Positive
7560,dbAMP_33598,Candida parapsilosis,Positive
7561,19119.0,Pseudomonas aeruginosa,Positive
7562,dbAMP_10918,Micrococcus luteus,Positive
7563,4999.0,Pseudomonas aeruginosa,Positive
7564,dbAMP_03287,Staphylococcus aureus,Positive
7565,dbAMP_03793,Staphylococcus aureus,Positive
7566,dbAMP_17364,Staphylococcus epidermidis,Positive
7567,dbAMP_19294,Escherichia coli,Positive
7568,dbAMP_25035,Staphylococcus aureus,Positive
7569,dbAMP_02182,Escherichia coli,Positive
7570,18789.0,Klebsiella pneumoniae,Positive
7571,dbAMP_16060,Escherichia coli,Positive
7572,dbAMP_21405,Salmonella enterica,Positive
7573,dbAMP_22800,Enterococcus faecalis,Positive
7574,dbAMP_02387,Staphylococcus aureus,Positive
7575,21971.0,Escherichia coli,Positive
7576,dbAMP_02661,Staphylococcus aureus,Positive
7577,dbAMP_11177,Pseudomonas aeruginosa,Positive
7578,dbAMP_34040,Staphylococcus aureus,Positive
7579,20544.0,Listeria monocytogenes,Positive
7580,20121.0,Escherichia coli,Positive
7581,DRAMP02929,Staphylococcus aureus,Positive
7582,dbAMP_20375,Pseudomonas aeruginosa,Positive
7583,dbAMP_22113,Escherichia coli,Positive
7584,dbAMP_33222,Pseudomonas aeruginosa,Positive
7585,19944.0,Staphylococcus epidermidis,Positive
7586,20329.0,Salmonella enterica,Positive
7587,dbAMP_23258,Bacillus subtilis,Positive
7588,dbAMP_31807,Staphylococcus aureus,Positive
7589,4699.0,Enterococcus faecalis,Positive
7590,dbAMP_04584,Escherichia coli,Positive
7591,dbAMP_31311,Acinetobacter baumannii,Positive
7592,852.0,Staphylococcus epidermidis,Positive
7593,dbAMP_20788,Staphylococcus epidermidis,Positive
7594,19603.0,Bacillus subtilis,Positive
7595,dbAMP_15863,Escherichia coli,Positive
7596,DRAMP02873,Candida albicans,Positive
7597,dbAMP_04300,Micrococcus luteus,Positive
7598,dbAMP_25422,Staphylococcus aureus,Positive
7599,21857.0,Escherichia coli,Positive
7600,dbAMP_17717,Enterococcus faecalis,Positive
7601,dbAMP_19122,Listeria monocytogenes,Positive
7602,dbAMP_22621,Staphylococcus aureus,Positive
7603,21050.0,Staphylococcus aureus,Positive
7604,dbAMP_20331,Escherichia coli,Positive
7605,dbAMP_03758,Escherichia coli,Positive
7606,dbAMP_18931,Escherichia coli,Positive
7607,dbAMP_05723,Staphylococcus aureus,Positive
7608,dbAMP_22903,Staphylococcus epidermidis,Positive
7609,dbAMP_20535,Klebsiella pneumoniae,Positive
7610,dbAMP_16139,Escherichia coli,Positive
7611,17530.0,Escherichia coli,Positive
7612,19945.0,Pseudomonas aeruginosa,Positive
7613,17434.0,Pseudomonas aeruginosa,Positive
7614,dbAMP_24464,Candida albicans,Positive
7615,dbAMP_17931,Klebsiella pneumoniae,Positive
7616,dbAMP_19863,Salmonella enterica,Positive
7617,dbAMP_18947,Pseudomonas aeruginosa,Positive
7618,dbAMP_24330,Escherichia coli,Positive
7619,dbAMP_25067,Bacillus subtilis,Positive
7620,dbAMP_00407,Bacillus subtilis,Positive
7621,dbAMP_18877,Staphylococcus epidermidis,Positive
7622,dbAMP_04842,Staphylococcus epidermidis,Positive
7623,4203.0,Bacillus subtilis,Positive
7624,dbAMP_05517,Pseudomonas aeruginosa,Positive
7625,dbAMP_23927,Escherichia coli,Positive
7626,20612.0,Enterococcus faecalis,Positive
7627,dbAMP_14793,Bacillus megaterium,Positive
7628,dbAMP_33136,Salmonella enterica,Positive
7629,dbAMP_16235,Acinetobacter baumannii,Positive
7630,dbAMP_19256,Pseudomonas aeruginosa,Positive
7631,dbAMP_16046,Escherichia coli,Positive
7632,dbAMP_19419,Escherichia coli,Positive
7633,dbAMP_01785,Candida albicans,Positive
7634,dbAMP_20374,Staphylococcus aureus,Positive
7635,19900.0,Escherichia coli,Positive
7636,dbAMP_03165,Candida albicans,Positive
7637,dbAMP_19048,Escherichia coli,Positive
7638,dbAMP_17197,Escherichia coli,Positive
7639,dbAMP_15831,Micrococcus luteus,Positive
7640,dbAMP_27451,Escherichia coli,Positive
7641,dbAMP_20532,Escherichia coli,Positive
7642,dbAMP_04601,Bacillus subtilis,Positive
7643,dbAMP_27425,Escherichia coli,Positive
7644,dbAMP_22487,Pseudomonas aeruginosa,Positive
7645,dbAMP_18065,Pseudomonas aeruginosa,Positive
7646,20933.0,Escherichia coli,Positive
7647,dbAMP_33100,Pseudomonas aeruginosa,Positive
7648,dbAMP_28801,Escherichia coli,Positive
7649,dbAMP_23142,Cryptococcus neoformans,Positive
7650,dbAMP_23939,Salmonella enterica,Positive
7651,19670.0,Enterobacter cloacae,Positive
7652,dbAMP_03408,Staphylococcus aureus,Positive
7653,20152.0,Escherichia coli,Positive
7654,21465.0,Acinetobacter baumannii,Positive
7655,dbAMP_24867,Bacillus subtilis,Positive
7656,dbAMP_05955,Candida albicans,Positive
7657,dbAMP_20546,Klebsiella pneumoniae,Positive
7658,dbAMP_02545,Micrococcus luteus,Positive
7659,DRAMP02912,Klebsiella pneumoniae,Positive
7660,dbAMP_15852,Micrococcus luteus,Positive
7661,dbAMP_15992,Acinetobacter baumannii,Positive
7662,dbAMP_10526,Staphylococcus aureus,Positive
7663,dbAMP_23541,Staphylococcus aureus,Positive
7664,dbAMP_27936,Staphylococcus epidermidis,Positive
7665,dbAMP_16091,Micrococcus luteus,Positive
7666,dbAMP_11278,Candida albicans,Positive
7667,dbAMP_17545,Staphylococcus aureus,Positive
7668,dbAMP_01766,Staphylococcus aureus,Positive
7669,dbAMP_15968,Escherichia coli,Positive
7670,20539.0,Escherichia coli,Positive
7671,dbAMP_23099,Escherichia coli,Positive
7672,4584.0,Pseudomonas aeruginosa,Positive
7673,dbAMP_17290,Candida albicans,Positive
7674,19284.0,Enterococcus faecalis,Positive
7675,dbAMP_23559,Klebsiella pneumoniae,Positive
7676,17241.0,Pseudomonas aeruginosa,Positive
7677,dbAMP_04238,Staphylococcus aureus,Positive
7678,dbAMP_17188,Pseudomonas aeruginosa,Positive
7679,10295.0,Candida albicans,Positive
7680,dbAMP_24030,Escherichia coli,Positive
7681,dbAMP_23469,Klebsiella pneumoniae,Positive
7682,dbAMP_19157,Escherichia coli,Positive
7683,dbAMP_23312,Escherichia coli,Positive
7684,dbAMP_11730,Pseudomonas aeruginosa,Positive
7685,dbAMP_03069,Escherichia coli,Positive
7686,dbAMP_24368,Pseudomonas aeruginosa,Positive
7687,dbAMP_24520,Enterococcus faecalis,Positive
7688,dbAMP_10721,Bacillus subtilis,Positive
7689,dbAMP_24044,Enterococcus faecium,Positive
7690,dbAMP_01948,Escherichia coli,Positive
7691,dbAMP_06675,Staphylococcus epidermidis,Positive
7692,20173.0,Escherichia coli,Positive
7693,dbAMP_10549,Acinetobacter baumannii,Positive
7694,dbAMP_31704,Enterococcus faecium,Positive
7695,19500.0,Escherichia coli,Positive
7696,dbAMP_05272,Candida albicans,Positive
7697,dbAMP_01964,Bacillus megaterium,Positive
7698,dbAMP_16767,Escherichia coli,Positive
7699,dbAMP_05645,Micrococcus luteus,Positive
7700,20292.0,Acinetobacter baumannii,Positive
7701,20932.0,Acinetobacter baumannii,Positive
7702,dbAMP_25402,Escherichia coli,Positive
7703,dbAMP_11666,Enterococcus faecalis,Positive
7704,dbAMP_10918,Staphylococcus aureus,Positive
7705,21049.0,Salmonella enterica,Positive
7706,dbAMP_15761,Pseudomonas aeruginosa,Positive
7707,20169.0,Pseudomonas aeruginosa,Positive
7708,13802.0,Pseudomonas aeruginosa,Positive
7709,22373.0,Salmonella enterica,Positive
7710,dbAMP_25194,Candida albicans,Positive
7711,dbAMP_02256,Micrococcus luteus,Positive
7712,dbAMP_25443,Enterococcus faecalis,Positive
7713,dbAMP_14884,Staphylococcus epidermidis,Positive
7714,dbAMP_10598,Bacillus subtilis,Positive
7715,dbAMP_34249,Escherichia coli,Positive
7716,dbAMP_10543,Cryptococcus neoformans,Positive
7717,dbAMP_20539,Staphylococcus epidermidis,Positive
7718,dbAMP_16029,Bacillus subtilis,Positive
7719,20541.0,Enterococcus faecalis,Positive
7720,dbAMP_17226,Staphylococcus aureus,Positive
7721,20347.0,Pseudomonas aeruginosa,Positive
7722,dbAMP_03851,Candida albicans,Positive
7723,19852.0,Bacillus subtilis,Positive
7724,dbAMP_01436,Pseudomonas aeruginosa,Positive
7725,dbAMP_11986,Bacillus subtilis,Positive
7726,dbAMP_17456,Staphylococcus aureus,Positive
7727,dbAMP_17915,Staphylococcus aureus,Positive
7728,dbAMP_18929,Staphylococcus epidermidis,Positive
7729,21743.0,Klebsiella pneumoniae,Positive
7730,dbAMP_16212,Escherichia coli,Positive
7731,18828.0,Enterococcus faecalis,Positive
7732,dbAMP_14882,Bacillus subtilis,Positive
7733,dbAMP_28230,Salmonella enterica,Positive
7734,dbAMP_23281,Staphylococcus aureus,Positive
7735,dbAMP_18653,Pseudomonas aeruginosa,Positive
7736,dbAMP_25337,Escherichia coli,Positive
7737,dbAMP_17554,Escherichia coli,Positive
7738,20814.0,Staphylococcus aureus,Positive
7739,dbAMP_02598,Staphylococcus aureus,Positive
7740,22365.0,Escherichia coli,Positive
7741,dbAMP_18797,Escherichia coli,Positive
7742,dbAMP_10668,Salmonella enterica,Positive
7743,20542.0,Escherichia coli,Positive
7744,dbAMP_19552,Staphylococcus aureus,Positive
7745,dbAMP_33783,Klebsiella pneumoniae,Positive
7746,18822.0,Escherichia coli,Positive
7747,dbAMP_18076,Staphylococcus epidermidis,Positive
7748,dbAMP_20336,Salmonella enterica,Positive
7749,dbAMP_02865,Enterococcus faecium,Positive
7750,dbAMP_33103,Staphylococcus aureus,Positive
7751,dbAMP_01706,Bacillus subtilis,Positive
7752,dbAMP_10842,Staphylococcus aureus,Positive
7753,dbAMP_16432,Bacillus subtilis,Positive
7754,dbAMP_12105,Escherichia coli,Positive
7755,dbAMP_02968,Candida albicans,Positive
7756,dbAMP_15550,Listeria monocytogenes,Positive
7757,dbAMP_19286,Salmonella enterica,Positive
7758,dbAMP_21724,Pseudomonas aeruginosa,Positive
7759,dbAMP_18929,Pseudomonas aeruginosa,Positive
7760,dbAMP_02052,Candida albicans,Positive
7761,dbAMP_32998,Staphylococcus epidermidis,Positive
7762,dbAMP_10898,Staphylococcus aureus,Positive
7763,dbAMP_18875,Salmonella enterica,Positive
7764,dbAMP_14806,Pseudomonas aeruginosa,Positive
7765,dbAMP_00302,Staphylococcus aureus,Positive
7766,DRAMP01097,Bacillus megaterium,Positive
7767,dbAMP_25426,Staphylococcus aureus,Positive
7768,dbAMP_16144,Pseudomonas aeruginosa,Positive
7769,dbAMP_34184,Acinetobacter baumannii,Positive
7770,dbAMP_02976,Bacillus subtilis,Positive
7771,dbAMP_16407,Staphylococcus aureus,Positive
7772,20011.0,Staphylococcus aureus,Positive
7773,dbAMP_05519,Bacillus megaterium,Positive
7774,dbAMP_14898,Klebsiella pneumoniae,Positive
7775,dbAMP_11406,Staphylococcus aureus,Positive
7776,21850.0,Escherichia coli,Positive
7777,dbAMP_31713,Staphylococcus aureus,Positive
7778,dbAMP_02778,Bacillus megaterium,Positive
7779,dbAMP_20472,Klebsiella pneumoniae,Positive
7780,dbAMP_03613,Klebsiella pneumoniae,Positive
7781,dbAMP_32996,Staphylococcus aureus,Positive
7782,20842.0,Pseudomonas aeruginosa,Positive
7783,dbAMP_24410,Pseudomonas aeruginosa,Positive
7784,20020.0,Bacillus subtilis,Positive
7785,dbAMP_01910,Bacillus megaterium,Positive
7786,dbAMP_00881,Enterococcus faecalis,Positive
7787,dbAMP_00230,Bacillus subtilis,Positive
7788,dbAMP_18180,Salmonella enterica,Positive
7789,dbAMP_17810,Micrococcus luteus,Positive
7790,19123.0,Staphylococcus aureus,Positive
7791,dbAMP_23864,Staphylococcus aureus,Positive
7792,dbAMP_23689,Bacillus cereus,Positive
7793,dbAMP_18940,Salmonella enterica,Positive
7794,dbAMP_03279,Staphylococcus epidermidis,Positive
7795,dbAMP_33612,Staphylococcus aureus,Positive
7796,dbAMP_16277,Candida albicans,Positive
7797,dbAMP_03067,Staphylococcus aureus,Positive
7798,dbAMP_20513,Staphylococcus aureus,Positive
7799,dbAMP_22166,Pseudomonas aeruginosa,Positive
7800,dbAMP_24002,Bacillus subtilis,Positive
7801,dbAMP_04219,Pseudomonas aeruginosa,Positive
7802,dbAMP_28618,Escherichia coli,Positive
7803,dbAMP_05483,Pseudomonas aeruginosa,Positive
7804,dbAMP_03643,Staphylococcus aureus,Positive
7805,dbAMP_23211,Staphylococcus aureus,Positive
7806,20231.0,Escherichia coli,Positive
7807,dbAMP_17458,Staphylococcus aureus,Positive
7808,dbAMP_16216,Escherichia coli,Positive
7809,dbAMP_24949,Enterococcus faecalis,Positive
7810,1004.0,Staphylococcus epidermidis,Positive
7811,19557.0,Escherichia coli,Positive
7812,dbAMP_23831,Enterobacter cloacae,Positive
7813,dbAMP_05530,Salmonella enterica,Positive
7814,dbAMP_18606,Klebsiella pneumoniae,Positive
7815,dbAMP_04331,Enterococcus faecium,Positive
7816,dbAMP_22450,Bacillus subtilis,Positive
7817,dbAMP_11047,Candida albicans,Positive
7818,dbAMP_19737,Staphylococcus aureus,Positive
7819,dbAMP_02772,Micrococcus luteus,Positive
7820,dbAMP_02120,Staphylococcus aureus,Positive
7821,dbAMP_21024,Pseudomonas aeruginosa,Positive
7822,dbAMP_03509,Escherichia coli,Positive
7823,dbAMP_16323,Staphylococcus aureus,Positive
7824,dbAMP_23225,Staphylococcus aureus,Positive
7825,dbAMP_33133,Salmonella enterica,Positive
7826,dbAMP_23104,Klebsiella pneumoniae,Positive
7827,dbAMP_01641,Pseudomonas aeruginosa,Positive
7828,dbAMP_19551,Escherichia coli,Positive
7829,20056.0,Klebsiella pneumoniae,Positive
7830,20826.0,Listeria monocytogenes,Positive
7831,21917.0,Staphylococcus epidermidis,Positive
7832,DRAMP18615,Bacillus subtilis,Positive
7833,dbAMP_23883,Acinetobacter baumannii,Positive
7834,dbAMP_03608,Staphylococcus aureus,Positive
7835,dbAMP_04929,Acinetobacter baumannii,Positive
7836,dbAMP_33279,Staphylococcus aureus,Positive
7837,dbAMP_22794,Staphylococcus aureus,Positive
7838,dbAMP_17804,Staphylococcus epidermidis,Positive
7839,764.0,Klebsiella pneumoniae,Positive
7840,21214.0,Acinetobacter baumannii,Positive
7841,dbAMP_15989,Escherichia coli,Positive
7842,dbAMP_02254,Escherichia coli,Positive
7843,dbAMP_23184,Staphylococcus epidermidis,Positive
7844,dbAMP_18795,Salmonella enterica,Positive
7845,dbAMP_27231,Staphylococcus aureus,Positive
7846,dbAMP_24290,Enterococcus faecium,Positive
7847,dbAMP_17636,Candida albicans,Positive
7848,1026.0,Staphylococcus aureus,Positive
7849,19668.0,Acinetobacter baumannii,Positive
7850,dbAMP_21727,Bacillus subtilis,Positive
7851,dbAMP_33783,Staphylococcus aureus,Positive
7852,dbAMP_09730,Klebsiella pneumoniae,Positive
7853,dbAMP_10100,Enterobacter cloacae,Positive
7854,dbAMP_16735,Staphylococcus epidermidis,Positive
7855,dbAMP_16429,Pseudomonas aeruginosa,Positive
7856,21896.0,Enterococcus faecium,Positive
7857,dbAMP_27183,Staphylococcus aureus,Positive
7858,dbAMP_23249,Escherichia coli,Positive
7859,10857.0,Staphylococcus aureus,Positive
7860,dbAMP_17652,Listeria monocytogenes,Positive
7861,19615.0,Staphylococcus aureus,Positive
7862,dbAMP_27300,Staphylococcus epidermidis,Positive
7863,dbAMP_11021,Salmonella enterica,Positive
7864,20134.0,Escherichia coli,Positive
7865,dbAMP_21481,Candida albicans,Positive
7866,dbAMP_15771,Bacillus cereus,Positive
7867,dbAMP_03459,Staphylococcus aureus,Positive
7868,dbAMP_03061,Bacillus subtilis,Positive
7869,dbAMP_16773,Micrococcus luteus,Positive
7870,dbAMP_18889,Pseudomonas aeruginosa,Positive
7871,dbAMP_25357,Pseudomonas aeruginosa,Positive
7872,dbAMP_23455,Escherichia coli,Positive
7873,20250.0,Staphylococcus aureus,Positive
7874,dbAMP_03400,Staphylococcus epidermidis,Positive
7875,dbAMP_18394,Staphylococcus epidermidis,Positive
7876,20826.0,Salmonella enterica,Positive
7877,dbAMP_05507,Escherichia coli,Positive
7878,dbAMP_25105,Bacillus subtilis,Positive
7879,dbAMP_23535,Salmonella enterica,Positive
7880,dbAMP_09684,Staphylococcus aureus,Positive
7881,dbAMP_10671,Staphylococcus epidermidis,Positive
7882,dbAMP_20294,Bacillus cereus,Positive
7883,dbAMP_00067,Bacillus subtilis,Positive
7884,dbAMP_17969,Listeria monocytogenes,Positive
7885,22346.0,Staphylococcus epidermidis,Positive
7886,19986.0,Staphylococcus epidermidis,Positive
7887,dbAMP_21671,Salmonella enterica,Positive
7888,dbAMP_03385,Candida albicans,Positive
7889,19685.0,Klebsiella pneumoniae,Positive
7890,dbAMP_02991,Staphylococcus aureus,Positive
7891,dbAMP_23693,Staphylococcus aureus,Positive
7892,DRAMP18614,Staphylococcus epidermidis,Positive
7893,dbAMP_16242,Candida albicans,Positive
7894,21658.0,Pseudomonas aeruginosa,Positive
7895,dbAMP_33794,Acinetobacter baumannii,Positive
7896,dbAMP_19033,Staphylococcus aureus,Positive
7897,22218.0,Escherichia coli,Positive
7898,dbAMP_15882,Bacillus subtilis,Positive
7899,dbAMP_02673,Escherichia coli,Positive
7900,dbAMP_24402,Bacillus subtilis,Positive
7901,dbAMP_27094,Bacillus cereus,Positive
7902,dbAMP_00880,Bacillus subtilis,Positive
7903,dbAMP_10367,Staphylococcus aureus,Positive
7904,dbAMP_16269,Pseudomonas aeruginosa,Positive
7905,21314.0,Staphylococcus aureus,Positive
7906,dbAMP_22818,Pseudomonas aeruginosa,Positive
7907,19136.0,Bacillus subtilis,Positive
7908,dbAMP_11923,Bacillus subtilis,Positive
7909,dbAMP_24952,Bacillus subtilis,Positive
7910,dbAMP_14823,Pseudomonas aeruginosa,Positive
7911,dbAMP_11750,Escherichia coli,Positive
7912,dbAMP_21122,Escherichia coli,Positive
7913,20771.0,Enterococcus faecium,Positive
7914,dbAMP_27635,Escherichia coli,Positive
7915,9580.0,Bacillus subtilis,Positive
7916,dbAMP_18435,Candida albicans,Positive
7917,dbAMP_27427,Pseudomonas aeruginosa,Positive
7918,dbAMP_25025,Escherichia coli,Positive
7919,dbAMP_00402,Enterococcus faecalis,Positive
7920,dbAMP_16746,Enterococcus faecium,Positive
7921,21956.0,Staphylococcus aureus,Positive
7922,dbAMP_19106,Bacillus subtilis,Positive
7923,dbAMP_27178,Pseudomonas aeruginosa,Positive
7924,DRAMP20994,Staphylococcus aureus,Positive
7925,dbAMP_18768,Listeria monocytogenes,Positive
7926,22320.0,Staphylococcus aureus,Positive
7927,dbAMP_33223,Staphylococcus aureus,Positive
7928,dbAMP_21406,Staphylococcus aureus,Positive
7929,22097.0,Listeria monocytogenes,Positive
7930,19501.0,Escherichia coli,Positive
7931,DRAMP04164,Staphylococcus aureus,Positive
7932,19773.0,Enterococcus faecium,Positive
7933,dbAMP_17437,Klebsiella pneumoniae,Positive
7934,dbAMP_33838,Staphylococcus aureus,Positive
7935,dbAMP_11136,Micrococcus luteus,Positive
7936,20004.0,Staphylococcus aureus,Positive
7937,dbAMP_27117,Bacillus subtilis,Positive
7938,dbAMP_04076,Escherichia coli,Positive
7939,dbAMP_24417,Staphylococcus aureus,Positive
7940,7082.0,Staphylococcus aureus,Positive
7941,dbAMP_17651,Pseudomonas aeruginosa,Positive
7942,dbAMP_22594,Bacillus subtilis,Positive
7943,dbAMP_04714,Staphylococcus aureus,Positive
7944,dbAMP_15969,Candida albicans,Positive
7945,dbAMP_15913,Acinetobacter baumannii,Positive
7946,dbAMP_21822,Staphylococcus aureus,Positive
7947,dbAMP_04530,Staphylococcus aureus,Positive
7948,dbAMP_27254,Bacillus subtilis,Positive
7949,dbAMP_21436,Acinetobacter baumannii,Positive
7950,21658.0,Staphylococcus aureus,Positive
7951,dbAMP_19249,Pseudomonas aeruginosa,Positive
7952,dbAMP_14835,Staphylococcus aureus,Positive
7953,dbAMP_24944,Candida albicans,Positive
7954,18129.0,Staphylococcus aureus,Positive
7955,dbAMP_03407,Klebsiella pneumoniae,Positive
7956,dbAMP_19197,Klebsiella pneumoniae,Positive
7957,dbAMP_05268,Escherichia coli,Positive
7958,dbAMP_25007,Klebsiella pneumoniae,Positive
7959,dbAMP_02393,Staphylococcus aureus,Positive
7960,dbAMP_23037,Staphylococcus epidermidis,Positive
7961,dbAMP_04307,Staphylococcus aureus,Positive
7962,dbAMP_24059,Staphylococcus aureus,Positive
7963,19946.0,Escherichia coli,Positive
7964,10381.0,Pseudomonas aeruginosa,Positive
7965,dbAMP_03125,Escherichia coli,Positive
7966,dbAMP_33095,Escherichia coli,Positive
7967,dbAMP_22044,Bacillus subtilis,Positive
7968,dbAMP_00217,Staphylococcus epidermidis,Positive
7969,dbAMP_25183,Micrococcus luteus,Positive
7970,dbAMP_33624,Candida parapsilosis,Positive
7971,dbAMP_20537,Staphylococcus aureus,Positive
7972,dbAMP_33157,Staphylococcus aureus,Positive
7973,dbAMP_16309,Escherichia coli,Positive
7974,dbAMP_16560,Pseudomonas aeruginosa,Positive
7975,dbAMP_24033,Escherichia coli,Positive
7976,dbAMP_31311,Staphylococcus aureus,Positive
7977,dbAMP_02641,Staphylococcus aureus,Positive
7978,10381.0,Staphylococcus epidermidis,Positive
7979,dbAMP_05256,Bacillus megaterium,Positive
7980,dbAMP_10859,Acinetobacter baumannii,Positive
7981,dbAMP_16748,Pseudomonas aeruginosa,Positive
7982,197.0,Staphylococcus aureus,Positive
7983,dbAMP_16012,Escherichia coli,Positive
7984,dbAMP_02405,Staphylococcus aureus,Positive
7985,19913.0,Escherichia coli,Positive
7986,19248.0,Klebsiella pneumoniae,Positive
7987,20277.0,Klebsiella pneumoniae,Positive
7988,dbAMP_17737,Staphylococcus epidermidis,Positive
7989,dbAMP_19748,Bacillus subtilis,Positive
7990,20601.0,Pseudomonas aeruginosa,Positive
7991,dbAMP_11136,Pseudomonas aeruginosa,Positive
7992,dbAMP_20281,Pseudomonas aeruginosa,Positive
7993,19618.0,Escherichia coli,Positive
7994,1687.0,Acinetobacter baumannii,Positive
7995,dbAMP_24548,Pseudomonas aeruginosa,Positive
7996,dbAMP_02062,Staphylococcus aureus,Positive
7997,6841.0,Acinetobacter baumannii,Positive
7998,21509.0,Pseudomonas aeruginosa,Positive
7999,dbAMP_03455,Candida albicans,Positive
8000,dbAMP_18926,Bacillus subtilis,Positive
8001,21991.0,Bacillus subtilis,Positive
8002,dbAMP_21900,Bacillus subtilis,Positive
8003,dbAMP_18895,Staphylococcus aureus,Positive
8004,dbAMP_34046,Escherichia coli,Positive
8005,dbAMP_17219,Escherichia coli,Positive
8006,20058.0,Enterococcus faecalis,Positive
8007,22052.0,Staphylococcus aureus,Positive
8008,dbAMP_24407,Escherichia coli,Positive
8009,dbAMP_17343,Staphylococcus aureus,Positive
8010,dbAMP_28835,Escherichia coli,Positive
8011,dbAMP_03436,Candida albicans,Positive
8012,dbAMP_21727,Candida albicans,Positive
8013,1026.0,Enterococcus faecalis,Positive
8014,dbAMP_17142,Pseudomonas aeruginosa,Positive
8015,21615.0,Escherichia coli,Positive
8016,dbAMP_03510,Salmonella enterica,Positive
8017,dbAMP_25151,Candida parapsilosis,Positive
8018,dbAMP_27313,Salmonella enterica,Positive
8019,dbAMP_17750,Pseudomonas aeruginosa,Positive
8020,dbAMP_00403,Staphylococcus aureus,Positive
8021,19685.0,Escherichia coli,Positive
8022,dbAMP_21981,Klebsiella pneumoniae,Positive
8023,dbAMP_20660,Escherichia coli,Positive
8024,dbAMP_17985,Staphylococcus aureus,Positive
8025,22026.0,Escherichia coli,Positive
8026,dbAMP_23101,Escherichia coli,Positive
8027,dbAMP_19051,Staphylococcus aureus,Positive
8028,dbAMP_20771,Staphylococcus aureus,Positive
8029,dbAMP_16004,Staphylococcus epidermidis,Positive
8030,dbAMP_20615,Staphylococcus aureus,Positive
8031,dbAMP_33315,Candida albicans,Positive
8032,dbAMP_21269,Pseudomonas aeruginosa,Positive
8033,dbAMP_33578,Escherichia coli,Positive
8034,3807.0,Pseudomonas aeruginosa,Positive
8035,dbAMP_11856,Candida albicans,Positive
8036,dbAMP_17097,Candida albicans,Positive
8037,20739.0,Acinetobacter baumannii,Positive
8038,18341.0,Acinetobacter baumannii,Positive
8039,dbAMP_24525,Staphylococcus aureus,Positive
8040,dbAMP_15765,Staphylococcus aureus,Positive
8041,dbAMP_17578,Staphylococcus aureus,Positive
8042,dbAMP_33022,Klebsiella pneumoniae,Positive
8043,dbAMP_18928,Escherichia coli,Positive
8044,19500.0,Staphylococcus epidermidis,Positive
8045,dbAMP_18436,Escherichia coli,Positive
8046,dbAMP_18042,Salmonella enterica,Positive
8047,19605.0,Enterococcus faecalis,Positive
8048,dbAMP_18586,Candida albicans,Positive
8049,18276.0,Staphylococcus aureus,Positive
8050,dbAMP_16118,Escherichia coli,Positive
8051,dbAMP_27223,Pseudomonas aeruginosa,Positive
8052,DRAMP01496,Staphylococcus aureus,Positive
8053,dbAMP_16496,Staphylococcus epidermidis,Positive
8054,dbAMP_16632,Klebsiella pneumoniae,Positive
8055,dbAMP_20342,Enterococcus faecalis,Positive
8056,dbAMP_17455,Candida albicans,Positive
8057,dbAMP_33688,Pseudomonas aeruginosa,Positive
8058,dbAMP_15873,Staphylococcus epidermidis,Positive
8059,dbAMP_21113,Escherichia coli,Positive
8060,dbAMP_21128,Staphylococcus aureus,Positive
8061,dbAMP_19043,Escherichia coli,Positive
8062,dbAMP_10636,Staphylococcus aureus,Positive
8063,dbAMP_16904,Klebsiella pneumoniae,Positive
8064,dbAMP_14731,Enterococcus faecalis,Positive
8065,18191.0,Enterococcus faecalis,Positive
8066,dbAMP_22478,Escherichia coli,Positive
8067,dbAMP_19319,Pseudomonas aeruginosa,Positive
8068,dbAMP_22797,Staphylococcus epidermidis,Positive
8069,17794.0,Bacillus subtilis,Positive
8070,18043.0,Klebsiella pneumoniae,Positive
8071,dbAMP_11398,Escherichia coli,Positive
8072,dbAMP_16766,Escherichia coli,Positive
8073,dbAMP_15455,Acinetobacter baumannii,Positive
8074,dbAMP_14928,Bacillus subtilis,Positive
8075,dbAMP_32288,Enterococcus faecalis,Positive
8076,dbAMP_09737,Escherichia coli,Positive
8077,dbAMP_21112,Escherichia coli,Positive
8078,dbAMP_22966,Staphylococcus epidermidis,Positive
8079,19828.0,Enterococcus faecium,Positive
8080,dbAMP_10965,Pseudomonas aeruginosa,Positive
8081,22320.0,Pseudomonas aeruginosa,Positive
8082,dbAMP_28830,Pseudomonas aeruginosa,Positive
8083,dbAMP_15896,Escherichia coli,Positive
8084,dbAMP_02078,Pseudomonas aeruginosa,Positive
8085,dbAMP_17523,Escherichia coli,Positive
8086,dbAMP_23330,Listeria monocytogenes,Positive
8087,dbAMP_23285,Klebsiella pneumoniae,Positive
8088,dbAMP_08405,Bacillus megaterium,Positive
8089,18327.0,Escherichia coli,Positive
8090,21248.0,Listeria monocytogenes,Positive
8091,5368.0,Enterococcus faecalis,Positive
8092,dbAMP_10004,Staphylococcus epidermidis,Positive
8093,dbAMP_03325,Staphylococcus aureus,Positive
8094,dbAMP_31868,Escherichia coli,Positive
8095,dbAMP_31134,Klebsiella pneumoniae,Positive
8096,dbAMP_21231,Pseudomonas aeruginosa,Positive
8097,19486.0,Pseudomonas aeruginosa,Positive
8098,dbAMP_04785,Salmonella enterica,Positive
8099,dbAMP_16756,Pseudomonas aeruginosa,Positive
8100,dbAMP_10904,Staphylococcus aureus,Positive
8101,dbAMP_16151,Bacillus subtilis,Positive
8102,22104.0,Listeria monocytogenes,Positive
8103,dbAMP_18688,Cryptococcus neoformans,Positive
8104,dbAMP_15832,Bacillus subtilis,Positive
8105,19610.0,Staphylococcus epidermidis,Positive
8106,dbAMP_17548,Escherichia coli,Positive
8107,19686.0,Acinetobacter baumannii,Positive
8108,20173.0,Staphylococcus aureus,Positive
8109,dbAMP_31182,Acinetobacter baumannii,Positive
8110,22375.0,Acinetobacter baumannii,Positive
8111,dbAMP_04696,Staphylococcus aureus,Positive
8112,DRAMP18495,Klebsiella pneumoniae,Positive
8113,dbAMP_24306,Staphylococcus aureus,Positive
8114,dbAMP_27638,Klebsiella pneumoniae,Positive
8115,dbAMP_27428,Staphylococcus epidermidis,Positive
8116,dbAMP_22831,Staphylococcus epidermidis,Positive
8117,dbAMP_14695,Staphylococcus aureus,Positive
8118,dbAMP_19082,Bacillus subtilis,Positive
8119,dbAMP_18799,Salmonella enterica,Positive
8120,dbAMP_04457,Staphylococcus aureus,Positive
8121,dbAMP_31691,Salmonella enterica,Positive
8122,dbAMP_21957,Staphylococcus aureus,Positive
8123,dbAMP_11278,Escherichia coli,Positive
8124,dbAMP_21996,Pseudomonas aeruginosa,Positive
8125,dbAMP_19834,Candida albicans,Positive
8126,dbAMP_16389,Salmonella enterica,Positive
8127,dbAMP_00389,Escherichia coli,Positive
8128,dbAMP_18834,Escherichia coli,Positive
8129,dbAMP_02387,Acinetobacter baumannii,Positive
8130,dbAMP_19590,Staphylococcus aureus,Positive
8131,dbAMP_17450,Klebsiella pneumoniae,Positive
8132,682.0,Candida albicans,Positive
8133,dbAMP_19969,Salmonella enterica,Positive
8134,dbAMP_15968,Staphylococcus aureus,Positive
8135,10379.0,Staphylococcus aureus,Positive
8136,8830.0,Escherichia coli,Positive
8137,dbAMP_00369,Enterococcus faecalis,Positive
8138,20952.0,Acinetobacter baumannii,Positive
8139,21179.0,Bacillus subtilis,Positive
8140,dbAMP_16510,Staphylococcus aureus,Positive
8141,19556.0,Staphylococcus epidermidis,Positive
8142,dbAMP_18239,Escherichia coli,Positive
8143,dbAMP_23261,Pseudomonas aeruginosa,Positive
8144,17846.0,Staphylococcus aureus,Positive
8145,dbAMP_16410,Escherichia coli,Positive
8146,DRAMP02294,Staphylococcus epidermidis,Positive
8147,dbAMP_13325,Escherichia coli,Positive
8148,dbAMP_32927,Bacillus subtilis,Positive
8149,21729.0,Klebsiella pneumoniae,Positive
8150,dbAMP_16123,Listeria monocytogenes,Positive
8151,dbAMP_14792,Candida albicans,Positive
8152,dbAMP_14728,Staphylococcus aureus,Positive
8153,dbAMP_02251,Staphylococcus aureus,Positive
8154,dbAMP_18545,Acinetobacter baumannii,Positive
8155,dbAMP_24947,Pseudomonas aeruginosa,Positive
8156,dbAMP_24489,Acinetobacter baumannii,Positive
8157,dbAMP_17347,Candida albicans,Positive
8158,dbAMP_23100,Acinetobacter baumannii,Positive
8159,dbAMP_14731,Staphylococcus aureus,Positive
8160,5349.0,Acinetobacter baumannii,Positive
8161,dbAMP_17118,Candida albicans,Positive
8162,dbAMP_33100,Staphylococcus epidermidis,Positive
8163,dbAMP_21193,Staphylococcus aureus,Positive
8164,DRAMP02349,Staphylococcus aureus,Positive
8165,dbAMP_17806,Bacillus cereus,Positive
8166,dbAMP_27406,Staphylococcus aureus,Positive
8167,dbAMP_19865,Escherichia coli,Positive
8168,dbAMP_03081,Pseudomonas aeruginosa,Positive
8169,dbAMP_24220,Staphylococcus epidermidis,Positive
8170,dbAMP_14702,Staphylococcus aureus,Positive
8171,dbAMP_17471,Staphylococcus aureus,Positive
8172,20060.0,Escherichia coli,Positive
8173,19612.0,Bacillus subtilis,Positive
8174,dbAMP_16018,Escherichia coli,Positive
8175,dbAMP_24301,Escherichia coli,Positive
8176,dbAMP_04701,Staphylococcus epidermidis,Positive
8177,dbAMP_05516,Staphylococcus epidermidis,Positive
8178,dbAMP_19046,Salmonella enterica,Positive
8179,dbAMP_32949,Bacillus subtilis,Positive
8180,dbAMP_14728,Pseudomonas aeruginosa,Positive
8181,dbAMP_16324,Staphylococcus epidermidis,Positive
8182,dbAMP_24745,Pseudomonas aeruginosa,Positive
8183,dbAMP_04790,Klebsiella pneumoniae,Positive
8184,dbAMP_17694,Bacillus subtilis,Positive
8185,20067.0,Bacillus cereus,Positive
8186,dbAMP_10362,Micrococcus luteus,Positive
8187,dbAMP_05162,Escherichia coli,Positive
8188,dbAMP_23923,Staphylococcus epidermidis,Positive
8189,dbAMP_04932,Escherichia coli,Positive
8190,dbAMP_23309,Staphylococcus aureus,Positive
8191,dbAMP_16026,Staphylococcus epidermidis,Positive
8192,dbAMP_14858,Pseudomonas aeruginosa,Positive
8193,dbAMP_10653,Staphylococcus aureus,Positive
8194,dbAMP_16006,Pseudomonas aeruginosa,Positive
8195,dbAMP_28746,Escherichia coli,Positive
8196,dbAMP_22590,Escherichia coli,Positive
8197,dbAMP_20658,Escherichia coli,Positive
8198,21333.0,Candida albicans,Positive
8199,dbAMP_31330,Acinetobacter baumannii,Positive
8200,dbAMP_16223,Staphylococcus aureus,Positive
8201,15048.0,Escherichia coli,Positive
8202,dbAMP_33097,Bacillus subtilis,Positive
8203,dbAMP_02511,Staphylococcus aureus,Positive
8204,dbAMP_22612,Escherichia coli,Positive
8205,dbAMP_16154,Staphylococcus aureus,Positive
8206,dbAMP_11856,Escherichia coli,Positive
8207,dbAMP_23235,Escherichia coli,Positive
8208,dbAMP_18896,Enterococcus faecalis,Positive
8209,19937.0,Pseudomonas aeruginosa,Positive
8210,dbAMP_14886,Bacillus subtilis,Positive
8211,dbAMP_00291,Candida albicans,Positive
8212,22324.0,Staphylococcus aureus,Positive
8213,dbAMP_22975,Bacillus subtilis,Positive
8214,dbAMP_14835,Staphylococcus epidermidis,Positive
8215,5047.0,Candida albicans,Positive
8216,dbAMP_18945,Pseudomonas aeruginosa,Positive
8217,dbAMP_17290,Staphylococcus aureus,Positive
8218,dbAMP_20830,Acinetobacter baumannii,Positive
8219,dbAMP_14687,Enterococcus faecalis,Positive
8220,22281.0,Escherichia coli,Positive
8221,dbAMP_01837,Pseudomonas aeruginosa,Positive
8222,dbAMP_21977,Enterobacter cloacae,Positive
8223,21736.0,Candida albicans,Positive
8224,dbAMP_27606,Candida albicans,Positive
8225,dbAMP_14828,Escherichia coli,Positive
8226,dbAMP_19262,Salmonella enterica,Positive
8227,dbAMP_00627,Staphylococcus aureus,Positive
8228,DRAMP03881,Escherichia coli,Positive
8229,dbAMP_24365,Pseudomonas aeruginosa,Positive
8230,dbAMP_23248,Bacillus subtilis,Positive
8231,dbAMP_23786,Escherichia coli,Positive
8232,dbAMP_21021,Bacillus subtilis,Positive
8233,dbAMP_21602,Staphylococcus aureus,Positive
8234,dbAMP_33217,Staphylococcus aureus,Positive
8235,22312.0,Staphylococcus aureus,Positive
8236,dbAMP_16216,Pseudomonas aeruginosa,Positive
8237,dbAMP_21440,Staphylococcus aureus,Positive
8238,DRAMP02473,Staphylococcus aureus,Positive
8239,19888.0,Staphylococcus aureus,Positive
8240,dbAMP_20757,Pseudomonas aeruginosa,Positive
8241,dbAMP_14727,Pseudomonas aeruginosa,Positive
8242,dbAMP_24298,Escherichia coli,Positive
8243,dbAMP_27603,Escherichia coli,Positive
8244,dbAMP_18798,Escherichia coli,Positive
8245,dbAMP_11067,Candida albicans,Positive
8246,dbAMP_02617,Enterococcus faecium,Positive
8247,dbAMP_16368,Escherichia coli,Positive
8248,19480.0,Klebsiella pneumoniae,Positive
8249,21699.0,Acinetobacter baumannii,Positive
8250,dbAMP_16417,Staphylococcus aureus,Positive
8251,dbAMP_14863,Escherichia coli,Positive
8252,dbAMP_19217,Klebsiella pneumoniae,Positive
8253,dbAMP_03351,Bacillus megaterium,Positive
8254,dbAMP_22486,Staphylococcus aureus,Positive
8255,dbAMP_18782,Escherichia coli,Positive
8256,dbAMP_19781,Pseudomonas aeruginosa,Positive
8257,dbAMP_10501,Cryptococcus neoformans,Positive
8258,dbAMP_20703,Acinetobacter baumannii,Positive
8259,dbAMP_22019,Bacillus subtilis,Positive
8260,dbAMP_20562,Bacillus megaterium,Positive
8261,dbAMP_22042,Staphylococcus aureus,Positive
8262,20169.0,Staphylococcus aureus,Positive
8263,dbAMP_17110,Escherichia coli,Positive
8264,20150.0,Escherichia coli,Positive
8265,5658.0,Escherichia coli,Positive
8266,dbAMP_33111,Acinetobacter baumannii,Positive
8267,dbAMP_27117,Enterococcus faecalis,Positive
8268,dbAMP_04659,Escherichia coli,Positive
8269,dbAMP_22904,Escherichia coli,Positive
8270,dbAMP_02007,Candida albicans,Positive
8271,dbAMP_21123,Candida albicans,Positive
8272,20269.0,Candida parapsilosis,Positive
8273,dbAMP_21727,Cryptococcus neoformans,Positive
8274,dbAMP_31708,Enterococcus faecalis,Positive
8275,dbAMP_18381,Staphylococcus aureus,Positive
8276,dbAMP_16501,Candida parapsilosis,Positive
8277,dbAMP_20520,Bacillus subtilis,Positive
8278,dbAMP_20268,Escherichia coli,Positive
8279,dbAMP_18769,Pseudomonas aeruginosa,Positive
8280,dbAMP_17047,Pseudomonas aeruginosa,Positive
8281,dbAMP_19167,Staphylococcus aureus,Positive
8282,dbAMP_27608,Enterococcus faecium,Positive
8283,dbAMP_22801,Pseudomonas aeruginosa,Positive
8284,dbAMP_17454,Bacillus subtilis,Positive
8285,17349.0,Pseudomonas aeruginosa,Positive
8286,18582.0,Candida parapsilosis,Positive
8287,dbAMP_19305,Staphylococcus epidermidis,Positive
8288,dbAMP_22424,Escherichia coli,Positive
8289,18648.0,Staphylococcus aureus,Positive
8290,dbAMP_34235,Staphylococcus aureus,Positive
8291,dbAMP_33926,Escherichia coli,Positive
8292,19679.0,Acinetobacter baumannii,Positive
8293,dbAMP_33119,Staphylococcus aureus,Positive
8294,18294.0,Staphylococcus aureus,Positive
8295,dbAMP_16051,Candida albicans,Positive
8296,dbAMP_21289,Staphylococcus aureus,Positive
8297,dbAMP_15918,Candida albicans,Positive
8298,dbAMP_33139,Pseudomonas aeruginosa,Positive
8299,dbAMP_15915,Escherichia coli,Positive
8300,7082.0,Pseudomonas aeruginosa,Positive
8301,dbAMP_04456,Enterobacter cloacae,Positive
8302,dbAMP_32943,Escherichia coli,Positive
8303,dbAMP_23268,Candida albicans,Positive
8304,4134.0,Escherichia coli,Positive
8305,18756.0,Staphylococcus aureus,Positive
8306,dbAMP_03420,Pseudomonas aeruginosa,Positive
8307,dbAMP_04605,Staphylococcus epidermidis,Positive
8308,dbAMP_24872,Acinetobacter baumannii,Positive
8309,dbAMP_04791,Enterobacter cloacae,Positive
8310,dbAMP_19264,Escherichia coli,Positive
8311,7081.0,Enterococcus faecalis,Positive
8312,DRAMP01431,Escherichia coli,Positive
8313,18666.0,Staphylococcus epidermidis,Positive
8314,dbAMP_27618,Staphylococcus aureus,Positive
8315,dbAMP_33590,Staphylococcus aureus,Positive
8316,dbAMP_05516,Candida albicans,Positive
8317,dbAMP_04348,Klebsiella pneumoniae,Positive
8318,dbAMP_14835,Escherichia coli,Positive
8319,dbAMP_04996,Escherichia coli,Positive
8320,dbAMP_18054,Candida albicans,Positive
8321,dbAMP_17364,Escherichia coli,Positive
8322,dbAMP_14718,Staphylococcus epidermidis,Positive
8323,dbAMP_17427,Staphylococcus aureus,Positive
8324,dbAMP_17431,Staphylococcus aureus,Positive
8325,dbAMP_18055,Candida parapsilosis,Positive
8326,dbAMP_22889,Escherichia coli,Positive
8327,dbAMP_24402,Escherichia coli,Positive
8328,dbAMP_33011,Staphylococcus epidermidis,Positive
8329,21174.0,Escherichia coli,Positive
8330,dbAMP_22947,Bacillus subtilis,Positive
8331,dbAMP_01967,Escherichia coli,Positive
8332,19603.0,Escherichia coli,Positive
8333,dbAMP_18611,Escherichia coli,Positive
8334,dbAMP_03002,Escherichia coli,Positive
8335,dbAMP_31177,Pseudomonas aeruginosa,Positive
8336,20265.0,Listeria monocytogenes,Positive
8337,dbAMP_21637,Escherichia coli,Positive
8338,dbAMP_34395,Candida albicans,Positive
8339,19265.0,Staphylococcus aureus,Positive
8340,564.0,Klebsiella pneumoniae,Positive
8341,dbAMP_11021,Staphylococcus aureus,Positive
8342,dbAMP_20525,Pseudomonas aeruginosa,Positive
8343,dbAMP_21128,Enterococcus faecalis,Positive
8344,18815.0,Escherichia coli,Positive
8345,DRAMP18487,Escherichia coli,Positive
8346,20059.0,Staphylococcus aureus,Positive
8347,dbAMP_03788,Micrococcus luteus,Positive
8348,dbAMP_03335,Micrococcus luteus,Positive
8349,20060.0,Enterococcus faecalis,Positive
8350,dbAMP_21662,Salmonella enterica,Positive
8351,20061.0,Acinetobacter baumannii,Positive
8352,dbAMP_16859,Bacillus subtilis,Positive
8353,dbAMP_23132,Candida albicans,Positive
8354,19702.0,Escherichia coli,Positive
8355,dbAMP_34584,Bacillus subtilis,Positive
8356,dbAMP_23355,Salmonella enterica,Positive
8357,904.0,Pseudomonas aeruginosa,Positive
8358,20075.0,Staphylococcus aureus,Positive
8359,dbAMP_23743,Escherichia coli,Positive
8360,dbAMP_14485,Bacillus cereus,Positive
8361,DRAMP01431,Candida albicans,Positive
8362,dbAMP_23759,Escherichia coli,Positive
8363,dbAMP_02117,Escherichia coli,Positive
8364,dbAMP_32992,Staphylococcus aureus,Positive
8365,18060.0,Staphylococcus aureus,Positive
8366,dbAMP_27607,Enterococcus faecium,Positive
8367,dbAMP_24290,Enterococcus faecalis,Positive
8368,dbAMP_17690,Bacillus subtilis,Positive
8369,dbAMP_25194,Micrococcus luteus,Positive
8370,dbAMP_21268,Staphylococcus aureus,Positive
8371,dbAMP_22719,Candida albicans,Positive
8372,dbAMP_23930,Staphylococcus epidermidis,Positive
8373,dbAMP_17480,Cryptococcus neoformans,Positive
8374,dbAMP_17718,Bacillus subtilis,Positive
8375,dbAMP_17862,Escherichia coli,Positive
8376,21876.0,Acinetobacter baumannii,Positive
8377,20834.0,Enterococcus faecalis,Positive
8378,dbAMP_23720,Pseudomonas aeruginosa,Positive
8379,dbAMP_02675,Enterococcus faecium,Positive
8380,dbAMP_19532,Salmonella enterica,Positive
8381,dbAMP_23623,Bacillus subtilis,Positive
8382,dbAMP_16028,Staphylococcus epidermidis,Positive
8383,19480.0,Acinetobacter baumannii,Positive
8384,20630.0,Salmonella enterica,Positive
8385,20265.0,Escherichia coli,Positive
8386,dbAMP_14874,Candida albicans,Positive
8387,dbAMP_06217,Bacillus subtilis,Positive
8388,dbAMP_23936,Staphylococcus epidermidis,Positive
8389,dbAMP_22159,Acinetobacter baumannii,Positive
8390,dbAMP_22830,Enterococcus faecium,Positive
8391,dbAMP_06085,Escherichia coli,Positive
8392,dbAMP_25208,Enterococcus faecium,Positive
8393,dbAMP_04646,Pseudomonas aeruginosa,Positive
8394,19857.0,Bacillus subtilis,Positive
8395,dbAMP_05113,Bacillus subtilis,Positive
8396,dbAMP_03856,Micrococcus luteus,Positive
8397,dbAMP_16023,Acinetobacter baumannii,Positive
8398,dbAMP_16072,Staphylococcus aureus,Positive
8399,dbAMP_31184,Staphylococcus aureus,Positive
8400,dbAMP_22745,Klebsiella pneumoniae,Positive
8401,dbAMP_03389,Escherichia coli,Positive
8402,dbAMP_23748,Bacillus subtilis,Positive
8403,18132.0,Escherichia coli,Positive
8404,dbAMP_14883,Staphylococcus aureus,Positive
8405,dbAMP_31862,Staphylococcus aureus,Positive
8406,dbAMP_22684,Klebsiella pneumoniae,Positive
8407,2854.0,Staphylococcus epidermidis,Positive
8408,dbAMP_18623,Escherichia coli,Positive
8409,dbAMP_22009,Candida albicans,Positive
8410,DRAMP00204,Staphylococcus aureus,Positive
8411,dbAMP_33720,Escherichia coli,Positive
8412,dbAMP_03661,Staphylococcus epidermidis,Positive
8413,dbAMP_25875,Pseudomonas aeruginosa,Positive
8414,dbAMP_19442,Escherichia coli,Positive
8415,dbAMP_27443,Enterococcus faecalis,Positive
8416,dbAMP_00291,Escherichia coli,Positive
8417,dbAMP_22946,Pseudomonas aeruginosa,Positive
8418,dbAMP_10482,Candida albicans,Positive
8419,18234.0,Staphylococcus epidermidis,Positive
8420,17458.0,Cryptococcus neoformans,Positive
8421,dbAMP_32363,Bacillus megaterium,Positive
8422,dbAMP_04227,Bacillus cereus,Positive
8423,dbAMP_17349,Staphylococcus aureus,Positive
8424,DRAMP02331,Micrococcus luteus,Positive
8425,dbAMP_04472,Klebsiella pneumoniae,Positive
8426,dbAMP_33619,Salmonella enterica,Positive
8427,dbAMP_21310,Escherichia coli,Positive
8428,691.0,Bacillus subtilis,Positive
8429,dbAMP_16003,Pseudomonas aeruginosa,Positive
8430,dbAMP_05856,Acinetobacter baumannii,Positive
8431,dbAMP_16140,Staphylococcus aureus,Positive
8432,20842.0,Staphylococcus aureus,Positive
8433,dbAMP_08405,Enterococcus faecium,Positive
8434,dbAMP_03065,Bacillus subtilis,Positive
8435,dbAMP_03584,Escherichia coli,Positive
8436,dbAMP_19266,Bacillus subtilis,Positive
8437,dbAMP_33319,Staphylococcus aureus,Positive
8438,dbAMP_22720,Candida albicans,Positive
8439,dbAMP_16216,Bacillus subtilis,Positive
8440,dbAMP_24033,Acinetobacter baumannii,Positive
8441,dbAMP_33111,Staphylococcus epidermidis,Positive
8442,dbAMP_20529,Candida albicans,Positive
8443,dbAMP_16057,Salmonella enterica,Positive
8444,3807.0,Escherichia coli,Positive
8445,dbAMP_01895,Staphylococcus epidermidis,Positive
8446,2302.0,Pseudomonas aeruginosa,Positive
8447,19352.0,Escherichia coli,Positive
8448,dbAMP_14827,Escherichia coli,Positive
8449,dbAMP_03695,Staphylococcus aureus,Positive
8450,22307.0,Escherichia coli,Positive
8451,19699.0,Escherichia coli,Positive
8452,19707.0,Bacillus megaterium,Positive
8453,17516.0,Candida albicans,Positive
8454,dbAMP_02987,Escherichia coli,Positive
8455,dbAMP_33011,Bacillus subtilis,Positive
8456,dbAMP_24950,Enterococcus faecalis,Positive
8457,dbAMP_27302,Staphylococcus epidermidis,Positive
8458,10842.0,Escherichia coli,Positive
8459,dbAMP_22008,Escherichia coli,Positive
8460,14868.0,Escherichia coli,Positive
8461,dbAMP_02895,Bacillus subtilis,Positive
8462,dbAMP_02904,Bacillus subtilis,Positive
8463,dbAMP_19038,Staphylococcus aureus,Positive
8464,dbAMP_20767,Staphylococcus aureus,Positive
8465,dbAMP_03588,Salmonella enterica,Positive
8466,dbAMP_18106,Enterococcus faecalis,Positive
8467,6825.0,Staphylococcus epidermidis,Positive
8468,dbAMP_11190,Escherichia coli,Positive
8469,dbAMP_16055,Staphylococcus aureus,Positive
8470,dbAMP_19152,Staphylococcus aureus,Positive
8471,dbAMP_21170,Staphylococcus aureus,Positive
8472,dbAMP_23035,Salmonella enterica,Positive
8473,dbAMP_20741,Candida parapsilosis,Positive
8474,dbAMP_00479,Escherichia coli,Positive
8475,dbAMP_23261,Escherichia coli,Positive
8476,dbAMP_21058,Escherichia coli,Positive
8477,dbAMP_34309,Escherichia coli,Positive
8478,dbAMP_02895,Escherichia coli,Positive
8479,dbAMP_22487,Staphylococcus aureus,Positive
8480,dbAMP_02159,Staphylococcus aureus,Positive
8481,dbAMP_33016,Staphylococcus epidermidis,Positive
8482,dbAMP_19308,Staphylococcus aureus,Positive
8483,481.0,Bacillus subtilis,Positive
8484,dbAMP_24957,Pseudomonas aeruginosa,Positive
8485,20268.0,Staphylococcus aureus,Positive
8486,19674.0,Bacillus subtilis,Positive
8487,dbAMP_31807,Enterococcus faecium,Positive
8488,dbAMP_14815,Escherichia coli,Positive
8489,dbAMP_18519,Staphylococcus aureus,Positive
8490,dbAMP_33617,Candida albicans,Positive
8491,dbAMP_02088,Escherichia coli,Positive
8492,dbAMP_27166,Pseudomonas aeruginosa,Positive
8493,dbAMP_16731,Staphylococcus aureus,Positive
8494,dbAMP_17158,Escherichia coli,Positive
8495,dbAMP_23100,Klebsiella pneumoniae,Positive
8496,dbAMP_16049,Bacillus subtilis,Positive
8497,dbAMP_00972,Staphylococcus aureus,Positive
8498,18644.0,Escherichia coli,Positive
8499,dbAMP_15871,Staphylococcus aureus,Positive
8500,14868.0,Listeria monocytogenes,Positive
8501,dbAMP_27564,Staphylococcus epidermidis,Positive
8502,18734.0,Candida albicans,Positive
8503,dbAMP_02736,Salmonella enterica,Positive
8504,20929.0,Staphylococcus aureus,Positive
8505,dbAMP_00388,Pseudomonas aeruginosa,Positive
8506,dbAMP_14840,Salmonella enterica,Positive
8507,19527.0,Pseudomonas aeruginosa,Positive
8508,dbAMP_11534,Escherichia coli,Positive
8509,21526.0,Pseudomonas aeruginosa,Positive
8510,dbAMP_17642,Bacillus subtilis,Positive
8511,dbAMP_19156,Salmonella enterica,Positive
8512,dbAMP_27352,Cryptococcus neoformans,Positive
8513,DRAMP02245,Escherichia coli,Positive
8514,dbAMP_04822,Cryptococcus neoformans,Positive
8515,6197.0,Enterococcus faecalis,Positive
8516,20186.0,Escherichia coli,Positive
8517,dbAMP_00083,Escherichia coli,Positive
8518,dbAMP_04117,Escherichia coli,Positive
8519,dbAMP_02017,Enterococcus faecalis,Positive
8520,dbAMP_17454,Candida albicans,Positive
8521,dbAMP_11058,Pseudomonas aeruginosa,Positive
8522,dbAMP_03691,Micrococcus luteus,Positive
8523,DRAMP02933,Cryptococcus neoformans,Positive
8524,dbAMP_15794,Bacillus subtilis,Positive
8525,dbAMP_12239,Bacillus subtilis,Positive
8526,dbAMP_14882,Staphylococcus aureus,Positive
8527,17820.0,Candida albicans,Positive
8528,dbAMP_25007,Candida albicans,Positive
8529,dbAMP_32341,Candida albicans,Positive
8530,dbAMP_20243,Escherichia coli,Positive
8531,dbAMP_20341,Klebsiella pneumoniae,Positive
8532,dbAMP_02424,Staphylococcus aureus,Positive
8533,20065.0,Micrococcus luteus,Positive
8534,19436.0,Cryptococcus neoformans,Positive
8535,dbAMP_18234,Bacillus cereus,Positive
8536,20324.0,Salmonella enterica,Positive
8537,20158.0,Escherichia coli,Positive
8538,dbAMP_24672,Candida parapsilosis,Positive
8539,dbAMP_18013,Micrococcus luteus,Positive
8540,dbAMP_00351,Staphylococcus aureus,Positive
8541,21728.0,Enterococcus faecalis,Positive
8542,21313.0,Staphylococcus aureus,Positive
8543,dbAMP_01162,Pseudomonas aeruginosa,Positive
8544,dbAMP_10571,Pseudomonas aeruginosa,Positive
8545,dbAMP_14718,Staphylococcus aureus,Positive
8546,dbAMP_15812,Escherichia coli,Positive
8547,dbAMP_19092,Escherichia coli,Positive
8548,dbAMP_20528,Staphylococcus aureus,Positive
8549,dbAMP_02420,Escherichia coli,Positive
8550,dbAMP_33939,Escherichia coli,Positive
8551,dbAMP_21268,Escherichia coli,Positive
8552,dbAMP_24343,Staphylococcus aureus,Positive
8553,dbAMP_02117,Salmonella enterica,Positive
8554,dbAMP_33329,Candida albicans,Positive
8555,dbAMP_32307,Klebsiella pneumoniae,Positive
8556,20055.0,Acinetobacter baumannii,Positive
8557,dbAMP_22877,Candida albicans,Positive
8558,dbAMP_19780,Staphylococcus aureus,Positive
8559,dbAMP_04670,Bacillus subtilis,Positive
8560,dbAMP_02808,Escherichia coli,Positive
8561,dbAMP_21027,Bacillus subtilis,Positive
8562,dbAMP_24774,Salmonella enterica,Positive
8563,dbAMP_21035,Klebsiella pneumoniae,Positive
8564,dbAMP_10440,Staphylococcus epidermidis,Positive
8565,dbAMP_23991,Escherichia coli,Positive
8566,dbAMP_16750,Enterococcus faecalis,Positive
8567,dbAMP_27313,Enterobacter cloacae,Positive
8568,dbAMP_17102,Klebsiella pneumoniae,Positive
8569,20450.0,Escherichia coli,Positive
8570,dbAMP_01958,Escherichia coli,Positive
8571,dbAMP_14733,Staphylococcus epidermidis,Positive
8572,10634.0,Escherichia coli,Positive
8573,20502.0,Escherichia coli,Positive
8574,dbAMP_24811,Bacillus subtilis,Positive
8575,dbAMP_34015,Staphylococcus aureus,Positive
8576,dbAMP_18878,Pseudomonas aeruginosa,Positive
8577,dbAMP_17750,Salmonella enterica,Positive
8578,19494.0,Enterococcus faecalis,Positive
8579,dbAMP_11855,Bacillus subtilis,Positive
8580,dbAMP_31775,Escherichia coli,Positive
8581,dbAMP_33926,Acinetobacter baumannii,Positive
8582,dbAMP_20674,Staphylococcus aureus,Positive
8583,19202.0,Staphylococcus aureus,Positive
8584,DRAMP03823,Staphylococcus aureus,Positive
8585,20582.0,Bacillus cereus,Positive
8586,dbAMP_16044,Bacillus subtilis,Positive
8587,dbAMP_16183,Staphylococcus aureus,Positive
8588,dbAMP_02875,Bacillus subtilis,Positive
8589,dbAMP_22251,Staphylococcus aureus,Positive
8590,21313.0,Pseudomonas aeruginosa,Positive
8591,dbAMP_17797,Staphylococcus aureus,Positive
8592,dbAMP_17638,Bacillus subtilis,Positive
8593,dbAMP_22698,Listeria monocytogenes,Positive
8594,dbAMP_20615,Candida albicans,Positive
8595,dbAMP_02268,Micrococcus luteus,Positive
8596,dbAMP_19294,Micrococcus luteus,Positive
8597,dbAMP_18097,Pseudomonas aeruginosa,Positive
8598,dbAMP_33882,Staphylococcus aureus,Positive
8599,dbAMP_31312,Acinetobacter baumannii,Positive
8600,dbAMP_20257,Candida albicans,Positive
8601,dbAMP_19261,Bacillus subtilis,Positive
8602,dbAMP_27427,Staphylococcus epidermidis,Positive
8603,22218.0,Candida albicans,Positive
8604,22025.0,Staphylococcus aureus,Positive
8605,19215.0,Escherichia coli,Positive
8606,dbAMP_05526,Pseudomonas aeruginosa,Positive
8607,dbAMP_01991,Klebsiella pneumoniae,Positive
8608,dbAMP_27641,Candida albicans,Positive
8609,dbAMP_05889,Escherichia coli,Positive
8610,dbAMP_02706,Candida albicans,Positive
8611,dbAMP_22030,Bacillus subtilis,Positive
8612,dbAMP_10517,Escherichia coli,Positive
8613,dbAMP_20327,Escherichia coli,Positive
8614,dbAMP_02667,Escherichia coli,Positive
8615,19938.0,Escherichia coli,Positive
8616,dbAMP_20142,Pseudomonas aeruginosa,Positive
8617,dbAMP_04607,Salmonella enterica,Positive
8618,dbAMP_18689,Escherichia coli,Positive
8619,dbAMP_21614,Micrococcus luteus,Positive
8620,19132.0,Staphylococcus aureus,Positive
8621,20171.0,Bacillus subtilis,Positive
8622,dbAMP_15954,Candida albicans,Positive
8623,dbAMP_19258,Pseudomonas aeruginosa,Positive
8624,19671.0,Pseudomonas aeruginosa,Positive
8625,dbAMP_11692,Micrococcus luteus,Positive
8626,dbAMP_05798,Bacillus subtilis,Positive
8627,dbAMP_17957,Candida albicans,Positive
8628,6841.0,Staphylococcus aureus,Positive
8629,dbAMP_04929,Cryptococcus neoformans,Positive
8630,dbAMP_23720,Micrococcus luteus,Positive
8631,dbAMP_27354,Pseudomonas aeruginosa,Positive
8632,dbAMP_18050,Candida albicans,Positive
8633,dbAMP_22903,Escherichia coli,Positive
8634,dbAMP_19738,Enterococcus faecalis,Positive
8635,dbAMP_04635,Escherichia coli,Positive
8636,dbAMP_04977,Micrococcus luteus,Positive
8637,dbAMP_02983,Staphylococcus aureus,Positive
8638,dbAMP_02190,Staphylococcus epidermidis,Positive
8639,dbAMP_02147,Candida albicans,Positive
8640,dbAMP_14728,Candida albicans,Positive
8641,dbAMP_14863,Salmonella enterica,Positive
8642,dbAMP_18995,Escherichia coli,Positive
8643,dbAMP_22833,Escherichia coli,Positive
8644,dbAMP_21029,Pseudomonas aeruginosa,Positive
8645,dbAMP_15998,Pseudomonas aeruginosa,Positive
8646,dbAMP_09658,Escherichia coli,Positive
8647,22051.0,Acinetobacter baumannii,Positive
8648,dbAMP_16504,Klebsiella pneumoniae,Positive
8649,dbAMP_22167,Staphylococcus aureus,Positive
8650,19776.0,Escherichia coli,Positive
8651,20208.0,Escherichia coli,Positive
8652,19467.0,Staphylococcus aureus,Positive
8653,dbAMP_20340,Klebsiella pneumoniae,Positive
8654,20845.0,Micrococcus luteus,Positive
8655,dbAMP_23079,Bacillus subtilis,Positive
8656,dbAMP_31806,Staphylococcus aureus,Positive
8657,dbAMP_16309,Enterococcus faecalis,Positive
8658,dbAMP_24869,Bacillus cereus,Positive
8659,dbAMP_04076,Staphylococcus aureus,Positive
8660,dbAMP_22042,Pseudomonas aeruginosa,Positive
8661,dbAMP_16116,Bacillus subtilis,Positive
8662,dbAMP_17572,Pseudomonas aeruginosa,Positive
8663,dbAMP_18053,Candida albicans,Positive
8664,17724.0,Pseudomonas aeruginosa,Positive
8665,dbAMP_22858,Bacillus subtilis,Positive
8666,dbAMP_18443,Pseudomonas aeruginosa,Positive
8667,dbAMP_22852,Pseudomonas aeruginosa,Positive
8668,dbAMP_16763,Candida parapsilosis,Positive
8669,dbAMP_28303,Staphylococcus aureus,Positive
8670,dbAMP_03446,Candida albicans,Positive
8671,dbAMP_24563,Pseudomonas aeruginosa,Positive
8672,DRAMP03405,Staphylococcus epidermidis,Positive
8673,dbAMP_16088,Staphylococcus aureus,Positive
8674,dbAMP_14800,Bacillus megaterium,Positive
8675,dbAMP_22882,Candida albicans,Positive
8676,dbAMP_23457,Bacillus subtilis,Positive
8677,dbAMP_17498,Listeria monocytogenes,Positive
8678,dbAMP_14896,Staphylococcus epidermidis,Positive
8679,dbAMP_17561,Staphylococcus aureus,Positive
8680,20407.0,Salmonella enterica,Positive
8681,dbAMP_16076,Staphylococcus aureus,Positive
8682,dbAMP_16494,Staphylococcus aureus,Positive
8683,dbAMP_18511,Enterococcus faecium,Positive
8684,dbAMP_02020,Bacillus subtilis,Positive
8685,11838.0,Staphylococcus epidermidis,Positive
8686,19867.0,Escherichia coli,Positive
8687,DRAMP04166,Candida albicans,Positive
8688,dbAMP_20773,Escherichia coli,Positive
8689,dbAMP_03793,Pseudomonas aeruginosa,Positive
8690,dbAMP_22878,Candida albicans,Positive
8691,19682.0,Staphylococcus aureus,Positive
8692,dbAMP_16477,Micrococcus luteus,Positive
8693,dbAMP_14889,Klebsiella pneumoniae,Positive
8694,dbAMP_00378,Enterococcus faecalis,Positive
8695,DRAMP02331,Salmonella enterica,Positive
8696,dbAMP_17200,Listeria monocytogenes,Positive
8697,dbAMP_17197,Pseudomonas aeruginosa,Positive
8698,dbAMP_14616,Staphylococcus aureus,Positive
8699,dbAMP_26141,Escherichia coli,Positive
8700,dbAMP_03661,Staphylococcus aureus,Positive
8701,20342.0,Staphylococcus aureus,Positive
8702,dbAMP_23340,Bacillus subtilis,Positive
8703,dbAMP_28794,Staphylococcus aureus,Positive
8704,dbAMP_32061,Bacillus subtilis,Positive
8705,dbAMP_27534,Pseudomonas aeruginosa,Positive
8706,dbAMP_02714,Acinetobacter baumannii,Positive
8707,20567.0,Escherichia coli,Positive
8708,1738.0,Pseudomonas aeruginosa,Positive
8709,dbAMP_03177,Escherichia coli,Positive
8710,18824.0,Staphylococcus aureus,Positive
8711,dbAMP_06084,Klebsiella pneumoniae,Positive
8712,dbAMP_00400,Escherichia coli,Positive
8713,dbAMP_19292,Staphylococcus aureus,Positive
8714,dbAMP_17464,Cryptococcus neoformans,Positive
8715,dbAMP_19690,Bacillus subtilis,Positive
8716,dbAMP_02406,Bacillus megaterium,Positive
8717,dbAMP_24592,Candida albicans,Positive
8718,dbAMP_19303,Pseudomonas aeruginosa,Positive
8719,18756.0,Enterococcus faecalis,Positive
8720,dbAMP_10262,Klebsiella pneumoniae,Positive
8721,dbAMP_22621,Escherichia coli,Positive
8722,17414.0,Escherichia coli,Positive
8723,dbAMP_22133,Staphylococcus aureus,Positive
8724,dbAMP_19782,Pseudomonas aeruginosa,Positive
8725,dbAMP_22742,Salmonella enterica,Positive
8726,dbAMP_21468,Staphylococcus aureus,Positive
8727,20801.0,Enterococcus faecalis,Positive
8728,dbAMP_05846,Candida albicans,Positive
8729,dbAMP_24281,Pseudomonas aeruginosa,Positive
8730,dbAMP_02597,Staphylococcus aureus,Positive
8731,dbAMP_19236,Staphylococcus aureus,Positive
8732,dbAMP_16723,Salmonella enterica,Positive
8733,5346.0,Escherichia coli,Positive
8734,dbAMP_28799,Escherichia coli,Positive
8735,dbAMP_04929,Staphylococcus epidermidis,Positive
8736,dbAMP_24043,Pseudomonas aeruginosa,Positive
8737,dbAMP_17204,Escherichia coli,Positive
8738,dbAMP_21044,Cryptococcus neoformans,Positive
8739,dbAMP_14809,Staphylococcus aureus,Positive
8740,dbAMP_31971,Micrococcus luteus,Positive
8741,dbAMP_27845,Staphylococcus epidermidis,Positive
8742,dbAMP_18153,Salmonella enterica,Positive
8743,dbAMP_23993,Enterococcus faecalis,Positive
8744,dbAMP_03574,Escherichia coli,Positive
8745,dbAMP_16223,Salmonella enterica,Positive
8746,dbAMP_24387,Bacillus subtilis,Positive
8747,dbAMP_23148,Staphylococcus epidermidis,Positive
8748,22220.0,Klebsiella pneumoniae,Positive
8749,dbAMP_21257,Acinetobacter baumannii,Positive
8750,22374.0,Staphylococcus aureus,Positive
8751,dbAMP_02028,Staphylococcus aureus,Positive
8752,22093.0,Enterococcus faecalis,Positive
8753,dbAMP_20341,Pseudomonas aeruginosa,Positive
8754,dbAMP_04638,Staphylococcus epidermidis,Positive
8755,dbAMP_16323,Bacillus subtilis,Positive
8756,dbAMP_32543,Staphylococcus aureus,Positive
8757,21142.0,Staphylococcus epidermidis,Positive
8758,dbAMP_01722,Micrococcus luteus,Positive
8759,dbAMP_33117,Enterococcus faecalis,Positive
8760,dbAMP_16214,Bacillus subtilis,Positive
8761,dbAMP_10397,Escherichia coli,Positive
8762,dbAMP_21060,Cryptococcus neoformans,Positive
8763,dbAMP_02250,Staphylococcus aureus,Positive
8764,DRAMP03877,Staphylococcus aureus,Positive
8765,dbAMP_02147,Staphylococcus aureus,Positive
8766,dbAMP_19532,Listeria monocytogenes,Positive
8767,dbAMP_03591,Salmonella enterica,Positive
8768,dbAMP_24427,Candida albicans,Positive
8769,5243.0,Candida albicans,Positive
8770,dbAMP_00360,Bacillus megaterium,Positive
8771,20605.0,Staphylococcus aureus,Positive
8772,19438.0,Candida albicans,Positive
8773,dbAMP_17753,Salmonella enterica,Positive
8774,19551.0,Salmonella enterica,Positive
8775,dbAMP_03453,Staphylococcus aureus,Positive
8776,dbAMP_17966,Escherichia coli,Positive
8777,dbAMP_23916,Staphylococcus aureus,Positive
8778,5641.0,Staphylococcus aureus,Positive
8779,dbAMP_10781,Bacillus subtilis,Positive
8780,dbAMP_18518,Escherichia coli,Positive
8781,dbAMP_01477,Pseudomonas aeruginosa,Positive
8782,20289.0,Escherichia coli,Positive
8783,19616.0,Pseudomonas aeruginosa,Positive
8784,dbAMP_10412,Micrococcus luteus,Positive
8785,18126.0,Staphylococcus epidermidis,Positive
8786,dbAMP_22036,Pseudomonas aeruginosa,Positive
8787,dbAMP_04404,Staphylococcus aureus,Positive
8788,dbAMP_10858,Escherichia coli,Positive
8789,dbAMP_34253,Escherichia coli,Positive
8790,19486.0,Bacillus cereus,Positive
8791,dbAMP_16126,Pseudomonas aeruginosa,Positive
8792,dbAMP_25403,Staphylococcus epidermidis,Positive
8793,dbAMP_24917,Staphylococcus aureus,Positive
8794,dbAMP_23924,Escherichia coli,Positive
8795,dbAMP_17988,Staphylococcus epidermidis,Positive
8796,dbAMP_18227,Staphylococcus epidermidis,Positive
8797,21465.0,Staphylococcus aureus,Positive
8798,DRAMP02854,Candida albicans,Positive
8799,dbAMP_19310,Acinetobacter baumannii,Positive
8800,dbAMP_22790,Staphylococcus epidermidis,Positive
8801,dbAMP_21461,Salmonella enterica,Positive
8802,dbAMP_04744,Staphylococcus epidermidis,Positive
8803,dbAMP_23265,Candida albicans,Positive
8804,10295.0,Acinetobacter baumannii,Positive
8805,dbAMP_17586,Staphylococcus aureus,Positive
8806,dbAMP_22981,Escherichia coli,Positive
8807,dbAMP_19749,Bacillus subtilis,Positive
8808,dbAMP_22435,Bacillus subtilis,Positive
8809,dbAMP_18107,Staphylococcus epidermidis,Positive
8810,dbAMP_20563,Pseudomonas aeruginosa,Positive
8811,dbAMP_16261,Candida parapsilosis,Positive
8812,dbAMP_15898,Enterococcus faecium,Positive
8813,dbAMP_21030,Staphylococcus aureus,Positive
8814,dbAMP_27532,Salmonella enterica,Positive
8815,19734.0,Escherichia coli,Positive
8816,dbAMP_25269,Staphylococcus aureus,Positive
8817,dbAMP_17571,Salmonella enterica,Positive
8818,dbAMP_18441,Escherichia coli,Positive
8819,dbAMP_24817,Staphylococcus aureus,Positive
8820,dbAMP_24031,Staphylococcus aureus,Positive
8821,21928.0,Enterococcus faecalis,Positive
8822,dbAMP_21235,Bacillus subtilis,Positive
8823,dbAMP_33230,Staphylococcus aureus,Positive
8824,dbAMP_02735,Acinetobacter baumannii,Positive
8825,dbAMP_00973,Staphylococcus aureus,Positive
8826,dbAMP_27166,Escherichia coli,Positive
8827,10249.0,Escherichia coli,Positive
8828,1361.0,Escherichia coli,Positive
8829,19691.0,Escherichia coli,Positive
8830,dbAMP_14842,Escherichia coli,Positive
8831,dbAMP_19401,Staphylococcus aureus,Positive
8832,17509.0,Klebsiella pneumoniae,Positive
8833,dbAMP_33358,Staphylococcus aureus,Positive
8834,dbAMP_21267,Staphylococcus aureus,Positive
8835,dbAMP_22035,Staphylococcus aureus,Positive
8836,dbAMP_05497,Bacillus subtilis,Positive
8837,1160.0,Escherichia coli,Positive
8838,dbAMP_25434,Listeria monocytogenes,Positive
8839,dbAMP_12284,Staphylococcus aureus,Positive
8840,dbAMP_03680,Escherichia coli,Positive
8841,dbAMP_17574,Escherichia coli,Positive
8842,dbAMP_33226,Staphylococcus aureus,Positive
8843,dbAMP_22258,Bacillus cereus,Positive
8844,dbAMP_33688,Escherichia coli,Positive
8845,dbAMP_23917,Pseudomonas aeruginosa,Positive
8846,dbAMP_19108,Bacillus subtilis,Positive
8847,dbAMP_05261,Staphylococcus aureus,Positive
8848,dbAMP_03122,Pseudomonas aeruginosa,Positive
8849,dbAMP_05400,Pseudomonas aeruginosa,Positive
8850,dbAMP_23725,Escherichia coli,Positive
8851,dbAMP_31641,Pseudomonas aeruginosa,Positive
8852,1030.0,Escherichia coli,Positive
8853,DRAMP01429,Staphylococcus aureus,Positive
8854,dbAMP_17722,Pseudomonas aeruginosa,Positive
8855,13886.0,Escherichia coli,Positive
8856,dbAMP_33112,Pseudomonas aeruginosa,Positive
8857,dbAMP_02112,Pseudomonas aeruginosa,Positive
8858,dbAMP_27418,Candida albicans,Positive
8859,dbAMP_33689,Enterococcus faecalis,Positive
8860,18822.0,Salmonella enterica,Positive
8861,dbAMP_24239,Escherichia coli,Positive
8862,dbAMP_21484,Staphylococcus aureus,Positive
8863,dbAMP_12284,Salmonella enterica,Positive
8864,dbAMP_14840,Escherichia coli,Positive
8865,dbAMP_23949,Staphylococcus epidermidis,Positive
8866,dbAMP_16730,Escherichia coli,Positive
8867,dbAMP_15986,Staphylococcus aureus,Positive
8868,17416.0,Pseudomonas aeruginosa,Positive
8869,dbAMP_23311,Salmonella enterica,Positive
8870,dbAMP_11938,Escherichia coli,Positive
8871,dbAMP_15802,Bacillus subtilis,Positive
8872,dbAMP_06657,Staphylococcus aureus,Positive
8873,21944.0,Escherichia coli,Positive
8874,19354.0,Acinetobacter baumannii,Positive
8875,dbAMP_18567,Escherichia coli,Positive
8876,20842.0,Candida albicans,Positive
8877,dbAMP_24043,Candida albicans,Positive
8878,dbAMP_22867,Escherichia coli,Positive
8879,dbAMP_17858,Escherichia coli,Positive
8880,dbAMP_27241,Staphylococcus aureus,Positive
8881,dbAMP_25224,Acinetobacter baumannii,Positive
8882,dbAMP_23265,Escherichia coli,Positive
8883,20599.0,Listeria monocytogenes,Positive
8884,dbAMP_01850,Bacillus megaterium,Positive
8885,dbAMP_27812,Staphylococcus aureus,Positive
8886,dbAMP_20120,Acinetobacter baumannii,Positive
8887,18191.0,Staphylococcus aureus,Positive
8888,dbAMP_22650,Salmonella enterica,Positive
8889,dbAMP_27426,Candida albicans,Positive
8890,dbAMP_11927,Pseudomonas aeruginosa,Positive
8891,dbAMP_31137,Candida albicans,Positive
8892,dbAMP_01919,Candida albicans,Positive
8893,dbAMP_19562,Escherichia coli,Positive
8894,dbAMP_16142,Bacillus subtilis,Positive
8895,dbAMP_27179,Pseudomonas aeruginosa,Positive
8896,dbAMP_00079,Escherichia coli,Positive
8897,dbAMP_11781,Escherichia coli,Positive
8898,20839.0,Staphylococcus epidermidis,Positive
8899,dbAMP_16239,Staphylococcus epidermidis,Positive
8900,dbAMP_23991,Bacillus subtilis,Positive
8901,dbAMP_03660,Staphylococcus aureus,Positive
8902,dbAMP_15753,Pseudomonas aeruginosa,Positive
8903,dbAMP_05899,Staphylococcus aureus,Positive
8904,dbAMP_03122,Klebsiella pneumoniae,Positive
8905,dbAMP_20754,Staphylococcus aureus,Positive
8906,20341.0,Staphylococcus aureus,Positive
8907,dbAMP_21315,Escherichia coli,Positive
8908,dbAMP_16087,Escherichia coli,Positive
8909,dbAMP_16142,Micrococcus luteus,Positive
8910,dbAMP_18797,Bacillus subtilis,Positive
8911,dbAMP_14896,Staphylococcus aureus,Positive
8912,dbAMP_16028,Enterococcus faecalis,Positive
8913,dbAMP_22905,Pseudomonas aeruginosa,Positive
8914,dbAMP_23977,Klebsiella pneumoniae,Positive
8915,dbAMP_21434,Escherichia coli,Positive
8916,20161.0,Escherichia coli,Positive
8917,dbAMP_21542,Escherichia coli,Positive
8918,dbAMP_05051,Salmonella enterica,Positive
8919,dbAMP_02446,Escherichia coli,Positive
8920,dbAMP_24870,Enterococcus faecium,Positive
8921,19494.0,Pseudomonas aeruginosa,Positive
8922,6488.0,Bacillus subtilis,Positive
8923,dbAMP_24816,Bacillus subtilis,Positive
8924,dbAMP_15869,Bacillus subtilis,Positive
8925,dbAMP_14895,Salmonella enterica,Positive
8926,18754.0,Escherichia coli,Positive
8927,dbAMP_19051,Escherichia coli,Positive
8928,dbAMP_27613,Klebsiella pneumoniae,Positive
8929,dbAMP_27419,Enterococcus faecalis,Positive
8930,dbAMP_25303,Pseudomonas aeruginosa,Positive
8931,20629.0,Salmonella enterica,Positive
8932,dbAMP_27070,Staphylococcus aureus,Positive
8933,dbAMP_11548,Bacillus subtilis,Positive
8934,DRAMP02361,Candida albicans,Positive
8935,dbAMP_18065,Staphylococcus aureus,Positive
8936,dbAMP_18691,Escherichia coli,Positive
8937,8348.0,Micrococcus luteus,Positive
8938,7081.0,Staphylococcus epidermidis,Positive
8939,dbAMP_19086,Bacillus subtilis,Positive
8940,dbAMP_16560,Escherichia coli,Positive
8941,dbAMP_18105,Pseudomonas aeruginosa,Positive
8942,dbAMP_24871,Pseudomonas aeruginosa,Positive
8943,dbAMP_27638,Acinetobacter baumannii,Positive
8944,dbAMP_21727,Staphylococcus aureus,Positive
8945,20308.0,Acinetobacter baumannii,Positive
8946,dbAMP_04996,Candida albicans,Positive
8947,1026.0,Enterococcus faecium,Positive
8948,dbAMP_17104,Staphylococcus aureus,Positive
8949,dbAMP_24673,Staphylococcus aureus,Positive
8950,dbAMP_21023,Escherichia coli,Positive
8951,dbAMP_18382,Escherichia coli,Positive
8952,dbAMP_28807,Escherichia coli,Positive
8953,dbAMP_16247,Bacillus subtilis,Positive
8954,dbAMP_19698,Enterococcus faecalis,Positive
8955,dbAMP_19284,Listeria monocytogenes,Positive
8956,dbAMP_32067,Bacillus subtilis,Positive
8957,dbAMP_16069,Enterococcus faecium,Positive
8958,dbAMP_23134,Cryptococcus neoformans,Positive
8959,dbAMP_27534,Staphylococcus aureus,Positive
8960,dbAMP_03448,Staphylococcus aureus,Positive
8961,22286.0,Staphylococcus aureus,Positive
8962,19903.0,Pseudomonas aeruginosa,Positive
8963,dbAMP_17054,Enterococcus faecium,Positive
8964,22218.0,Klebsiella pneumoniae,Positive
8965,dbAMP_22721,Staphylococcus epidermidis,Positive
8966,dbAMP_18606,Enterococcus faecium,Positive
8967,dbAMP_16165,Escherichia coli,Positive
8968,dbAMP_20383,Escherichia coli,Positive
8969,dbAMP_24149,Pseudomonas aeruginosa,Positive
8970,dbAMP_16090,Klebsiella pneumoniae,Positive
8971,dbAMP_23932,Enterococcus faecalis,Positive
8972,dbAMP_16373,Pseudomonas aeruginosa,Positive
8973,21534.0,Bacillus subtilis,Positive
8974,20145.0,Escherichia coli,Positive
8975,dbAMP_18436,Salmonella enterica,Positive
8976,21697.0,Acinetobacter baumannii,Positive
8977,dbAMP_27091,Salmonella enterica,Positive
8978,dbAMP_22006,Bacillus subtilis,Positive
8979,dbAMP_24571,Escherichia coli,Positive
8980,dbAMP_04674,Escherichia coli,Positive
8981,dbAMP_03832,Micrococcus luteus,Positive
8982,dbAMP_24400,Escherichia coli,Positive
8983,dbAMP_20739,Candida albicans,Positive
8984,dbAMP_16305,Salmonella enterica,Positive
8985,dbAMP_34161,Staphylococcus aureus,Positive
8986,dbAMP_18221,Staphylococcus aureus,Positive
8987,dbAMP_19044,Escherichia coli,Positive
8988,DRAMP01164,Escherichia coli,Positive
8989,dbAMP_33694,Klebsiella pneumoniae,Positive
8990,dbAMP_24748,Enterococcus faecium,Positive
8991,dbAMP_14772,Escherichia coli,Positive
8992,dbAMP_22781,Pseudomonas aeruginosa,Positive
8993,19877.0,Staphylococcus aureus,Positive
8994,19676.0,Acinetobacter baumannii,Positive
8995,dbAMP_24871,Escherichia coli,Positive
8996,20813.0,Staphylococcus aureus,Positive
8997,dbAMP_21206,Escherichia coli,Positive
8998,dbAMP_04646,Staphylococcus aureus,Positive
8999,dbAMP_16050,Micrococcus luteus,Positive
9000,dbAMP_15963,Pseudomonas aeruginosa,Positive
9001,dbAMP_18853,Pseudomonas aeruginosa,Positive
9002,dbAMP_23098,Enterococcus faecium,Positive
9003,DRAMP18588,Escherichia coli,Positive
9004,DRAMP03140,Cryptococcus neoformans,Positive
9005,22280.0,Staphylococcus epidermidis,Positive
9006,dbAMP_33232,Candida albicans,Positive
9007,21889.0,Acinetobacter baumannii,Positive
9008,dbAMP_25875,Enterococcus faecalis,Positive
9009,dbAMP_23260,Bacillus cereus,Positive
9010,dbAMP_18812,Escherichia coli,Positive
9011,dbAMP_10716,Escherichia coli,Positive
9012,dbAMP_02395,Staphylococcus aureus,Positive
9013,dbAMP_16227,Staphylococcus aureus,Positive
9014,dbAMP_17561,Candida albicans,Positive
9015,dbAMP_02836,Candida parapsilosis,Positive
9016,dbAMP_16435,Enterococcus faecium,Positive
9017,dbAMP_24189,Listeria monocytogenes,Positive
9018,dbAMP_16015,Escherichia coli,Positive
9019,dbAMP_22478,Pseudomonas aeruginosa,Positive
9020,dbAMP_18150,Escherichia coli,Positive
9021,dbAMP_28738,Acinetobacter baumannii,Positive
9022,dbAMP_02387,Candida albicans,Positive
9023,18601.0,Micrococcus luteus,Positive
9024,dbAMP_16224,Staphylococcus aureus,Positive
9025,dbAMP_18559,Escherichia coli,Positive
9026,dbAMP_03212,Salmonella enterica,Positive
9027,dbAMP_18519,Acinetobacter baumannii,Positive
9028,18510.0,Escherichia coli,Positive
9029,dbAMP_33101,Escherichia coli,Positive
9030,dbAMP_02666,Pseudomonas aeruginosa,Positive
9031,dbAMP_04457,Staphylococcus epidermidis,Positive
9032,dbAMP_20118,Klebsiella pneumoniae,Positive
9033,dbAMP_23299,Enterobacter cloacae,Positive
9034,dbAMP_16152,Escherichia coli,Positive
9035,21982.0,Bacillus subtilis,Positive
9036,DRAMP29047,Staphylococcus epidermidis,Positive
9037,dbAMP_16781,Staphylococcus aureus,Positive
9038,dbAMP_18115,Escherichia coli,Positive
9039,19859.0,Klebsiella pneumoniae,Positive
9040,1026.0,Klebsiella pneumoniae,Positive
9041,20159.0,Enterococcus faecalis,Positive
9042,dbAMP_27157,Escherichia coli,Positive
9043,14945.0,Staphylococcus epidermidis,Positive
9044,dbAMP_18793,Bacillus subtilis,Positive
9045,dbAMP_31179,Acinetobacter baumannii,Positive
9046,20803.0,Enterococcus faecalis,Positive
9047,dbAMP_04644,Bacillus subtilis,Positive
9048,18747.0,Pseudomonas aeruginosa,Positive
9049,dbAMP_17716,Enterococcus faecium,Positive
9050,18113.0,Micrococcus luteus,Positive
9051,dbAMP_01992,Escherichia coli,Positive
9052,dbAMP_02406,Staphylococcus aureus,Positive
9053,dbAMP_15893,Staphylococcus aureus,Positive
9054,DRAMP03278,Pseudomonas aeruginosa,Positive
9055,dbAMP_24968,Candida albicans,Positive
9056,dbAMP_00028,Staphylococcus aureus,Positive
9057,dbAMP_15726,Escherichia coli,Positive
9058,dbAMP_03608,Candida parapsilosis,Positive
9059,dbAMP_18695,Escherichia coli,Positive
9060,18734.0,Escherichia coli,Positive
9061,dbAMP_24296,Pseudomonas aeruginosa,Positive
9062,dbAMP_27353,Escherichia coli,Positive
9063,dbAMP_02165,Staphylococcus aureus,Positive
9064,dbAMP_20772,Candida albicans,Positive
9065,21945.0,Bacillus subtilis,Positive
9066,dbAMP_32341,Enterobacter cloacae,Positive
9067,dbAMP_02950,Staphylococcus aureus,Positive
9068,dbAMP_23992,Staphylococcus epidermidis,Positive
9069,dbAMP_26141,Salmonella enterica,Positive
9070,dbAMP_23263,Candida albicans,Positive
9071,12113.0,Staphylococcus aureus,Positive
9072,dbAMP_23204,Escherichia coli,Positive
9073,21336.0,Acinetobacter baumannii,Positive
9074,dbAMP_25175,Staphylococcus aureus,Positive
9075,dbAMP_03590,Bacillus megaterium,Positive
9076,dbAMP_04748,Candida albicans,Positive
9077,dbAMP_18447,Enterococcus faecalis,Positive
9078,dbAMP_17025,Escherichia coli,Positive
9079,5857.0,Escherichia coli,Positive
9080,dbAMP_24566,Bacillus subtilis,Positive
9081,dbAMP_16146,Staphylococcus aureus,Positive
9082,dbAMP_04815,Staphylococcus aureus,Positive
9083,dbAMP_19806,Escherichia coli,Positive
9084,dbAMP_19424,Escherichia coli,Positive
9085,dbAMP_22145,Candida albicans,Positive
9086,dbAMP_17404,Staphylococcus aureus,Positive
9087,dbAMP_27648,Salmonella enterica,Positive
9088,dbAMP_18445,Escherichia coli,Positive
9089,dbAMP_28776,Escherichia coli,Positive
9090,dbAMP_31341,Enterococcus faecium,Positive
9091,1369.0,Escherichia coli,Positive
9092,dbAMP_22095,Bacillus subtilis,Positive
9093,dbAMP_17884,Salmonella enterica,Positive
9094,dbAMP_21999,Bacillus subtilis,Positive
9095,dbAMP_22948,Bacillus subtilis,Positive
9096,dbAMP_22035,Bacillus subtilis,Positive
9097,18130.0,Bacillus subtilis,Positive
9098,dbAMP_18433,Staphylococcus epidermidis,Positive
9099,dbAMP_24011,Escherichia coli,Positive
9100,dbAMP_27641,Enterobacter cloacae,Positive
9101,dbAMP_15861,Staphylococcus aureus,Positive
9102,dbAMP_15761,Enterococcus faecalis,Positive
9103,dbAMP_12011,Pseudomonas aeruginosa,Positive
9104,dbAMP_18804,Salmonella enterica,Positive
9105,dbAMP_17579,Escherichia coli,Positive
9106,dbAMP_33781,Staphylococcus aureus,Positive
9107,dbAMP_21674,Salmonella enterica,Positive
9108,17601.0,Escherichia coli,Positive
9109,dbAMP_22472,Staphylococcus aureus,Positive
9110,dbAMP_19742,Bacillus subtilis,Positive
9111,dbAMP_12830,Micrococcus luteus,Positive
9112,17723.0,Klebsiella pneumoniae,Positive
9113,dbAMP_26087,Staphylococcus aureus,Positive
9114,DRAMP03140,Klebsiella pneumoniae,Positive
9115,dbAMP_16713,Salmonella enterica,Positive
9116,dbAMP_14655,Staphylococcus epidermidis,Positive
9117,dbAMP_10338,Escherichia coli,Positive
9118,dbAMP_18700,Pseudomonas aeruginosa,Positive
9119,dbAMP_19423,Escherichia coli,Positive
9120,dbAMP_21693,Micrococcus luteus,Positive
9121,dbAMP_05026,Escherichia coli,Positive
9122,dbAMP_25210,Salmonella enterica,Positive
9123,dbAMP_27647,Micrococcus luteus,Positive
9124,21727.0,Acinetobacter baumannii,Positive
9125,dbAMP_02944,Bacillus megaterium,Positive
9126,dbAMP_23944,Staphylococcus aureus,Positive
9127,19485.0,Enterococcus faecium,Positive
9128,dbAMP_18868,Pseudomonas aeruginosa,Positive
9129,20814.0,Listeria monocytogenes,Positive
9130,dbAMP_33234,Staphylococcus aureus,Positive
9131,19773.0,Acinetobacter baumannii,Positive
9132,dbAMP_23985,Salmonella enterica,Positive
9133,dbAMP_20791,Staphylococcus epidermidis,Positive
9134,18131.0,Pseudomonas aeruginosa,Positive
9135,dbAMP_32934,Staphylococcus aureus,Positive
9136,DRAMP18614,Candida albicans,Positive
9137,dbAMP_23831,Staphylococcus aureus,Positive
9138,dbAMP_15998,Staphylococcus aureus,Positive
9139,dbAMP_11778,Pseudomonas aeruginosa,Positive
9140,2854.0,Staphylococcus aureus,Positive
9141,dbAMP_10846,Escherichia coli,Positive
9142,dbAMP_00613,Staphylococcus aureus,Positive
9143,dbAMP_03640,Pseudomonas aeruginosa,Positive
9144,dbAMP_31803,Pseudomonas aeruginosa,Positive
9145,20144.0,Bacillus subtilis,Positive
9146,dbAMP_26064,Pseudomonas aeruginosa,Positive
9147,dbAMP_31372,Pseudomonas aeruginosa,Positive
9148,dbAMP_33106,Staphylococcus epidermidis,Positive
9149,dbAMP_19152,Staphylococcus epidermidis,Positive
9150,dbAMP_11161,Staphylococcus aureus,Positive
9151,dbAMP_18747,Staphylococcus aureus,Positive
9152,dbAMP_16906,Enterococcus faecalis,Positive
9153,dbAMP_20362,Pseudomonas aeruginosa,Positive
9154,18121.0,Pseudomonas aeruginosa,Positive
9155,dbAMP_17487,Staphylococcus aureus,Positive
9156,22227.0,Escherichia coli,Positive
9157,dbAMP_27216,Micrococcus luteus,Positive
9158,dbAMP_17551,Escherichia coli,Positive
9159,dbAMP_19827,Pseudomonas aeruginosa,Positive
9160,dbAMP_22272,Bacillus cereus,Positive
9161,DRAMP20801,Micrococcus luteus,Positive
9162,dbAMP_22530,Pseudomonas aeruginosa,Positive
9163,dbAMP_21901,Salmonella enterica,Positive
9164,17032.0,Escherichia coli,Positive
9165,dbAMP_09737,Micrococcus luteus,Positive
9166,dbAMP_02096,Staphylococcus aureus,Positive
9167,dbAMP_17632,Staphylococcus aureus,Positive
9168,dbAMP_18796,Salmonella enterica,Positive
9169,dbAMP_23944,Pseudomonas aeruginosa,Positive
9170,dbAMP_03394,Escherichia coli,Positive
9171,dbAMP_23180,Escherichia coli,Positive
9172,20001.0,Escherichia coli,Positive
9173,dbAMP_16817,Salmonella enterica,Positive
9174,20580.0,Pseudomonas aeruginosa,Positive
9175,dbAMP_20659,Candida albicans,Positive
9176,dbAMP_16326,Enterococcus faecalis,Positive
9177,dbAMP_16499,Candida albicans,Positive
9178,dbAMP_23164,Pseudomonas aeruginosa,Positive
9179,dbAMP_18377,Pseudomonas aeruginosa,Positive
9180,dbAMP_31311,Salmonella enterica,Positive
9181,dbAMP_11932,Bacillus subtilis,Positive
9182,dbAMP_22592,Pseudomonas aeruginosa,Positive
9183,dbAMP_21079,Staphylococcus aureus,Positive
9184,dbAMP_04359,Salmonella enterica,Positive
9185,19863.0,Klebsiella pneumoniae,Positive
9186,dbAMP_02533,Escherichia coli,Positive
9187,dbAMP_01714,Escherichia coli,Positive
9188,dbAMP_19076,Candida albicans,Positive
9189,dbAMP_15953,Pseudomonas aeruginosa,Positive
9190,dbAMP_21408,Escherichia coli,Positive
9191,dbAMP_02129,Micrococcus luteus,Positive
9192,21032.0,Escherichia coli,Positive
9193,dbAMP_25211,Staphylococcus aureus,Positive
9194,dbAMP_32891,Staphylococcus aureus,Positive
9195,19679.0,Bacillus subtilis,Positive
9196,dbAMP_06056,Micrococcus luteus,Positive
9197,dbAMP_01767,Staphylococcus aureus,Positive
9198,dbAMP_15953,Staphylococcus epidermidis,Positive
9199,18366.0,Staphylococcus aureus,Positive
9200,dbAMP_18983,Staphylococcus aureus,Positive
9201,18822.0,Enterococcus faecalis,Positive
9202,dbAMP_02511,Escherichia coli,Positive
9203,dbAMP_22079,Escherichia coli,Positive
9204,dbAMP_21601,Staphylococcus aureus,Positive
9205,dbAMP_15793,Escherichia coli,Positive
9206,dbAMP_17980,Staphylococcus epidermidis,Positive
9207,dbAMP_17473,Acinetobacter baumannii,Positive
9208,dbAMP_33108,Staphylococcus epidermidis,Positive
9209,dbAMP_03640,Bacillus megaterium,Positive
9210,dbAMP_14825,Staphylococcus epidermidis,Positive
9211,1052.0,Bacillus megaterium,Positive
9212,dbAMP_24901,Klebsiella pneumoniae,Positive
9213,12591.0,Bacillus subtilis,Positive
9214,19614.0,Klebsiella pneumoniae,Positive
9215,dbAMP_19112,Staphylococcus aureus,Positive
9216,19641.0,Staphylococcus aureus,Positive
9217,dbAMP_18891,Escherichia coli,Positive
9218,21530.0,Pseudomonas aeruginosa,Positive
9219,dbAMP_18632,Escherichia coli,Positive
9220,dbAMP_19269,Salmonella enterica,Positive
9221,dbAMP_10897,Escherichia coli,Positive
9222,dbAMP_11020,Salmonella enterica,Positive
9223,dbAMP_18764,Escherichia coli,Positive
9224,dbAMP_11985,Staphylococcus epidermidis,Positive
9225,dbAMP_21826,Pseudomonas aeruginosa,Positive
9226,dbAMP_33707,Pseudomonas aeruginosa,Positive
9227,dbAMP_00235,Acinetobacter baumannii,Positive
9228,dbAMP_01793,Enterococcus faecalis,Positive
9229,18160.0,Escherichia coli,Positive
9230,17408.0,Pseudomonas aeruginosa,Positive
9231,dbAMP_02395,Candida albicans,Positive
9232,dbAMP_19091,Bacillus subtilis,Positive
9233,21538.0,Klebsiella pneumoniae,Positive
9234,dbAMP_16056,Salmonella enterica,Positive
9235,dbAMP_17466,Candida albicans,Positive
9236,dbAMP_19159,Escherichia coli,Positive
9237,dbAMP_33346,Staphylococcus aureus,Positive
9238,dbAMP_09903,Enterobacter cloacae,Positive
9239,dbAMP_16226,Salmonella enterica,Positive
9240,dbAMP_23493,Salmonella enterica,Positive
9241,dbAMP_21458,Micrococcus luteus,Positive
9242,dbAMP_18241,Escherichia coli,Positive
9243,18173.0,Pseudomonas aeruginosa,Positive
9244,20598.0,Escherichia coli,Positive
9245,dbAMP_17455,Pseudomonas aeruginosa,Positive
9246,dbAMP_21535,Escherichia coli,Positive
9247,3365.0,Escherichia coli,Positive
9248,21527.0,Escherichia coli,Positive
9249,dbAMP_21089,Candida parapsilosis,Positive
9250,dbAMP_01665,Bacillus subtilis,Positive
9251,dbAMP_14703,Enterococcus faecalis,Positive
9252,dbAMP_18431,Staphylococcus aureus,Positive
9253,dbAMP_34046,Staphylococcus aureus,Positive
9254,dbAMP_22529,Klebsiella pneumoniae,Positive
9255,dbAMP_16163,Staphylococcus aureus,Positive
9256,dbAMP_22935,Staphylococcus aureus,Positive
9257,18756.0,Pseudomonas aeruginosa,Positive
9258,20856.0,Bacillus subtilis,Positive
9259,dbAMP_16658,Pseudomonas aeruginosa,Positive
9260,dbAMP_25117,Escherichia coli,Positive
9261,dbAMP_19303,Listeria monocytogenes,Positive
9262,dbAMP_17695,Bacillus subtilis,Positive
9263,dbAMP_22718,Candida albicans,Positive
9264,dbAMP_03002,Salmonella enterica,Positive
9265,dbAMP_16217,Bacillus subtilis,Positive
9266,21503.0,Escherichia coli,Positive
9267,7041.0,Klebsiella pneumoniae,Positive
9268,dbAMP_02450,Bacillus subtilis,Positive
9269,dbAMP_16386,Escherichia coli,Positive
9270,dbAMP_20517,Staphylococcus aureus,Positive
9271,19673.0,Pseudomonas aeruginosa,Positive
9272,dbAMP_04331,Pseudomonas aeruginosa,Positive
9273,dbAMP_20733,Staphylococcus epidermidis,Positive
9274,DRAMP02965,Candida albicans,Positive
9275,dbAMP_33226,Bacillus subtilis,Positive
9276,dbAMP_24652,Bacillus subtilis,Positive
9277,dbAMP_19310,Salmonella enterica,Positive
9278,dbAMP_03967,Bacillus cereus,Positive
9279,dbAMP_18875,Pseudomonas aeruginosa,Positive
9280,19369.0,Staphylococcus aureus,Positive
9281,dbAMP_17429,Candida albicans,Positive
9282,dbAMP_05895,Candida albicans,Positive
9283,DRAMP03181,Staphylococcus epidermidis,Positive
9284,21177.0,Klebsiella pneumoniae,Positive
9285,20853.0,Candida parapsilosis,Positive
9286,dbAMP_20595,Staphylococcus aureus,Positive
9287,19480.0,Escherichia coli,Positive
9288,dbAMP_23938,Candida albicans,Positive
9289,18819.0,Salmonella enterica,Positive
9290,dbAMP_25298,Pseudomonas aeruginosa,Positive
9291,dbAMP_02672,Bacillus subtilis,Positive
9292,dbAMP_03048,Escherichia coli,Positive
9293,dbAMP_03408,Escherichia coli,Positive
9294,10380.0,Staphylococcus aureus,Positive
9295,dbAMP_00393,Escherichia coli,Positive
9296,dbAMP_05614,Staphylococcus aureus,Positive
9297,dbAMP_16161,Acinetobacter baumannii,Positive
9298,dbAMP_18899,Bacillus subtilis,Positive
9299,dbAMP_27070,Enterococcus faecalis,Positive
9300,dbAMP_22167,Bacillus subtilis,Positive
9301,dbAMP_18041,Escherichia coli,Positive
9302,dbAMP_16144,Staphylococcus epidermidis,Positive
9303,19489.0,Acinetobacter baumannii,Positive
9304,dbAMP_23998,Staphylococcus aureus,Positive
9305,dbAMP_02951,Candida albicans,Positive
9306,1164.0,Staphylococcus aureus,Positive
9307,dbAMP_14885,Klebsiella pneumoniae,Positive
9308,dbAMP_00600,Bacillus subtilis,Positive
9309,dbAMP_16038,Escherichia coli,Positive
9310,dbAMP_17203,Bacillus subtilis,Positive
9311,1755.0,Pseudomonas aeruginosa,Positive
9312,dbAMP_19197,Staphylococcus aureus,Positive
9313,dbAMP_11245,Bacillus subtilis,Positive
9314,20503.0,Escherichia coli,Positive
9315,dbAMP_16785,Acinetobacter baumannii,Positive
9316,DRAMP04170,Staphylococcus aureus,Positive
9317,dbAMP_27608,Escherichia coli,Positive
9318,dbAMP_15986,Cryptococcus neoformans,Positive
9319,dbAMP_24953,Klebsiella pneumoniae,Positive
9320,dbAMP_22254,Bacillus cereus,Positive
9321,22286.0,Escherichia coli,Positive
9322,dbAMP_24139,Pseudomonas aeruginosa,Positive
9323,dbAMP_25174,Staphylococcus aureus,Positive
9324,dbAMP_18933,Escherichia coli,Positive
9325,20390.0,Salmonella enterica,Positive
9326,DRAMP03140,Salmonella enterica,Positive
9327,dbAMP_25084,Klebsiella pneumoniae,Positive
9328,dbAMP_04761,Staphylococcus aureus,Positive
9329,dbAMP_14851,Escherichia coli,Positive
9330,dbAMP_18552,Escherichia coli,Positive
9331,dbAMP_28785,Escherichia coli,Positive
9332,dbAMP_17858,Klebsiella pneumoniae,Positive
9333,dbAMP_18157,Escherichia coli,Positive
9334,DRAMP04168,Escherichia coli,Positive
9335,dbAMP_16786,Staphylococcus aureus,Positive
9336,dbAMP_19312,Bacillus subtilis,Positive
9337,dbAMP_17522,Enterococcus faecalis,Positive
9338,dbAMP_24917,Bacillus subtilis,Positive
9339,dbAMP_19372,Staphylococcus aureus,Positive
9340,dbAMP_17543,Staphylococcus epidermidis,Positive
9341,dbAMP_18955,Escherichia coli,Positive
9342,dbAMP_02567,Staphylococcus aureus,Positive
9343,dbAMP_16142,Staphylococcus aureus,Positive
9344,dbAMP_17461,Escherichia coli,Positive
9345,dbAMP_24820,Candida albicans,Positive
9346,dbAMP_16404,Staphylococcus aureus,Positive
9347,dbAMP_04714,Candida albicans,Positive
9348,dbAMP_24711,Escherichia coli,Positive
9349,dbAMP_11730,Escherichia coli,Positive
9350,dbAMP_12239,Candida albicans,Positive
9351,dbAMP_02994,Staphylococcus aureus,Positive
9352,21962.0,Staphylococcus aureus,Positive
9353,dbAMP_16139,Staphylococcus aureus,Positive
9354,dbAMP_02994,Klebsiella pneumoniae,Positive
9355,dbAMP_11060,Bacillus subtilis,Positive
9356,dbAMP_24036,Staphylococcus epidermidis,Positive
9357,dbAMP_20141,Escherichia coli,Positive
9358,dbAMP_01835,Escherichia coli,Positive
9359,dbAMP_24183,Listeria monocytogenes,Positive
9360,dbAMP_02202,Klebsiella pneumoniae,Positive
9361,dbAMP_14823,Salmonella enterica,Positive
9362,dbAMP_01660,Escherichia coli,Positive
9363,dbAMP_21897,Candida albicans,Positive
9364,dbAMP_05488,Escherichia coli,Positive
9365,8541.0,Pseudomonas aeruginosa,Positive
9366,dbAMP_15982,Escherichia coli,Positive
9367,dbAMP_04368,Escherichia coli,Positive
9368,dbAMP_20252,Escherichia coli,Positive
9369,dbAMP_18701,Cryptococcus neoformans,Positive
9370,dbAMP_32473,Bacillus subtilis,Positive
9371,dbAMP_20142,Enterococcus faecalis,Positive
9372,dbAMP_14776,Enterobacter cloacae,Positive
9373,dbAMP_19116,Staphylococcus aureus,Positive
9374,17280.0,Bacillus subtilis,Positive
9375,dbAMP_15961,Candida albicans,Positive
9376,dbAMP_18793,Escherichia coli,Positive
9377,dbAMP_27124,Escherichia coli,Positive
9378,dbAMP_33690,Staphylococcus aureus,Positive
9379,dbAMP_22424,Staphylococcus aureus,Positive
9380,dbAMP_22621,Acinetobacter baumannii,Positive
9381,dbAMP_09621,Micrococcus luteus,Positive
9382,19571.0,Enterococcus faecalis,Positive
9383,dbAMP_04079,Bacillus subtilis,Positive
9384,dbAMP_01787,Candida albicans,Positive
9385,dbAMP_25007,Staphylococcus aureus,Positive
9386,21830.0,Staphylococcus aureus,Positive
9387,dbAMP_19155,Escherichia coli,Positive
9388,dbAMP_16122,Enterobacter cloacae,Positive
9389,22094.0,Bacillus subtilis,Positive
9390,dbAMP_05530,Enterococcus faecalis,Positive
9391,dbAMP_16692,Pseudomonas aeruginosa,Positive
9392,dbAMP_14885,Micrococcus luteus,Positive
9393,dbAMP_21544,Bacillus subtilis,Positive
9394,dbAMP_16632,Candida parapsilosis,Positive
9395,dbAMP_23932,Staphylococcus epidermidis,Positive
9396,dbAMP_27196,Pseudomonas aeruginosa,Positive
9397,dbAMP_15895,Pseudomonas aeruginosa,Positive
9398,20121.0,Salmonella enterica,Positive
9399,dbAMP_18089,Staphylococcus aureus,Positive
9400,2854.0,Bacillus subtilis,Positive
9401,dbAMP_05917,Pseudomonas aeruginosa,Positive
9402,20492.0,Candida albicans,Positive
9403,dbAMP_24273,Staphylococcus aureus,Positive
9404,DRAMP02873,Pseudomonas aeruginosa,Positive
9405,dbAMP_16922,Escherichia coli,Positive
9406,dbAMP_21617,Micrococcus luteus,Positive
9407,dbAMP_23921,Enterococcus faecalis,Positive
9408,dbAMP_18104,Listeria monocytogenes,Positive
9409,dbAMP_15889,Acinetobacter baumannii,Positive
9410,dbAMP_32463,Enterococcus faecium,Positive
9411,17820.0,Bacillus subtilis,Positive
9412,dbAMP_23128,Escherichia coli,Positive
9413,dbAMP_00615,Micrococcus luteus,Positive
9414,dbAMP_19087,Bacillus subtilis,Positive
9415,dbAMP_10857,Pseudomonas aeruginosa,Positive
9416,dbAMP_15890,Staphylococcus aureus,Positive
9417,dbAMP_21025,Escherichia coli,Positive
9418,dbAMP_25188,Klebsiella pneumoniae,Positive
9419,dbAMP_17497,Salmonella enterica,Positive
9420,dbAMP_15896,Enterococcus faecalis,Positive
9421,dbAMP_17532,Pseudomonas aeruginosa,Positive
9422,dbAMP_03333,Micrococcus luteus,Positive
9423,dbAMP_01884,Staphylococcus aureus,Positive
9424,dbAMP_01885,Acinetobacter baumannii,Positive
9425,dbAMP_16508,Acinetobacter baumannii,Positive
9426,dbAMP_20740,Pseudomonas aeruginosa,Positive
9427,dbAMP_23917,Staphylococcus aureus,Positive
9428,dbAMP_24408,Escherichia coli,Positive
9429,21729.0,Staphylococcus epidermidis,Positive
9430,21531.0,Pseudomonas aeruginosa,Positive
9431,dbAMP_16715,Candida albicans,Positive
9432,dbAMP_04256,Escherichia coli,Positive
9433,dbAMP_02031,Candida albicans,Positive
9434,11336.0,Salmonella enterica,Positive
9435,17603.0,Salmonella enterica,Positive
9436,dbAMP_10668,Enterococcus faecalis,Positive
9437,17453.0,Staphylococcus aureus,Positive
9438,19015.0,Escherichia coli,Positive
9439,dbAMP_24165,Acinetobacter baumannii,Positive
9440,dbAMP_16032,Staphylococcus aureus,Positive
9441,dbAMP_24343,Listeria monocytogenes,Positive
9442,dbAMP_02445,Escherichia coli,Positive
9443,dbAMP_10721,Enterococcus faecium,Positive
9444,dbAMP_22575,Candida albicans,Positive
9445,dbAMP_17752,Salmonella enterica,Positive
9446,dbAMP_04362,Staphylococcus epidermidis,Positive
9447,21829.0,Acinetobacter baumannii,Positive
9448,dbAMP_24294,Bacillus cereus,Positive
9449,dbAMP_22703,Staphylococcus aureus,Positive
9450,19206.0,Staphylococcus aureus,Positive
9451,dbAMP_14890,Staphylococcus aureus,Positive
9452,DRAMP01490,Bacillus megaterium,Positive
9453,dbAMP_18732,Escherichia coli,Positive
9454,dbAMP_17472,Staphylococcus aureus,Positive
9455,dbAMP_03386,Staphylococcus aureus,Positive
9456,dbAMP_22878,Escherichia coli,Positive
9457,18784.0,Pseudomonas aeruginosa,Positive
9458,dbAMP_01596,Pseudomonas aeruginosa,Positive
9459,dbAMP_31186,Acinetobacter baumannii,Positive
9460,dbAMP_24847,Salmonella enterica,Positive
9461,dbAMP_16385,Escherichia coli,Positive
9462,dbAMP_05447,Micrococcus luteus,Positive
9463,DRAMP02923,Escherichia coli,Positive
9464,dbAMP_24009,Bacillus subtilis,Positive
9465,dbAMP_01469,Enterococcus faecalis,Positive
9466,dbAMP_23141,Staphylococcus aureus,Positive
9467,dbAMP_18793,Pseudomonas aeruginosa,Positive
9468,dbAMP_03436,Staphylococcus aureus,Positive
9469,dbAMP_16764,Candida albicans,Positive
9470,dbAMP_01843,Candida albicans,Positive
9471,dbAMP_20523,Pseudomonas aeruginosa,Positive
9472,dbAMP_15981,Escherichia coli,Positive
9473,dbAMP_02437,Pseudomonas aeruginosa,Positive
9474,dbAMP_19285,Staphylococcus aureus,Positive
9475,dbAMP_17574,Listeria monocytogenes,Positive
9476,dbAMP_24046,Escherichia coli,Positive
9477,DRAMP04676,Candida albicans,Positive
9478,dbAMP_10629,Enterococcus faecium,Positive
9479,dbAMP_22290,Staphylococcus aureus,Positive
9480,dbAMP_25407,Enterococcus faecalis,Positive
9481,21410.0,Escherichia coli,Positive
9482,dbAMP_12284,Bacillus subtilis,Positive
9483,dbAMP_20405,Candida albicans,Positive
9484,dbAMP_10940,Staphylococcus aureus,Positive
9485,dbAMP_23035,Staphylococcus epidermidis,Positive
9486,dbAMP_24376,Enterococcus faecalis,Positive
9487,dbAMP_16230,Staphylococcus epidermidis,Positive
9488,dbAMP_03754,Pseudomonas aeruginosa,Positive
9489,763.0,Candida albicans,Positive
9490,dbAMP_00302,Pseudomonas aeruginosa,Positive
9491,20885.0,Klebsiella pneumoniae,Positive
9492,19524.0,Escherichia coli,Positive
9493,dbAMP_21801,Staphylococcus aureus,Positive
9494,22027.0,Staphylococcus aureus,Positive
9495,dbAMP_24008,Escherichia coli,Positive
9496,dbAMP_22900,Escherichia coli,Positive
9497,dbAMP_23978,Klebsiella pneumoniae,Positive
9498,dbAMP_03061,Salmonella enterica,Positive
9499,dbAMP_05808,Staphylococcus aureus,Positive
9500,dbAMP_28434,Salmonella enterica,Positive
9501,dbAMP_18178,Salmonella enterica,Positive
9502,dbAMP_27622,Klebsiella pneumoniae,Positive
9503,dbAMP_16749,Escherichia coli,Positive
9504,dbAMP_04785,Acinetobacter baumannii,Positive
9505,21333.0,Bacillus subtilis,Positive
9506,dbAMP_16227,Staphylococcus epidermidis,Positive
9507,dbAMP_16251,Staphylococcus aureus,Positive
9508,dbAMP_23950,Enterococcus faecalis,Positive
9509,dbAMP_10177,Escherichia coli,Positive
9510,dbAMP_19528,Staphylococcus epidermidis,Positive
9511,dbAMP_11778,Staphylococcus aureus,Positive
9512,21081.0,Staphylococcus aureus,Positive
9513,21471.0,Pseudomonas aeruginosa,Positive
9514,19572.0,Pseudomonas aeruginosa,Positive
9515,dbAMP_14825,Escherichia coli,Positive
9516,19671.0,Bacillus subtilis,Positive
9517,dbAMP_32276,Escherichia coli,Positive
9518,3365.0,Micrococcus luteus,Positive
9519,dbAMP_16249,Staphylococcus aureus,Positive
9520,dbAMP_23858,Staphylococcus aureus,Positive
9521,dbAMP_32819,Candida albicans,Positive
9522,dbAMP_21027,Escherichia coli,Positive
9523,21317.0,Staphylococcus aureus,Positive
9524,dbAMP_16754,Enterococcus faecium,Positive
9525,dbAMP_00683,Enterococcus faecalis,Positive
9526,dbAMP_03640,Staphylococcus aureus,Positive
9527,dbAMP_31311,Pseudomonas aeruginosa,Positive
9528,dbAMP_21975,Pseudomonas aeruginosa,Positive
9529,dbAMP_23933,Staphylococcus epidermidis,Positive
9530,dbAMP_18050,Salmonella enterica,Positive
9531,dbAMP_19539,Staphylococcus epidermidis,Positive
9532,dbAMP_05720,Staphylococcus aureus,Positive
9533,dbAMP_16745,Bacillus subtilis,Positive
9534,dbAMP_14727,Staphylococcus aureus,Positive
9535,dbAMP_24802,Candida albicans,Positive
9536,dbAMP_05527,Pseudomonas aeruginosa,Positive
9537,19826.0,Enterococcus faecium,Positive
9538,19929.0,Klebsiella pneumoniae,Positive
9539,19668.0,Escherichia coli,Positive
9540,dbAMP_03027,Staphylococcus aureus,Positive
9541,dbAMP_02994,Escherichia coli,Positive
9542,DRAMP03922,Bacillus subtilis,Positive
9543,763.0,Pseudomonas aeruginosa,Positive
9544,dbAMP_20339,Klebsiella pneumoniae,Positive
9545,dbAMP_17442,Acinetobacter baumannii,Positive
9546,dbAMP_21974,Pseudomonas aeruginosa,Positive
9547,dbAMP_06007,Pseudomonas aeruginosa,Positive
9548,22247.0,Escherichia coli,Positive
9549,18209.0,Enterococcus faecalis,Positive
9550,dbAMP_16089,Pseudomonas aeruginosa,Positive
9551,19255.0,Staphylococcus aureus,Positive
9552,dbAMP_10635,Bacillus subtilis,Positive
9553,dbAMP_22852,Salmonella enterica,Positive
9554,dbAMP_17651,Bacillus subtilis,Positive
9555,dbAMP_04819,Staphylococcus aureus,Positive
9556,dbAMP_11534,Klebsiella pneumoniae,Positive
9557,dbAMP_15752,Pseudomonas aeruginosa,Positive
9558,dbAMP_32263,Salmonella enterica,Positive
9559,19901.0,Escherichia coli,Positive
9560,dbAMP_24826,Bacillus subtilis,Positive
9561,dbAMP_03820,Klebsiella pneumoniae,Positive
9562,17349.0,Escherichia coli,Positive
9563,20392.0,Escherichia coli,Positive
9564,dbAMP_22925,Candida albicans,Positive
9565,dbAMP_17955,Candida parapsilosis,Positive
9566,dbAMP_05855,Staphylococcus aureus,Positive
9567,22292.0,Klebsiella pneumoniae,Positive
9568,dbAMP_02840,Candida albicans,Positive
9569,dbAMP_18896,Staphylococcus aureus,Positive
9570,18893.0,Pseudomonas aeruginosa,Positive
9571,19916.0,Pseudomonas aeruginosa,Positive
9572,dbAMP_34589,Staphylococcus aureus,Positive
9573,dbAMP_31806,Candida albicans,Positive
9574,dbAMP_23802,Enterobacter cloacae,Positive
9575,dbAMP_02784,Staphylococcus aureus,Positive
9576,dbAMP_13206,Staphylococcus epidermidis,Positive
9577,dbAMP_03793,Listeria monocytogenes,Positive
9578,dbAMP_21903,Staphylococcus epidermidis,Positive
9579,dbAMP_33343,Pseudomonas aeruginosa,Positive
9580,5349.0,Pseudomonas aeruginosa,Positive
9581,dbAMP_19439,Escherichia coli,Positive
9582,dbAMP_15922,Micrococcus luteus,Positive
9583,19552.0,Pseudomonas aeruginosa,Positive
9584,dbAMP_01206,Cryptococcus neoformans,Positive
9585,18072.0,Pseudomonas aeruginosa,Positive
9586,dbAMP_18183,Bacillus subtilis,Positive
9587,dbAMP_19240,Pseudomonas aeruginosa,Positive
9588,dbAMP_33337,Staphylococcus aureus,Positive
9589,dbAMP_16980,Escherichia coli,Positive
9590,dbAMP_01990,Escherichia coli,Positive
9591,dbAMP_10653,Candida albicans,Positive
9592,dbAMP_23724,Staphylococcus epidermidis,Positive
9593,dbAMP_21257,Candida albicans,Positive
9594,dbAMP_24919,Micrococcus luteus,Positive
9595,dbAMP_04976,Bacillus subtilis,Positive
9596,20838.0,Staphylococcus aureus,Positive
9597,dbAMP_10671,Klebsiella pneumoniae,Positive
9598,dbAMP_28381,Escherichia coli,Positive
9599,dbAMP_23238,Escherichia coli,Positive
9600,dbAMP_25221,Candida albicans,Positive
9601,18295.0,Acinetobacter baumannii,Positive
9602,dbAMP_34584,Pseudomonas aeruginosa,Positive
9603,dbAMP_22593,Staphylococcus epidermidis,Positive
9604,dbAMP_24669,Escherichia coli,Positive
9605,dbAMP_01808,Staphylococcus aureus,Positive
9606,dbAMP_21991,Staphylococcus aureus,Positive
9607,dbAMP_11730,Bacillus subtilis,Positive
9608,dbAMP_24168,Staphylococcus aureus,Positive
9609,6228.0,Staphylococcus aureus,Positive
9610,20601.0,Klebsiella pneumoniae,Positive
9611,18370.0,Escherichia coli,Positive
9612,dbAMP_18182,Bacillus subtilis,Positive
9613,dbAMP_01645,Enterobacter cloacae,Positive
9614,19860.0,Bacillus subtilis,Positive
9615,dbAMP_03696,Listeria monocytogenes,Positive
9616,20083.0,Bacillus subtilis,Positive
9617,dbAMP_22011,Pseudomonas aeruginosa,Positive
9618,DRAMP01878,Enterobacter cloacae,Positive
9619,dbAMP_22947,Staphylococcus aureus,Positive
9620,dbAMP_01959,Staphylococcus aureus,Positive
9621,dbAMP_20867,Escherichia coli,Positive
9622,DRAMP01098,Staphylococcus aureus,Positive
9623,dbAMP_22478,Candida albicans,Positive
9624,dbAMP_15959,Pseudomonas aeruginosa,Positive
9625,20983.0,Staphylococcus aureus,Positive
9626,dbAMP_17751,Enterococcus faecium,Positive
9627,dbAMP_11730,Staphylococcus aureus,Positive
9628,dbAMP_24531,Escherichia coli,Positive
9629,dbAMP_33011,Staphylococcus aureus,Positive
9630,dbAMP_11065,Candida albicans,Positive
9631,dbAMP_10979,Staphylococcus aureus,Positive
9632,dbAMP_16260,Pseudomonas aeruginosa,Positive
9633,dbAMP_04457,Candida albicans,Positive
9634,dbAMP_16064,Pseudomonas aeruginosa,Positive
9635,dbAMP_23939,Candida albicans,Positive
9636,dbAMP_19170,Escherichia coli,Positive
9637,dbAMP_18679,Cryptococcus neoformans,Positive
9638,dbAMP_03125,Pseudomonas aeruginosa,Positive
9639,dbAMP_11109,Escherichia coli,Positive
9640,dbAMP_17197,Staphylococcus epidermidis,Positive
9641,dbAMP_16393,Bacillus subtilis,Positive
9642,dbAMP_02992,Staphylococcus aureus,Positive
9643,dbAMP_14775,Klebsiella pneumoniae,Positive
9644,20012.0,Escherichia coli,Positive
9645,dbAMP_27418,Enterococcus faecalis,Positive
9646,dbAMP_23727,Pseudomonas aeruginosa,Positive
9647,21529.0,Acinetobacter baumannii,Positive
9648,dbAMP_17760,Candida parapsilosis,Positive
9649,20772.0,Pseudomonas aeruginosa,Positive
9650,dbAMP_19371,Escherichia coli,Positive
9651,DRAMP01513,Escherichia coli,Positive
9652,dbAMP_15751,Escherichia coli,Positive
9653,dbAMP_04373,Acinetobacter baumannii,Positive
9654,dbAMP_24279,Escherichia coli,Positive
9655,dbAMP_16492,Staphylococcus aureus,Positive
9656,dbAMP_16094,Candida albicans,Positive
9657,8541.0,Salmonella enterica,Positive
9658,dbAMP_15898,Escherichia coli,Positive
9659,dbAMP_23945,Candida albicans,Positive
9660,dbAMP_16013,Bacillus subtilis,Positive
9661,dbAMP_01091,Candida albicans,Positive
9662,dbAMP_24045,Staphylococcus aureus,Positive
9663,21719.0,Klebsiella pneumoniae,Positive
9664,19502.0,Pseudomonas aeruginosa,Positive
9665,dbAMP_33096,Acinetobacter baumannii,Positive
9666,21737.0,Pseudomonas aeruginosa,Positive
9667,20567.0,Enterococcus faecium,Positive
9668,dbAMP_19122,Micrococcus luteus,Positive
9669,dbAMP_33143,Staphylococcus aureus,Positive
9670,21615.0,Candida albicans,Positive
9671,dbAMP_16659,Escherichia coli,Positive
9672,dbAMP_01900,Enterobacter cloacae,Positive
9673,dbAMP_19434,Escherichia coli,Positive
9674,3389.0,Klebsiella pneumoniae,Positive
9675,dbAMP_23944,Salmonella enterica,Positive
9676,19555.0,Staphylococcus epidermidis,Positive
9677,dbAMP_02066,Escherichia coli,Positive
9678,dbAMP_18100,Escherichia coli,Positive
9679,dbAMP_17131,Pseudomonas aeruginosa,Positive
9680,dbAMP_16362,Staphylococcus aureus,Positive
9681,17218.0,Klebsiella pneumoniae,Positive
9682,dbAMP_10980,Candida parapsilosis,Positive
9683,dbAMP_18587,Candida albicans,Positive
9684,dbAMP_15812,Pseudomonas aeruginosa,Positive
9685,dbAMP_10499,Staphylococcus aureus,Positive
9686,dbAMP_19133,Staphylococcus aureus,Positive
9687,dbAMP_15596,Escherichia coli,Positive
9688,19612.0,Enterococcus faecalis,Positive
9689,dbAMP_32067,Enterococcus faecalis,Positive
9690,dbAMP_22473,Candida albicans,Positive
9691,1361.0,Salmonella enterica,Positive
9692,dbAMP_20859,Salmonella enterica,Positive
9693,dbAMP_01844,Staphylococcus aureus,Positive
9694,dbAMP_16049,Pseudomonas aeruginosa,Positive
9695,20963.0,Acinetobacter baumannii,Positive
9696,dbAMP_17441,Klebsiella pneumoniae,Positive
9697,dbAMP_14849,Salmonella enterica,Positive
9698,775.0,Staphylococcus aureus,Positive
9699,dbAMP_33025,Staphylococcus aureus,Positive
9700,dbAMP_25426,Salmonella enterica,Positive
9701,dbAMP_23037,Staphylococcus aureus,Positive
9702,dbAMP_14834,Enterococcus faecalis,Positive
9703,dbAMP_15932,Staphylococcus aureus,Positive
9704,dbAMP_20117,Acinetobacter baumannii,Positive
9705,dbAMP_16555,Staphylococcus aureus,Positive
9706,19947.0,Staphylococcus epidermidis,Positive
9707,4425.0,Escherichia coli,Positive
9708,22061.0,Staphylococcus aureus,Positive
9709,20567.0,Acinetobacter baumannii,Positive
9710,19864.0,Escherichia coli,Positive
9711,1030.0,Staphylococcus aureus,Positive
9712,dbAMP_21169,Acinetobacter baumannii,Positive
9713,dbAMP_02687,Klebsiella pneumoniae,Positive
9714,dbAMP_16280,Bacillus megaterium,Positive
9715,dbAMP_31218,Escherichia coli,Positive
9716,dbAMP_22845,Escherichia coli,Positive
9717,dbAMP_03442,Escherichia coli,Positive
9718,dbAMP_23682,Bacillus subtilis,Positive
9719,dbAMP_24776,Micrococcus luteus,Positive
9720,19943.0,Staphylococcus epidermidis,Positive
9721,17226.0,Klebsiella pneumoniae,Positive
9722,dbAMP_05919,Staphylococcus aureus,Positive
9723,17591.0,Cryptococcus neoformans,Positive
9724,20958.0,Staphylococcus aureus,Positive
9725,dbAMP_01936,Staphylococcus aureus,Positive
9726,dbAMP_10435,Staphylococcus aureus,Positive
9727,dbAMP_27305,Escherichia coli,Positive
9728,dbAMP_17881,Acinetobacter baumannii,Positive
9729,19669.0,Escherichia coli,Positive
9730,dbAMP_00053,Candida albicans,Positive
9731,dbAMP_23178,Pseudomonas aeruginosa,Positive
9732,dbAMP_22620,Acinetobacter baumannii,Positive
9733,dbAMP_17030,Escherichia coli,Positive
9734,12761.0,Staphylococcus aureus,Positive
9735,dbAMP_21824,Escherichia coli,Positive
9736,dbAMP_18837,Escherichia coli,Positive
9737,dbAMP_19113,Bacillus subtilis,Positive
9738,20581.0,Salmonella enterica,Positive
9739,3114.0,Staphylococcus aureus,Positive
9740,21742.0,Bacillus subtilis,Positive
9741,dbAMP_24903,Escherichia coli,Positive
9742,dbAMP_16502,Escherichia coli,Positive
9743,20011.0,Bacillus cereus,Positive
9744,dbAMP_20545,Candida parapsilosis,Positive
9745,20265.0,Bacillus subtilis,Positive
9746,21734.0,Klebsiella pneumoniae,Positive
9747,dbAMP_23035,Escherichia coli,Positive
9748,dbAMP_17203,Pseudomonas aeruginosa,Positive
9749,dbAMP_22749,Micrococcus luteus,Positive
9750,dbAMP_05806,Staphylococcus epidermidis,Positive
9751,dbAMP_11953,Candida albicans,Positive
9752,dbAMP_31444,Escherichia coli,Positive
9753,dbAMP_16276,Candida albicans,Positive
9754,22314.0,Escherichia coli,Positive
9755,dbAMP_17955,Cryptococcus neoformans,Positive
9756,dbAMP_15781,Candida albicans,Positive
9757,dbAMP_28801,Staphylococcus aureus,Positive
9758,dbAMP_22949,Escherichia coli,Positive
9759,dbAMP_02836,Staphylococcus aureus,Positive
9760,dbAMP_20791,Staphylococcus aureus,Positive
9761,dbAMP_16414,Staphylococcus aureus,Positive
9762,dbAMP_03018,Klebsiella pneumoniae,Positive
9763,17240.0,Pseudomonas aeruginosa,Positive
9764,dbAMP_01956,Bacillus subtilis,Positive
9765,dbAMP_23958,Staphylococcus aureus,Positive
9766,18755.0,Staphylococcus aureus,Positive
9767,dbAMP_23309,Candida albicans,Positive
9768,dbAMP_23923,Candida albicans,Positive
9769,dbAMP_32945,Bacillus subtilis,Positive
9770,dbAMP_34310,Staphylococcus aureus,Positive
9771,dbAMP_19534,Escherichia coli,Positive
9772,dbAMP_17119,Candida albicans,Positive
9773,dbAMP_23693,Bacillus megaterium,Positive
9774,dbAMP_01975,Bacillus megaterium,Positive
9775,dbAMP_03548,Pseudomonas aeruginosa,Positive
9776,dbAMP_03838,Candida albicans,Positive
9777,dbAMP_02584,Staphylococcus aureus,Positive
9778,dbAMP_23192,Escherichia coli,Positive
9779,dbAMP_17499,Salmonella enterica,Positive
9780,dbAMP_16504,Staphylococcus aureus,Positive
9781,dbAMP_19592,Escherichia coli,Positive
9782,dbAMP_23727,Acinetobacter baumannii,Positive
9783,dbAMP_20248,Staphylococcus aureus,Positive
9784,dbAMP_05360,Pseudomonas aeruginosa,Positive
9785,dbAMP_16125,Enterobacter cloacae,Positive
9786,19949.0,Staphylococcus aureus,Positive
9787,dbAMP_05177,Salmonella enterica,Positive
9788,dbAMP_03696,Staphylococcus aureus,Positive
9789,dbAMP_16009,Enterococcus faecalis,Positive
9790,dbAMP_34108,Escherichia coli,Positive
9791,dbAMP_18045,Escherichia coli,Positive
9792,dbAMP_01991,Candida albicans,Positive
9793,dbAMP_24988,Staphylococcus aureus,Positive
9794,1026.0,Acinetobacter baumannii,Positive
9795,dbAMP_19774,Staphylococcus aureus,Positive
9796,dbAMP_27602,Staphylococcus aureus,Positive
9797,dbAMP_16222,Escherichia coli,Positive
9798,dbAMP_33833,Escherichia coli,Positive
9799,dbAMP_16415,Escherichia coli,Positive
9800,dbAMP_33316,Staphylococcus epidermidis,Positive
9801,3157.0,Pseudomonas aeruginosa,Positive
9802,dbAMP_10019,Candida albicans,Positive
9803,DRAMP02903,Bacillus megaterium,Positive
9804,dbAMP_04002,Staphylococcus epidermidis,Positive
9805,dbAMP_06416,Micrococcus luteus,Positive
9806,dbAMP_11295,Staphylococcus aureus,Positive
9807,dbAMP_04361,Pseudomonas aeruginosa,Positive
9808,dbAMP_34308,Staphylococcus aureus,Positive
9809,dbAMP_23676,Micrococcus luteus,Positive
9810,dbAMP_27421,Staphylococcus aureus,Positive
9811,dbAMP_04605,Staphylococcus aureus,Positive
9812,13728.0,Pseudomonas aeruginosa,Positive
9813,dbAMP_21033,Bacillus subtilis,Positive
9814,dbAMP_23974,Staphylococcus aureus,Positive
9815,dbAMP_01658,Staphylococcus aureus,Positive
9816,dbAMP_27923,Pseudomonas aeruginosa,Positive
9817,dbAMP_19213,Escherichia coli,Positive
9818,dbAMP_09432,Staphylococcus epidermidis,Positive
9819,dbAMP_20783,Staphylococcus epidermidis,Positive
9820,dbAMP_09888,Candida albicans,Positive
9821,dbAMP_22704,Escherichia coli,Positive
9822,dbAMP_33007,Bacillus subtilis,Positive
9823,dbAMP_24310,Pseudomonas aeruginosa,Positive
9824,19680.0,Staphylococcus aureus,Positive
9825,dbAMP_33183,Candida albicans,Positive
9826,21036.0,Enterococcus faecalis,Positive
9827,dbAMP_23464,Bacillus subtilis,Positive
9828,dbAMP_23758,Salmonella enterica,Positive
9829,dbAMP_18405,Escherichia coli,Positive
9830,dbAMP_01230,Escherichia coli,Positive
9831,DRAMP18616,Staphylococcus aureus,Positive
9832,dbAMP_16249,Bacillus megaterium,Positive
9833,dbAMP_00402,Escherichia coli,Positive
9834,dbAMP_11925,Micrococcus luteus,Positive
9835,dbAMP_17099,Micrococcus luteus,Positive
9836,dbAMP_00994,Staphylococcus epidermidis,Positive
9837,dbAMP_33591,Acinetobacter baumannii,Positive
9838,dbAMP_16522,Pseudomonas aeruginosa,Positive
9839,dbAMP_23727,Staphylococcus aureus,Positive
9840,17223.0,Klebsiella pneumoniae,Positive
9841,dbAMP_20742,Salmonella enterica,Positive
9842,18757.0,Pseudomonas aeruginosa,Positive
9843,DRAMP04166,Bacillus subtilis,Positive
9844,dbAMP_17345,Escherichia coli,Positive
9845,dbAMP_02007,Staphylococcus epidermidis,Positive
9846,dbAMP_05899,Bacillus subtilis,Positive
9847,17605.0,Escherichia coli,Positive
9848,dbAMP_19268,Listeria monocytogenes,Positive
9849,dbAMP_03675,Escherichia coli,Positive
9850,DRAMP02873,Salmonella enterica,Positive
9851,dbAMP_23167,Enterococcus faecalis,Positive
9852,dbAMP_02124,Staphylococcus aureus,Positive
9853,dbAMP_21092,Candida parapsilosis,Positive
9854,dbAMP_22118,Bacillus subtilis,Positive
9855,20725.0,Escherichia coli,Positive
9856,dbAMP_10731,Pseudomonas aeruginosa,Positive
9857,dbAMP_19736,Staphylococcus aureus,Positive
9858,dbAMP_01162,Staphylococcus aureus,Positive
9859,dbAMP_25002,Escherichia coli,Positive
9860,20543.0,Escherichia coli,Positive
9861,dbAMP_17583,Candida albicans,Positive
9862,dbAMP_17931,Pseudomonas aeruginosa,Positive
9863,dbAMP_05539,Bacillus subtilis,Positive
9864,dbAMP_18940,Escherichia coli,Positive
9865,dbAMP_18227,Micrococcus luteus,Positive
9866,dbAMP_23539,Staphylococcus aureus,Positive
9867,dbAMP_04822,Bacillus subtilis,Positive
9868,dbAMP_18259,Staphylococcus aureus,Positive
9869,dbAMP_24227,Enterococcus faecalis,Positive
9870,18325.0,Enterobacter cloacae,Positive
9871,734.0,Staphylococcus aureus,Positive
9872,dbAMP_02667,Candida albicans,Positive
9873,dbAMP_33620,Candida albicans,Positive
9874,dbAMP_23937,Pseudomonas aeruginosa,Positive
9875,dbAMP_21225,Staphylococcus epidermidis,Positive
9876,dbAMP_20716,Staphylococcus epidermidis,Positive
9877,dbAMP_14907,Bacillus subtilis,Positive
9878,dbAMP_27233,Enterococcus faecalis,Positive
9879,dbAMP_14790,Bacillus megaterium,Positive
9880,dbAMP_02506,Candida albicans,Positive
9881,19879.0,Staphylococcus aureus,Positive
9882,19678.0,Staphylococcus aureus,Positive
9883,19942.0,Staphylococcus aureus,Positive
9884,dbAMP_17490,Enterococcus faecalis,Positive
9885,dbAMP_02187,Candida parapsilosis,Positive
9886,DRAMP20827,Acinetobacter baumannii,Positive
9887,dbAMP_09904,Pseudomonas aeruginosa,Positive
9888,dbAMP_01804,Escherichia coli,Positive
9889,dbAMP_16238,Salmonella enterica,Positive
9890,DRAMP01490,Staphylococcus aureus,Positive
9891,dbAMP_10971,Candida albicans,Positive
9892,dbAMP_00214,Candida albicans,Positive
9893,dbAMP_16214,Escherichia coli,Positive
9894,dbAMP_02836,Pseudomonas aeruginosa,Positive
9895,dbAMP_17516,Pseudomonas aeruginosa,Positive
9896,dbAMP_14896,Micrococcus luteus,Positive
9897,dbAMP_06021,Klebsiella pneumoniae,Positive
9898,20838.0,Candida albicans,Positive
9899,dbAMP_18522,Salmonella enterica,Positive
9900,DRAMP02952,Staphylococcus aureus,Positive
9901,17721.0,Klebsiella pneumoniae,Positive
9902,710.0,Staphylococcus aureus,Positive
9903,dbAMP_14788,Bacillus megaterium,Positive
9904,7051.0,Staphylococcus aureus,Positive
9905,dbAMP_24917,Candida albicans,Positive
9906,dbAMP_19286,Listeria monocytogenes,Positive
9907,dbAMP_21022,Escherichia coli,Positive
9908,20543.0,Cryptococcus neoformans,Positive
9909,dbAMP_17617,Staphylococcus aureus,Positive
9910,dbAMP_20437,Staphylococcus aureus,Positive
9911,dbAMP_31182,Klebsiella pneumoniae,Positive
9912,dbAMP_02553,Micrococcus luteus,Positive
9913,22324.0,Staphylococcus epidermidis,Positive
9914,dbAMP_16278,Enterobacter cloacae,Positive
9915,dbAMP_16040,Pseudomonas aeruginosa,Positive
9916,DRAMP04013,Bacillus megaterium,Positive
9917,dbAMP_18042,Escherichia coli,Positive
9918,dbAMP_31718,Bacillus subtilis,Positive
9919,dbAMP_32883,Pseudomonas aeruginosa,Positive
9920,21463.0,Escherichia coli,Positive
9921,dbAMP_25216,Candida parapsilosis,Positive
9922,dbAMP_27119,Bacillus subtilis,Positive
9923,dbAMP_09730,Acinetobacter baumannii,Positive
9924,DRAMP20827,Klebsiella pneumoniae,Positive
9925,dbAMP_16020,Staphylococcus aureus,Positive
9926,dbAMP_16146,Pseudomonas aeruginosa,Positive
9927,dbAMP_27494,Staphylococcus epidermidis,Positive
9928,dbAMP_34014,Staphylococcus aureus,Positive
9929,dbAMP_18449,Listeria monocytogenes,Positive
9930,dbAMP_00419,Bacillus megaterium,Positive
9931,dbAMP_01900,Pseudomonas aeruginosa,Positive
9932,5368.0,Staphylococcus aureus,Positive
9933,dbAMP_16148,Staphylococcus aureus,Positive
9934,19598.0,Candida albicans,Positive
9935,dbAMP_20134,Escherichia coli,Positive
9936,dbAMP_17054,Staphylococcus epidermidis,Positive
9937,dbAMP_17948,Staphylococcus aureus,Positive
9938,dbAMP_00055,Escherichia coli,Positive
9939,21623.0,Escherichia coli,Positive
9940,dbAMP_23266,Candida albicans,Positive
9941,dbAMP_17467,Escherichia coli,Positive
9942,dbAMP_10810,Escherichia coli,Positive
9943,dbAMP_05203,Escherichia coli,Positive
9944,20819.0,Pseudomonas aeruginosa,Positive
9945,dbAMP_10850,Escherichia coli,Positive
9946,dbAMP_02878,Escherichia coli,Positive
9947,dbAMP_20336,Pseudomonas aeruginosa,Positive
9948,dbAMP_23081,Escherichia coli,Positive
9949,dbAMP_17209,Micrococcus luteus,Positive
9950,dbAMP_14719,Staphylococcus aureus,Positive
9951,dbAMP_12103,Staphylococcus aureus,Positive
9952,dbAMP_24144,Escherichia coli,Positive
9953,dbAMP_18181,Salmonella enterica,Positive
9954,dbAMP_31689,Staphylococcus aureus,Positive
9955,dbAMP_19834,Staphylococcus aureus,Positive
9956,dbAMP_02837,Enterococcus faecalis,Positive
9957,22378.0,Pseudomonas aeruginosa,Positive
9958,dbAMP_02970,Escherichia coli,Positive
9959,dbAMP_21607,Escherichia coli,Positive
9960,dbAMP_03382,Candida albicans,Positive
9961,dbAMP_10918,Bacillus cereus,Positive
9962,dbAMP_03458,Bacillus megaterium,Positive
9963,19949.0,Pseudomonas aeruginosa,Positive
9964,dbAMP_24674,Staphylococcus aureus,Positive
9965,20205.0,Pseudomonas aeruginosa,Positive
9966,dbAMP_09740,Klebsiella pneumoniae,Positive
9967,dbAMP_27686,Escherichia coli,Positive
9968,dbAMP_31834,Klebsiella pneumoniae,Positive
9969,18757.0,Bacillus subtilis,Positive
9970,dbAMP_15796,Bacillus subtilis,Positive
9971,dbAMP_18151,Escherichia coli,Positive
9972,dbAMP_21280,Staphylococcus aureus,Positive
9973,6834.0,Micrococcus luteus,Positive
9974,dbAMP_17752,Staphylococcus epidermidis,Positive
9975,dbAMP_17118,Bacillus subtilis,Positive
9976,dbAMP_14835,Salmonella enterica,Positive
9977,17915.0,Escherichia coli,Positive
9978,dbAMP_01454,Salmonella enterica,Positive
9979,dbAMP_19408,Escherichia coli,Positive
9980,dbAMP_18104,Candida albicans,Positive
9981,dbAMP_23179,Escherichia coli,Positive
9982,dbAMP_24143,Pseudomonas aeruginosa,Positive
9983,dbAMP_24588,Escherichia coli,Positive
9984,DRAMP18482,Pseudomonas aeruginosa,Positive
9985,8832.0,Staphylococcus epidermidis,Positive
9986,dbAMP_17815,Escherichia coli,Positive
9987,dbAMP_23941,Candida albicans,Positive
9988,dbAMP_33024,Klebsiella pneumoniae,Positive
9989,dbAMP_20253,Candida albicans,Positive
9990,dbAMP_24568,Staphylococcus aureus,Positive
9991,dbAMP_28725,Bacillus subtilis,Positive
9992,21318.0,Escherichia coli,Positive
9993,dbAMP_17082,Staphylococcus aureus,Positive
9994,dbAMP_31180,Klebsiella pneumoniae,Positive
9995,dbAMP_17892,Staphylococcus aureus,Positive
9996,dbAMP_18093,Staphylococcus aureus,Positive
9997,DRAMP21258,Salmonella enterica,Positive
9998,dbAMP_17575,Candida albicans,Positive
9999,dbAMP_23127,Pseudomonas aeruginosa,Positive
10000,dbAMP_16906,Pseudomonas aeruginosa,Positive
10001,dbAMP_10670,Escherichia coli,Positive
10002,dbAMP_28208,Pseudomonas aeruginosa,Positive
10003,dbAMP_33175,Escherichia coli,Positive
10004,dbAMP_15889,Enterococcus faecium,Positive
10005,22084.0,Staphylococcus aureus,Positive
10006,dbAMP_15981,Pseudomonas aeruginosa,Positive
10007,dbAMP_24002,Pseudomonas aeruginosa,Positive
10008,dbAMP_21598,Staphylococcus aureus,Positive
10009,19248.0,Bacillus subtilis,Positive
10010,dbAMP_19259,Acinetobacter baumannii,Positive
10011,dbAMP_25296,Pseudomonas aeruginosa,Positive
10012,dbAMP_20502,Staphylococcus epidermidis,Positive
10013,dbAMP_25105,Staphylococcus aureus,Positive
10014,340.0,Bacillus cereus,Positive
10015,dbAMP_20703,Candida parapsilosis,Positive
10016,dbAMP_28804,Staphylococcus aureus,Positive
10017,dbAMP_03023,Enterococcus faecium,Positive
10018,dbAMP_27349,Pseudomonas aeruginosa,Positive
10019,dbAMP_17332,Escherichia coli,Positive
10020,dbAMP_16132,Escherichia coli,Positive
10021,dbAMP_17013,Enterococcus faecalis,Positive
10022,dbAMP_33592,Staphylococcus aureus,Positive
10023,7484.0,Salmonella enterica,Positive
10024,dbAMP_21172,Cryptococcus neoformans,Positive
10025,21112.0,Escherichia coli,Positive
10026,dbAMP_04996,Bacillus cereus,Positive
10027,dbAMP_11060,Candida albicans,Positive
10028,dbAMP_02405,Escherichia coli,Positive
10029,dbAMP_21470,Staphylococcus aureus,Positive
10030,dbAMP_27487,Salmonella enterica,Positive
10031,DRAMP02965,Pseudomonas aeruginosa,Positive
10032,dbAMP_18206,Escherichia coli,Positive
10033,dbAMP_27369,Pseudomonas aeruginosa,Positive
10034,dbAMP_24269,Escherichia coli,Positive
10035,1004.0,Klebsiella pneumoniae,Positive
10036,dbAMP_10481,Staphylococcus epidermidis,Positive
10037,18047.0,Escherichia coli,Positive
10038,dbAMP_16547,Staphylococcus aureus,Positive
10039,dbAMP_19295,Pseudomonas aeruginosa,Positive
10040,dbAMP_04014,Escherichia coli,Positive
10041,dbAMP_27474,Staphylococcus aureus,Positive
10042,dbAMP_01758,Staphylococcus aureus,Positive
10043,21534.0,Pseudomonas aeruginosa,Positive
10044,dbAMP_14707,Enterococcus faecalis,Positive
10045,dbAMP_22075,Bacillus subtilis,Positive
10046,dbAMP_17718,Pseudomonas aeruginosa,Positive
10047,dbAMP_23692,Enterococcus faecalis,Positive
10048,dbAMP_04720,Candida albicans,Positive
10049,dbAMP_02429,Micrococcus luteus,Positive
10050,dbAMP_18955,Candida albicans,Positive
10051,dbAMP_21273,Staphylococcus aureus,Positive
10052,dbAMP_03516,Escherichia coli,Positive
10053,693.0,Staphylococcus epidermidis,Positive
10054,dbAMP_24202,Listeria monocytogenes,Positive
10055,dbAMP_24945,Candida parapsilosis,Positive
10056,dbAMP_14797,Bacillus subtilis,Positive
10057,19938.0,Pseudomonas aeruginosa,Positive
10058,dbAMP_17480,Staphylococcus aureus,Positive
10059,dbAMP_16140,Micrococcus luteus,Positive
10060,18284.0,Pseudomonas aeruginosa,Positive
10061,dbAMP_20348,Pseudomonas aeruginosa,Positive
10062,dbAMP_16739,Escherichia coli,Positive
10063,22321.0,Staphylococcus epidermidis,Positive
10064,dbAMP_05489,Staphylococcus aureus,Positive
10065,14950.0,Enterococcus faecalis,Positive
10066,dbAMP_23723,Salmonella enterica,Positive
10067,dbAMP_05051,Staphylococcus aureus,Positive
10068,dbAMP_10731,Candida albicans,Positive
10069,dbAMP_03103,Escherichia coli,Positive
10070,dbAMP_22837,Candida albicans,Positive
10071,dbAMP_31312,Escherichia coli,Positive
10072,18294.0,Listeria monocytogenes,Positive
10073,dbAMP_17836,Staphylococcus aureus,Positive
10074,dbAMP_03868,Escherichia coli,Positive
10075,dbAMP_17731,Staphylococcus epidermidis,Positive
10076,dbAMP_20142,Escherichia coli,Positive
10077,dbAMP_21732,Candida albicans,Positive
10078,6825.0,Bacillus subtilis,Positive
10079,22213.0,Pseudomonas aeruginosa,Positive
10080,dbAMP_25057,Pseudomonas aeruginosa,Positive
10081,20967.0,Escherichia coli,Positive
10082,dbAMP_20525,Candida albicans,Positive
10083,dbAMP_16266,Escherichia coli,Positive
10084,dbAMP_33163,Staphylococcus aureus,Positive
10085,dbAMP_21132,Pseudomonas aeruginosa,Positive
10086,19132.0,Acinetobacter baumannii,Positive
10087,dbAMP_04799,Candida albicans,Positive
10088,dbAMP_19093,Bacillus subtilis,Positive
10089,dbAMP_04830,Escherichia coli,Positive
10090,17309.0,Candida albicans,Positive
10091,dbAMP_28850,Pseudomonas aeruginosa,Positive
10092,dbAMP_02078,Escherichia coli,Positive
10093,dbAMP_18668,Pseudomonas aeruginosa,Positive
10094,dbAMP_24222,Staphylococcus epidermidis,Positive
10095,dbAMP_27186,Listeria monocytogenes,Positive
10096,22050.0,Escherichia coli,Positive
10097,21447.0,Staphylococcus aureus,Positive
10098,dbAMP_23161,Candida albicans,Positive
10099,dbAMP_16059,Staphylococcus aureus,Positive
10100,DRAMP03405,Staphylococcus aureus,Positive
10101,dbAMP_20738,Escherichia coli,Positive
10102,dbAMP_16050,Bacillus subtilis,Positive
10103,dbAMP_23463,Salmonella enterica,Positive
10104,19912.0,Acinetobacter baumannii,Positive
10105,dbAMP_33688,Staphylococcus aureus,Positive
10106,dbAMP_18448,Escherichia coli,Positive
10107,dbAMP_16416,Enterococcus faecalis,Positive
10108,dbAMP_27473,Bacillus subtilis,Positive
10109,DRAMP29047,Salmonella enterica,Positive
10110,dbAMP_21403,Pseudomonas aeruginosa,Positive
10111,DRAMP21189,Enterobacter cloacae,Positive
10112,dbAMP_16055,Staphylococcus epidermidis,Positive
10113,19693.0,Bacillus subtilis,Positive
10114,dbAMP_03161,Candida albicans,Positive
10115,DRAMP18716,Escherichia coli,Positive
10116,dbAMP_14846,Bacillus subtilis,Positive
10117,dbAMP_17601,Pseudomonas aeruginosa,Positive
10118,dbAMP_24206,Listeria monocytogenes,Positive
10119,dbAMP_34343,Escherichia coli,Positive
10120,dbAMP_03600,Bacillus subtilis,Positive
10121,dbAMP_25210,Escherichia coli,Positive
10122,dbAMP_14896,Bacillus subtilis,Positive
10123,dbAMP_27542,Escherichia coli,Positive
10124,dbAMP_23974,Candida albicans,Positive
10125,dbAMP_00861,Candida albicans,Positive
10126,dbAMP_22617,Bacillus megaterium,Positive
10127,dbAMP_10910,Staphylococcus epidermidis,Positive
10128,dbAMP_23895,Candida albicans,Positive
10129,dbAMP_22281,Escherichia coli,Positive
10130,dbAMP_18536,Salmonella enterica,Positive
10131,dbAMP_21438,Staphylococcus aureus,Positive
10132,dbAMP_31709,Candida albicans,Positive
10133,dbAMP_20658,Candida albicans,Positive
10134,dbAMP_18181,Staphylococcus aureus,Positive
10135,dbAMP_22656,Escherichia coli,Positive
10136,20144.0,Escherichia coli,Positive
10137,dbAMP_15797,Staphylococcus aureus,Positive
10138,dbAMP_20771,Candida albicans,Positive
10139,dbAMP_27232,Bacillus subtilis,Positive
10140,dbAMP_21808,Escherichia coli,Positive
10141,dbAMP_16860,Bacillus subtilis,Positive
10142,dbAMP_32472,Bacillus subtilis,Positive
10143,dbAMP_03271,Staphylococcus aureus,Positive
10144,dbAMP_19289,Pseudomonas aeruginosa,Positive
10145,18042.0,Staphylococcus aureus,Positive
10146,dbAMP_17561,Enterococcus faecalis,Positive
10147,dbAMP_20468,Staphylococcus aureus,Positive
10148,20501.0,Escherichia coli,Positive
10149,19202.0,Acinetobacter baumannii,Positive
10150,dbAMP_16507,Staphylococcus epidermidis,Positive
10151,18817.0,Staphylococcus aureus,Positive
10152,dbAMP_20926,Pseudomonas aeruginosa,Positive
10153,11026.0,Pseudomonas aeruginosa,Positive
10154,dbAMP_16040,Enterococcus faecalis,Positive
10155,dbAMP_17221,Escherichia coli,Positive
10156,DRAMP18495,Staphylococcus aureus,Positive
10157,dbAMP_23146,Pseudomonas aeruginosa,Positive
10158,dbAMP_04382,Staphylococcus aureus,Positive
10159,dbAMP_16010,Pseudomonas aeruginosa,Positive
10160,dbAMP_31661,Escherichia coli,Positive
10161,DRAMP02929,Escherichia coli,Positive
10162,dbAMP_20098,Staphylococcus aureus,Positive
10163,dbAMP_22841,Escherichia coli,Positive
10164,dbAMP_33593,Klebsiella pneumoniae,Positive
10165,dbAMP_17932,Staphylococcus epidermidis,Positive
10166,dbAMP_27651,Salmonella enterica,Positive
10167,dbAMP_03754,Staphylococcus aureus,Positive
10168,21896.0,Escherichia coli,Positive
10169,19702.0,Micrococcus luteus,Positive
10170,dbAMP_16033,Escherichia coli,Positive
10171,dbAMP_10546,Enterococcus faecium,Positive
10172,dbAMP_04602,Salmonella enterica,Positive
10173,21922.0,Staphylococcus epidermidis,Positive
10174,4425.0,Pseudomonas aeruginosa,Positive
10175,19201.0,Escherichia coli,Positive
10176,DRAMP01775,Enterococcus faecalis,Positive
10177,dbAMP_20328,Staphylococcus epidermidis,Positive
10178,dbAMP_24869,Pseudomonas aeruginosa,Positive
10179,dbAMP_14726,Staphylococcus aureus,Positive
10180,17800.0,Bacillus subtilis,Positive
10181,20251.0,Bacillus subtilis,Positive
10182,dbAMP_19368,Staphylococcus aureus,Positive
10183,dbAMP_19360,Staphylococcus epidermidis,Positive
10184,dbAMP_03967,Enterococcus faecium,Positive
10185,dbAMP_10962,Staphylococcus aureus,Positive
10186,dbAMP_10311,Escherichia coli,Positive
10187,19513.0,Escherichia coli,Positive
10188,dbAMP_23989,Staphylococcus aureus,Positive
10189,dbAMP_01016,Staphylococcus aureus,Positive
10190,dbAMP_20350,Staphylococcus aureus,Positive
10191,dbAMP_20744,Pseudomonas aeruginosa,Positive
10192,dbAMP_17121,Staphylococcus aureus,Positive
10193,dbAMP_19537,Staphylococcus epidermidis,Positive
10194,dbAMP_06217,Escherichia coli,Positive
10195,dbAMP_24210,Micrococcus luteus,Positive
10196,20500.0,Enterococcus faecalis,Positive
10197,dbAMP_33101,Bacillus subtilis,Positive
10198,dbAMP_34303,Escherichia coli,Positive
10199,dbAMP_17455,Acinetobacter baumannii,Positive
10200,dbAMP_03061,Klebsiella pneumoniae,Positive
10201,dbAMP_22473,Salmonella enterica,Positive
10202,19202.0,Escherichia coli,Positive
10203,18124.0,Escherichia coli,Positive
10204,dbAMP_33593,Acinetobacter baumannii,Positive
10205,dbAMP_27346,Escherichia coli,Positive
10206,20391.0,Escherichia coli,Positive
10207,dbAMP_12208,Cryptococcus neoformans,Positive
10208,dbAMP_27442,Escherichia coli,Positive
10209,dbAMP_33014,Escherichia coli,Positive
10210,dbAMP_21765,Pseudomonas aeruginosa,Positive
10211,21648.0,Escherichia coli,Positive
10212,dbAMP_23924,Salmonella enterica,Positive
10213,19916.0,Acinetobacter baumannii,Positive
10214,20629.0,Staphylococcus aureus,Positive
10215,dbAMP_17938,Enterococcus faecalis,Positive
10216,dbAMP_15861,Salmonella enterica,Positive
10217,dbAMP_09904,Bacillus subtilis,Positive
10218,dbAMP_33691,Bacillus subtilis,Positive
10219,dbAMP_14838,Klebsiella pneumoniae,Positive
10220,20932.0,Staphylococcus aureus,Positive
10221,dbAMP_01900,Escherichia coli,Positive
10222,dbAMP_03601,Candida albicans,Positive
10223,dbAMP_25296,Staphylococcus aureus,Positive
10224,dbAMP_21401,Escherichia coli,Positive
10225,dbAMP_16051,Micrococcus luteus,Positive
10226,17224.0,Klebsiella pneumoniae,Positive
10227,dbAMP_10501,Klebsiella pneumoniae,Positive
10228,dbAMP_19529,Staphylococcus epidermidis,Positive
10229,dbAMP_10426,Salmonella enterica,Positive
10230,dbAMP_23148,Pseudomonas aeruginosa,Positive
10231,dbAMP_16049,Candida albicans,Positive
10232,dbAMP_16905,Staphylococcus aureus,Positive
10233,dbAMP_05519,Pseudomonas aeruginosa,Positive
10234,dbAMP_01596,Staphylococcus aureus,Positive
10235,dbAMP_15762,Pseudomonas aeruginosa,Positive
10236,dbAMP_25011,Pseudomonas aeruginosa,Positive
10237,dbAMP_33280,Candida albicans,Positive
10238,DRAMP20942,Escherichia coli,Positive
10239,dbAMP_19297,Pseudomonas aeruginosa,Positive
10240,21585.0,Pseudomonas aeruginosa,Positive
10241,19859.0,Staphylococcus aureus,Positive
10242,dbAMP_20651,Bacillus subtilis,Positive
10243,dbAMP_18563,Escherichia coli,Positive
10244,19640.0,Acinetobacter baumannii,Positive
10245,dbAMP_31445,Staphylococcus aureus,Positive
10246,20252.0,Pseudomonas aeruginosa,Positive
10247,dbAMP_31634,Escherichia coli,Positive
10248,dbAMP_04075,Pseudomonas aeruginosa,Positive
10249,dbAMP_17570,Staphylococcus aureus,Positive
10250,20983.0,Listeria monocytogenes,Positive
10251,dbAMP_01673,Escherichia coli,Positive
10252,dbAMP_23761,Escherichia coli,Positive
10253,dbAMP_17929,Salmonella enterica,Positive
10254,18601.0,Staphylococcus aureus,Positive
10255,1465.0,Enterococcus faecium,Positive
10256,dbAMP_19136,Escherichia coli,Positive
10257,dbAMP_10584,Escherichia coli,Positive
10258,dbAMP_33635,Bacillus cereus,Positive
10259,dbAMP_24276,Acinetobacter baumannii,Positive
10260,dbAMP_25402,Salmonella enterica,Positive
10261,dbAMP_01850,Bacillus subtilis,Positive
10262,dbAMP_21533,Staphylococcus aureus,Positive
10263,dbAMP_21619,Staphylococcus aureus,Positive
10264,dbAMP_16384,Staphylococcus aureus,Positive
10265,dbAMP_16058,Salmonella enterica,Positive
10266,dbAMP_19734,Candida parapsilosis,Positive
10267,dbAMP_15958,Micrococcus luteus,Positive
10268,19487.0,Enterococcus faecalis,Positive
10269,dbAMP_10668,Pseudomonas aeruginosa,Positive
10270,dbAMP_34591,Pseudomonas aeruginosa,Positive
10271,dbAMP_22618,Candida albicans,Positive
10272,dbAMP_04790,Candida parapsilosis,Positive
10273,dbAMP_17579,Listeria monocytogenes,Positive
10274,19897.0,Pseudomonas aeruginosa,Positive
10275,19928.0,Escherichia coli,Positive
10276,dbAMP_10266,Staphylococcus aureus,Positive
10277,dbAMP_16200,Escherichia coli,Positive
10278,dbAMP_24143,Staphylococcus aureus,Positive
10279,dbAMP_25418,Escherichia coli,Positive
10280,dbAMP_14850,Bacillus subtilis,Positive
10281,dbAMP_02735,Klebsiella pneumoniae,Positive
10282,dbAMP_27150,Escherichia coli,Positive
10283,dbAMP_14862,Pseudomonas aeruginosa,Positive
10284,dbAMP_27399,Staphylococcus aureus,Positive
10285,dbAMP_33347,Staphylococcus aureus,Positive
10286,dbAMP_16102,Escherichia coli,Positive
10287,dbAMP_00435,Escherichia coli,Positive
10288,21179.0,Listeria monocytogenes,Positive
10289,dbAMP_20329,Staphylococcus epidermidis,Positive
10290,dbAMP_21770,Escherichia coli,Positive
10291,dbAMP_23827,Escherichia coli,Positive
10292,21848.0,Escherichia coli,Positive
10293,dbAMP_33620,Candida parapsilosis,Positive
10294,6841.0,Listeria monocytogenes,Positive
10295,11026.0,Escherichia coli,Positive
10296,19369.0,Pseudomonas aeruginosa,Positive
10297,21942.0,Candida albicans,Positive
10298,dbAMP_23895,Staphylococcus aureus,Positive
10299,dbAMP_16028,Staphylococcus aureus,Positive
10300,dbAMP_21226,Staphylococcus aureus,Positive
10301,dbAMP_19690,Listeria monocytogenes,Positive
10302,dbAMP_18794,Escherichia coli,Positive
10303,dbAMP_03765,Klebsiella pneumoniae,Positive
10304,17706.0,Staphylococcus aureus,Positive
10305,dbAMP_25339,Staphylococcus aureus,Positive
10306,6203.0,Escherichia coli,Positive
10307,dbAMP_20828,Escherichia coli,Positive
10308,dbAMP_32476,Escherichia coli,Positive
10309,dbAMP_19578,Pseudomonas aeruginosa,Positive
10310,dbAMP_21597,Staphylococcus aureus,Positive
10311,dbAMP_02078,Staphylococcus aureus,Positive
10312,dbAMP_14485,Salmonella enterica,Positive
10313,dbAMP_24953,Pseudomonas aeruginosa,Positive
10314,17791.0,Bacillus subtilis,Positive
10315,20839.0,Salmonella enterica,Positive
10316,dbAMP_02387,Staphylococcus epidermidis,Positive
10317,dbAMP_16174,Staphylococcus aureus,Positive
10318,19991.0,Candida albicans,Positive
10319,dbAMP_16215,Staphylococcus epidermidis,Positive
10320,dbAMP_03018,Escherichia coli,Positive
10321,dbAMP_05999,Staphylococcus aureus,Positive
10322,dbAMP_27429,Salmonella enterica,Positive
10323,dbAMP_17377,Staphylococcus aureus,Positive
10324,dbAMP_27149,Pseudomonas aeruginosa,Positive
10325,dbAMP_01987,Enterococcus faecalis,Positive
10326,dbAMP_20132,Staphylococcus aureus,Positive
10327,dbAMP_23699,Acinetobacter baumannii,Positive
10328,dbAMP_24079,Staphylococcus aureus,Positive
10329,dbAMP_16564,Escherichia coli,Positive
10330,18636.0,Enterococcus faecalis,Positive
10331,dbAMP_18104,Escherichia coli,Positive
10332,dbAMP_06258,Staphylococcus aureus,Positive
10333,763.0,Listeria monocytogenes,Positive
10334,dbAMP_18393,Escherichia coli,Positive
10335,dbAMP_16368,Staphylococcus aureus,Positive
10336,dbAMP_16715,Escherichia coli,Positive
10337,16168.0,Bacillus megaterium,Positive
10338,20853.0,Bacillus subtilis,Positive
10339,22084.0,Pseudomonas aeruginosa,Positive
10340,dbAMP_15963,Escherichia coli,Positive
10341,dbAMP_09742,Pseudomonas aeruginosa,Positive
10342,19703.0,Acinetobacter baumannii,Positive
10343,DRAMP18618,Pseudomonas aeruginosa,Positive
10344,19293.0,Staphylococcus aureus,Positive
10345,dbAMP_03658,Enterococcus faecalis,Positive
10346,dbAMP_18233,Staphylococcus aureus,Positive
10347,17784.0,Candida albicans,Positive
10348,dbAMP_16235,Pseudomonas aeruginosa,Positive
10349,dbAMP_28831,Escherichia coli,Positive
10350,dbAMP_18221,Pseudomonas aeruginosa,Positive
10351,dbAMP_10747,Staphylococcus aureus,Positive
10352,dbAMP_04002,Pseudomonas aeruginosa,Positive
10353,dbAMP_21942,Escherichia coli,Positive
10354,dbAMP_10706,Klebsiella pneumoniae,Positive
10355,dbAMP_04539,Enterococcus faecalis,Positive
10356,dbAMP_16430,Enterococcus faecalis,Positive
10357,dbAMP_28798,Candida albicans,Positive
10358,dbAMP_03451,Staphylococcus epidermidis,Positive
10359,dbAMP_02773,Bacillus subtilis,Positive
10360,dbAMP_21519,Enterococcus faecium,Positive
10361,dbAMP_21284,Staphylococcus aureus,Positive
10362,dbAMP_33100,Bacillus subtilis,Positive
10363,dbAMP_21897,Bacillus subtilis,Positive
10364,dbAMP_00314,Escherichia coli,Positive
10365,dbAMP_33116,Klebsiella pneumoniae,Positive
10366,21533.0,Bacillus subtilis,Positive
10367,dbAMP_22975,Pseudomonas aeruginosa,Positive
10368,dbAMP_16525,Staphylococcus aureus,Positive
10369,dbAMP_14837,Staphylococcus epidermidis,Positive
10370,dbAMP_19038,Salmonella enterica,Positive
10371,dbAMP_23689,Staphylococcus aureus,Positive
10372,dbAMP_18142,Salmonella enterica,Positive
10373,dbAMP_16092,Staphylococcus aureus,Positive
10374,dbAMP_25188,Staphylococcus aureus,Positive
10375,dbAMP_03122,Micrococcus luteus,Positive
10376,17852.0,Pseudomonas aeruginosa,Positive
10377,dbAMP_03400,Staphylococcus aureus,Positive
10378,18609.0,Escherichia coli,Positive
10379,dbAMP_20676,Pseudomonas aeruginosa,Positive
10380,20929.0,Pseudomonas aeruginosa,Positive
10381,17512.0,Acinetobacter baumannii,Positive
10382,dbAMP_19048,Staphylococcus epidermidis,Positive
10383,dbAMP_16323,Enterococcus faecalis,Positive
10384,dbAMP_16510,Bacillus subtilis,Positive
10385,dbAMP_01052,Escherichia coli,Positive
10386,dbAMP_04558,Candida albicans,Positive
10387,dbAMP_05917,Staphylococcus aureus,Positive
10388,dbAMP_15958,Escherichia coli,Positive
10389,dbAMP_03696,Bacillus megaterium,Positive
10390,dbAMP_10671,Enterobacter cloacae,Positive
10391,dbAMP_19599,Candida albicans,Positive
10392,20772.0,Salmonella enterica,Positive
10393,dbAMP_28806,Staphylococcus aureus,Positive
10394,dbAMP_16075,Escherichia coli,Positive
10395,dbAMP_04659,Staphylococcus epidermidis,Positive
10396,dbAMP_17985,Bacillus subtilis,Positive
10397,22166.0,Salmonella enterica,Positive
10398,dbAMP_01918,Staphylococcus aureus,Positive
10399,dbAMP_19827,Staphylococcus aureus,Positive
10400,dbAMP_14830,Listeria monocytogenes,Positive
10401,DRAMP18483,Pseudomonas aeruginosa,Positive
10402,dbAMP_00046,Staphylococcus aureus,Positive
10403,dbAMP_14714,Listeria monocytogenes,Positive
10404,dbAMP_20548,Candida albicans,Positive
10405,dbAMP_20869,Staphylococcus epidermidis,Positive
10406,dbAMP_22620,Pseudomonas aeruginosa,Positive
10407,dbAMP_23339,Bacillus subtilis,Positive
10408,19118.0,Staphylococcus aureus,Positive
10409,dbAMP_04880,Escherichia coli,Positive
10410,dbAMP_24563,Candida albicans,Positive
10411,dbAMP_01988,Staphylococcus aureus,Positive
10412,dbAMP_31799,Pseudomonas aeruginosa,Positive
10413,dbAMP_33024,Acinetobacter baumannii,Positive
10414,dbAMP_24001,Staphylococcus epidermidis,Positive
10415,dbAMP_03655,Staphylococcus aureus,Positive
10416,19557.0,Staphylococcus aureus,Positive
10417,dbAMP_24225,Enterococcus faecium,Positive
10418,dbAMP_18232,Salmonella enterica,Positive
10419,dbAMP_12361,Staphylococcus aureus,Positive
10420,dbAMP_15991,Candida albicans,Positive
10421,21538.0,Escherichia coli,Positive
10422,dbAMP_14822,Staphylococcus epidermidis,Positive
10423,dbAMP_18660,Pseudomonas aeruginosa,Positive
10424,dbAMP_18889,Escherichia coli,Positive
10425,dbAMP_22730,Micrococcus luteus,Positive
10426,17819.0,Bacillus subtilis,Positive
10427,dbAMP_21060,Pseudomonas aeruginosa,Positive
10428,dbAMP_23212,Staphylococcus aureus,Positive
10429,dbAMP_19046,Pseudomonas aeruginosa,Positive
10430,dbAMP_20142,Klebsiella pneumoniae,Positive
10431,dbAMP_19170,Candida albicans,Positive
10432,21838.0,Escherichia coli,Positive
10433,dbAMP_23160,Staphylococcus aureus,Positive
10434,dbAMP_23372,Staphylococcus aureus,Positive
10435,dbAMP_14837,Listeria monocytogenes,Positive
10436,8830.0,Staphylococcus aureus,Positive
10437,dbAMP_17753,Enterococcus faecium,Positive
10438,dbAMP_16311,Staphylococcus aureus,Positive
10439,dbAMP_21954,Staphylococcus aureus,Positive
10440,19668.0,Staphylococcus aureus,Positive
10441,dbAMP_00312,Cryptococcus neoformans,Positive
10442,dbAMP_05725,Bacillus subtilis,Positive
10443,dbAMP_04604,Pseudomonas aeruginosa,Positive
10444,dbAMP_21061,Staphylococcus aureus,Positive
10445,dbAMP_02021,Candida albicans,Positive
10446,20161.0,Candida albicans,Positive
10447,dbAMP_16940,Salmonella enterica,Positive
10448,dbAMP_27583,Pseudomonas aeruginosa,Positive
10449,dbAMP_24802,Cryptococcus neoformans,Positive
10450,19813.0,Staphylococcus aureus,Positive
10451,dbAMP_05529,Pseudomonas aeruginosa,Positive
10452,dbAMP_25213,Escherichia coli,Positive
10453,dbAMP_23963,Escherichia coli,Positive
10454,21177.0,Pseudomonas aeruginosa,Positive
10455,dbAMP_16385,Staphylococcus aureus,Positive
10456,dbAMP_01953,Micrococcus luteus,Positive
10457,20839.0,Candida albicans,Positive
10458,18623.0,Micrococcus luteus,Positive
10459,dbAMP_32942,Escherichia coli,Positive
10460,dbAMP_20133,Staphylococcus aureus,Positive
10461,dbAMP_00784,Klebsiella pneumoniae,Positive
10462,dbAMP_18730,Salmonella enterica,Positive
10463,dbAMP_22498,Escherichia coli,Positive
10464,dbAMP_19045,Escherichia coli,Positive
10465,19610.0,Bacillus subtilis,Positive
10466,dbAMP_23379,Staphylococcus aureus,Positive
10467,dbAMP_23677,Staphylococcus aureus,Positive
10468,21068.0,Staphylococcus epidermidis,Positive
10469,dbAMP_23762,Pseudomonas aeruginosa,Positive
10470,12757.0,Staphylococcus aureus,Positive
10471,dbAMP_14851,Listeria monocytogenes,Positive
10472,dbAMP_16770,Candida albicans,Positive
10473,dbAMP_11527,Escherichia coli,Positive
10474,dbAMP_23469,Bacillus subtilis,Positive
10475,dbAMP_32523,Staphylococcus aureus,Positive
10476,dbAMP_16223,Staphylococcus epidermidis,Positive
10477,dbAMP_03125,Micrococcus luteus,Positive
10478,dbAMP_19977,Enterococcus faecalis,Positive
10479,dbAMP_19153,Pseudomonas aeruginosa,Positive
10480,dbAMP_24592,Pseudomonas aeruginosa,Positive
10481,dbAMP_25437,Escherichia coli,Positive
10482,21007.0,Staphylococcus aureus,Positive
10483,20270.0,Staphylococcus aureus,Positive
10484,DRAMP02331,Enterobacter cloacae,Positive
10485,dbAMP_17363,Pseudomonas aeruginosa,Positive
10486,dbAMP_18800,Salmonella enterica,Positive
10487,dbAMP_22450,Escherichia coli,Positive
10488,21512.0,Klebsiella pneumoniae,Positive
10489,18048.0,Pseudomonas aeruginosa,Positive
10490,dbAMP_02867,Candida albicans,Positive
10491,dbAMP_03038,Escherichia coli,Positive
10492,dbAMP_11448,Escherichia coli,Positive
10493,21735.0,Enterococcus faecalis,Positive
10494,dbAMP_21204,Staphylococcus aureus,Positive
10495,dbAMP_00613,Bacillus megaterium,Positive
10496,dbAMP_16506,Staphylococcus aureus,Positive
10497,19826.0,Staphylococcus aureus,Positive
10498,dbAMP_19540,Escherichia coli,Positive
10499,dbAMP_02021,Escherichia coli,Positive
10500,dbAMP_05715,Escherichia coli,Positive
10501,dbAMP_33640,Pseudomonas aeruginosa,Positive
10502,dbAMP_27960,Klebsiella pneumoniae,Positive
10503,dbAMP_03706,Escherichia coli,Positive
10504,dbAMP_19865,Salmonella enterica,Positive
10505,dbAMP_23570,Staphylococcus epidermidis,Positive
10506,dbAMP_21484,Pseudomonas aeruginosa,Positive
10507,dbAMP_20928,Staphylococcus aureus,Positive
10508,dbAMP_17517,Enterococcus faecalis,Positive
10509,dbAMP_17450,Salmonella enterica,Positive
10510,dbAMP_34307,Escherichia coli,Positive
10511,dbAMP_33624,Candida albicans,Positive
10512,dbAMP_21903,Micrococcus luteus,Positive
10513,dbAMP_27272,Bacillus subtilis,Positive
10514,dbAMP_33139,Salmonella enterica,Positive
10515,dbAMP_16311,Staphylococcus epidermidis,Positive
10516,dbAMP_17572,Bacillus subtilis,Positive
10517,dbAMP_33075,Bacillus cereus,Positive
10518,dbAMP_15799,Bacillus subtilis,Positive
10519,dbAMP_23942,Salmonella enterica,Positive
10520,19897.0,Staphylococcus aureus,Positive
10521,dbAMP_33033,Klebsiella pneumoniae,Positive
10522,dbAMP_16347,Enterococcus faecium,Positive
10523,dbAMP_21719,Staphylococcus aureus,Positive
10524,dbAMP_02628,Bacillus subtilis,Positive
0,20331.0,Staphylococcus aureus,Negative
1,17720.0,Pseudomonas aeruginosa,Negative
2,dbAMP_10716,Acinetobacter baumannii,Negative
3,dbAMP_20419,Salmonella enterica,Negative
4,dbAMP_19751,Escherichia coli,Negative
5,21973.0,Escherichia coli,Negative
6,dbAMP_17766,Escherichia coli,Negative
7,19861.0,Staphylococcus aureus,Negative
8,DRAMP21452,Pseudomonas aeruginosa,Negative
9,dbAMP_32996,Candida albicans,Negative
10,dbAMP_25120,Pseudomonas aeruginosa,Negative
11,dbAMP_15774,Staphylococcus aureus,Negative
12,dbAMP_14887,Escherichia coli,Negative
13,dbAMP_25448,Candida parapsilosis,Negative
14,18661.0,Cryptococcus neoformans,Negative
15,dbAMP_16281,Enterobacter cloacae,Negative
16,dbAMP_25173,Salmonella enterica,Negative
17,dbAMP_25028,Escherichia coli,Negative
18,dbAMP_17209,Escherichia coli,Negative
19,dbAMP_16665,Candida albicans,Negative
20,dbAMP_20528,Pseudomonas aeruginosa,Negative
21,dbAMP_25282,Pseudomonas aeruginosa,Negative
22,481.0,Staphylococcus aureus,Negative
23,dbAMP_31776,Staphylococcus aureus,Negative
24,dbAMP_23130,Staphylococcus aureus,Negative
25,19636.0,Staphylococcus aureus,Negative
26,20610.0,Escherichia coli,Negative
27,20935.0,Staphylococcus aureus,Negative
28,dbAMP_03904,Bacillus megaterium,Negative
29,dbAMP_23213,Escherichia coli,Negative
30,20178.0,Staphylococcus aureus,Negative
31,dbAMP_15596,Enterococcus faecium,Negative
32,dbAMP_00078,Enterococcus faecalis,Negative
33,dbAMP_15859,Pseudomonas aeruginosa,Negative
34,dbAMP_17377,Staphylococcus epidermidis,Negative
35,dbAMP_00055,Staphylococcus aureus,Negative
36,dbAMP_23666,Pseudomonas aeruginosa,Negative
37,dbAMP_15397,Candida albicans,Negative
38,dbAMP_17887,Candida albicans,Negative
39,dbAMP_16907,Enterococcus faecalis,Negative
40,dbAMP_20502,Escherichia coli,Negative
41,19923.0,Staphylococcus aureus,Negative
42,dbAMP_24351,Staphylococcus aureus,Negative
43,20365.0,Escherichia coli,Negative
44,dbAMP_27647,Pseudomonas aeruginosa,Negative
45,dbAMP_19089,Bacillus subtilis,Negative
46,dbAMP_02310,Enterococcus faecalis,Negative
47,dbAMP_18879,Staphylococcus aureus,Negative
48,dbAMP_32922,Escherichia coli,Negative
49,dbAMP_16041,Pseudomonas aeruginosa,Negative
50,dbAMP_21838,Escherichia coli,Negative
51,18110.0,Escherichia coli,Negative
52,dbAMP_21136,Pseudomonas aeruginosa,Negative
53,9587.0,Staphylococcus aureus,Negative
54,17465.0,Pseudomonas aeruginosa,Negative
55,dbAMP_01964,Salmonella enterica,Negative
56,dbAMP_19842,Pseudomonas aeruginosa,Negative
57,dbAMP_19700,Candida albicans,Negative
58,21913.0,Staphylococcus epidermidis,Negative
59,dbAMP_32420,Klebsiella pneumoniae,Negative
60,dbAMP_16868,Klebsiella pneumoniae,Negative
61,dbAMP_23952,Staphylococcus aureus,Negative
62,20609.0,Klebsiella pneumoniae,Negative
63,17451.0,Candida albicans,Negative
64,dbAMP_12947,Candida albicans,Negative
65,dbAMP_31767,Cryptococcus neoformans,Negative
66,dbAMP_04648,Bacillus cereus,Negative
67,dbAMP_16275,Staphylococcus aureus,Negative
68,dbAMP_20381,Staphylococcus aureus,Negative
69,dbAMP_27541,Pseudomonas aeruginosa,Negative
70,21203.0,Staphylococcus aureus,Negative
71,dbAMP_23248,Pseudomonas aeruginosa,Negative
72,dbAMP_02190,Pseudomonas aeruginosa,Negative
73,dbAMP_16915,Salmonella enterica,Negative
74,dbAMP_20131,Staphylococcus aureus,Negative
75,dbAMP_01715,Escherichia coli,Negative
76,dbAMP_12208,Salmonella enterica,Negative
77,dbAMP_17593,Pseudomonas aeruginosa,Negative
78,21118.0,Acinetobacter baumannii,Negative
79,dbAMP_23108,Pseudomonas aeruginosa,Negative
80,20538.0,Bacillus subtilis,Negative
81,dbAMP_14879,Pseudomonas aeruginosa,Negative
82,dbAMP_24063,Klebsiella pneumoniae,Negative
83,dbAMP_26141,Candida albicans,Negative
84,dbAMP_18226,Klebsiella pneumoniae,Negative
85,dbAMP_01909,Pseudomonas aeruginosa,Negative
86,18158.0,Staphylococcus aureus,Negative
87,dbAMP_04689,Pseudomonas aeruginosa,Negative
88,22272.0,Micrococcus luteus,Negative
89,dbAMP_00568,Listeria monocytogenes,Negative
90,dbAMP_33372,Enterococcus faecalis,Negative
91,dbAMP_16077,Staphylococcus aureus,Negative
92,dbAMP_23544,Pseudomonas aeruginosa,Negative
93,dbAMP_27161,Escherichia coli,Negative
94,dbAMP_20726,Staphylococcus aureus,Negative
95,dbAMP_24371,Staphylococcus aureus,Negative
96,21651.0,Staphylococcus aureus,Negative
97,dbAMP_14881,Salmonella enterica,Negative
98,dbAMP_18720,Staphylococcus aureus,Negative
99,dbAMP_21012,Pseudomonas aeruginosa,Negative
100,dbAMP_23362,Salmonella enterica,Negative
101,dbAMP_19597,Escherichia coli,Negative
102,dbAMP_23135,Staphylococcus aureus,Negative
103,20596.0,Bacillus cereus,Negative
104,dbAMP_21347,Staphylococcus epidermidis,Negative
105,dbAMP_28733,Candida albicans,Negative
106,21553.0,Klebsiella pneumoniae,Negative
107,dbAMP_02711,Pseudomonas aeruginosa,Negative
108,22363.0,Klebsiella pneumoniae,Negative
109,dbAMP_19806,Pseudomonas aeruginosa,Negative
110,dbAMP_34254,Escherichia coli,Negative
111,dbAMP_21010,Pseudomonas aeruginosa,Negative
112,dbAMP_01642,Klebsiella pneumoniae,Negative
113,dbAMP_31650,Klebsiella pneumoniae,Negative
114,19906.0,Staphylococcus aureus,Negative
115,18171.0,Escherichia coli,Negative
116,19855.0,Escherichia coli,Negative
117,dbAMP_21661,Salmonella enterica,Negative
118,dbAMP_03652,Staphylococcus aureus,Negative
119,dbAMP_33202,Staphylococcus aureus,Negative
120,dbAMP_21617,Bacillus megaterium,Negative
121,DRAMP03906,Escherichia coli,Negative
122,dbAMP_21657,Pseudomonas aeruginosa,Negative
123,dbAMP_31183,Staphylococcus aureus,Negative
124,dbAMP_33164,Staphylococcus aureus,Negative
125,dbAMP_03461,Staphylococcus epidermidis,Negative
126,dbAMP_16928,Staphylococcus aureus,Negative
127,dbAMP_17729,Micrococcus luteus,Negative
128,dbAMP_01698,Enterococcus faecalis,Negative
129,20164.0,Klebsiella pneumoniae,Negative
130,dbAMP_19021,Pseudomonas aeruginosa,Negative
131,dbAMP_24799,Escherichia coli,Negative
132,dbAMP_23608,Bacillus subtilis,Negative
133,dbAMP_25197,Klebsiella pneumoniae,Negative
134,dbAMP_22879,Candida albicans,Negative
135,14669.0,Pseudomonas aeruginosa,Negative
136,dbAMP_33240,Pseudomonas aeruginosa,Negative
137,dbAMP_19380,Staphylococcus aureus,Negative
138,dbAMP_19540,Staphylococcus aureus,Negative
139,dbAMP_24367,Klebsiella pneumoniae,Negative
140,dbAMP_18728,Klebsiella pneumoniae,Negative
141,22291.0,Escherichia coli,Negative
142,20067.0,Staphylococcus aureus,Negative
143,dbAMP_16119,Listeria monocytogenes,Negative
144,dbAMP_17899,Staphylococcus epidermidis,Negative
145,dbAMP_33281,Pseudomonas aeruginosa,Negative
146,DRAMP28997,Staphylococcus aureus,Negative
147,dbAMP_20991,Pseudomonas aeruginosa,Negative
148,dbAMP_22799,Escherichia coli,Negative
149,dbAMP_21387,Micrococcus luteus,Negative
150,dbAMP_33216,Staphylococcus aureus,Negative
151,17511.0,Klebsiella pneumoniae,Negative
152,19440.0,Candida albicans,Negative
153,17428.0,Klebsiella pneumoniae,Negative
154,dbAMP_04233,Staphylococcus epidermidis,Negative
155,dbAMP_01476,Staphylococcus aureus,Negative
156,dbAMP_31806,Enterococcus faecium,Negative
157,dbAMP_23163,Escherichia coli,Negative
158,20162.0,Klebsiella pneumoniae,Negative
159,dbAMP_16261,Staphylococcus epidermidis,Negative
160,dbAMP_03809,Staphylococcus aureus,Negative
161,9580.0,Staphylococcus aureus,Negative
162,dbAMP_07562,Pseudomonas aeruginosa,Negative
163,dbAMP_16741,Enterococcus faecalis,Negative
164,dbAMP_31649,Escherichia coli,Negative
165,dbAMP_17782,Bacillus subtilis,Negative
166,17610.0,Escherichia coli,Negative
167,dbAMP_14834,Staphylococcus aureus,Negative
168,dbAMP_21730,Salmonella enterica,Negative
169,dbAMP_33369,Klebsiella pneumoniae,Negative
170,20608.0,Escherichia coli,Negative
171,dbAMP_19064,Escherichia coli,Negative
172,dbAMP_19566,Candida albicans,Negative
173,dbAMP_16332,Staphylococcus aureus,Negative
174,20608.0,Staphylococcus aureus,Negative
175,dbAMP_21759,Staphylococcus aureus,Negative
176,dbAMP_18044,Candida parapsilosis,Negative
177,dbAMP_31878,Staphylococcus aureus,Negative
178,dbAMP_18429,Candida albicans,Negative
179,dbAMP_04488,Pseudomonas aeruginosa,Negative
180,dbAMP_25449,Candida parapsilosis,Negative
181,dbAMP_33973,Staphylococcus aureus,Negative
182,dbAMP_21702,Micrococcus luteus,Negative
183,dbAMP_16427,Staphylococcus aureus,Negative
184,dbAMP_33212,Pseudomonas aeruginosa,Negative
185,dbAMP_21988,Enterococcus faecium,Negative
186,dbAMP_24374,Staphylococcus aureus,Negative
187,dbAMP_01916,Klebsiella pneumoniae,Negative
188,dbAMP_23950,Candida albicans,Negative
189,dbAMP_33367,Staphylococcus aureus,Negative
190,dbAMP_20428,Staphylococcus aureus,Negative
191,dbAMP_18524,Klebsiella pneumoniae,Negative
192,dbAMP_27395,Pseudomonas aeruginosa,Negative
193,dbAMP_03594,Micrococcus luteus,Negative
194,dbAMP_21489,Escherichia coli,Negative
195,20957.0,Pseudomonas aeruginosa,Negative
196,dbAMP_05292,Enterococcus faecalis,Negative
197,dbAMP_24355,Escherichia coli,Negative
198,dbAMP_31635,Salmonella enterica,Negative
199,dbAMP_24097,Staphylococcus aureus,Negative
200,dbAMP_27436,Staphylococcus aureus,Negative
201,20576.0,Klebsiella pneumoniae,Negative
202,18190.0,Klebsiella pneumoniae,Negative
203,dbAMP_24947,Candida albicans,Negative
204,18844.0,Escherichia coli,Negative
205,18612.0,Staphylococcus aureus,Negative
206,dbAMP_27263,Salmonella enterica,Negative
207,dbAMP_25243,Pseudomonas aeruginosa,Negative
208,21029.0,Klebsiella pneumoniae,Negative
209,dbAMP_21347,Staphylococcus aureus,Negative
210,21726.0,Pseudomonas aeruginosa,Negative
211,dbAMP_11646,Bacillus subtilis,Negative
212,dbAMP_19705,Escherichia coli,Negative
213,22269.0,Micrococcus luteus,Negative
214,dbAMP_04758,Candida albicans,Negative
215,dbAMP_22885,Staphylococcus aureus,Negative
216,dbAMP_21615,Staphylococcus epidermidis,Negative
217,dbAMP_16346,Bacillus cereus,Negative
218,3081.0,Bacillus subtilis,Negative
219,dbAMP_31703,Acinetobacter baumannii,Negative
220,dbAMP_32263,Staphylococcus epidermidis,Negative
221,dbAMP_00448,Salmonella enterica,Negative
222,dbAMP_24858,Salmonella enterica,Negative
223,dbAMP_04648,Pseudomonas aeruginosa,Negative
224,19577.0,Escherichia coli,Negative
225,dbAMP_25420,Enterococcus faecalis,Negative
226,dbAMP_33282,Pseudomonas aeruginosa,Negative
227,dbAMP_22188,Escherichia coli,Negative
228,dbAMP_17594,Enterobacter cloacae,Negative
229,dbAMP_05112,Enterococcus faecalis,Negative
230,dbAMP_04297,Pseudomonas aeruginosa,Negative
231,dbAMP_02129,Klebsiella pneumoniae,Negative
232,dbAMP_10255,Micrococcus luteus,Negative
233,17978.0,Staphylococcus aureus,Negative
234,19833.0,Pseudomonas aeruginosa,Negative
235,dbAMP_34393,Candida parapsilosis,Negative
236,20178.0,Escherichia coli,Negative
237,dbAMP_18524,Enterococcus faecalis,Negative
238,dbAMP_20868,Pseudomonas aeruginosa,Negative
239,dbAMP_20413,Escherichia coli,Negative
240,dbAMP_24753,Escherichia coli,Negative
241,dbAMP_22323,Bacillus cereus,Negative
242,DRAMP01607,Bacillus cereus,Negative
243,dbAMP_19074,Candida albicans,Negative
244,dbAMP_17377,Bacillus subtilis,Negative
245,dbAMP_15744,Escherichia coli,Negative
246,dbAMP_21400,Candida albicans,Negative
247,dbAMP_33200,Pseudomonas aeruginosa,Negative
248,dbAMP_21655,Pseudomonas aeruginosa,Negative
249,dbAMP_20768,Staphylococcus aureus,Negative
250,dbAMP_14878,Escherichia coli,Negative
251,dbAMP_00976,Pseudomonas aeruginosa,Negative
252,dbAMP_18978,Pseudomonas aeruginosa,Negative
253,dbAMP_19581,Klebsiella pneumoniae,Negative
254,dbAMP_34165,Escherichia coli,Negative
255,dbAMP_24998,Candida albicans,Negative
256,dbAMP_16474,Candida albicans,Negative
257,4493.0,Salmonella enterica,Negative
258,dbAMP_19567,Staphylococcus aureus,Negative
259,dbAMP_19573,Candida albicans,Negative
260,dbAMP_33690,Bacillus subtilis,Negative
261,dbAMP_33246,Staphylococcus aureus,Negative
262,dbAMP_05737,Acinetobacter baumannii,Negative
263,dbAMP_23075,Staphylococcus epidermidis,Negative
264,dbAMP_32915,Escherichia coli,Negative
265,dbAMP_33601,Bacillus subtilis,Negative
266,dbAMP_23592,Micrococcus luteus,Negative
267,dbAMP_19068,Enterococcus faecium,Negative
268,dbAMP_31970,Salmonella enterica,Negative
269,dbAMP_33372,Klebsiella pneumoniae,Negative
270,dbAMP_03286,Staphylococcus epidermidis,Negative
271,dbAMP_16436,Pseudomonas aeruginosa,Negative
272,dbAMP_20654,Bacillus subtilis,Negative
273,dbAMP_14722,Salmonella enterica,Negative
274,dbAMP_16103,Pseudomonas aeruginosa,Negative
275,21616.0,Staphylococcus aureus,Negative
276,dbAMP_03204,Staphylococcus epidermidis,Negative
277,19569.0,Escherichia coli,Negative
278,dbAMP_01885,Escherichia coli,Negative
279,17880.0,Candida albicans,Negative
280,dbAMP_23986,Bacillus subtilis,Negative
281,dbAMP_16765,Staphylococcus epidermidis,Negative
282,dbAMP_19415,Acinetobacter baumannii,Negative
283,DRAMP03116,Pseudomonas aeruginosa,Negative
284,18599.0,Staphylococcus aureus,Negative
285,18855.0,Klebsiella pneumoniae,Negative
286,dbAMP_21144,Pseudomonas aeruginosa,Negative
287,dbAMP_20119,Pseudomonas aeruginosa,Negative
288,dbAMP_23901,Pseudomonas aeruginosa,Negative
289,3598.0,Enterococcus faecalis,Negative
290,dbAMP_22371,Bacillus cereus,Negative
291,dbAMP_33325,Pseudomonas aeruginosa,Negative
292,17637.0,Salmonella enterica,Negative
293,dbAMP_19364,Escherichia coli,Negative
294,dbAMP_20498,Staphylococcus epidermidis,Negative
295,dbAMP_24145,Pseudomonas aeruginosa,Negative
296,17246.0,Staphylococcus aureus,Negative
297,dbAMP_19700,Escherichia coli,Negative
298,dbAMP_21609,Bacillus megaterium,Negative
299,dbAMP_02675,Enterococcus faecalis,Negative
300,dbAMP_33366,Pseudomonas aeruginosa,Negative
301,dbAMP_05209,Candida albicans,Negative
302,dbAMP_02394,Pseudomonas aeruginosa,Negative
303,dbAMP_21814,Micrococcus luteus,Negative
304,dbAMP_33172,Pseudomonas aeruginosa,Negative
305,dbAMP_21729,Cryptococcus neoformans,Negative
306,dbAMP_02059,Escherichia coli,Negative
307,dbAMP_31800,Acinetobacter baumannii,Negative
308,18654.0,Bacillus subtilis,Negative
309,18112.0,Escherichia coli,Negative
310,17400.0,Pseudomonas aeruginosa,Negative
311,dbAMP_25276,Staphylococcus aureus,Negative
312,dbAMP_04492,Pseudomonas aeruginosa,Negative
313,dbAMP_16592,Candida albicans,Negative
314,dbAMP_22266,Escherichia coli,Negative
315,dbAMP_31652,Candida albicans,Negative
316,20442.0,Salmonella enterica,Negative
317,22271.0,Micrococcus luteus,Negative
318,dbAMP_17932,Pseudomonas aeruginosa,Negative
319,dbAMP_21427,Escherichia coli,Negative
320,dbAMP_21655,Staphylococcus epidermidis,Negative
321,dbAMP_20498,Escherichia coli,Negative
322,dbAMP_16441,Escherichia coli,Negative
323,dbAMP_15747,Staphylococcus aureus,Negative
324,dbAMP_18656,Candida albicans,Negative
325,dbAMP_23815,Acinetobacter baumannii,Negative
326,dbAMP_33177,Pseudomonas aeruginosa,Negative
327,dbAMP_31650,Staphylococcus aureus,Negative
328,dbAMP_16386,Pseudomonas aeruginosa,Negative
329,dbAMP_01720,Candida albicans,Negative
330,dbAMP_19712,Pseudomonas aeruginosa,Negative
331,dbAMP_20410,Enterococcus faecalis,Negative
332,dbAMP_23673,Pseudomonas aeruginosa,Negative
333,20305.0,Enterococcus faecalis,Negative
334,dbAMP_01466,Pseudomonas aeruginosa,Negative
335,dbAMP_00886,Salmonella enterica,Negative
336,dbAMP_09694,Escherichia coli,Negative
337,dbAMP_33201,Pseudomonas aeruginosa,Negative
338,dbAMP_20721,Escherichia coli,Negative
339,dbAMP_19567,Candida parapsilosis,Negative
340,dbAMP_33454,Pseudomonas aeruginosa,Negative
341,20354.0,Staphylococcus aureus,Negative
342,dbAMP_21271,Staphylococcus aureus,Negative
343,dbAMP_01699,Bacillus cereus,Negative
344,dbAMP_17636,Escherichia coli,Negative
345,dbAMP_03777,Pseudomonas aeruginosa,Negative
346,dbAMP_31960,Salmonella enterica,Negative
347,dbAMP_24574,Escherichia coli,Negative
348,dbAMP_12830,Klebsiella pneumoniae,Negative
349,dbAMP_17676,Pseudomonas aeruginosa,Negative
350,dbAMP_20864,Pseudomonas aeruginosa,Negative
351,3114.0,Escherichia coli,Negative
352,dbAMP_01970,Pseudomonas aeruginosa,Negative
353,dbAMP_21984,Enterococcus faecalis,Negative
354,15.0,Staphylococcus aureus,Negative
355,dbAMP_00441,Pseudomonas aeruginosa,Negative
356,dbAMP_11022,Escherichia coli,Negative
357,dbAMP_03917,Micrococcus luteus,Negative
358,19303.0,Candida albicans,Negative
359,dbAMP_33339,Pseudomonas aeruginosa,Negative
360,dbAMP_32210,Escherichia coli,Negative
361,dbAMP_21919,Candida albicans,Negative
362,dbAMP_21305,Staphylococcus aureus,Negative
363,dbAMP_22021,Staphylococcus aureus,Negative
364,21725.0,Staphylococcus epidermidis,Negative
365,19835.0,Staphylococcus aureus,Negative
366,dbAMP_18720,Escherichia coli,Negative
367,dbAMP_19232,Staphylococcus aureus,Negative
368,dbAMP_15573,Staphylococcus aureus,Negative
369,dbAMP_12832,Acinetobacter baumannii,Negative
370,dbAMP_34323,Escherichia coli,Negative
371,dbAMP_23538,Staphylococcus aureus,Negative
372,dbAMP_27301,Escherichia coli,Negative
373,DRAMP03278,Candida albicans,Negative
374,dbAMP_22445,Escherichia coli,Negative
375,dbAMP_21390,Micrococcus luteus,Negative
376,dbAMP_23620,Klebsiella pneumoniae,Negative
377,21984.0,Bacillus subtilis,Negative
378,dbAMP_32063,Staphylococcus aureus,Negative
379,dbAMP_23450,Escherichia coli,Negative
380,dbAMP_27352,Klebsiella pneumoniae,Negative
381,dbAMP_22587,Staphylococcus aureus,Negative
382,dbAMP_22869,Staphylococcus aureus,Negative
383,dbAMP_24240,Staphylococcus epidermidis,Negative
384,7152.0,Escherichia coli,Negative
385,dbAMP_25030,Escherichia coli,Negative
386,dbAMP_32278,Candida albicans,Negative
387,21176.0,Escherichia coli,Negative
388,dbAMP_03485,Staphylococcus aureus,Negative
389,dbAMP_23256,Staphylococcus aureus,Negative
390,dbAMP_22585,Staphylococcus epidermidis,Negative
391,dbAMP_27356,Pseudomonas aeruginosa,Negative
392,18780.0,Staphylococcus aureus,Negative
393,dbAMP_21521,Candida albicans,Negative
394,dbAMP_14785,Candida albicans,Negative
395,dbAMP_23123,Staphylococcus aureus,Negative
396,dbAMP_16612,Salmonella enterica,Negative
397,dbAMP_18229,Enterococcus faecium,Negative
398,dbAMP_25097,Escherichia coli,Negative
399,dbAMP_21208,Staphylococcus aureus,Negative
400,dbAMP_19253,Enterococcus faecalis,Negative
401,dbAMP_04210,Escherichia coli,Negative
402,dbAMP_16764,Pseudomonas aeruginosa,Negative
403,21619.0,Escherichia coli,Negative
404,dbAMP_22248,Escherichia coli,Negative
405,dbAMP_33244,Candida albicans,Negative
406,dbAMP_16762,Enterococcus faecium,Negative
407,dbAMP_21932,Staphylococcus aureus,Negative
408,dbAMP_03107,Staphylococcus aureus,Negative
409,22324.0,Pseudomonas aeruginosa,Negative
410,dbAMP_19544,Bacillus subtilis,Negative
411,dbAMP_22580,Staphylococcus aureus,Negative
412,22020.0,Enterococcus faecalis,Negative
413,dbAMP_02406,Escherichia coli,Negative
414,dbAMP_02643,Escherichia coli,Negative
415,dbAMP_32332,Escherichia coli,Negative
416,dbAMP_18884,Staphylococcus aureus,Negative
417,dbAMP_18016,Micrococcus luteus,Negative
418,17525.0,Pseudomonas aeruginosa,Negative
419,dbAMP_33781,Pseudomonas aeruginosa,Negative
420,dbAMP_34260,Staphylococcus aureus,Negative
421,17385.0,Candida parapsilosis,Negative
422,dbAMP_17059,Klebsiella pneumoniae,Negative
423,dbAMP_20740,Staphylococcus epidermidis,Negative
424,dbAMP_23144,Candida albicans,Negative
425,dbAMP_33678,Staphylococcus epidermidis,Negative
426,18293.0,Listeria monocytogenes,Negative
427,dbAMP_02058,Staphylococcus aureus,Negative
428,19359.0,Escherichia coli,Negative
429,dbAMP_00435,Candida albicans,Negative
430,dbAMP_16103,Escherichia coli,Negative
431,20610.0,Klebsiella pneumoniae,Negative
432,dbAMP_16915,Pseudomonas aeruginosa,Negative
433,dbAMP_27288,Escherichia coli,Negative
434,dbAMP_23904,Staphylococcus aureus,Negative
435,dbAMP_03287,Bacillus cereus,Negative
436,dbAMP_19301,Candida albicans,Negative
437,dbAMP_16122,Listeria monocytogenes,Negative
438,dbAMP_24308,Pseudomonas aeruginosa,Negative
439,dbAMP_22655,Staphylococcus epidermidis,Negative
440,dbAMP_19755,Staphylococcus aureus,Negative
441,dbAMP_24816,Candida albicans,Negative
442,dbAMP_03335,Escherichia coli,Negative
443,19904.0,Staphylococcus aureus,Negative
444,dbAMP_16785,Staphylococcus aureus,Negative
445,dbAMP_34230,Staphylococcus aureus,Negative
446,dbAMP_20334,Salmonella enterica,Negative
447,DRAMP21620,Pseudomonas aeruginosa,Negative
448,dbAMP_02189,Escherichia coli,Negative
449,dbAMP_21399,Escherichia coli,Negative
450,dbAMP_16383,Escherichia coli,Negative
451,dbAMP_16274,Escherichia coli,Negative
452,22020.0,Salmonella enterica,Negative
453,dbAMP_19627,Candida albicans,Negative
454,dbAMP_32277,Staphylococcus aureus,Negative
455,dbAMP_20280,Staphylococcus aureus,Negative
456,22290.0,Pseudomonas aeruginosa,Negative
457,15955.0,Pseudomonas aeruginosa,Negative
458,17330.0,Staphylococcus aureus,Negative
459,dbAMP_33211,Pseudomonas aeruginosa,Negative
460,9443.0,Staphylococcus aureus,Negative
461,dbAMP_18749,Escherichia coli,Negative
462,dbAMP_23595,Escherichia coli,Negative
463,18038.0,Klebsiella pneumoniae,Negative
464,dbAMP_16763,Staphylococcus aureus,Negative
465,dbAMP_33290,Candida albicans,Negative
466,dbAMP_24028,Escherichia coli,Negative
467,dbAMP_00052,Escherichia coli,Negative
468,dbAMP_01016,Pseudomonas aeruginosa,Negative
469,dbAMP_18414,Staphylococcus aureus,Negative
470,dbAMP_31770,Pseudomonas aeruginosa,Negative
471,21615.0,Staphylococcus aureus,Negative
472,DRAMP03872,Staphylococcus aureus,Negative
473,dbAMP_16543,Salmonella enterica,Negative
474,dbAMP_24979,Pseudomonas aeruginosa,Negative
475,dbAMP_18261,Staphylococcus aureus,Negative
476,dbAMP_22248,Bacillus cereus,Negative
477,dbAMP_21275,Staphylococcus aureus,Negative
478,9130.0,Escherichia coli,Negative
479,17281.0,Salmonella enterica,Negative
480,dbAMP_21606,Micrococcus luteus,Negative
481,dbAMP_16885,Klebsiella pneumoniae,Negative
482,20358.0,Salmonella enterica,Negative
483,dbAMP_17371,Candida albicans,Negative
484,dbAMP_16870,Bacillus cereus,Negative
485,dbAMP_01912,Enterobacter cloacae,Negative
486,dbAMP_01837,Staphylococcus aureus,Negative
487,dbAMP_04648,Enterococcus faecium,Negative
488,18326.0,Klebsiella pneumoniae,Negative
489,dbAMP_00058,Escherichia coli,Negative
490,dbAMP_02065,Escherichia coli,Negative
491,dbAMP_19058,Enterococcus faecalis,Negative
492,17771.0,Staphylococcus aureus,Negative
493,dbAMP_01642,Candida parapsilosis,Negative
494,dbAMP_24372,Staphylococcus aureus,Negative
495,dbAMP_33968,Staphylococcus aureus,Negative
496,dbAMP_22581,Staphylococcus aureus,Negative
497,dbAMP_10591,Escherichia coli,Negative
498,dbAMP_25277,Pseudomonas aeruginosa,Negative
499,dbAMP_33591,Pseudomonas aeruginosa,Negative
500,dbAMP_22650,Staphylococcus aureus,Negative
501,dbAMP_24542,Pseudomonas aeruginosa,Negative
502,dbAMP_24602,Escherichia coli,Negative
503,20598.0,Staphylococcus aureus,Negative
504,dbAMP_16170,Staphylococcus epidermidis,Negative
505,18157.0,Enterococcus faecalis,Negative
506,dbAMP_00079,Staphylococcus aureus,Negative
507,dbAMP_15935,Candida albicans,Negative
508,dbAMP_22255,Staphylococcus aureus,Negative
509,dbAMP_34292,Escherichia coli,Negative
510,19606.0,Enterococcus faecalis,Negative
511,dbAMP_15574,Bacillus subtilis,Negative
512,dbAMP_33162,Pseudomonas aeruginosa,Negative
513,dbAMP_17189,Staphylococcus aureus,Negative
514,dbAMP_19018,Klebsiella pneumoniae,Negative
515,dbAMP_21235,Escherichia coli,Negative
516,9443.0,Pseudomonas aeruginosa,Negative
517,dbAMP_22663,Staphylococcus aureus,Negative
518,dbAMP_04183,Staphylococcus epidermidis,Negative
519,dbAMP_21669,Escherichia coli,Negative
520,dbAMP_21656,Staphylococcus epidermidis,Negative
521,dbAMP_16345,Staphylococcus epidermidis,Negative
522,dbAMP_25282,Klebsiella pneumoniae,Negative
523,dbAMP_16868,Pseudomonas aeruginosa,Negative
524,dbAMP_04711,Acinetobacter baumannii,Negative
525,19118.0,Pseudomonas aeruginosa,Negative
526,DRAMP20776,Staphylococcus aureus,Negative
527,dbAMP_23559,Pseudomonas aeruginosa,Negative
528,dbAMP_16046,Staphylococcus aureus,Negative
529,19853.0,Pseudomonas aeruginosa,Negative
530,dbAMP_19078,Bacillus subtilis,Negative
531,dbAMP_05722,Salmonella enterica,Negative
532,dbAMP_22738,Klebsiella pneumoniae,Negative
533,18477.0,Staphylococcus aureus,Negative
534,dbAMP_24289,Pseudomonas aeruginosa,Negative
535,dbAMP_17877,Candida albicans,Negative
536,dbAMP_19734,Listeria monocytogenes,Negative
537,7152.0,Salmonella enterica,Negative
538,dbAMP_17766,Bacillus subtilis,Negative
539,dbAMP_23538,Pseudomonas aeruginosa,Negative
540,dbAMP_33782,Klebsiella pneumoniae,Negative
541,20647.0,Escherichia coli,Negative
542,dbAMP_27564,Enterococcus faecalis,Negative
543,19935.0,Pseudomonas aeruginosa,Negative
544,dbAMP_33094,Staphylococcus epidermidis,Negative
545,20502.0,Enterococcus faecium,Negative
546,17819.0,Escherichia coli,Negative
547,dbAMP_23669,Salmonella enterica,Negative
548,dbAMP_31439,Klebsiella pneumoniae,Negative
549,dbAMP_23216,Escherichia coli,Negative
550,dbAMP_10300,Salmonella enterica,Negative
551,dbAMP_01941,Klebsiella pneumoniae,Negative
552,dbAMP_21044,Pseudomonas aeruginosa,Negative
553,dbAMP_02925,Bacillus subtilis,Negative
554,dbAMP_10818,Escherichia coli,Negative
555,20041.0,Enterococcus faecalis,Negative
556,21655.0,Acinetobacter baumannii,Negative
557,dbAMP_33031,Acinetobacter baumannii,Negative
558,dbAMP_33304,Staphylococcus aureus,Negative
559,18786.0,Klebsiella pneumoniae,Negative
560,dbAMP_22077,Escherichia coli,Negative
561,21947.0,Staphylococcus aureus,Negative
562,20066.0,Bacillus cereus,Negative
563,dbAMP_20119,Staphylococcus aureus,Negative
564,dbAMP_21402,Staphylococcus aureus,Negative
565,22378.0,Candida albicans,Negative
566,dbAMP_18509,Pseudomonas aeruginosa,Negative
567,dbAMP_17783,Bacillus subtilis,Negative
568,3157.0,Klebsiella pneumoniae,Negative
569,22010.0,Staphylococcus aureus,Negative
570,dbAMP_28473,Escherichia coli,Negative
571,dbAMP_34314,Staphylococcus aureus,Negative
572,dbAMP_27442,Pseudomonas aeruginosa,Negative
573,dbAMP_33346,Candida albicans,Negative
574,17951.0,Staphylococcus aureus,Negative
575,dbAMP_22582,Pseudomonas aeruginosa,Negative
576,dbAMP_17970,Staphylococcus aureus,Negative
577,dbAMP_24958,Pseudomonas aeruginosa,Negative
578,dbAMP_17483,Escherichia coli,Negative
579,dbAMP_12208,Listeria monocytogenes,Negative
580,dbAMP_20366,Staphylococcus aureus,Negative
581,dbAMP_31878,Pseudomonas aeruginosa,Negative
582,19003.0,Staphylococcus aureus,Negative
583,20055.0,Klebsiella pneumoniae,Negative
584,dbAMP_19575,Staphylococcus aureus,Negative
585,dbAMP_20656,Bacillus subtilis,Negative
586,dbAMP_01719,Staphylococcus aureus,Negative
587,dbAMP_21984,Enterococcus faecium,Negative
588,dbAMP_03504,Micrococcus luteus,Negative
589,20573.0,Escherichia coli,Negative
590,dbAMP_18692,Candida albicans,Negative
591,dbAMP_23556,Escherichia coli,Negative
592,dbAMP_33369,Escherichia coli,Negative
593,dbAMP_20700,Salmonella enterica,Negative
594,dbAMP_21775,Enterococcus faecalis,Negative
595,20364.0,Salmonella enterica,Negative
596,dbAMP_23284,Klebsiella pneumoniae,Negative
597,dbAMP_03156,Staphylococcus aureus,Negative
598,dbAMP_20373,Pseudomonas aeruginosa,Negative
599,dbAMP_22954,Escherichia coli,Negative
600,dbAMP_21812,Escherichia coli,Negative
601,dbAMP_17770,Pseudomonas aeruginosa,Negative
602,dbAMP_19060,Salmonella enterica,Negative
603,19987.0,Staphylococcus epidermidis,Negative
604,22265.0,Escherichia coli,Negative
605,19485.0,Enterobacter cloacae,Negative
606,dbAMP_10566,Candida albicans,Negative
607,dbAMP_24876,Escherichia coli,Negative
608,dbAMP_18012,Staphylococcus aureus,Negative
609,dbAMP_21039,Escherichia coli,Negative
610,dbAMP_10396,Staphylococcus aureus,Negative
611,dbAMP_01247,Bacillus subtilis,Negative
612,dbAMP_22321,Bacillus cereus,Negative
613,dbAMP_25429,Acinetobacter baumannii,Negative
614,dbAMP_22548,Candida albicans,Negative
615,dbAMP_23256,Escherichia coli,Negative
616,dbAMP_27455,Enterococcus faecium,Negative
617,dbAMP_21850,Salmonella enterica,Negative
618,20595.0,Listeria monocytogenes,Negative
619,dbAMP_24054,Pseudomonas aeruginosa,Negative
620,dbAMP_03056,Enterobacter cloacae,Negative
621,19847.0,Pseudomonas aeruginosa,Negative
622,20573.0,Pseudomonas aeruginosa,Negative
623,dbAMP_23971,Micrococcus luteus,Negative
624,dbAMP_32426,Bacillus subtilis,Negative
625,dbAMP_19316,Pseudomonas aeruginosa,Negative
626,9835.0,Klebsiella pneumoniae,Negative
627,dbAMP_34042,Staphylococcus epidermidis,Negative
628,dbAMP_03056,Klebsiella pneumoniae,Negative
629,18250.0,Pseudomonas aeruginosa,Negative
630,dbAMP_22584,Pseudomonas aeruginosa,Negative
631,dbAMP_33094,Pseudomonas aeruginosa,Negative
632,dbAMP_24902,Staphylococcus aureus,Negative
633,dbAMP_21916,Staphylococcus epidermidis,Negative
634,20830.0,Pseudomonas aeruginosa,Negative
635,dbAMP_16378,Escherichia coli,Negative
636,18655.0,Enterococcus faecalis,Negative
637,dbAMP_22921,Klebsiella pneumoniae,Negative
638,dbAMP_23673,Micrococcus luteus,Negative
639,dbAMP_22180,Escherichia coli,Negative
640,dbAMP_16035,Staphylococcus epidermidis,Negative
641,dbAMP_02059,Candida albicans,Negative
642,dbAMP_22280,Staphylococcus aureus,Negative
643,dbAMP_14721,Pseudomonas aeruginosa,Negative
644,dbAMP_25190,Enterococcus faecalis,Negative
645,dbAMP_16789,Pseudomonas aeruginosa,Negative
646,22087.0,Escherichia coli,Negative
647,dbAMP_19019,Pseudomonas aeruginosa,Negative
648,dbAMP_27264,Pseudomonas aeruginosa,Negative
649,dbAMP_24815,Bacillus subtilis,Negative
650,dbAMP_27353,Klebsiella pneumoniae,Negative
651,dbAMP_28805,Enterococcus faecalis,Negative
652,dbAMP_27566,Pseudomonas aeruginosa,Negative
653,dbAMP_23215,Bacillus subtilis,Negative
654,dbAMP_19214,Bacillus subtilis,Negative
655,19919.0,Escherichia coli,Negative
656,10723.0,Klebsiella pneumoniae,Negative
657,dbAMP_33335,Pseudomonas aeruginosa,Negative
658,9175.0,Pseudomonas aeruginosa,Negative
659,dbAMP_22400,Staphylococcus aureus,Negative
660,dbAMP_18671,Staphylococcus aureus,Negative
661,dbAMP_24354,Salmonella enterica,Negative
662,dbAMP_32993,Escherichia coli,Negative
663,dbAMP_03273,Escherichia coli,Negative
664,17466.0,Cryptococcus neoformans,Negative
665,dbAMP_23946,Candida albicans,Negative
666,dbAMP_03141,Staphylococcus epidermidis,Negative
667,dbAMP_20381,Escherichia coli,Negative
668,dbAMP_15743,Pseudomonas aeruginosa,Negative
669,dbAMP_14821,Salmonella enterica,Negative
670,dbAMP_05994,Escherichia coli,Negative
671,dbAMP_32058,Enterococcus faecalis,Negative
672,18758.0,Salmonella enterica,Negative
673,19150.0,Staphylococcus aureus,Negative
674,dbAMP_24038,Pseudomonas aeruginosa,Negative
675,20172.0,Bacillus subtilis,Negative
676,dbAMP_23258,Pseudomonas aeruginosa,Negative
677,20596.0,Acinetobacter baumannii,Negative
678,dbAMP_22302,Staphylococcus aureus,Negative
679,dbAMP_18372,Escherichia coli,Negative
680,dbAMP_23242,Escherichia coli,Negative
681,dbAMP_34327,Staphylococcus aureus,Negative
682,dbAMP_17937,Enterococcus faecalis,Negative
683,dbAMP_24138,Escherichia coli,Negative
684,dbAMP_24057,Staphylococcus aureus,Negative
685,dbAMP_05105,Escherichia coli,Negative
686,dbAMP_19862,Salmonella enterica,Negative
687,dbAMP_16065,Staphylococcus aureus,Negative
688,dbAMP_21547,Staphylococcus aureus,Negative
689,dbAMP_16168,Staphylococcus epidermidis,Negative
690,dbAMP_15893,Enterococcus faecium,Negative
691,dbAMP_16087,Pseudomonas aeruginosa,Negative
692,dbAMP_05281,Listeria monocytogenes,Negative
693,dbAMP_24067,Staphylococcus aureus,Negative
694,dbAMP_22452,Bacillus subtilis,Negative
695,dbAMP_24524,Staphylococcus aureus,Negative
696,dbAMP_31532,Acinetobacter baumannii,Negative
697,dbAMP_22192,Staphylococcus aureus,Negative
698,dbAMP_20529,Enterococcus faecalis,Negative
699,dbAMP_24601,Bacillus subtilis,Negative
700,dbAMP_31182,Enterobacter cloacae,Negative
701,dbAMP_23470,Bacillus subtilis,Negative
702,dbAMP_19574,Staphylococcus aureus,Negative
703,dbAMP_33327,Pseudomonas aeruginosa,Negative
704,dbAMP_25149,Staphylococcus aureus,Negative
705,dbAMP_15850,Enterococcus faecalis,Negative
706,21742.0,Enterococcus faecalis,Negative
707,dbAMP_16711,Enterococcus faecalis,Negative
708,dbAMP_04404,Candida albicans,Negative
709,dbAMP_14787,Candida albicans,Negative
710,dbAMP_19006,Escherichia coli,Negative
711,dbAMP_18926,Escherichia coli,Negative
712,DRAMP03887,Escherichia coli,Negative
713,dbAMP_17526,Klebsiella pneumoniae,Negative
714,dbAMP_33296,Pseudomonas aeruginosa,Negative
715,dbAMP_24816,Cryptococcus neoformans,Negative
716,dbAMP_21145,Staphylococcus aureus,Negative
717,dbAMP_17436,Candida albicans,Negative
718,dbAMP_18012,Escherichia coli,Negative
719,dbAMP_21605,Escherichia coli,Negative
720,dbAMP_19103,Staphylococcus aureus,Negative
721,dbAMP_16611,Bacillus cereus,Negative
722,22327.0,Staphylococcus epidermidis,Negative
723,dbAMP_20986,Pseudomonas aeruginosa,Negative
724,dbAMP_22279,Staphylococcus aureus,Negative
725,dbAMP_21954,Candida albicans,Negative
726,dbAMP_24288,Klebsiella pneumoniae,Negative
727,19151.0,Bacillus subtilis,Negative
728,dbAMP_22868,Escherichia coli,Negative
729,dbAMP_19793,Staphylococcus aureus,Negative
730,dbAMP_31803,Acinetobacter baumannii,Negative
731,19890.0,Candida albicans,Negative
732,dbAMP_20732,Staphylococcus aureus,Negative
733,20537.0,Staphylococcus aureus,Negative
734,dbAMP_27083,Escherichia coli,Negative
735,dbAMP_11308,Pseudomonas aeruginosa,Negative
736,dbAMP_22545,Escherichia coli,Negative
737,dbAMP_25173,Escherichia coli,Negative
738,dbAMP_23694,Staphylococcus aureus,Negative
739,dbAMP_03204,Staphylococcus aureus,Negative
740,dbAMP_14693,Escherichia coli,Negative
741,dbAMP_05766,Staphylococcus aureus,Negative
742,dbAMP_22847,Pseudomonas aeruginosa,Negative
743,dbAMP_16428,Enterococcus faecalis,Negative
744,dbAMP_01728,Candida albicans,Negative
745,dbAMP_17799,Acinetobacter baumannii,Negative
746,dbAMP_21955,Staphylococcus aureus,Negative
747,dbAMP_01650,Escherichia coli,Negative
748,dbAMP_17780,Bacillus subtilis,Negative
749,dbAMP_05740,Staphylococcus aureus,Negative
750,dbAMP_19224,Pseudomonas aeruginosa,Negative
751,dbAMP_21054,Staphylococcus aureus,Negative
752,dbAMP_23971,Bacillus subtilis,Negative
753,18114.0,Bacillus cereus,Negative
754,dbAMP_19534,Listeria monocytogenes,Negative
755,dbAMP_27565,Staphylococcus epidermidis,Negative
756,dbAMP_22016,Staphylococcus aureus,Negative
757,DRAMP03116,Staphylococcus aureus,Negative
758,dbAMP_21139,Klebsiella pneumoniae,Negative
759,dbAMP_33191,Pseudomonas aeruginosa,Negative
760,dbAMP_21904,Bacillus subtilis,Negative
761,dbAMP_33281,Candida albicans,Negative
762,dbAMP_20655,Escherichia coli,Negative
763,dbAMP_19701,Candida albicans,Negative
764,dbAMP_16878,Pseudomonas aeruginosa,Negative
765,17467.0,Escherichia coli,Negative
766,22381.0,Escherichia coli,Negative
767,dbAMP_12838,Pseudomonas aeruginosa,Negative
768,dbAMP_21135,Pseudomonas aeruginosa,Negative
769,22213.0,Staphylococcus epidermidis,Negative
770,dbAMP_03302,Bacillus cereus,Negative
771,dbAMP_01278,Listeria monocytogenes,Negative
772,dbAMP_22659,Candida albicans,Negative
773,dbAMP_05646,Staphylococcus aureus,Negative
774,dbAMP_21051,Staphylococcus aureus,Negative
775,dbAMP_33360,Candida albicans,Negative
776,17334.0,Candida albicans,Negative
777,dbAMP_22300,Staphylococcus aureus,Negative
778,dbAMP_23075,Bacillus subtilis,Negative
779,dbAMP_31131,Escherichia coli,Negative
780,dbAMP_19584,Klebsiella pneumoniae,Negative
781,dbAMP_19066,Enterococcus faecalis,Negative
782,dbAMP_20566,Escherichia coli,Negative
783,18157.0,Candida albicans,Negative
784,19920.0,Acinetobacter baumannii,Negative
785,dbAMP_32928,Enterococcus faecium,Negative
786,dbAMP_17727,Salmonella enterica,Negative
787,dbAMP_03842,Staphylococcus aureus,Negative
788,18160.0,Bacillus subtilis,Negative
789,dbAMP_21158,Escherichia coli,Negative
790,dbAMP_16812,Staphylococcus aureus,Negative
791,dbAMP_21312,Staphylococcus aureus,Negative
792,dbAMP_33366,Staphylococcus aureus,Negative
793,dbAMP_24843,Pseudomonas aeruginosa,Negative
794,dbAMP_34244,Escherichia coli,Negative
795,dbAMP_24050,Escherichia coli,Negative
796,19151.0,Escherichia coli,Negative
797,dbAMP_21053,Staphylococcus aureus,Negative
798,dbAMP_31776,Pseudomonas aeruginosa,Negative
799,19375.0,Pseudomonas aeruginosa,Negative
800,2513.0,Candida albicans,Negative
801,dbAMP_14881,Staphylococcus epidermidis,Negative
802,dbAMP_17970,Pseudomonas aeruginosa,Negative
803,dbAMP_24374,Salmonella enterica,Negative
804,3114.0,Enterococcus faecalis,Negative
805,DRAMP03925,Staphylococcus aureus,Negative
806,dbAMP_11688,Escherichia coli,Negative
807,dbAMP_17727,Staphylococcus aureus,Negative
808,dbAMP_19565,Candida albicans,Negative
809,dbAMP_24370,Staphylococcus aureus,Negative
810,17502.0,Klebsiella pneumoniae,Negative
811,dbAMP_18665,Staphylococcus aureus,Negative
812,dbAMP_21124,Pseudomonas aeruginosa,Negative
813,dbAMP_24858,Bacillus subtilis,Negative
814,20066.0,Micrococcus luteus,Negative
815,506.0,Acinetobacter baumannii,Negative
816,22266.0,Escherichia coli,Negative
817,dbAMP_17907,Escherichia coli,Negative
818,dbAMP_27608,Pseudomonas aeruginosa,Negative
819,dbAMP_33316,Klebsiella pneumoniae,Negative
820,dbAMP_14655,Salmonella enterica,Negative
821,dbAMP_20369,Pseudomonas aeruginosa,Negative
822,dbAMP_22359,Bacillus cereus,Negative
823,dbAMP_18751,Staphylococcus epidermidis,Negative
824,dbAMP_15920,Staphylococcus aureus,Negative
825,22380.0,Candida albicans,Negative
826,dbAMP_19232,Pseudomonas aeruginosa,Negative
827,dbAMP_22293,Staphylococcus aureus,Negative
828,20560.0,Staphylococcus aureus,Negative
829,dbAMP_22458,Escherichia coli,Negative
830,dbAMP_22636,Escherichia coli,Negative
831,dbAMP_15858,Escherichia coli,Negative
832,dbAMP_27301,Candida albicans,Negative
833,dbAMP_27112,Pseudomonas aeruginosa,Negative
834,dbAMP_20996,Pseudomonas aeruginosa,Negative
835,dbAMP_24354,Klebsiella pneumoniae,Negative
836,DRAMP01202,Enterococcus faecalis,Negative
837,20544.0,Acinetobacter baumannii,Negative
838,dbAMP_01442,Staphylococcus aureus,Negative
839,dbAMP_20871,Bacillus subtilis,Negative
840,19570.0,Staphylococcus aureus,Negative
841,dbAMP_18989,Pseudomonas aeruginosa,Negative
842,dbAMP_27408,Candida albicans,Negative
843,dbAMP_23803,Pseudomonas aeruginosa,Negative
844,22022.0,Pseudomonas aeruginosa,Negative
845,dbAMP_04925,Pseudomonas aeruginosa,Negative
846,dbAMP_23144,Cryptococcus neoformans,Negative
847,dbAMP_21040,Bacillus subtilis,Negative
848,17769.0,Escherichia coli,Negative
849,dbAMP_18655,Escherichia coli,Negative
850,22382.0,Acinetobacter baumannii,Negative
851,dbAMP_20768,Enterococcus faecalis,Negative
852,dbAMP_21050,Klebsiella pneumoniae,Negative
853,dbAMP_20936,Pseudomonas aeruginosa,Negative
854,dbAMP_15951,Staphylococcus epidermidis,Negative
855,dbAMP_19162,Klebsiella pneumoniae,Negative
856,19518.0,Staphylococcus aureus,Negative
857,dbAMP_31135,Klebsiella pneumoniae,Negative
858,dbAMP_10426,Candida albicans,Negative
859,dbAMP_16297,Escherichia coli,Negative
860,dbAMP_21139,Escherichia coli,Negative
861,dbAMP_17202,Escherichia coli,Negative
862,17326.0,Escherichia coli,Negative
863,dbAMP_20944,Pseudomonas aeruginosa,Negative
864,dbAMP_28803,Candida albicans,Negative
865,dbAMP_03482,Escherichia coli,Negative
866,dbAMP_31878,Escherichia coli,Negative
867,dbAMP_20961,Pseudomonas aeruginosa,Negative
868,dbAMP_20863,Staphylococcus epidermidis,Negative
869,dbAMP_19867,Staphylococcus aureus,Negative
870,dbAMP_21052,Cryptococcus neoformans,Negative
871,dbAMP_22669,Salmonella enterica,Negative
872,dbAMP_05112,Candida albicans,Negative
873,dbAMP_02092,Escherichia coli,Negative
874,dbAMP_17202,Candida albicans,Negative
875,dbAMP_16403,Pseudomonas aeruginosa,Negative
876,dbAMP_27654,Pseudomonas aeruginosa,Negative
877,dbAMP_21052,Candida albicans,Negative
878,17722.0,Pseudomonas aeruginosa,Negative
879,dbAMP_16259,Candida albicans,Negative
880,dbAMP_02952,Candida albicans,Negative
881,22006.0,Staphylococcus aureus,Negative
882,17466.0,Staphylococcus aureus,Negative
883,dbAMP_05292,Escherichia coli,Negative
884,dbAMP_19313,Escherichia coli,Negative
885,20540.0,Escherichia coli,Negative
886,dbAMP_18204,Listeria monocytogenes,Negative
887,dbAMP_16913,Enterococcus faecalis,Negative
888,dbAMP_23529,Salmonella enterica,Negative
889,19286.0,Enterococcus faecalis,Negative
890,dbAMP_17331,Candida albicans,Negative
891,dbAMP_25287,Klebsiella pneumoniae,Negative
892,dbAMP_17207,Staphylococcus aureus,Negative
893,dbAMP_16364,Pseudomonas aeruginosa,Negative
894,dbAMP_22637,Escherichia coli,Negative
895,dbAMP_23971,Enterococcus faecalis,Negative
896,dbAMP_22374,Escherichia coli,Negative
897,21662.0,Escherichia coli,Negative
898,3343.0,Salmonella enterica,Negative
899,dbAMP_17120,Cryptococcus neoformans,Negative
900,dbAMP_00441,Candida albicans,Negative
901,dbAMP_20415,Staphylococcus aureus,Negative
902,dbAMP_27583,Enterococcus faecalis,Negative
903,dbAMP_04374,Micrococcus luteus,Negative
904,dbAMP_24048,Staphylococcus aureus,Negative
905,dbAMP_22293,Bacillus cereus,Negative
906,dbAMP_27299,Candida albicans,Negative
907,dbAMP_17494,Staphylococcus aureus,Negative
908,dbAMP_01927,Pseudomonas aeruginosa,Negative
909,dbAMP_21133,Escherichia coli,Negative
910,dbAMP_21837,Escherichia coli,Negative
911,dbAMP_19571,Staphylococcus aureus,Negative
912,dbAMP_11661,Klebsiella pneumoniae,Negative
913,22054.0,Staphylococcus aureus,Negative
914,dbAMP_22369,Escherichia coli,Negative
915,dbAMP_22851,Staphylococcus aureus,Negative
916,20102.0,Escherichia coli,Negative
917,dbAMP_18995,Pseudomonas aeruginosa,Negative
918,dbAMP_21667,Micrococcus luteus,Negative
919,19831.0,Klebsiella pneumoniae,Negative
920,dbAMP_21913,Candida albicans,Negative
921,dbAMP_34258,Staphylococcus aureus,Negative
922,18758.0,Enterococcus faecalis,Negative
923,dbAMP_22683,Candida albicans,Negative
924,dbAMP_22293,Escherichia coli,Negative
925,dbAMP_16080,Escherichia coli,Negative
926,dbAMP_18962,Staphylococcus aureus,Negative
927,dbAMP_34232,Staphylococcus aureus,Negative
928,dbAMP_16909,Enterococcus faecalis,Negative
929,20358.0,Escherichia coli,Negative
930,dbAMP_20132,Candida albicans,Negative
931,dbAMP_31440,Enterococcus faecalis,Negative
932,dbAMP_05087,Staphylococcus aureus,Negative
933,dbAMP_00259,Bacillus cereus,Negative
934,21280.0,Escherichia coli,Negative
935,dbAMP_23608,Micrococcus luteus,Negative
936,dbAMP_27181,Escherichia coli,Negative
937,dbAMP_33094,Acinetobacter baumannii,Negative
938,21996.0,Staphylococcus aureus,Negative
939,dbAMP_16005,Staphylococcus aureus,Negative
940,dbAMP_10582,Escherichia coli,Negative
941,dbAMP_34356,Escherichia coli,Negative
942,dbAMP_18158,Klebsiella pneumoniae,Negative
943,dbAMP_23975,Candida albicans,Negative
944,dbAMP_25420,Salmonella enterica,Negative
945,dbAMP_23214,Bacillus subtilis,Negative
946,dbAMP_21234,Acinetobacter baumannii,Negative
947,22287.0,Staphylococcus aureus,Negative
948,dbAMP_22277,Escherichia coli,Negative
949,dbAMP_04711,Escherichia coli,Negative
950,20022.0,Escherichia coli,Negative
951,9015.0,Escherichia coli,Negative
952,dbAMP_17937,Escherichia coli,Negative
953,17397.0,Staphylococcus aureus,Negative
954,dbAMP_20701,Escherichia coli,Negative
955,18589.0,Candida parapsilosis,Negative
956,dbAMP_21522,Candida albicans,Negative
957,20164.0,Escherichia coli,Negative
958,dbAMP_18677,Cryptococcus neoformans,Negative
959,dbAMP_33094,Escherichia coli,Negative
960,dbAMP_21392,Staphylococcus aureus,Negative
961,dbAMP_25419,Escherichia coli,Negative
962,dbAMP_19734,Klebsiella pneumoniae,Negative
963,dbAMP_16868,Staphylococcus aureus,Negative
964,dbAMP_18019,Micrococcus luteus,Negative
965,dbAMP_33153,Staphylococcus aureus,Negative
966,dbAMP_18681,Candida albicans,Negative
967,dbAMP_24909,Escherichia coli,Negative
968,dbAMP_24783,Candida albicans,Negative
969,dbAMP_16255,Staphylococcus epidermidis,Negative
970,dbAMP_21050,Cryptococcus neoformans,Negative
971,dbAMP_17726,Staphylococcus aureus,Negative
972,dbAMP_17576,Candida albicans,Negative
973,3081.0,Candida albicans,Negative
974,dbAMP_18974,Bacillus subtilis,Negative
975,dbAMP_28725,Salmonella enterica,Negative
976,dbAMP_21201,Staphylococcus aureus,Negative
977,18836.0,Escherichia coli,Negative
978,19118.0,Acinetobacter baumannii,Negative
979,dbAMP_21061,Pseudomonas aeruginosa,Negative
980,19895.0,Klebsiella pneumoniae,Negative
981,dbAMP_03122,Salmonella enterica,Negative
982,dbAMP_24367,Salmonella enterica,Negative
983,20536.0,Bacillus subtilis,Negative
984,dbAMP_03682,Candida albicans,Negative
985,dbAMP_24396,Staphylococcus aureus,Negative
986,dbAMP_16755,Pseudomonas aeruginosa,Negative
987,dbAMP_17049,Staphylococcus aureus,Negative
988,dbAMP_25275,Staphylococcus epidermidis,Negative
989,17467.0,Pseudomonas aeruginosa,Negative
990,dbAMP_23113,Bacillus subtilis,Negative
991,22376.0,Escherichia coli,Negative
992,dbAMP_24369,Klebsiella pneumoniae,Negative
993,dbAMP_19248,Staphylococcus aureus,Negative
994,dbAMP_16137,Candida albicans,Negative
995,dbAMP_23120,Escherichia coli,Negative
996,dbAMP_21536,Staphylococcus aureus,Negative
997,dbAMP_02998,Escherichia coli,Negative
998,dbAMP_03561,Staphylococcus aureus,Negative
999,dbAMP_18577,Staphylococcus aureus,Negative
1000,dbAMP_31970,Pseudomonas aeruginosa,Negative
1001,dbAMP_16345,Escherichia coli,Negative
1002,dbAMP_20273,Klebsiella pneumoniae,Negative
1003,dbAMP_19838,Pseudomonas aeruginosa,Negative
1004,dbAMP_33966,Cryptococcus neoformans,Negative
1005,dbAMP_03917,Escherichia coli,Negative
1006,dbAMP_05156,Pseudomonas aeruginosa,Negative
1007,dbAMP_34379,Escherichia coli,Negative
1008,dbAMP_23577,Pseudomonas aeruginosa,Negative
1009,17512.0,Enterococcus faecium,Negative
1010,dbAMP_21999,Pseudomonas aeruginosa,Negative
1011,dbAMP_24600,Bacillus subtilis,Negative
1012,dbAMP_32277,Candida albicans,Negative
1013,dbAMP_19240,Salmonella enterica,Negative
1014,18842.0,Escherichia coli,Negative
1015,dbAMP_17667,Enterococcus faecalis,Negative
1016,21959.0,Staphylococcus aureus,Negative
1017,dbAMP_17771,Bacillus subtilis,Negative
1018,dbAMP_20483,Pseudomonas aeruginosa,Negative
1019,18169.0,Pseudomonas aeruginosa,Negative
1020,dbAMP_03576,Escherichia coli,Negative
1021,dbAMP_03561,Micrococcus luteus,Negative
1022,dbAMP_02612,Escherichia coli,Negative
1023,dbAMP_02675,Staphylococcus aureus,Negative
1024,20830.0,Enterococcus faecalis,Negative
1025,dbAMP_17766,Salmonella enterica,Negative
1026,17941.0,Staphylococcus aureus,Negative
1027,dbAMP_17810,Acinetobacter baumannii,Negative
1028,dbAMP_23831,Enterococcus faecalis,Negative
1029,dbAMP_21118,Bacillus cereus,Negative
1030,dbAMP_16990,Bacillus subtilis,Negative
1031,dbAMP_16802,Bacillus cereus,Negative
1032,19293.0,Candida albicans,Negative
1033,dbAMP_00595,Bacillus subtilis,Negative
1034,17960.0,Staphylococcus aureus,Negative
1035,dbAMP_16304,Enterococcus faecalis,Negative
1036,dbAMP_25191,Escherichia coli,Negative
1037,dbAMP_01716,Candida parapsilosis,Negative
1038,dbAMP_11976,Pseudomonas aeruginosa,Negative
1039,dbAMP_05766,Pseudomonas aeruginosa,Negative
1040,dbAMP_16733,Staphylococcus epidermidis,Negative
1041,dbAMP_18676,Pseudomonas aeruginosa,Negative
1042,dbAMP_22264,Bacillus cereus,Negative
1043,dbAMP_16763,Bacillus subtilis,Negative
1044,dbAMP_33958,Klebsiella pneumoniae,Negative
1045,dbAMP_20528,Candida albicans,Negative
1046,dbAMP_20571,Escherichia coli,Negative
1047,dbAMP_22302,Bacillus cereus,Negative
1048,dbAMP_23682,Staphylococcus epidermidis,Negative
1049,dbAMP_21266,Staphylococcus aureus,Negative
1050,19519.0,Salmonella enterica,Negative
1051,dbAMP_18435,Candida parapsilosis,Negative
1052,dbAMP_19035,Candida parapsilosis,Negative
1053,dbAMP_24140,Pseudomonas aeruginosa,Negative
1054,dbAMP_22807,Pseudomonas aeruginosa,Negative
1055,18736.0,Candida albicans,Negative
1056,dbAMP_18218,Enterobacter cloacae,Negative
1057,dbAMP_20860,Bacillus subtilis,Negative
1058,dbAMP_19214,Enterococcus faecium,Negative
1059,21929.0,Staphylococcus aureus,Negative
1060,dbAMP_28726,Klebsiella pneumoniae,Negative
1061,dbAMP_33295,Staphylococcus aureus,Negative
1062,dbAMP_16303,Klebsiella pneumoniae,Negative
1063,dbAMP_21222,Staphylococcus aureus,Negative
1064,17331.0,Escherichia coli,Negative
1065,21969.0,Staphylococcus aureus,Negative
1066,dbAMP_20421,Klebsiella pneumoniae,Negative
1067,dbAMP_20741,Staphylococcus aureus,Negative
1068,dbAMP_34263,Escherichia coli,Negative
1069,dbAMP_00419,Enterococcus faecalis,Negative
1070,22250.0,Escherichia coli,Negative
1071,19525.0,Pseudomonas aeruginosa,Negative
1072,dbAMP_21124,Listeria monocytogenes,Negative
1073,dbAMP_19110,Acinetobacter baumannii,Negative
1074,dbAMP_18943,Staphylococcus aureus,Negative
1075,22288.0,Staphylococcus aureus,Negative
1076,19826.0,Enterococcus faecalis,Negative
1077,dbAMP_16759,Enterococcus faecalis,Negative
1078,dbAMP_19221,Acinetobacter baumannii,Negative
1079,dbAMP_02141,Klebsiella pneumoniae,Negative
1080,dbAMP_22649,Candida albicans,Negative
1081,dbAMP_19787,Candida albicans,Negative
1082,dbAMP_16249,Enterobacter cloacae,Negative
1083,dbAMP_21903,Candida albicans,Negative
1084,dbAMP_25429,Pseudomonas aeruginosa,Negative
1085,dbAMP_33714,Listeria monocytogenes,Negative
1086,dbAMP_33679,Klebsiella pneumoniae,Negative
1087,dbAMP_06009,Escherichia coli,Negative
1088,21501.0,Escherichia coli,Negative
1089,dbAMP_16392,Candida albicans,Negative
1090,20962.0,Acinetobacter baumannii,Negative
1091,dbAMP_18219,Enterobacter cloacae,Negative
1092,dbAMP_33681,Klebsiella pneumoniae,Negative
1093,dbAMP_06217,Pseudomonas aeruginosa,Negative
1094,dbAMP_11830,Salmonella enterica,Negative
1095,7785.0,Bacillus cereus,Negative
1096,dbAMP_16525,Pseudomonas aeruginosa,Negative
1097,10379.0,Enterococcus faecalis,Negative
1098,dbAMP_23957,Pseudomonas aeruginosa,Negative
1099,dbAMP_16098,Candida albicans,Negative
1100,18474.0,Staphylococcus aureus,Negative
1101,dbAMP_33155,Staphylococcus aureus,Negative
1102,18293.0,Escherichia coli,Negative
1103,dbAMP_16659,Candida albicans,Negative
1104,22021.0,Staphylococcus epidermidis,Negative
1105,dbAMP_14802,Klebsiella pneumoniae,Negative
1106,22086.0,Staphylococcus aureus,Negative
1107,dbAMP_18072,Klebsiella pneumoniae,Negative
1108,dbAMP_11108,Klebsiella pneumoniae,Negative
1109,dbAMP_24947,Cryptococcus neoformans,Negative
1110,20277.0,Pseudomonas aeruginosa,Negative
1111,dbAMP_17061,Staphylococcus epidermidis,Negative
1112,dbAMP_21228,Staphylococcus epidermidis,Negative
1113,dbAMP_05871,Pseudomonas aeruginosa,Negative
1114,dbAMP_22876,Escherichia coli,Negative
1115,dbAMP_19231,Candida albicans,Negative
1116,dbAMP_14923,Escherichia coli,Negative
1117,20275.0,Klebsiella pneumoniae,Negative
1118,dbAMP_18982,Bacillus subtilis,Negative
1119,dbAMP_04667,Pseudomonas aeruginosa,Negative
1120,dbAMP_03325,Escherichia coli,Negative
1121,dbAMP_17930,Pseudomonas aeruginosa,Negative
1122,21743.0,Candida albicans,Negative
1123,dbAMP_03777,Candida albicans,Negative
1124,dbAMP_21665,Micrococcus luteus,Negative
1125,dbAMP_22467,Staphylococcus epidermidis,Negative
1126,19148.0,Staphylococcus aureus,Negative
1127,21958.0,Staphylococcus aureus,Negative
1128,dbAMP_16259,Escherichia coli,Negative
1129,dbAMP_24841,Bacillus subtilis,Negative
1130,dbAMP_22420,Bacillus subtilis,Negative
1131,dbAMP_21125,Staphylococcus aureus,Negative
1132,dbAMP_23975,Bacillus subtilis,Negative
1133,dbAMP_22586,Escherichia coli,Negative
1134,dbAMP_21251,Enterococcus faecalis,Negative
1135,dbAMP_12832,Enterococcus faecalis,Negative
1136,dbAMP_00880,Pseudomonas aeruginosa,Negative
1137,18811.0,Enterococcus faecalis,Negative
1138,dbAMP_21758,Staphylococcus aureus,Negative
1139,dbAMP_04976,Pseudomonas aeruginosa,Negative
1140,dbAMP_15863,Enterococcus faecalis,Negative
1141,19850.0,Pseudomonas aeruginosa,Negative
1142,dbAMP_17376,Enterococcus faecalis,Negative
1143,dbAMP_11600,Escherichia coli,Negative
1144,dbAMP_02991,Escherichia coli,Negative
1145,dbAMP_31804,Acinetobacter baumannii,Negative
1146,dbAMP_03864,Escherichia coli,Negative
1147,21189.0,Escherichia coli,Negative
1148,21744.0,Staphylococcus epidermidis,Negative
1149,dbAMP_04238,Enterococcus faecalis,Negative
1150,dbAMP_25286,Klebsiella pneumoniae,Negative
1151,4298.0,Escherichia coli,Negative
1152,dbAMP_18255,Escherichia coli,Negative
1153,dbAMP_03676,Candida albicans,Negative
1154,10245.0,Bacillus subtilis,Negative
1155,21722.0,Candida albicans,Negative
1156,dbAMP_19705,Candida albicans,Negative
1157,dbAMP_16282,Klebsiella pneumoniae,Negative
1158,dbAMP_04691,Salmonella enterica,Negative
1159,19853.0,Escherichia coli,Negative
1160,dbAMP_16379,Staphylococcus aureus,Negative
1161,dbAMP_21830,Staphylococcus aureus,Negative
1162,dbAMP_03794,Candida albicans,Negative
1163,dbAMP_06056,Bacillus subtilis,Negative
1164,dbAMP_02136,Escherichia coli,Negative
1165,20645.0,Staphylococcus aureus,Negative
1166,dbAMP_17389,Staphylococcus aureus,Negative
1167,dbAMP_15859,Acinetobacter baumannii,Negative
1168,dbAMP_27575,Staphylococcus aureus,Negative
1169,dbAMP_17540,Staphylococcus aureus,Negative
1170,dbAMP_22513,Staphylococcus aureus,Negative
1171,dbAMP_14821,Staphylococcus aureus,Negative
1172,dbAMP_23214,Staphylococcus aureus,Negative
1173,DRAMP03892,Staphylococcus aureus,Negative
1174,dbAMP_28726,Bacillus subtilis,Negative
1175,21536.0,Staphylococcus aureus,Negative
1176,dbAMP_03659,Staphylococcus aureus,Negative
1177,20334.0,Staphylococcus aureus,Negative
1178,dbAMP_31637,Salmonella enterica,Negative
1179,dbAMP_27242,Escherichia coli,Negative
1180,dbAMP_21125,Bacillus cereus,Negative
1181,dbAMP_20517,Pseudomonas aeruginosa,Negative
1182,dbAMP_24362,Pseudomonas aeruginosa,Negative
1183,dbAMP_21050,Acinetobacter baumannii,Negative
1184,dbAMP_03402,Enterobacter cloacae,Negative
1185,dbAMP_04517,Staphylococcus aureus,Negative
1186,dbAMP_17952,Escherichia coli,Negative
1187,17522.0,Pseudomonas aeruginosa,Negative
1188,4201.0,Enterobacter cloacae,Negative
1189,dbAMP_16505,Enterococcus faecalis,Negative
1190,21175.0,Pseudomonas aeruginosa,Negative
1191,dbAMP_20335,Bacillus subtilis,Negative
1192,dbAMP_24072,Pseudomonas aeruginosa,Negative
1193,dbAMP_19563,Escherichia coli,Negative
1194,dbAMP_03333,Bacillus cereus,Negative
1195,dbAMP_24841,Pseudomonas aeruginosa,Negative
1196,18038.0,Staphylococcus epidermidis,Negative
1197,dbAMP_20751,Escherichia coli,Negative
1198,dbAMP_14941,Escherichia coli,Negative
1199,19914.0,Staphylococcus aureus,Negative
1200,6199.0,Staphylococcus aureus,Negative
1201,dbAMP_21057,Klebsiella pneumoniae,Negative
1202,18191.0,Pseudomonas aeruginosa,Negative
1203,dbAMP_02300,Candida albicans,Negative
1204,dbAMP_19064,Bacillus subtilis,Negative
1205,dbAMP_20526,Escherichia coli,Negative
1206,dbAMP_19073,Candida albicans,Negative
1207,20061.0,Klebsiella pneumoniae,Negative
1208,20596.0,Staphylococcus aureus,Negative
1209,21162.0,Escherichia coli,Negative
1210,22272.0,Staphylococcus aureus,Negative
1211,dbAMP_19587,Pseudomonas aeruginosa,Negative
1212,dbAMP_18105,Klebsiella pneumoniae,Negative
1213,dbAMP_24368,Salmonella enterica,Negative
1214,dbAMP_02554,Salmonella enterica,Negative
1215,9443.0,Salmonella enterica,Negative
1216,19375.0,Escherichia coli,Negative
1217,dbAMP_24752,Escherichia coli,Negative
1218,dbAMP_20131,Candida albicans,Negative
1219,dbAMP_22872,Escherichia coli,Negative
1220,dbAMP_19064,Salmonella enterica,Negative
1221,20809.0,Listeria monocytogenes,Negative
1222,dbAMP_02003,Staphylococcus aureus,Negative
1223,19301.0,Candida parapsilosis,Negative
1224,dbAMP_23824,Staphylococcus aureus,Negative
1225,dbAMP_05790,Escherichia coli,Negative
1226,dbAMP_24547,Staphylococcus aureus,Negative
1227,dbAMP_22632,Candida albicans,Negative
1228,dbAMP_04643,Candida parapsilosis,Negative
1229,dbAMP_29462,Klebsiella pneumoniae,Negative
1230,dbAMP_21827,Bacillus subtilis,Negative
1231,19150.0,Escherichia coli,Negative
1232,dbAMP_17730,Candida albicans,Negative
1233,dbAMP_16892,Candida albicans,Negative
1234,dbAMP_19056,Bacillus cereus,Negative
1235,17417.0,Klebsiella pneumoniae,Negative
1236,dbAMP_21837,Staphylococcus epidermidis,Negative
1237,dbAMP_24503,Staphylococcus aureus,Negative
1238,dbAMP_02310,Staphylococcus aureus,Negative
1239,19290.0,Escherichia coli,Negative
1240,dbAMP_33119,Enterobacter cloacae,Negative
1241,dbAMP_11946,Pseudomonas aeruginosa,Negative
1242,dbAMP_16881,Klebsiella pneumoniae,Negative
1243,dbAMP_20464,Klebsiella pneumoniae,Negative
1244,dbAMP_16476,Salmonella enterica,Negative
1245,dbAMP_24836,Staphylococcus aureus,Negative
1246,dbAMP_32061,Escherichia coli,Negative
1247,20040.0,Staphylococcus epidermidis,Negative
1248,20381.0,Staphylococcus aureus,Negative
1249,dbAMP_03678,Candida albicans,Negative
1250,9297.0,Staphylococcus aureus,Negative
1251,dbAMP_25197,Staphylococcus aureus,Negative
1252,17955.0,Staphylococcus aureus,Negative
1253,20105.0,Staphylococcus aureus,Negative
1254,dbAMP_19068,Pseudomonas aeruginosa,Negative
1255,dbAMP_05874,Escherichia coli,Negative
1256,dbAMP_18681,Staphylococcus aureus,Negative
1257,dbAMP_16769,Pseudomonas aeruginosa,Negative
1258,dbAMP_04321,Staphylococcus aureus,Negative
1259,dbAMP_18953,Pseudomonas aeruginosa,Negative
1260,dbAMP_22110,Escherichia coli,Negative
1261,dbAMP_31638,Staphylococcus aureus,Negative
1262,dbAMP_22358,Bacillus cereus,Negative
1263,dbAMP_31964,Pseudomonas aeruginosa,Negative
1264,dbAMP_02076,Candida albicans,Negative
1265,dbAMP_20332,Escherichia coli,Negative
1266,dbAMP_31963,Listeria monocytogenes,Negative
1267,dbAMP_21917,Pseudomonas aeruginosa,Negative
1268,dbAMP_18920,Escherichia coli,Negative
1269,dbAMP_34337,Staphylococcus aureus,Negative
1270,dbAMP_18880,Pseudomonas aeruginosa,Negative
1271,dbAMP_20734,Enterococcus faecalis,Negative
1272,dbAMP_16753,Enterococcus faecalis,Negative
1273,dbAMP_12270,Candida albicans,Negative
1274,dbAMP_03059,Cryptococcus neoformans,Negative
1275,dbAMP_19741,Escherichia coli,Negative
1276,dbAMP_27482,Candida parapsilosis,Negative
1277,dbAMP_22352,Bacillus cereus,Negative
1278,dbAMP_16042,Pseudomonas aeruginosa,Negative
1279,dbAMP_19587,Klebsiella pneumoniae,Negative
1280,20351.0,Salmonella enterica,Negative
1281,18051.0,Pseudomonas aeruginosa,Negative
1282,dbAMP_31960,Escherichia coli,Negative
1283,dbAMP_20960,Pseudomonas aeruginosa,Negative
1284,dbAMP_04213,Staphylococcus aureus,Negative
1285,dbAMP_22013,Staphylococcus aureus,Negative
1286,dbAMP_14807,Klebsiella pneumoniae,Negative
1287,19289.0,Escherichia coli,Negative
1288,19607.0,Enterococcus faecalis,Negative
1289,dbAMP_16406,Candida albicans,Negative
1290,dbAMP_21396,Escherichia coli,Negative
1291,dbAMP_18508,Candida albicans,Negative
1292,dbAMP_15574,Staphylococcus aureus,Negative
1293,dbAMP_02330,Escherichia coli,Negative
1294,dbAMP_22632,Staphylococcus aureus,Negative
1295,dbAMP_09737,Pseudomonas aeruginosa,Negative
1296,dbAMP_31998,Klebsiella pneumoniae,Negative
1297,dbAMP_19082,Escherichia coli,Negative
1298,21944.0,Pseudomonas aeruginosa,Negative
1299,dbAMP_21039,Klebsiella pneumoniae,Negative
1300,dbAMP_21155,Staphylococcus aureus,Negative
1301,dbAMP_22339,Escherichia coli,Negative
1302,dbAMP_22309,Escherichia coli,Negative
1303,dbAMP_04636,Bacillus subtilis,Negative
1304,dbAMP_17785,Escherichia coli,Negative
1305,dbAMP_19637,Staphylococcus aureus,Negative
1306,20953.0,Escherichia coli,Negative
1307,20647.0,Staphylococcus epidermidis,Negative
1308,dbAMP_22259,Escherichia coli,Negative
1309,dbAMP_31870,Bacillus subtilis,Negative
1310,dbAMP_04117,Candida albicans,Negative
1311,19850.0,Klebsiella pneumoniae,Negative
1312,dbAMP_33677,Staphylococcus aureus,Negative
1313,dbAMP_17198,Salmonella enterica,Negative
1314,dbAMP_25331,Staphylococcus aureus,Negative
1315,dbAMP_03832,Staphylococcus aureus,Negative
1316,21663.0,Klebsiella pneumoniae,Negative
1317,dbAMP_03511,Candida albicans,Negative
1318,dbAMP_18775,Escherichia coli,Negative
1319,DRAMP29001,Staphylococcus aureus,Negative
1320,dbAMP_19751,Staphylococcus aureus,Negative
1321,dbAMP_16542,Staphylococcus aureus,Negative
1322,dbAMP_24070,Klebsiella pneumoniae,Negative
1323,dbAMP_24297,Pseudomonas aeruginosa,Negative
1324,dbAMP_01814,Enterococcus faecalis,Negative
1325,dbAMP_33685,Staphylococcus aureus,Negative
1326,dbAMP_19221,Staphylococcus epidermidis,Negative
1327,dbAMP_19720,Klebsiella pneumoniae,Negative
1328,22285.0,Acinetobacter baumannii,Negative
1329,dbAMP_34224,Staphylococcus aureus,Negative
1330,dbAMP_20530,Klebsiella pneumoniae,Negative
1331,dbAMP_19267,Bacillus subtilis,Negative
1332,dbAMP_24047,Pseudomonas aeruginosa,Negative
1333,dbAMP_16171,Staphylococcus aureus,Negative
1334,dbAMP_14879,Escherichia coli,Negative
1335,dbAMP_16262,Staphylococcus epidermidis,Negative
1336,dbAMP_17137,Klebsiella pneumoniae,Negative
1337,dbAMP_18377,Staphylococcus epidermidis,Negative
1338,dbAMP_20248,Bacillus subtilis,Negative
1339,dbAMP_22890,Staphylococcus aureus,Negative
1340,dbAMP_18873,Pseudomonas aeruginosa,Negative
1341,dbAMP_21668,Salmonella enterica,Negative
1342,dbAMP_04758,Staphylococcus aureus,Negative
1343,dbAMP_17323,Staphylococcus aureus,Negative
1344,dbAMP_06060,Micrococcus luteus,Negative
1345,dbAMP_22644,Escherichia coli,Negative
1346,dbAMP_04724,Escherichia coli,Negative
1347,dbAMP_23506,Klebsiella pneumoniae,Negative
1348,dbAMP_22458,Pseudomonas aeruginosa,Negative
1349,dbAMP_03741,Candida albicans,Negative
1350,dbAMP_23557,Staphylococcus aureus,Negative
1351,17511.0,Candida albicans,Negative
1352,dbAMP_28732,Candida parapsilosis,Negative
1353,20596.0,Listeria monocytogenes,Negative
1354,18325.0,Enterococcus faecalis,Negative
1355,dbAMP_00024,Staphylococcus aureus,Negative
1356,dbAMP_27150,Staphylococcus aureus,Negative
1357,dbAMP_12246,Staphylococcus aureus,Negative
1358,dbAMP_24069,Klebsiella pneumoniae,Negative
1359,3359.0,Bacillus subtilis,Negative
1360,dbAMP_02407,Candida parapsilosis,Negative
1361,564.0,Staphylococcus aureus,Negative
1362,dbAMP_23260,Escherichia coli,Negative
1363,dbAMP_19721,Pseudomonas aeruginosa,Negative
1364,dbAMP_24222,Staphylococcus aureus,Negative
1365,9443.0,Enterococcus faecalis,Negative
1366,dbAMP_18666,Candida albicans,Negative
1367,21915.0,Escherichia coli,Negative
1368,dbAMP_23780,Staphylococcus aureus,Negative
1369,20542.0,Enterococcus faecalis,Negative
1370,dbAMP_19586,Klebsiella pneumoniae,Negative
1371,dbAMP_22180,Bacillus megaterium,Negative
1372,dbAMP_18587,Enterococcus faecalis,Negative
1373,18063.0,Staphylococcus aureus,Negative
1374,21470.0,Staphylococcus aureus,Negative
1375,dbAMP_20742,Staphylococcus epidermidis,Negative
1376,dbAMP_24962,Staphylococcus aureus,Negative
1377,dbAMP_23951,Bacillus subtilis,Negative
1378,dbAMP_33820,Acinetobacter baumannii,Negative
1379,17331.0,Staphylococcus aureus,Negative
1380,dbAMP_23620,Bacillus subtilis,Negative
1381,dbAMP_18893,Enterococcus faecalis,Negative
1382,dbAMP_02964,Escherichia coli,Negative
1383,dbAMP_20847,Escherichia coli,Negative
1384,21118.0,Pseudomonas aeruginosa,Negative
1385,dbAMP_27112,Acinetobacter baumannii,Negative
1386,DRAMP01776,Staphylococcus aureus,Negative
1387,dbAMP_22644,Staphylococcus aureus,Negative
1388,dbAMP_22252,Staphylococcus aureus,Negative
1389,17508.0,Acinetobacter baumannii,Negative
1390,dbAMP_16270,Pseudomonas aeruginosa,Negative
1391,dbAMP_05292,Listeria monocytogenes,Negative
1392,dbAMP_14888,Pseudomonas aeruginosa,Negative
1393,dbAMP_27351,Klebsiella pneumoniae,Negative
1394,dbAMP_20563,Bacillus subtilis,Negative
1395,20540.0,Staphylococcus aureus,Negative
1396,dbAMP_16789,Acinetobacter baumannii,Negative
1397,1564.0,Pseudomonas aeruginosa,Negative
1398,dbAMP_24633,Bacillus subtilis,Negative
1399,18112.0,Bacillus cereus,Negative
1400,dbAMP_02061,Escherichia coli,Negative
1401,dbAMP_23620,Staphylococcus aureus,Negative
1402,dbAMP_22423,Staphylococcus aureus,Negative
1403,21182.0,Listeria monocytogenes,Negative
1404,dbAMP_25052,Escherichia coli,Negative
1405,dbAMP_18655,Pseudomonas aeruginosa,Negative
1406,dbAMP_21124,Escherichia coli,Negative
1407,22271.0,Pseudomonas aeruginosa,Negative
1408,dbAMP_19705,Pseudomonas aeruginosa,Negative
1409,DRAMP02397,Bacillus subtilis,Negative
1410,dbAMP_00987,Escherichia coli,Negative
1411,dbAMP_34316,Staphylococcus aureus,Negative
1412,dbAMP_23819,Escherichia coli,Negative
1413,dbAMP_33158,Candida albicans,Negative
1414,dbAMP_17962,Salmonella enterica,Negative
1415,17806.0,Staphylococcus aureus,Negative
1416,dbAMP_32954,Staphylococcus aureus,Negative
1417,dbAMP_19712,Candida albicans,Negative
1418,dbAMP_19055,Enterococcus faecalis,Negative
1419,dbAMP_01214,Enterococcus faecalis,Negative
1420,19517.0,Enterococcus faecalis,Negative
1421,dbAMP_24958,Salmonella enterica,Negative
1422,dbAMP_21916,Candida albicans,Negative
1423,dbAMP_21117,Staphylococcus aureus,Negative
1424,dbAMP_28836,Staphylococcus aureus,Negative
1425,dbAMP_27181,Pseudomonas aeruginosa,Negative
1426,dbAMP_14804,Bacillus subtilis,Negative
1427,dbAMP_24140,Enterococcus faecalis,Negative
1428,22148.0,Escherichia coli,Negative
1429,21794.0,Pseudomonas aeruginosa,Negative
1430,dbAMP_22830,Bacillus subtilis,Negative
1431,dbAMP_17769,Salmonella enterica,Negative
1432,dbAMP_23117,Escherichia coli,Negative
1433,dbAMP_19589,Staphylococcus aureus,Negative
1434,dbAMP_33229,Candida albicans,Negative
1435,dbAMP_18218,Klebsiella pneumoniae,Negative
1436,dbAMP_34403,Candida albicans,Negative
1437,dbAMP_21394,Escherichia coli,Negative
1438,dbAMP_14696,Escherichia coli,Negative
1439,dbAMP_21605,Staphylococcus epidermidis,Negative
1440,dbAMP_14880,Bacillus subtilis,Negative
1441,dbAMP_33023,Escherichia coli,Negative
1442,19076.0,Staphylococcus epidermidis,Negative
1443,22021.0,Pseudomonas aeruginosa,Negative
1444,dbAMP_25100,Candida albicans,Negative
1445,dbAMP_21400,Escherichia coli,Negative
1446,dbAMP_23521,Klebsiella pneumoniae,Negative
1447,dbAMP_19364,Candida albicans,Negative
1448,dbAMP_22113,Pseudomonas aeruginosa,Negative
1449,dbAMP_17774,Pseudomonas aeruginosa,Negative
1450,8831.0,Enterobacter cloacae,Negative
1451,18046.0,Pseudomonas aeruginosa,Negative
1452,dbAMP_02137,Klebsiella pneumoniae,Negative
1453,dbAMP_04685,Candida albicans,Negative
1454,dbAMP_18432,Pseudomonas aeruginosa,Negative
1455,22376.0,Pseudomonas aeruginosa,Negative
1456,dbAMP_33943,Staphylococcus aureus,Negative
1457,19478.0,Staphylococcus epidermidis,Negative
1458,19922.0,Pseudomonas aeruginosa,Negative
1459,dbAMP_11142,Acinetobacter baumannii,Negative
1460,19440.0,Cryptococcus neoformans,Negative
1461,dbAMP_20493,Staphylococcus epidermidis,Negative
1462,dbAMP_21158,Staphylococcus aureus,Negative
1463,dbAMP_27352,Pseudomonas aeruginosa,Negative
1464,dbAMP_21527,Escherichia coli,Negative
1465,dbAMP_22448,Escherichia coli,Negative
1466,dbAMP_24288,Enterobacter cloacae,Negative
1467,dbAMP_25188,Pseudomonas aeruginosa,Negative
1468,dbAMP_27631,Staphylococcus aureus,Negative
1469,dbAMP_14617,Acinetobacter baumannii,Negative
1470,19915.0,Pseudomonas aeruginosa,Negative
1471,dbAMP_33366,Candida albicans,Negative
1472,dbAMP_34346,Escherichia coli,Negative
1473,dbAMP_15748,Staphylococcus aureus,Negative
1474,17879.0,Candida albicans,Negative
1475,dbAMP_25216,Pseudomonas aeruginosa,Negative
1476,dbAMP_03580,Enterococcus faecalis,Negative
1477,20369.0,Salmonella enterica,Negative
1478,20597.0,Pseudomonas aeruginosa,Negative
1479,dbAMP_25250,Pseudomonas aeruginosa,Negative
1480,dbAMP_33972,Pseudomonas aeruginosa,Negative
1481,dbAMP_16394,Escherichia coli,Negative
1482,dbAMP_22923,Escherichia coli,Negative
1483,dbAMP_21987,Pseudomonas aeruginosa,Negative
1484,dbAMP_22194,Escherichia coli,Negative
1485,dbAMP_03789,Escherichia coli,Negative
1486,dbAMP_11243,Salmonella enterica,Negative
1487,20515.0,Enterococcus faecalis,Negative
1488,18128.0,Staphylococcus aureus,Negative
1489,dbAMP_04308,Staphylococcus aureus,Negative
1490,dbAMP_02703,Enterococcus faecalis,Negative
1491,dbAMP_17213,Bacillus cereus,Negative
1492,19152.0,Listeria monocytogenes,Negative
1493,17621.0,Escherichia coli,Negative
1494,dbAMP_21124,Enterococcus faecalis,Negative
1495,20106.0,Escherichia coli,Negative
1496,dbAMP_32870,Pseudomonas aeruginosa,Negative
1497,17332.0,Candida albicans,Negative
1498,dbAMP_21667,Escherichia coli,Negative
1499,dbAMP_04248,Bacillus subtilis,Negative
1500,dbAMP_22304,Staphylococcus aureus,Negative
1501,dbAMP_34164,Staphylococcus aureus,Negative
1502,dbAMP_20389,Pseudomonas aeruginosa,Negative
1503,dbAMP_02147,Escherichia coli,Negative
1504,dbAMP_16892,Salmonella enterica,Negative
1505,dbAMP_24815,Pseudomonas aeruginosa,Negative
1506,dbAMP_03530,Candida albicans,Negative
1507,DRAMP18365,Enterococcus faecalis,Negative
1508,dbAMP_23790,Escherichia coli,Negative
1509,dbAMP_09560,Escherichia coli,Negative
1510,dbAMP_25190,Pseudomonas aeruginosa,Negative
1511,dbAMP_01729,Pseudomonas aeruginosa,Negative
1512,19889.0,Candida albicans,Negative
1513,dbAMP_20738,Staphylococcus epidermidis,Negative
1514,dbAMP_09771,Escherichia coli,Negative
1515,dbAMP_24843,Escherichia coli,Negative
1516,dbAMP_02224,Staphylococcus aureus,Negative
1517,dbAMP_18884,Salmonella enterica,Negative
1518,dbAMP_34215,Staphylococcus aureus,Negative
1519,dbAMP_01794,Pseudomonas aeruginosa,Negative
1520,dbAMP_24064,Klebsiella pneumoniae,Negative
1521,dbAMP_34350,Staphylococcus aureus,Negative
1522,4947.0,Staphylococcus aureus,Negative
1523,dbAMP_11231,Candida albicans,Negative
1524,dbAMP_18080,Salmonella enterica,Negative
1525,21073.0,Staphylococcus aureus,Negative
1526,20079.0,Klebsiella pneumoniae,Negative
1527,dbAMP_33370,Candida albicans,Negative
1528,dbAMP_18836,Pseudomonas aeruginosa,Negative
1529,18623.0,Klebsiella pneumoniae,Negative
1530,19921.0,Acinetobacter baumannii,Negative
1531,dbAMP_19256,Enterococcus faecalis,Negative
1532,dbAMP_19544,Staphylococcus aureus,Negative
1533,dbAMP_34330,Staphylococcus aureus,Negative
1534,20176.0,Staphylococcus aureus,Negative
1535,DRAMP00930,Escherichia coli,Negative
1536,dbAMP_33694,Enterococcus faecalis,Negative
1537,dbAMP_16168,Staphylococcus aureus,Negative
1538,dbAMP_06217,Bacillus cereus,Negative
1539,17506.0,Enterococcus faecium,Negative
1540,dbAMP_19586,Staphylococcus aureus,Negative
1541,18066.0,Pseudomonas aeruginosa,Negative
1542,DRAMP03871,Staphylococcus aureus,Negative
1543,dbAMP_16302,Pseudomonas aeruginosa,Negative
1544,dbAMP_19862,Enterococcus faecalis,Negative
1545,dbAMP_18512,Pseudomonas aeruginosa,Negative
1546,dbAMP_22681,Pseudomonas aeruginosa,Negative
1547,dbAMP_27636,Salmonella enterica,Negative
1548,dbAMP_22319,Bacillus cereus,Negative
1549,21554.0,Candida albicans,Negative
1550,573.0,Staphylococcus epidermidis,Negative
1551,dbAMP_17769,Pseudomonas aeruginosa,Negative
1552,dbAMP_16033,Enterococcus faecalis,Negative
1553,dbAMP_16977,Escherichia coli,Negative
1554,dbAMP_18194,Enterococcus faecium,Negative
1555,dbAMP_22173,Pseudomonas aeruginosa,Negative
1556,dbAMP_18839,Salmonella enterica,Negative
1557,18250.0,Klebsiella pneumoniae,Negative
1558,dbAMP_33278,Candida albicans,Negative
1559,17451.0,Escherichia coli,Negative
1560,DRAMP03895,Escherichia coli,Negative
1561,21500.0,Enterococcus faecalis,Negative
1562,dbAMP_17939,Pseudomonas aeruginosa,Negative
1563,dbAMP_32111,Staphylococcus aureus,Negative
1564,dbAMP_03748,Enterococcus faecium,Negative
1565,17593.0,Candida albicans,Negative
1566,dbAMP_20994,Pseudomonas aeruginosa,Negative
1567,19127.0,Klebsiella pneumoniae,Negative
1568,dbAMP_03748,Enterobacter cloacae,Negative
1569,dbAMP_25439,Staphylococcus aureus,Negative
1570,dbAMP_17568,Escherichia coli,Negative
1571,dbAMP_23544,Klebsiella pneumoniae,Negative
1572,dbAMP_19582,Staphylococcus aureus,Negative
1573,dbAMP_03712,Staphylococcus aureus,Negative
1574,21726.0,Staphylococcus epidermidis,Negative
1575,dbAMP_17320,Escherichia coli,Negative
1576,dbAMP_14880,Salmonella enterica,Negative
1577,dbAMP_18427,Escherichia coli,Negative
1578,dbAMP_24634,Bacillus subtilis,Negative
1579,dbAMP_05113,Cryptococcus neoformans,Negative
1580,18847.0,Escherichia coli,Negative
1581,dbAMP_18031,Pseudomonas aeruginosa,Negative
1582,dbAMP_21389,Escherichia coli,Negative
1583,dbAMP_17780,Salmonella enterica,Negative
1584,dbAMP_20317,Escherichia coli,Negative
1585,dbAMP_24178,Staphylococcus aureus,Negative
1586,dbAMP_33362,Pseudomonas aeruginosa,Negative
1587,20379.0,Staphylococcus aureus,Negative
1588,dbAMP_18018,Candida albicans,Negative
1589,dbAMP_20864,Escherichia coli,Negative
1590,dbAMP_20280,Pseudomonas aeruginosa,Negative
1591,dbAMP_05112,Acinetobacter baumannii,Negative
1592,dbAMP_17348,Escherichia coli,Negative
1593,22378.0,Staphylococcus aureus,Negative
1594,17963.0,Staphylococcus aureus,Negative
1595,dbAMP_23104,Pseudomonas aeruginosa,Negative
1596,dbAMP_21142,Pseudomonas aeruginosa,Negative
1597,17636.0,Salmonella enterica,Negative
1598,dbAMP_04508,Bacillus subtilis,Negative
1599,dbAMP_22274,Bacillus cereus,Negative
1600,dbAMP_02241,Klebsiella pneumoniae,Negative
1601,dbAMP_19787,Staphylococcus aureus,Negative
1602,dbAMP_33333,Candida albicans,Negative
1603,dbAMP_16419,Staphylococcus aureus,Negative
1604,18858.0,Staphylococcus epidermidis,Negative
1605,18598.0,Staphylococcus aureus,Negative
1606,19831.0,Escherichia coli,Negative
1607,dbAMP_23988,Klebsiella pneumoniae,Negative
1608,dbAMP_18372,Staphylococcus aureus,Negative
1609,dbAMP_21624,Micrococcus luteus,Negative
1610,dbAMP_20655,Candida albicans,Negative
1611,dbAMP_11243,Candida albicans,Negative
1612,dbAMP_19010,Staphylococcus aureus,Negative
1613,dbAMP_21124,Bacillus cereus,Negative
1614,dbAMP_02522,Staphylococcus aureus,Negative
1615,dbAMP_18408,Candida parapsilosis,Negative
1616,12478.0,Staphylococcus aureus,Negative
1617,dbAMP_21528,Escherichia coli,Negative
1618,dbAMP_17100,Escherichia coli,Negative
1619,20503.0,Enterococcus faecium,Negative
1620,dbAMP_20426,Pseudomonas aeruginosa,Negative
1621,dbAMP_19110,Pseudomonas aeruginosa,Negative
1622,21029.0,Pseudomonas aeruginosa,Negative
1623,20322.0,Salmonella enterica,Negative
1624,dbAMP_21045,Escherichia coli,Negative
1625,dbAMP_05868,Enterococcus faecalis,Negative
1626,dbAMP_17189,Staphylococcus epidermidis,Negative
1627,dbAMP_04895,Escherichia coli,Negative
1628,17241.0,Acinetobacter baumannii,Negative
1629,dbAMP_33209,Staphylococcus aureus,Negative
1630,dbAMP_01689,Staphylococcus aureus,Negative
1631,dbAMP_00976,Candida albicans,Negative
1632,dbAMP_22540,Escherichia coli,Negative
1633,21502.0,Enterococcus faecalis,Negative
1634,dbAMP_23205,Escherichia coli,Negative
1635,19579.0,Staphylococcus aureus,Negative
1636,dbAMP_22506,Enterobacter cloacae,Negative
1637,dbAMP_32276,Staphylococcus aureus,Negative
1638,dbAMP_16259,Candida parapsilosis,Negative
1639,22362.0,Enterococcus faecium,Negative
1640,dbAMP_17094,Pseudomonas aeruginosa,Negative
1641,dbAMP_10598,Staphylococcus aureus,Negative
1642,dbAMP_24546,Staphylococcus epidermidis,Negative
1643,dbAMP_18726,Staphylococcus aureus,Negative
1644,dbAMP_21122,Candida albicans,Negative
1645,18318.0,Staphylococcus aureus,Negative
1646,dbAMP_20765,Salmonella enterica,Negative
1647,dbAMP_27299,Pseudomonas aeruginosa,Negative
1648,dbAMP_33619,Escherichia coli,Negative
1649,dbAMP_33107,Pseudomonas aeruginosa,Negative
1650,20322.0,Staphylococcus aureus,Negative
1651,dbAMP_10032,Escherichia coli,Negative
1652,20108.0,Staphylococcus aureus,Negative
1653,dbAMP_23274,Staphylococcus epidermidis,Negative
1654,20565.0,Klebsiella pneumoniae,Negative
1655,dbAMP_18668,Staphylococcus aureus,Negative
1656,dbAMP_03807,Bacillus cereus,Negative
1657,dbAMP_18885,Pseudomonas aeruginosa,Negative
1658,20351.0,Escherichia coli,Negative
1659,dbAMP_19191,Staphylococcus aureus,Negative
1660,dbAMP_21530,Staphylococcus aureus,Negative
1661,dbAMP_16041,Staphylococcus epidermidis,Negative
1662,dbAMP_21596,Escherichia coli,Negative
1663,dbAMP_05162,Pseudomonas aeruginosa,Negative
1664,dbAMP_19054,Pseudomonas aeruginosa,Negative
1665,dbAMP_16931,Escherichia coli,Negative
1666,dbAMP_16493,Candida albicans,Negative
1667,dbAMP_16383,Bacillus megaterium,Negative
1668,dbAMP_25173,Klebsiella pneumoniae,Negative
1669,dbAMP_18205,Listeria monocytogenes,Negative
1670,dbAMP_09684,Escherichia coli,Negative
1671,dbAMP_24565,Escherichia coli,Negative
1672,18604.0,Escherichia coli,Negative
1673,dbAMP_20726,Enterococcus faecalis,Negative
1674,dbAMP_09683,Candida albicans,Negative
1675,dbAMP_12208,Pseudomonas aeruginosa,Negative
1676,21947.0,Bacillus subtilis,Negative
1677,dbAMP_03660,Escherichia coli,Negative
1678,3598.0,Pseudomonas aeruginosa,Negative
1679,dbAMP_23822,Staphylococcus aureus,Negative
1680,dbAMP_22586,Pseudomonas aeruginosa,Negative
1681,dbAMP_21146,Klebsiella pneumoniae,Negative
1682,dbAMP_14885,Salmonella enterica,Negative
1683,21725.0,Candida albicans,Negative
1684,20939.0,Escherichia coli,Negative
1685,dbAMP_21358,Pseudomonas aeruginosa,Negative
1686,dbAMP_16138,Bacillus subtilis,Negative
1687,dbAMP_12829,Staphylococcus epidermidis,Negative
1688,dbAMP_17014,Escherichia coli,Negative
1689,dbAMP_33355,Pseudomonas aeruginosa,Negative
1690,dbAMP_15975,Candida albicans,Negative
1691,dbAMP_23714,Candida albicans,Negative
1692,dbAMP_23282,Enterococcus faecalis,Negative
1693,21929.0,Acinetobacter baumannii,Negative
1694,21534.0,Staphylococcus aureus,Negative
1695,dbAMP_22032,Pseudomonas aeruginosa,Negative
1696,dbAMP_03302,Staphylococcus epidermidis,Negative
1697,dbAMP_22456,Staphylococcus aureus,Negative
1698,dbAMP_24067,Klebsiella pneumoniae,Negative
1699,DRAMP03874,Staphylococcus aureus,Negative
1700,dbAMP_16418,Escherichia coli,Negative
1701,dbAMP_24366,Staphylococcus aureus,Negative
1702,dbAMP_03402,Salmonella enterica,Negative
1703,dbAMP_16970,Candida albicans,Negative
1704,dbAMP_28805,Candida albicans,Negative
1705,21163.0,Staphylococcus aureus,Negative
1706,dbAMP_19265,Enterococcus faecalis,Negative
1707,dbAMP_31967,Bacillus cereus,Negative
1708,dbAMP_16081,Salmonella enterica,Negative
1709,dbAMP_10717,Klebsiella pneumoniae,Negative
1710,dbAMP_23666,Salmonella enterica,Negative
1711,dbAMP_16041,Enterococcus faecalis,Negative
1712,dbAMP_24601,Escherichia coli,Negative
1713,dbAMP_31806,Acinetobacter baumannii,Negative
1714,dbAMP_33347,Candida albicans,Negative
1715,dbAMP_03310,Bacillus cereus,Negative
1716,dbAMP_22067,Staphylococcus aureus,Negative
1717,4946.0,Pseudomonas aeruginosa,Negative
1718,dbAMP_17769,Klebsiella pneumoniae,Negative
1719,dbAMP_12040,Salmonella enterica,Negative
1720,dbAMP_19003,Escherichia coli,Negative
1721,dbAMP_22016,Escherichia coli,Negative
1722,dbAMP_24358,Staphylococcus aureus,Negative
1723,dbAMP_19868,Staphylococcus epidermidis,Negative
1724,dbAMP_19869,Staphylococcus epidermidis,Negative
1725,dbAMP_21827,Escherichia coli,Negative
1726,dbAMP_33212,Candida albicans,Negative
1727,22364.0,Candida albicans,Negative
1728,dbAMP_17876,Candida albicans,Negative
1729,dbAMP_16976,Candida albicans,Negative
1730,dbAMP_17521,Staphylococcus aureus,Negative
1731,dbAMP_11688,Pseudomonas aeruginosa,Negative
1732,dbAMP_24357,Salmonella enterica,Negative
1733,21196.0,Staphylococcus aureus,Negative
1734,dbAMP_19298,Staphylococcus aureus,Negative
1735,dbAMP_20861,Escherichia coli,Negative
1736,dbAMP_04370,Staphylococcus aureus,Negative
1737,21655.0,Klebsiella pneumoniae,Negative
1738,dbAMP_19571,Escherichia coli,Negative
1739,dbAMP_22007,Pseudomonas aeruginosa,Negative
1740,dbAMP_11243,Pseudomonas aeruginosa,Negative
1741,dbAMP_19101,Escherichia coli,Negative
1742,dbAMP_17767,Escherichia coli,Negative
1743,dbAMP_02522,Micrococcus luteus,Negative
1744,dbAMP_33263,Pseudomonas aeruginosa,Negative
1745,dbAMP_16762,Bacillus subtilis,Negative
1746,dbAMP_03115,Candida albicans,Negative
1747,dbAMP_05788,Staphylococcus aureus,Negative
1748,18330.0,Salmonella enterica,Negative
1749,dbAMP_20120,Enterococcus faecium,Negative
1750,dbAMP_23105,Escherichia coli,Negative
1751,dbAMP_18230,Micrococcus luteus,Negative
1752,dbAMP_23167,Pseudomonas aeruginosa,Negative
1753,22019.0,Candida albicans,Negative
1754,dbAMP_16402,Escherichia coli,Negative
1755,dbAMP_24289,Klebsiella pneumoniae,Negative
1756,dbAMP_20249,Staphylococcus aureus,Negative
1757,DRAMP20944,Pseudomonas aeruginosa,Negative
1758,17411.0,Escherichia coli,Negative
1759,dbAMP_23516,Micrococcus luteus,Negative
1760,18056.0,Pseudomonas aeruginosa,Negative
1761,17240.0,Staphylococcus aureus,Negative
1762,17451.0,Staphylococcus aureus,Negative
1763,17721.0,Staphylococcus aureus,Negative
1764,dbAMP_16869,Pseudomonas aeruginosa,Negative
1765,17591.0,Pseudomonas aeruginosa,Negative
1766,dbAMP_28830,Staphylococcus aureus,Negative
1767,dbAMP_21187,Klebsiella pneumoniae,Negative
1768,dbAMP_16498,Salmonella enterica,Negative
1769,dbAMP_22681,Enterococcus faecium,Negative
1770,20499.0,Enterococcus faecalis,Negative
1771,dbAMP_22082,Micrococcus luteus,Negative
1772,dbAMP_18963,Staphylococcus aureus,Negative
1773,dbAMP_01912,Klebsiella pneumoniae,Negative
1774,dbAMP_24143,Candida albicans,Negative
1775,dbAMP_18135,Acinetobacter baumannii,Negative
1776,dbAMP_18537,Salmonella enterica,Negative
1777,dbAMP_16401,Escherichia coli,Negative
1778,dbAMP_18537,Staphylococcus aureus,Negative
1779,dbAMP_21057,Acinetobacter baumannii,Negative
1780,11025.0,Enterococcus faecalis,Negative
1781,18790.0,Staphylococcus epidermidis,Negative
1782,dbAMP_21186,Klebsiella pneumoniae,Negative
1783,dbAMP_33317,Staphylococcus aureus,Negative
1784,dbAMP_17023,Listeria monocytogenes,Negative
1785,18320.0,Acinetobacter baumannii,Negative
1786,dbAMP_22454,Bacillus subtilis,Negative
1787,22054.0,Acinetobacter baumannii,Negative
1788,17461.0,Staphylococcus aureus,Negative
1789,dbAMP_16665,Staphylococcus aureus,Negative
1790,dbAMP_34333,Staphylococcus aureus,Negative
1791,dbAMP_00230,Salmonella enterica,Negative
1792,19889.0,Staphylococcus aureus,Negative
1793,dbAMP_20482,Pseudomonas aeruginosa,Negative
1794,dbAMP_20863,Staphylococcus aureus,Negative
1795,dbAMP_24875,Bacillus subtilis,Negative
1796,22159.0,Enterococcus faecalis,Negative
1797,dbAMP_17966,Salmonella enterica,Negative
1798,dbAMP_03347,Staphylococcus aureus,Negative
1799,dbAMP_17333,Bacillus cereus,Negative
1800,dbAMP_16124,Pseudomonas aeruginosa,Negative
1801,dbAMP_33288,Candida albicans,Negative
1802,15837.0,Pseudomonas aeruginosa,Negative
1803,dbAMP_33288,Pseudomonas aeruginosa,Negative
1804,dbAMP_20744,Staphylococcus aureus,Negative
1805,dbAMP_25390,Staphylococcus aureus,Negative
1806,dbAMP_16080,Staphylococcus aureus,Negative
1807,dbAMP_18991,Escherichia coli,Negative
1808,dbAMP_19580,Pseudomonas aeruginosa,Negative
1809,17815.0,Candida albicans,Negative
1810,dbAMP_34385,Escherichia coli,Negative
1811,dbAMP_09564,Micrococcus luteus,Negative
1812,19926.0,Acinetobacter baumannii,Negative
1813,dbAMP_25106,Staphylococcus aureus,Negative
1814,dbAMP_15833,Pseudomonas aeruginosa,Negative
1815,dbAMP_27640,Staphylococcus aureus,Negative
1816,dbAMP_23284,Staphylococcus aureus,Negative
1817,dbAMP_33373,Candida albicans,Negative
1818,17668.0,Escherichia coli,Negative
1819,19019.0,Micrococcus luteus,Negative
1820,20396.0,Escherichia coli,Negative
1821,dbAMP_00976,Staphylococcus aureus,Negative
1822,dbAMP_24918,Staphylococcus aureus,Negative
1823,3114.0,Bacillus subtilis,Negative
1824,dbAMP_32928,Klebsiella pneumoniae,Negative
1825,dbAMP_34286,Staphylococcus aureus,Negative
1826,dbAMP_18982,Candida albicans,Negative
1827,dbAMP_33253,Pseudomonas aeruginosa,Negative
1828,dbAMP_21142,Escherichia coli,Negative
1829,21012.0,Staphylococcus aureus,Negative
1830,dbAMP_19353,Klebsiella pneumoniae,Negative
1831,dbAMP_03159,Pseudomonas aeruginosa,Negative
1832,dbAMP_22659,Staphylococcus aureus,Negative
1833,dbAMP_17552,Staphylococcus aureus,Negative
1834,20560.0,Klebsiella pneumoniae,Negative
1835,dbAMP_33678,Enterococcus faecalis,Negative
1836,dbAMP_19707,Staphylococcus aureus,Negative
1837,dbAMP_02330,Acinetobacter baumannii,Negative
1838,20856.0,Klebsiella pneumoniae,Negative
1839,dbAMP_31965,Escherichia coli,Negative
1840,dbAMP_18873,Staphylococcus aureus,Negative
1841,22266.0,Micrococcus luteus,Negative
1842,dbAMP_27189,Staphylococcus aureus,Negative
1843,dbAMP_11398,Pseudomonas aeruginosa,Negative
1844,dbAMP_28805,Pseudomonas aeruginosa,Negative
1845,dbAMP_18894,Pseudomonas aeruginosa,Negative
1846,dbAMP_02136,Staphylococcus aureus,Negative
1847,dbAMP_31218,Pseudomonas aeruginosa,Negative
1848,22159.0,Pseudomonas aeruginosa,Negative
1849,dbAMP_21896,Candida albicans,Negative
1850,dbAMP_01127,Bacillus subtilis,Negative
1851,dbAMP_05647,Klebsiella pneumoniae,Negative
1852,dbAMP_27306,Candida albicans,Negative
1853,dbAMP_16079,Salmonella enterica,Negative
1854,dbAMP_24386,Acinetobacter baumannii,Negative
1855,dbAMP_25240,Pseudomonas aeruginosa,Negative
1856,dbAMP_25422,Enterococcus faecalis,Negative
1857,dbAMP_24622,Klebsiella pneumoniae,Negative
1858,dbAMP_31132,Candida albicans,Negative
1859,dbAMP_02581,Escherichia coli,Negative
1860,dbAMP_18429,Staphylococcus epidermidis,Negative
1861,dbAMP_04667,Candida albicans,Negative
1862,dbAMP_16343,Escherichia coli,Negative
1863,19833.0,Klebsiella pneumoniae,Negative
1864,3178.0,Salmonella enterica,Negative
1865,dbAMP_21299,Pseudomonas aeruginosa,Negative
1866,10249.0,Bacillus subtilis,Negative
1867,dbAMP_03401,Enterococcus faecalis,Negative
1868,dbAMP_21169,Pseudomonas aeruginosa,Negative
1869,dbAMP_22260,Escherichia coli,Negative
1870,dbAMP_23469,Salmonella enterica,Negative
1871,dbAMP_20274,Escherichia coli,Negative
1872,3178.0,Bacillus subtilis,Negative
1873,dbAMP_16976,Acinetobacter baumannii,Negative
1874,dbAMP_25109,Staphylococcus aureus,Negative
1875,18131.0,Staphylococcus aureus,Negative
1876,DRAMP01607,Staphylococcus epidermidis,Negative
1877,dbAMP_27351,Salmonella enterica,Negative
1878,dbAMP_01889,Escherichia coli,Negative
1879,dbAMP_16250,Staphylococcus aureus,Negative
1880,dbAMP_11245,Escherichia coli,Negative
1881,dbAMP_24689,Staphylococcus aureus,Negative
1882,dbAMP_04656,Candida albicans,Negative
1883,dbAMP_21088,Candida parapsilosis,Negative
1884,9443.0,Staphylococcus epidermidis,Negative
1885,dbAMP_00944,Escherichia coli,Negative
1886,dbAMP_01732,Escherichia coli,Negative
1887,dbAMP_03463,Staphylococcus aureus,Negative
1888,dbAMP_11776,Salmonella enterica,Negative
1889,dbAMP_16907,Pseudomonas aeruginosa,Negative
1890,dbAMP_21347,Escherichia coli,Negative
1891,dbAMP_21272,Staphylococcus aureus,Negative
1892,dbAMP_11133,Enterococcus faecium,Negative
1893,22219.0,Acinetobacter baumannii,Negative
1894,dbAMP_17770,Enterococcus faecalis,Negative
1895,dbAMP_34375,Escherichia coli,Negative
1896,dbAMP_21348,Candida albicans,Negative
1897,dbAMP_02238,Escherichia coli,Negative
1898,dbAMP_34098,Staphylococcus aureus,Negative
1899,dbAMP_18034,Acinetobacter baumannii,Negative
1900,19852.0,Escherichia coli,Negative
1901,19478.0,Acinetobacter baumannii,Negative
1902,dbAMP_18698,Pseudomonas aeruginosa,Negative
1903,dbAMP_04209,Staphylococcus aureus,Negative
1904,dbAMP_16877,Pseudomonas aeruginosa,Negative
1905,dbAMP_17043,Klebsiella pneumoniae,Negative
1906,dbAMP_31185,Enterobacter cloacae,Negative
1907,dbAMP_27299,Escherichia coli,Negative
1908,19519.0,Staphylococcus aureus,Negative
1909,dbAMP_05855,Escherichia coli,Negative
1910,dbAMP_31878,Salmonella enterica,Negative
1911,dbAMP_24772,Enterococcus faecalis,Negative
1912,dbAMP_21133,Staphylococcus aureus,Negative
1913,20831.0,Escherichia coli,Negative
1914,21325.0,Staphylococcus aureus,Negative
1915,dbAMP_19005,Staphylococcus aureus,Negative
1916,dbAMP_23188,Micrococcus luteus,Negative
1917,dbAMP_27158,Escherichia coli,Negative
1918,20101.0,Escherichia coli,Negative
1919,dbAMP_22782,Pseudomonas aeruginosa,Negative
1920,dbAMP_16811,Staphylococcus aureus,Negative
1921,dbAMP_04925,Escherichia coli,Negative
1922,dbAMP_32927,Bacillus cereus,Negative
1923,dbAMP_17047,Staphylococcus aureus,Negative
1924,dbAMP_33970,Staphylococcus aureus,Negative
1925,dbAMP_25314,Staphylococcus aureus,Negative
1926,dbAMP_17638,Pseudomonas aeruginosa,Negative
1927,dbAMP_19598,Staphylococcus aureus,Negative
1928,dbAMP_33168,Staphylococcus aureus,Negative
1929,21946.0,Enterococcus faecalis,Negative
1930,dbAMP_24359,Escherichia coli,Negative
1931,dbAMP_03481,Listeria monocytogenes,Negative
1932,20356.0,Escherichia coli,Negative
1933,dbAMP_24545,Staphylococcus epidermidis,Negative
1934,20806.0,Staphylococcus aureus,Negative
1935,dbAMP_15923,Escherichia coli,Negative
1936,dbAMP_33262,Pseudomonas aeruginosa,Negative
1937,dbAMP_23422,Cryptococcus neoformans,Negative
1938,dbAMP_33290,Pseudomonas aeruginosa,Negative
1939,dbAMP_21993,Klebsiella pneumoniae,Negative
1940,dbAMP_33210,Pseudomonas aeruginosa,Negative
1941,19645.0,Pseudomonas aeruginosa,Negative
1942,dbAMP_10779,Salmonella enterica,Negative
1943,dbAMP_19564,Candida albicans,Negative
1944,dbAMP_05868,Klebsiella pneumoniae,Negative
1945,dbAMP_24642,Bacillus subtilis,Negative
1946,dbAMP_22886,Acinetobacter baumannii,Negative
1947,dbAMP_17772,Salmonella enterica,Negative
1948,dbAMP_28731,Staphylococcus aureus,Negative
1949,dbAMP_27686,Pseudomonas aeruginosa,Negative
1950,dbAMP_18030,Pseudomonas aeruginosa,Negative
1951,dbAMP_20736,Enterococcus faecalis,Negative
1952,dbAMP_21759,Escherichia coli,Negative
1953,dbAMP_21006,Pseudomonas aeruginosa,Negative
1954,dbAMP_27356,Candida albicans,Negative
1955,19849.0,Escherichia coli,Negative
1956,dbAMP_00667,Pseudomonas aeruginosa,Negative
1957,dbAMP_01952,Pseudomonas aeruginosa,Negative
1958,dbAMP_22460,Bacillus subtilis,Negative
1959,dbAMP_23182,Staphylococcus aureus,Negative
1960,dbAMP_25374,Escherichia coli,Negative
1961,dbAMP_16475,Bacillus subtilis,Negative
1962,dbAMP_22676,Bacillus subtilis,Negative
1963,dbAMP_33680,Pseudomonas aeruginosa,Negative
1964,19552.0,Enterococcus faecalis,Negative
1965,dbAMP_03661,Escherichia coli,Negative
1966,dbAMP_21740,Staphylococcus aureus,Negative
1967,20162.0,Acinetobacter baumannii,Negative
1968,dbAMP_28834,Klebsiella pneumoniae,Negative
1969,18046.0,Salmonella enterica,Negative
1970,dbAMP_22422,Staphylococcus aureus,Negative
1971,dbAMP_31218,Staphylococcus aureus,Negative
1972,dbAMP_23641,Staphylococcus aureus,Negative
1973,dbAMP_32028,Micrococcus luteus,Negative
1974,dbAMP_32996,Escherichia coli,Negative
1975,21182.0,Staphylococcus epidermidis,Negative
1976,dbAMP_33153,Candida albicans,Negative
1977,19855.0,Klebsiella pneumoniae,Negative
1978,dbAMP_19583,Escherichia coli,Negative
1979,dbAMP_16907,Escherichia coli,Negative
1980,dbAMP_18787,Escherichia coli,Negative
1981,dbAMP_20873,Staphylococcus aureus,Negative
1982,22233.0,Escherichia coli,Negative
1983,dbAMP_31647,Klebsiella pneumoniae,Negative
1984,dbAMP_16893,Salmonella enterica,Negative
1985,dbAMP_27560,Candida albicans,Negative
1986,dbAMP_22887,Staphylococcus aureus,Negative
1987,22273.0,Micrococcus luteus,Negative
1988,dbAMP_19826,Staphylococcus aureus,Negative
1989,22379.0,Enterococcus faecalis,Negative
1990,DRAMP03907,Escherichia coli,Negative
1991,dbAMP_17862,Bacillus subtilis,Negative
1992,dbAMP_22565,Listeria monocytogenes,Negative
1993,dbAMP_17756,Candida parapsilosis,Negative
1994,dbAMP_19020,Klebsiella pneumoniae,Negative
1995,19289.0,Candida albicans,Negative
1996,dbAMP_18135,Escherichia coli,Negative
1997,dbAMP_22830,Staphylococcus epidermidis,Negative
1998,dbAMP_19544,Escherichia coli,Negative
1999,dbAMP_25097,Klebsiella pneumoniae,Negative
2000,dbAMP_16440,Pseudomonas aeruginosa,Negative
2001,dbAMP_33279,Pseudomonas aeruginosa,Negative
2002,dbAMP_33603,Escherichia coli,Negative
2003,dbAMP_22677,Salmonella enterica,Negative
2004,dbAMP_16912,Staphylococcus aureus,Negative
2005,dbAMP_00880,Klebsiella pneumoniae,Negative
2006,20357.0,Salmonella enterica,Negative
2007,dbAMP_17932,Staphylococcus aureus,Negative
2008,dbAMP_16505,Staphylococcus epidermidis,Negative
2009,dbAMP_18881,Klebsiella pneumoniae,Negative
2010,21925.0,Pseudomonas aeruginosa,Negative
2011,dbAMP_22738,Escherichia coli,Negative
2012,dbAMP_03916,Micrococcus luteus,Negative
2013,dbAMP_16137,Micrococcus luteus,Negative
2014,dbAMP_16553,Pseudomonas aeruginosa,Negative
2015,dbAMP_19061,Enterococcus faecium,Negative
2016,dbAMP_04232,Escherichia coli,Negative
2017,21182.0,Pseudomonas aeruginosa,Negative
2018,19246.0,Acinetobacter baumannii,Negative
2019,dbAMP_22227,Pseudomonas aeruginosa,Negative
2020,dbAMP_22074,Escherichia coli,Negative
2021,dbAMP_25421,Staphylococcus aureus,Negative
2022,dbAMP_18690,Staphylococcus aureus,Negative
2023,19019.0,Cryptococcus neoformans,Negative
2024,18824.0,Pseudomonas aeruginosa,Negative
2025,dbAMP_17110,Enterococcus faecalis,Negative
2026,dbAMP_33682,Escherichia coli,Negative
2027,dbAMP_16976,Enterobacter cloacae,Negative
2028,dbAMP_03302,Micrococcus luteus,Negative
2029,dbAMP_01850,Staphylococcus aureus,Negative
2030,dbAMP_04492,Staphylococcus aureus,Negative
2031,21279.0,Pseudomonas aeruginosa,Negative
2032,dbAMP_23970,Salmonella enterica,Negative
2033,19918.0,Escherichia coli,Negative
2034,dbAMP_33964,Cryptococcus neoformans,Negative
2035,dbAMP_22043,Pseudomonas aeruginosa,Negative
2036,dbAMP_22595,Escherichia coli,Negative
2037,dbAMP_32477,Staphylococcus aureus,Negative
2038,dbAMP_16195,Staphylococcus aureus,Negative
2039,dbAMP_00392,Staphylococcus aureus,Negative
2040,dbAMP_01913,Pseudomonas aeruginosa,Negative
2041,dbAMP_14917,Escherichia coli,Negative
2042,dbAMP_22645,Escherichia coli,Negative
2043,20377.0,Salmonella enterica,Negative
2044,dbAMP_17183,Candida albicans,Negative
2045,dbAMP_23986,Pseudomonas aeruginosa,Negative
2046,dbAMP_27112,Enterococcus faecalis,Negative
2047,dbAMP_23599,Escherichia coli,Negative
2048,dbAMP_32032,Escherichia coli,Negative
2049,dbAMP_31647,Staphylococcus aureus,Negative
2050,dbAMP_18031,Salmonella enterica,Negative
2051,20075.0,Acinetobacter baumannii,Negative
2052,dbAMP_01853,Candida albicans,Negative
2053,20069.0,Bacillus cereus,Negative
2054,22008.0,Escherichia coli,Negative
2055,dbAMP_03506,Enterococcus faecalis,Negative
2056,dbAMP_04815,Pseudomonas aeruginosa,Negative
2057,dbAMP_05257,Escherichia coli,Negative
2058,dbAMP_17613,Escherichia coli,Negative
2059,dbAMP_12270,Enterococcus faecalis,Negative
2060,20080.0,Pseudomonas aeruginosa,Negative
2061,dbAMP_19215,Enterococcus faecium,Negative
2062,dbAMP_17191,Candida albicans,Negative
2063,20183.0,Candida albicans,Negative
2064,20538.0,Staphylococcus aureus,Negative
2065,dbAMP_20333,Salmonella enterica,Negative
2066,dbAMP_21662,Escherichia coli,Negative
2067,764.0,Bacillus cereus,Negative
2068,dbAMP_21983,Pseudomonas aeruginosa,Negative
2069,dbAMP_33216,Candida albicans,Negative
2070,dbAMP_33173,Pseudomonas aeruginosa,Negative
2071,dbAMP_01616,Pseudomonas aeruginosa,Negative
2072,dbAMP_21791,Staphylococcus aureus,Negative
2073,dbAMP_18922,Bacillus subtilis,Negative
2074,dbAMP_22481,Enterobacter cloacae,Negative
2075,dbAMP_02132,Staphylococcus aureus,Negative
2076,dbAMP_16497,Escherichia coli,Negative
2077,dbAMP_20128,Candida albicans,Negative
2078,dbAMP_17689,Pseudomonas aeruginosa,Negative
2079,dbAMP_33187,Candida albicans,Negative
2080,dbAMP_18656,Cryptococcus neoformans,Negative
2081,18123.0,Staphylococcus aureus,Negative
2082,dbAMP_16252,Enterobacter cloacae,Negative
2083,dbAMP_18718,Salmonella enterica,Negative
2084,7785.0,Candida parapsilosis,Negative
2085,dbAMP_33677,Staphylococcus epidermidis,Negative
2086,20170.0,Klebsiella pneumoniae,Negative
2087,dbAMP_17975,Staphylococcus aureus,Negative
2088,dbAMP_16878,Staphylococcus aureus,Negative
2089,13939.0,Salmonella enterica,Negative
2090,19150.0,Klebsiella pneumoniae,Negative
2091,dbAMP_18136,Acinetobacter baumannii,Negative
2092,dbAMP_21137,Staphylococcus aureus,Negative
2093,3224.0,Pseudomonas aeruginosa,Negative
2094,dbAMP_14804,Escherichia coli,Negative
2095,dbAMP_23831,Candida albicans,Negative
2096,dbAMP_27112,Staphylococcus epidermidis,Negative
2097,dbAMP_22721,Pseudomonas aeruginosa,Negative
2098,dbAMP_18690,Candida albicans,Negative
2099,dbAMP_18718,Staphylococcus epidermidis,Negative
2100,dbAMP_02714,Escherichia coli,Negative
2101,dbAMP_16265,Pseudomonas aeruginosa,Negative
2102,dbAMP_16740,Enterococcus faecalis,Negative
2103,21194.0,Escherichia coli,Negative
2104,19001.0,Candida parapsilosis,Negative
2105,dbAMP_20997,Pseudomonas aeruginosa,Negative
2106,dbAMP_33680,Enterococcus faecalis,Negative
2107,dbAMP_27574,Staphylococcus aureus,Negative
2108,DRAMP01607,Cryptococcus neoformans,Negative
2109,dbAMP_28832,Staphylococcus aureus,Negative
2110,17821.0,Pseudomonas aeruginosa,Negative
2111,22376.0,Staphylococcus aureus,Negative
2112,dbAMP_27110,Klebsiella pneumoniae,Negative
2113,dbAMP_21852,Staphylococcus epidermidis,Negative
2114,dbAMP_16763,Pseudomonas aeruginosa,Negative
2115,dbAMP_18527,Acinetobacter baumannii,Negative
2116,dbAMP_03823,Candida albicans,Negative
2117,dbAMP_11756,Staphylococcus aureus,Negative
2118,dbAMP_23452,Escherichia coli,Negative
2119,dbAMP_01230,Pseudomonas aeruginosa,Negative
2120,dbAMP_18343,Escherichia coli,Negative
2121,21647.0,Klebsiella pneumoniae,Negative
2122,dbAMP_15937,Pseudomonas aeruginosa,Negative
2123,dbAMP_33107,Klebsiella pneumoniae,Negative
2124,dbAMP_18582,Escherichia coli,Negative
2125,dbAMP_16910,Escherichia coli,Negative
2126,dbAMP_33365,Candida albicans,Negative
2127,19920.0,Escherichia coli,Negative
2128,18982.0,Klebsiella pneumoniae,Negative
2129,dbAMP_02918,Escherichia coli,Negative
2130,dbAMP_16509,Staphylococcus aureus,Negative
2131,dbAMP_17548,Pseudomonas aeruginosa,Negative
2132,dbAMP_04411,Bacillus cereus,Negative
2133,dbAMP_16756,Escherichia coli,Negative
2134,dbAMP_24868,Enterobacter cloacae,Negative
2135,dbAMP_20276,Staphylococcus aureus,Negative
2136,22018.0,Escherichia coli,Negative
2137,22379.0,Staphylococcus aureus,Negative
2138,dbAMP_31532,Staphylococcus aureus,Negative
2139,dbAMP_23677,Pseudomonas aeruginosa,Negative
2140,dbAMP_16406,Pseudomonas aeruginosa,Negative
2141,dbAMP_33291,Pseudomonas aeruginosa,Negative
2142,dbAMP_23636,Pseudomonas aeruginosa,Negative
2143,dbAMP_12035,Staphylococcus epidermidis,Negative
2144,dbAMP_05871,Candida albicans,Negative
2145,dbAMP_23628,Klebsiella pneumoniae,Negative
2146,dbAMP_23639,Escherichia coli,Negative
2147,dbAMP_21005,Pseudomonas aeruginosa,Negative
2148,19521.0,Enterococcus faecalis,Negative
2149,dbAMP_15772,Pseudomonas aeruginosa,Negative
2150,dbAMP_33249,Pseudomonas aeruginosa,Negative
2151,dbAMP_21929,Pseudomonas aeruginosa,Negative
2152,dbAMP_21654,Staphylococcus epidermidis,Negative
2153,dbAMP_02141,Candida albicans,Negative
2154,dbAMP_23626,Pseudomonas aeruginosa,Negative
2155,dbAMP_32060,Staphylococcus aureus,Negative
2156,dbAMP_05647,Pseudomonas aeruginosa,Negative
2157,dbAMP_19848,Staphylococcus aureus,Negative
2158,dbAMP_15958,Candida parapsilosis,Negative
2159,dbAMP_31442,Klebsiella pneumoniae,Negative
2160,17592.0,Salmonella enterica,Negative
2161,dbAMP_18871,Candida albicans,Negative
2162,dbAMP_10304,Klebsiella pneumoniae,Negative
2163,dbAMP_33686,Bacillus subtilis,Negative
2164,dbAMP_33253,Staphylococcus aureus,Negative
2165,20364.0,Escherichia coli,Negative
2166,dbAMP_22668,Enterococcus faecalis,Negative
2167,dbAMP_23516,Salmonella enterica,Negative
2168,20323.0,Staphylococcus aureus,Negative
2169,21535.0,Staphylococcus aureus,Negative
2170,dbAMP_21993,Pseudomonas aeruginosa,Negative
2171,dbAMP_22463,Staphylococcus aureus,Negative
2172,dbAMP_20521,Escherichia coli,Negative
2173,19371.0,Klebsiella pneumoniae,Negative
2174,dbAMP_20120,Listeria monocytogenes,Negative
2175,dbAMP_17568,Klebsiella pneumoniae,Negative
2176,dbAMP_19837,Pseudomonas aeruginosa,Negative
2177,dbAMP_22416,Candida albicans,Negative
2178,dbAMP_31876,Pseudomonas aeruginosa,Negative
2179,dbAMP_31964,Salmonella enterica,Negative
2180,21536.0,Klebsiella pneumoniae,Negative
2181,dbAMP_01769,Acinetobacter baumannii,Negative
2182,dbAMP_31642,Staphylococcus aureus,Negative
2183,17982.0,Staphylococcus aureus,Negative
2184,dbAMP_24221,Escherichia coli,Negative
2185,19246.0,Enterococcus faecium,Negative
2186,17467.0,Candida albicans,Negative
2187,dbAMP_27193,Candida albicans,Negative
2188,dbAMP_11646,Klebsiella pneumoniae,Negative
2189,20457.0,Staphylococcus aureus,Negative
2190,dbAMP_23641,Candida albicans,Negative
2191,dbAMP_28796,Escherichia coli,Negative
2192,dbAMP_16302,Micrococcus luteus,Negative
2193,dbAMP_03283,Bacillus cereus,Negative
2194,dbAMP_32910,Bacillus subtilis,Negative
2195,dbAMP_33319,Pseudomonas aeruginosa,Negative
2196,19928.0,Enterococcus faecalis,Negative
2197,dbAMP_24346,Klebsiella pneumoniae,Negative
2198,dbAMP_16917,Candida parapsilosis,Negative
2199,19152.0,Pseudomonas aeruginosa,Negative
2200,20304.0,Pseudomonas aeruginosa,Negative
2201,dbAMP_22579,Staphylococcus aureus,Negative
2202,dbAMP_22666,Escherichia coli,Negative
2203,dbAMP_25169,Escherichia coli,Negative
2204,dbAMP_18206,Staphylococcus epidermidis,Negative
2205,dbAMP_05645,Staphylococcus aureus,Negative
2206,18065.0,Pseudomonas aeruginosa,Negative
2207,dbAMP_20117,Staphylococcus epidermidis,Negative
2208,8647.0,Candida albicans,Negative
2209,dbAMP_25278,Pseudomonas aeruginosa,Negative
2210,3116.0,Enterobacter cloacae,Negative
2211,dbAMP_20335,Pseudomonas aeruginosa,Negative
2212,dbAMP_22356,Escherichia coli,Negative
2213,dbAMP_21400,Staphylococcus epidermidis,Negative
2214,20105.0,Escherichia coli,Negative
2215,20375.0,Staphylococcus aureus,Negative
2216,dbAMP_23824,Klebsiella pneumoniae,Negative
2217,dbAMP_34366,Staphylococcus aureus,Negative
2218,4947.0,Candida albicans,Negative
2219,dbAMP_23470,Salmonella enterica,Negative
2220,dbAMP_03482,Staphylococcus aureus,Negative
2221,dbAMP_33679,Escherichia coli,Negative
2222,dbAMP_22696,Staphylococcus epidermidis,Negative
2223,18477.0,Listeria monocytogenes,Negative
2224,dbAMP_24375,Salmonella enterica,Negative
2225,dbAMP_11245,Staphylococcus epidermidis,Negative
2226,21915.0,Micrococcus luteus,Negative
2227,dbAMP_32058,Escherichia coli,Negative
2228,dbAMP_32210,Staphylococcus aureus,Negative
2229,dbAMP_34265,Staphylococcus aureus,Negative
2230,dbAMP_33177,Candida albicans,Negative
2231,dbAMP_27573,Staphylococcus aureus,Negative
2232,dbAMP_04790,Escherichia coli,Negative
2233,dbAMP_02558,Staphylococcus epidermidis,Negative
2234,dbAMP_32280,Staphylococcus aureus,Negative
2235,dbAMP_01941,Enterococcus faecalis,Negative
2236,19846.0,Pseudomonas aeruginosa,Negative
2237,dbAMP_27370,Staphylococcus aureus,Negative
2238,18046.0,Staphylococcus aureus,Negative
2239,dbAMP_31444,Enterococcus faecalis,Negative
2240,dbAMP_15850,Bacillus subtilis,Negative
2241,dbAMP_23972,Escherichia coli,Negative
2242,dbAMP_20732,Enterococcus faecalis,Negative
2243,22012.0,Bacillus cereus,Negative
2244,dbAMP_23418,Escherichia coli,Negative
2245,dbAMP_04256,Acinetobacter baumannii,Negative
2246,dbAMP_11170,Staphylococcus aureus,Negative
2247,20334.0,Salmonella enterica,Negative
2248,21745.0,Staphylococcus epidermidis,Negative
2249,20380.0,Salmonella enterica,Negative
2250,dbAMP_19055,Pseudomonas aeruginosa,Negative
2251,dbAMP_22291,Bacillus cereus,Negative
2252,dbAMP_14243,Candida albicans,Negative
2253,dbAMP_20483,Klebsiella pneumoniae,Negative
2254,dbAMP_28833,Klebsiella pneumoniae,Negative
2255,dbAMP_17593,Enterobacter cloacae,Negative
2256,dbAMP_16137,Salmonella enterica,Negative
2257,dbAMP_23814,Acinetobacter baumannii,Negative
2258,dbAMP_02073,Escherichia coli,Negative
2259,4948.0,Staphylococcus aureus,Negative
2260,dbAMP_23162,Staphylococcus aureus,Negative
2261,dbAMP_24998,Staphylococcus aureus,Negative
2262,6470.0,Bacillus subtilis,Negative
2263,dbAMP_16258,Staphylococcus aureus,Negative
2264,dbAMP_03809,Micrococcus luteus,Negative
2265,2999.0,Staphylococcus aureus,Negative
2266,21726.0,Staphylococcus aureus,Negative
2267,dbAMP_16724,Pseudomonas aeruginosa,Negative
2268,dbAMP_27566,Escherichia coli,Negative
2269,19637.0,Staphylococcus aureus,Negative
2270,dbAMP_31782,Staphylococcus aureus,Negative
2271,dbAMP_23924,Pseudomonas aeruginosa,Negative
2272,dbAMP_25331,Staphylococcus epidermidis,Negative
2273,19359.0,Acinetobacter baumannii,Negative
2274,dbAMP_16258,Staphylococcus epidermidis,Negative
2275,17611.0,Staphylococcus aureus,Negative
2276,dbAMP_24908,Escherichia coli,Negative
2277,20358.0,Staphylococcus aureus,Negative
2278,20608.0,Acinetobacter baumannii,Negative
2279,21916.0,Micrococcus luteus,Negative
2280,dbAMP_24577,Escherichia coli,Negative
2281,dbAMP_17023,Klebsiella pneumoniae,Negative
2282,22288.0,Salmonella enterica,Negative
2283,dbAMP_03683,Staphylococcus epidermidis,Negative
2284,dbAMP_17975,Escherichia coli,Negative
2285,19609.0,Klebsiella pneumoniae,Negative
2286,dbAMP_19772,Candida albicans,Negative
2287,dbAMP_23215,Escherichia coli,Negative
2288,dbAMP_04638,Pseudomonas aeruginosa,Negative
2289,dbAMP_14880,Staphylococcus epidermidis,Negative
2290,20164.0,Staphylococcus aureus,Negative
2291,19411.0,Pseudomonas aeruginosa,Negative
2292,dbAMP_19586,Acinetobacter baumannii,Negative
2293,dbAMP_19747,Escherichia coli,Negative
2294,dbAMP_02675,Enterobacter cloacae,Negative
2295,dbAMP_19063,Pseudomonas aeruginosa,Negative
2296,dbAMP_23612,Klebsiella pneumoniae,Negative
2297,dbAMP_19063,Bacillus subtilis,Negative
2298,dbAMP_25039,Bacillus cereus,Negative
2299,dbAMP_33197,Pseudomonas aeruginosa,Negative
2300,3598.0,Salmonella enterica,Negative
2301,20340.0,Pseudomonas aeruginosa,Negative
2302,dbAMP_24688,Staphylococcus aureus,Negative
2303,dbAMP_23538,Escherichia coli,Negative
2304,19523.0,Salmonella enterica,Negative
2305,19369.0,Klebsiella pneumoniae,Negative
2306,dbAMP_03021,Enterococcus faecalis,Negative
2307,19610.0,Klebsiella pneumoniae,Negative
2308,dbAMP_15749,Bacillus subtilis,Negative
2309,dbAMP_14837,Salmonella enterica,Negative
2310,dbAMP_22487,Enterobacter cloacae,Negative
2311,19433.0,Salmonella enterica,Negative
2312,dbAMP_17331,Escherichia coli,Negative
2313,19853.0,Klebsiella pneumoniae,Negative
2314,dbAMP_25040,Pseudomonas aeruginosa,Negative
2315,dbAMP_21219,Staphylococcus aureus,Negative
2316,dbAMP_03963,Bacillus cereus,Negative
2317,19434.0,Escherichia coli,Negative
2318,dbAMP_22273,Bacillus cereus,Negative
2319,dbAMP_21956,Pseudomonas aeruginosa,Negative
2320,dbAMP_16543,Enterococcus faecalis,Negative
2321,dbAMP_22114,Bacillus subtilis,Negative
2322,dbAMP_19722,Candida albicans,Negative
2323,dbAMP_21702,Escherichia coli,Negative
2324,dbAMP_18956,Pseudomonas aeruginosa,Negative
2325,dbAMP_17191,Pseudomonas aeruginosa,Negative
2326,7152.0,Klebsiella pneumoniae,Negative
2327,dbAMP_21495,Klebsiella pneumoniae,Negative
2328,18600.0,Staphylococcus aureus,Negative
2329,dbAMP_16425,Staphylococcus aureus,Negative
2330,dbAMP_33781,Salmonella enterica,Negative
2331,dbAMP_10482,Listeria monocytogenes,Negative
2332,dbAMP_18988,Pseudomonas aeruginosa,Negative
2333,dbAMP_16770,Pseudomonas aeruginosa,Negative
2334,dbAMP_15849,Pseudomonas aeruginosa,Negative
2335,dbAMP_33369,Enterococcus faecalis,Negative
2336,dbAMP_19221,Enterococcus faecium,Negative
2337,dbAMP_21947,Enterococcus faecium,Negative
2338,dbAMP_17809,Escherichia coli,Negative
2339,dbAMP_27562,Staphylococcus aureus,Negative
2340,dbAMP_15942,Candida albicans,Negative
2341,20372.0,Staphylococcus aureus,Negative
2342,dbAMP_16917,Escherichia coli,Negative
2343,dbAMP_24293,Acinetobacter baumannii,Negative
2344,dbAMP_31649,Acinetobacter baumannii,Negative
2345,dbAMP_17514,Staphylococcus aureus,Negative
2346,dbAMP_02051,Klebsiella pneumoniae,Negative
2347,dbAMP_18677,Pseudomonas aeruginosa,Negative
2348,dbAMP_15850,Staphylococcus epidermidis,Negative
2349,dbAMP_02316,Escherichia coli,Negative
2350,dbAMP_15740,Staphylococcus aureus,Negative
2351,dbAMP_21437,Acinetobacter baumannii,Negative
2352,dbAMP_03021,Candida albicans,Negative
2353,dbAMP_21428,Staphylococcus aureus,Negative
2354,dbAMP_33681,Pseudomonas aeruginosa,Negative
2355,20597.0,Bacillus cereus,Negative
2356,dbAMP_20479,Pseudomonas aeruginosa,Negative
2357,dbAMP_34323,Staphylococcus aureus,Negative
2358,dbAMP_22753,Micrococcus luteus,Negative
2359,dbAMP_22520,Acinetobacter baumannii,Negative
2360,dbAMP_04647,Bacillus cereus,Negative
2361,dbAMP_11142,Pseudomonas aeruginosa,Negative
2362,dbAMP_32995,Escherichia coli,Negative
2363,17776.0,Staphylococcus aureus,Negative
2364,dbAMP_31803,Klebsiella pneumoniae,Negative
2365,dbAMP_34338,Staphylococcus aureus,Negative
2366,20501.0,Pseudomonas aeruginosa,Negative
2367,dbAMP_11776,Pseudomonas aeruginosa,Negative
2368,19855.0,Pseudomonas aeruginosa,Negative
2369,dbAMP_16542,Pseudomonas aeruginosa,Negative
2370,dbAMP_32115,Staphylococcus aureus,Negative
2371,22012.0,Klebsiella pneumoniae,Negative
2372,dbAMP_21900,Staphylococcus epidermidis,Negative
2373,dbAMP_28189,Pseudomonas aeruginosa,Negative
2374,dbAMP_18999,Pseudomonas aeruginosa,Negative
2375,dbAMP_34326,Escherichia coli,Negative
2376,dbAMP_14905,Bacillus subtilis,Negative
2377,dbAMP_15828,Candida albicans,Negative
2378,dbAMP_33099,Pseudomonas aeruginosa,Negative
2379,dbAMP_03286,Bacillus cereus,Negative
2380,dbAMP_19017,Escherichia coli,Negative
2381,22377.0,Klebsiella pneumoniae,Negative
2382,dbAMP_21494,Escherichia coli,Negative
2383,dbAMP_33314,Candida albicans,Negative
2384,19442.0,Candida albicans,Negative
2385,21984.0,Escherichia coli,Negative
2386,dbAMP_04990,Escherichia coli,Negative
2387,dbAMP_03386,Candida albicans,Negative
2388,dbAMP_34261,Escherichia coli,Negative
2389,20353.0,Staphylococcus aureus,Negative
2390,dbAMP_17767,Pseudomonas aeruginosa,Negative
2391,20378.0,Escherichia coli,Negative
2392,dbAMP_22810,Escherichia coli,Negative
2393,dbAMP_02827,Escherichia coli,Negative
2394,19152.0,Enterococcus faecium,Negative
2395,dbAMP_01884,Escherichia coli,Negative
2396,dbAMP_01913,Enterobacter cloacae,Negative
2397,dbAMP_17798,Escherichia coli,Negative
2398,dbAMP_19055,Staphylococcus aureus,Negative
2399,dbAMP_22454,Staphylococcus aureus,Negative
2400,dbAMP_33256,Pseudomonas aeruginosa,Negative
2401,dbAMP_33317,Candida albicans,Negative
2402,dbAMP_23721,Escherichia coli,Negative
2403,dbAMP_19060,Staphylococcus aureus,Negative
2404,dbAMP_19015,Pseudomonas aeruginosa,Negative
2405,dbAMP_22298,Staphylococcus aureus,Negative
2406,dbAMP_31865,Candida albicans,Negative
2407,19003.0,Escherichia coli,Negative
2408,dbAMP_01908,Acinetobacter baumannii,Negative
2409,dbAMP_22649,Staphylococcus aureus,Negative
2410,dbAMP_23816,Staphylococcus aureus,Negative
2411,dbAMP_10255,Bacillus megaterium,Negative
2412,21035.0,Candida albicans,Negative
2413,dbAMP_22418,Bacillus subtilis,Negative
2414,dbAMP_16915,Enterobacter cloacae,Negative
2415,dbAMP_16803,Bacillus cereus,Negative
2416,18190.0,Pseudomonas aeruginosa,Negative
2417,dbAMP_18085,Enterococcus faecalis,Negative
2418,dbAMP_18969,Bacillus megaterium,Negative
2419,dbAMP_15596,Acinetobacter baumannii,Negative
2420,19525.0,Salmonella enterica,Negative
2421,dbAMP_21553,Escherichia coli,Negative
2422,dbAMP_03141,Staphylococcus aureus,Negative
2423,18331.0,Salmonella enterica,Negative
2424,19908.0,Staphylococcus aureus,Negative
2425,dbAMP_01214,Candida albicans,Negative
2426,dbAMP_31800,Candida albicans,Negative
2427,21580.0,Escherichia coli,Negative
2428,dbAMP_23694,Staphylococcus epidermidis,Negative
2429,dbAMP_00221,Pseudomonas aeruginosa,Negative
2430,dbAMP_16658,Staphylococcus aureus,Negative
2431,dbAMP_23112,Acinetobacter baumannii,Negative
2432,DRAMP20792,Escherichia coli,Negative
2433,21735.0,Candida albicans,Negative
2434,dbAMP_18371,Escherichia coli,Negative
2435,dbAMP_22536,Escherichia coli,Negative
2436,dbAMP_33681,Escherichia coli,Negative
2437,dbAMP_02417,Escherichia coli,Negative
2438,dbAMP_14870,Pseudomonas aeruginosa,Negative
2439,17815.0,Staphylococcus aureus,Negative
2440,dbAMP_19214,Escherichia coli,Negative
2441,dbAMP_21053,Cryptococcus neoformans,Negative
2442,dbAMP_01289,Acinetobacter baumannii,Negative
2443,dbAMP_33166,Pseudomonas aeruginosa,Negative
2444,dbAMP_01466,Escherichia coli,Negative
2445,19899.0,Staphylococcus aureus,Negative
2446,dbAMP_34168,Escherichia coli,Negative
2447,dbAMP_23842,Staphylococcus aureus,Negative
2448,22274.0,Micrococcus luteus,Negative
2449,dbAMP_23580,Escherichia coli,Negative
2450,dbAMP_21392,Escherichia coli,Negative
2451,21941.0,Staphylococcus aureus,Negative
2452,dbAMP_21954,Enterococcus faecium,Negative
2453,20955.0,Pseudomonas aeruginosa,Negative
2454,dbAMP_22832,Candida albicans,Negative
2455,dbAMP_17129,Escherichia coli,Negative
2456,dbAMP_19573,Candida parapsilosis,Negative
2457,dbAMP_04759,Klebsiella pneumoniae,Negative
2458,19118.0,Klebsiella pneumoniae,Negative
2459,dbAMP_11142,Staphylococcus epidermidis,Negative
2460,dbAMP_18882,Salmonella enterica,Negative
2461,22343.0,Staphylococcus aureus,Negative
2462,21647.0,Acinetobacter baumannii,Negative
2463,dbAMP_15794,Staphylococcus aureus,Negative
2464,dbAMP_16173,Escherichia coli,Negative
2465,dbAMP_27264,Bacillus cereus,Negative
2466,dbAMP_24367,Escherichia coli,Negative
2467,dbAMP_19293,Pseudomonas aeruginosa,Negative
2468,17455.0,Acinetobacter baumannii,Negative
2469,dbAMP_33227,Candida albicans,Negative
2470,dbAMP_19701,Pseudomonas aeruginosa,Negative
2471,3081.0,Staphylococcus epidermidis,Negative
2472,dbAMP_27470,Staphylococcus aureus,Negative
2473,dbAMP_18952,Pseudomonas aeruginosa,Negative
2474,dbAMP_22701,Escherichia coli,Negative
2475,dbAMP_10613,Staphylococcus aureus,Negative
2476,dbAMP_33252,Pseudomonas aeruginosa,Negative
2477,dbAMP_18676,Escherichia coli,Negative
2478,18331.0,Enterococcus faecalis,Negative
2479,17398.0,Pseudomonas aeruginosa,Negative
2480,20493.0,Staphylococcus epidermidis,Negative
2481,dbAMP_01930,Bacillus subtilis,Negative
2482,dbAMP_31961,Listeria monocytogenes,Negative
2483,19286.0,Pseudomonas aeruginosa,Negative
2484,dbAMP_03776,Acinetobacter baumannii,Negative
2485,dbAMP_22080,Staphylococcus aureus,Negative
2486,dbAMP_21740,Pseudomonas aeruginosa,Negative
2487,4493.0,Bacillus subtilis,Negative
2488,dbAMP_23673,Escherichia coli,Negative
2489,dbAMP_27112,Enterococcus faecium,Negative
2490,18666.0,Escherichia coli,Negative
2491,dbAMP_24074,Escherichia coli,Negative
2492,dbAMP_16542,Acinetobacter baumannii,Negative
2493,dbAMP_18881,Salmonella enterica,Negative
2494,dbAMP_16563,Bacillus cereus,Negative
2495,dbAMP_11838,Staphylococcus aureus,Negative
2496,dbAMP_22874,Staphylococcus aureus,Negative
2497,dbAMP_14905,Escherichia coli,Negative
2498,22322.0,Escherichia coli,Negative
2499,dbAMP_21149,Enterococcus faecalis,Negative
2500,dbAMP_34273,Staphylococcus aureus,Negative
2501,dbAMP_21122,Pseudomonas aeruginosa,Negative
2502,dbAMP_17863,Staphylococcus aureus,Negative
2503,dbAMP_25020,Escherichia coli,Negative
2504,dbAMP_23578,Micrococcus luteus,Negative
2505,dbAMP_24386,Escherichia coli,Negative
2506,dbAMP_01932,Staphylococcus aureus,Negative
2507,dbAMP_11600,Pseudomonas aeruginosa,Negative
2508,dbAMP_03872,Candida albicans,Negative
2509,dbAMP_02015,Escherichia coli,Negative
2510,dbAMP_25246,Candida albicans,Negative
2511,20162.0,Enterococcus faecalis,Negative
2512,20498.0,Salmonella enterica,Negative
2513,dbAMP_33678,Staphylococcus aureus,Negative
2514,dbAMP_16843,Escherichia coli,Negative
2515,dbAMP_02237,Candida albicans,Negative
2516,17332.0,Pseudomonas aeruginosa,Negative
2517,dbAMP_24835,Cryptococcus neoformans,Negative
2518,19569.0,Pseudomonas aeruginosa,Negative
2519,17251.0,Acinetobacter baumannii,Negative
2520,19135.0,Bacillus subtilis,Negative
2521,dbAMP_16157,Escherichia coli,Negative
2522,dbAMP_34312,Staphylococcus aureus,Negative
2523,dbAMP_24811,Cryptococcus neoformans,Negative
2524,20359.0,Salmonella enterica,Negative
2525,dbAMP_32024,Micrococcus luteus,Negative
2526,dbAMP_02064,Staphylococcus aureus,Negative
2527,dbAMP_24138,Pseudomonas aeruginosa,Negative
2528,dbAMP_33180,Staphylococcus aureus,Negative
2529,dbAMP_27263,Bacillus cereus,Negative
2530,22288.0,Klebsiella pneumoniae,Negative
2531,dbAMP_22182,Bacillus subtilis,Negative
2532,dbAMP_04369,Candida albicans,Negative
2533,dbAMP_32027,Bacillus subtilis,Negative
2534,dbAMP_24356,Staphylococcus aureus,Negative
2535,dbAMP_18246,Staphylococcus aureus,Negative
2536,dbAMP_19845,Staphylococcus aureus,Negative
2537,dbAMP_15747,Candida albicans,Negative
2538,dbAMP_33691,Enterococcus faecalis,Negative
2539,dbAMP_21935,Escherichia coli,Negative
2540,dbAMP_33284,Pseudomonas aeruginosa,Negative
2541,dbAMP_31150,Escherichia coli,Negative
2542,dbAMP_02547,Salmonella enterica,Negative
2543,dbAMP_18017,Candida albicans,Negative
2544,dbAMP_21049,Candida albicans,Negative
2545,dbAMP_16805,Bacillus cereus,Negative
2546,18330.0,Staphylococcus aureus,Negative
2547,dbAMP_18943,Salmonella enterica,Negative
2548,dbAMP_18778,Staphylococcus aureus,Negative
2549,dbAMP_18749,Pseudomonas aeruginosa,Negative
2550,dbAMP_24366,Klebsiella pneumoniae,Negative
2551,dbAMP_19721,Staphylococcus aureus,Negative
2552,dbAMP_15939,Pseudomonas aeruginosa,Negative
2553,dbAMP_19090,Klebsiella pneumoniae,Negative
2554,dbAMP_17116,Bacillus cereus,Negative
2555,dbAMP_27353,Candida albicans,Negative
2556,dbAMP_17771,Klebsiella pneumoniae,Negative
2557,dbAMP_04757,Staphylococcus aureus,Negative
2558,dbAMP_25216,Klebsiella pneumoniae,Negative
2559,dbAMP_16711,Bacillus megaterium,Negative
2560,dbAMP_05209,Pseudomonas aeruginosa,Negative
2561,dbAMP_33945,Enterococcus faecium,Negative
2562,dbAMP_22349,Bacillus cereus,Negative
2563,dbAMP_17014,Staphylococcus aureus,Negative
2564,dbAMP_17757,Candida parapsilosis,Negative
2565,dbAMP_04500,Staphylococcus aureus,Negative
2566,dbAMP_14878,Pseudomonas aeruginosa,Negative
2567,dbAMP_21762,Staphylococcus aureus,Negative
2568,dbAMP_03634,Salmonella enterica,Negative
2569,dbAMP_24061,Pseudomonas aeruginosa,Negative
2570,dbAMP_16719,Staphylococcus aureus,Negative
2571,dbAMP_19580,Klebsiella pneumoniae,Negative
2572,dbAMP_24837,Staphylococcus aureus,Negative
2573,dbAMP_21304,Pseudomonas aeruginosa,Negative
2574,21643.0,Staphylococcus aureus,Negative
2575,dbAMP_01642,Enterococcus faecalis,Negative
2576,dbAMP_10653,Staphylococcus epidermidis,Negative
2577,dbAMP_20386,Pseudomonas aeruginosa,Negative
2578,17502.0,Enterococcus faecium,Negative
2579,20931.0,Staphylococcus aureus,Negative
2580,dbAMP_32117,Escherichia coli,Negative
2581,dbAMP_19727,Enterococcus faecalis,Negative
2582,dbAMP_17521,Klebsiella pneumoniae,Negative
2583,dbAMP_27157,Enterococcus faecalis,Negative
2584,dbAMP_02235,Salmonella enterica,Negative
2585,dbAMP_24670,Pseudomonas aeruginosa,Negative
2586,dbAMP_33324,Pseudomonas aeruginosa,Negative
2587,dbAMP_16418,Staphylococcus aureus,Negative
2588,20562.0,Klebsiella pneumoniae,Negative
2589,dbAMP_04696,Escherichia coli,Negative
2590,dbAMP_19249,Staphylococcus aureus,Negative
2591,dbAMP_00619,Escherichia coli,Negative
2592,20539.0,Listeria monocytogenes,Negative
2593,dbAMP_17094,Candida albicans,Negative
2594,DRAMP01842,Staphylococcus aureus,Negative
2595,21173.0,Pseudomonas aeruginosa,Negative
2596,dbAMP_32363,Escherichia coli,Negative
2597,dbAMP_23898,Escherichia coli,Negative
2598,dbAMP_15967,Staphylococcus aureus,Negative
2599,22263.0,Escherichia coli,Negative
2600,19849.0,Bacillus subtilis,Negative
2601,dbAMP_19065,Enterococcus faecium,Negative
2602,dbAMP_22295,Staphylococcus aureus,Negative
2603,dbAMP_19164,Staphylococcus aureus,Negative
2604,dbAMP_33690,Enterococcus faecalis,Negative
2605,dbAMP_28189,Candida albicans,Negative
2606,20274.0,Klebsiella pneumoniae,Negative
2607,dbAMP_00877,Klebsiella pneumoniae,Negative
2608,dbAMP_16758,Bacillus subtilis,Negative
2609,dbAMP_33715,Escherichia coli,Negative
2610,dbAMP_19602,Staphylococcus aureus,Negative
2611,19936.0,Staphylococcus epidermidis,Negative
2612,dbAMP_24376,Pseudomonas aeruginosa,Negative
2613,dbAMP_21742,Enterococcus faecalis,Negative
2614,dbAMP_22510,Escherichia coli,Negative
2615,dbAMP_03305,Escherichia coli,Negative
2616,dbAMP_22840,Candida albicans,Negative
2617,dbAMP_33256,Candida albicans,Negative
2618,dbAMP_15847,Staphylococcus aureus,Negative
2619,dbAMP_19063,Escherichia coli,Negative
2620,dbAMP_18545,Escherichia coli,Negative
2621,dbAMP_22455,Escherichia coli,Negative
2622,dbAMP_18525,Pseudomonas aeruginosa,Negative
2623,dbAMP_33202,Pseudomonas aeruginosa,Negative
2624,dbAMP_19225,Enterococcus faecium,Negative
2625,21010.0,Staphylococcus aureus,Negative
2626,dbAMP_19846,Staphylococcus aureus,Negative
2627,dbAMP_32064,Escherichia coli,Negative
2628,21170.0,Candida albicans,Negative
2629,dbAMP_17526,Staphylococcus aureus,Negative
2630,17522.0,Candida albicans,Negative
2631,dbAMP_22545,Staphylococcus aureus,Negative
2632,dbAMP_09485,Escherichia coli,Negative
2633,dbAMP_24649,Escherichia coli,Negative
2634,18331.0,Klebsiella pneumoniae,Negative
2635,22263.0,Micrococcus luteus,Negative
2636,dbAMP_18408,Salmonella enterica,Negative
2637,22284.0,Escherichia coli,Negative
2638,dbAMP_11672,Escherichia coli,Negative
2639,dbAMP_01795,Candida albicans,Negative
2640,dbAMP_17936,Candida albicans,Negative
2641,dbAMP_23839,Staphylococcus aureus,Negative
2642,21470.0,Micrococcus luteus,Negative
2643,dbAMP_33712,Escherichia coli,Negative
2644,dbAMP_17201,Candida albicans,Negative
2645,dbAMP_03741,Escherichia coli,Negative
2646,dbAMP_19379,Candida albicans,Negative
2647,dbAMP_25429,Staphylococcus epidermidis,Negative
2648,dbAMP_20311,Escherichia coli,Negative
2649,21179.0,Staphylococcus epidermidis,Negative
2650,dbAMP_34361,Staphylococcus aureus,Negative
2651,dbAMP_24219,Candida albicans,Negative
2652,dbAMP_15832,Staphylococcus aureus,Negative
2653,dbAMP_25189,Escherichia coli,Negative
2654,17968.0,Staphylococcus aureus,Negative
2655,dbAMP_11231,Candida parapsilosis,Negative
2656,dbAMP_24839,Staphylococcus aureus,Negative
2657,dbAMP_22399,Candida albicans,Negative
2658,dbAMP_11034,Bacillus subtilis,Negative
2659,dbAMP_17973,Listeria monocytogenes,Negative
2660,dbAMP_23451,Pseudomonas aeruginosa,Negative
2661,21074.0,Staphylococcus epidermidis,Negative
2662,dbAMP_20333,Escherichia coli,Negative
2663,DRAMP03467,Bacillus subtilis,Negative
2664,20773.0,Pseudomonas aeruginosa,Negative
2665,dbAMP_17479,Staphylococcus aureus,Negative
2666,21915.0,Staphylococcus epidermidis,Negative
2667,dbAMP_14878,Staphylococcus epidermidis,Negative
2668,dbAMP_24559,Micrococcus luteus,Negative
2669,dbAMP_03868,Staphylococcus aureus,Negative
2670,19478.0,Klebsiella pneumoniae,Negative
2671,dbAMP_14786,Candida albicans,Negative
2672,dbAMP_22674,Salmonella enterica,Negative
2673,dbAMP_23969,Cryptococcus neoformans,Negative
2674,dbAMP_23563,Pseudomonas aeruginosa,Negative
2675,dbAMP_15956,Staphylococcus epidermidis,Negative
2676,18644.0,Pseudomonas aeruginosa,Negative
2677,dbAMP_22582,Escherichia coli,Negative
2678,dbAMP_28792,Pseudomonas aeruginosa,Negative
2679,dbAMP_18925,Bacillus subtilis,Negative
2680,dbAMP_22000,Escherichia coli,Negative
2681,dbAMP_16764,Bacillus subtilis,Negative
2682,dbAMP_18376,Staphylococcus aureus,Negative
2683,dbAMP_22447,Staphylococcus aureus,Negative
2684,dbAMP_25287,Candida albicans,Negative
2685,22148.0,Staphylococcus aureus,Negative
2686,dbAMP_34337,Escherichia coli,Negative
2687,dbAMP_04563,Pseudomonas aeruginosa,Negative
2688,dbAMP_21962,Pseudomonas aeruginosa,Negative
2689,dbAMP_16977,Acinetobacter baumannii,Negative
2690,22271.0,Escherichia coli,Negative
2691,dbAMP_34355,Staphylococcus aureus,Negative
2692,20389.0,Escherichia coli,Negative
2693,dbAMP_18195,Salmonella enterica,Negative
2694,dbAMP_21659,Micrococcus luteus,Negative
2695,dbAMP_20739,Candida parapsilosis,Negative
2696,dbAMP_34318,Escherichia coli,Negative
2697,dbAMP_17100,Salmonella enterica,Negative
2698,17451.0,Cryptococcus neoformans,Negative
2699,dbAMP_19696,Pseudomonas aeruginosa,Negative
2700,dbAMP_33383,Listeria monocytogenes,Negative
2701,dbAMP_17066,Klebsiella pneumoniae,Negative
2702,dbAMP_21442,Pseudomonas aeruginosa,Negative
2703,dbAMP_33198,Pseudomonas aeruginosa,Negative
2704,dbAMP_01964,Candida parapsilosis,Negative
2705,dbAMP_20703,Salmonella enterica,Negative
2706,dbAMP_24843,Bacillus subtilis,Negative
2707,dbAMP_18751,Escherichia coli,Negative
2708,dbAMP_34281,Staphylococcus aureus,Negative
2709,dbAMP_16385,Pseudomonas aeruginosa,Negative
2710,17635.0,Staphylococcus aureus,Negative
2711,20570.0,Escherichia coli,Negative
2712,dbAMP_25091,Salmonella enterica,Negative
2713,dbAMP_19795,Candida albicans,Negative
2714,dbAMP_03273,Bacillus cereus,Negative
2715,20831.0,Klebsiella pneumoniae,Negative
2716,dbAMP_18230,Staphylococcus epidermidis,Negative
2717,dbAMP_20505,Escherichia coli,Negative
2718,dbAMP_21900,Candida albicans,Negative
2719,19139.0,Pseudomonas aeruginosa,Negative
2720,18788.0,Candida albicans,Negative
2721,21923.0,Escherichia coli,Negative
2722,19843.0,Pseudomonas aeruginosa,Negative
2723,dbAMP_16087,Staphylococcus aureus,Negative
2724,dbAMP_10969,Klebsiella pneumoniae,Negative
2725,dbAMP_15702,Staphylococcus aureus,Negative
2726,dbAMP_20128,Enterococcus faecium,Negative
2727,dbAMP_33797,Staphylococcus aureus,Negative
2728,dbAMP_34387,Staphylococcus aureus,Negative
2729,dbAMP_22888,Staphylococcus aureus,Negative
2730,dbAMP_21228,Enterococcus faecalis,Negative
2731,dbAMP_15852,Enterococcus faecalis,Negative
2732,20402.0,Salmonella enterica,Negative
2733,dbAMP_20274,Klebsiella pneumoniae,Negative
2734,dbAMP_23269,Candida albicans,Negative
2735,dbAMP_20248,Escherichia coli,Negative
2736,dbAMP_25374,Staphylococcus aureus,Negative
2737,dbAMP_21038,Staphylococcus aureus,Negative
2738,18171.0,Klebsiella pneumoniae,Negative
2739,dbAMP_25040,Escherichia coli,Negative
2740,dbAMP_02099,Candida albicans,Negative
2741,dbAMP_15745,Escherichia coli,Negative
2742,dbAMP_18415,Staphylococcus aureus,Negative
2743,dbAMP_18887,Acinetobacter baumannii,Negative
2744,21745.0,Enterococcus faecalis,Negative
2745,dbAMP_33160,Pseudomonas aeruginosa,Negative
2746,dbAMP_20117,Staphylococcus aureus,Negative
2747,dbAMP_20377,Pseudomonas aeruginosa,Negative
2748,22377.0,Enterococcus faecalis,Negative
2749,dbAMP_17443,Staphylococcus aureus,Negative
2750,dbAMP_34311,Escherichia coli,Negative
2751,17595.0,Candida albicans,Negative
2752,dbAMP_18873,Enterococcus faecalis,Negative
2753,dbAMP_19541,Staphylococcus aureus,Negative
2754,dbAMP_24138,Staphylococcus aureus,Negative
2755,dbAMP_22422,Bacillus subtilis,Negative
2756,dbAMP_04276,Pseudomonas aeruginosa,Negative
2757,dbAMP_22641,Staphylococcus aureus,Negative
2758,dbAMP_34279,Escherichia coli,Negative
2759,dbAMP_21460,Escherichia coli,Negative
2760,dbAMP_04492,Enterococcus faecalis,Negative
2761,dbAMP_22921,Micrococcus luteus,Negative
2762,dbAMP_31876,Micrococcus luteus,Negative
2763,dbAMP_32915,Bacillus subtilis,Negative
2764,dbAMP_33945,Pseudomonas aeruginosa,Negative
2765,dbAMP_19105,Escherichia coli,Negative
2766,dbAMP_17542,Staphylococcus aureus,Negative
2767,dbAMP_03302,Staphylococcus aureus,Negative
2768,dbAMP_16081,Escherichia coli,Negative
2769,dbAMP_22013,Pseudomonas aeruginosa,Negative
2770,dbAMP_20862,Escherichia coli,Negative
2771,dbAMP_31775,Staphylococcus aureus,Negative
2772,dbAMP_19752,Escherichia coli,Negative
2773,dbAMP_24500,Staphylococcus aureus,Negative
2774,dbAMP_22812,Escherichia coli,Negative
2775,dbAMP_20872,Staphylococcus epidermidis,Negative
2776,17612.0,Staphylococcus aureus,Negative
2777,19844.0,Escherichia coli,Negative
2778,dbAMP_04117,Staphylococcus aureus,Negative
2779,19835.0,Enterococcus faecalis,Negative
2780,dbAMP_22002,Staphylococcus aureus,Negative
2781,17439.0,Candida albicans,Negative
2782,dbAMP_28732,Pseudomonas aeruginosa,Negative
2783,dbAMP_28834,Staphylococcus aureus,Negative
2784,17763.0,Escherichia coli,Negative
2785,dbAMP_24968,Salmonella enterica,Negative
2786,dbAMP_20128,Klebsiella pneumoniae,Negative
2787,dbAMP_22463,Bacillus subtilis,Negative
2788,dbAMP_31776,Cryptococcus neoformans,Negative
2789,dbAMP_33030,Escherichia coli,Negative
2790,dbAMP_24074,Klebsiella pneumoniae,Negative
2791,dbAMP_04575,Salmonella enterica,Negative
2792,dbAMP_16328,Staphylococcus aureus,Negative
2793,dbAMP_10527,Enterobacter cloacae,Negative
2794,dbAMP_31183,Enterococcus faecium,Negative
2795,dbAMP_18031,Acinetobacter baumannii,Negative
2796,20172.0,Klebsiella pneumoniae,Negative
2797,dbAMP_16391,Pseudomonas aeruginosa,Negative
2798,dbAMP_33795,Staphylococcus aureus,Negative
2799,dbAMP_16542,Klebsiella pneumoniae,Negative
2800,dbAMP_18980,Pseudomonas aeruginosa,Negative
2801,dbAMP_20483,Candida albicans,Negative
2802,dbAMP_02715,Escherichia coli,Negative
2803,dbAMP_31442,Pseudomonas aeruginosa,Negative
2804,dbAMP_23602,Escherichia coli,Negative
2805,dbAMP_22343,Bacillus cereus,Negative
2806,7791.0,Bacillus cereus,Negative
2807,dbAMP_22671,Escherichia coli,Negative
2808,20361.0,Salmonella enterica,Negative
2809,dbAMP_23883,Escherichia coli,Negative
2810,dbAMP_23969,Staphylococcus aureus,Negative
2811,dbAMP_00696,Acinetobacter baumannii,Negative
2812,dbAMP_22721,Staphylococcus aureus,Negative
2813,17815.0,Micrococcus luteus,Negative
2814,dbAMP_25392,Klebsiella pneumoniae,Negative
2815,18736.0,Escherichia coli,Negative
2816,dbAMP_05766,Enterococcus faecalis,Negative
2817,19963.0,Enterococcus faecalis,Negative
2818,dbAMP_04234,Bacillus cereus,Negative
2819,dbAMP_34351,Staphylococcus aureus,Negative
2820,dbAMP_17208,Staphylococcus aureus,Negative
2821,dbAMP_00944,Bacillus subtilis,Negative
2822,dbAMP_22797,Staphylococcus aureus,Negative
2823,dbAMP_27560,Escherichia coli,Negative
2824,22251.0,Acinetobacter baumannii,Negative
2825,dbAMP_01813,Staphylococcus aureus,Negative
2826,dbAMP_18697,Escherichia coli,Negative
2827,dbAMP_16744,Klebsiella pneumoniae,Negative
2828,dbAMP_16476,Micrococcus luteus,Negative
2829,22291.0,Pseudomonas aeruginosa,Negative
2830,dbAMP_24374,Klebsiella pneumoniae,Negative
2831,dbAMP_18371,Staphylococcus epidermidis,Negative
2832,dbAMP_24371,Klebsiella pneumoniae,Negative
2833,17439.0,Klebsiella pneumoniae,Negative
2834,dbAMP_20129,Pseudomonas aeruginosa,Negative
2835,20442.0,Escherichia coli,Negative
2836,dbAMP_23803,Acinetobacter baumannii,Negative
2837,dbAMP_22275,Staphylococcus aureus,Negative
2838,dbAMP_17099,Enterobacter cloacae,Negative
2839,dbAMP_21609,Staphylococcus aureus,Negative
2840,dbAMP_22324,Escherichia coli,Negative
2841,dbAMP_22954,Salmonella enterica,Negative
2842,dbAMP_17658,Pseudomonas aeruginosa,Negative
2843,dbAMP_05146,Pseudomonas aeruginosa,Negative
2844,dbAMP_25106,Escherichia coli,Negative
2845,dbAMP_24172,Staphylococcus aureus,Negative
2846,dbAMP_18682,Staphylococcus aureus,Negative
2847,dbAMP_28733,Pseudomonas aeruginosa,Negative
2848,dbAMP_17334,Staphylococcus aureus,Negative
2849,dbAMP_33275,Pseudomonas aeruginosa,Negative
2850,dbAMP_17383,Bacillus megaterium,Negative
2851,19480.0,Enterobacter cloacae,Negative
2852,dbAMP_03276,Bacillus cereus,Negative
2853,dbAMP_16757,Pseudomonas aeruginosa,Negative
2854,dbAMP_16893,Enterobacter cloacae,Negative
2855,dbAMP_02416,Enterococcus faecalis,Negative
2856,20304.0,Enterococcus faecalis,Negative
2857,dbAMP_02416,Enterobacter cloacae,Negative
2858,dbAMP_17800,Acinetobacter baumannii,Negative
2859,17354.0,Escherichia coli,Negative
2860,dbAMP_03644,Bacillus subtilis,Negative
2861,dbAMP_03401,Enterobacter cloacae,Negative
2862,dbAMP_03247,Escherichia coli,Negative
2863,dbAMP_10964,Escherichia coli,Negative
2864,dbAMP_12767,Candida albicans,Negative
2865,dbAMP_23217,Pseudomonas aeruginosa,Negative
2866,dbAMP_16243,Pseudomonas aeruginosa,Negative
2867,dbAMP_03796,Staphylococcus aureus,Negative
2868,19833.0,Staphylococcus aureus,Negative
2869,22379.0,Candida albicans,Negative
2870,20080.0,Acinetobacter baumannii,Negative
2871,dbAMP_33260,Pseudomonas aeruginosa,Negative
2872,21952.0,Staphylococcus aureus,Negative
2873,dbAMP_22305,Bacillus cereus,Negative
2874,dbAMP_33350,Candida albicans,Negative
2875,dbAMP_18839,Staphylococcus aureus,Negative
2876,dbAMP_24372,Klebsiella pneumoniae,Negative
2877,dbAMP_16047,Staphylococcus aureus,Negative
2878,9204.0,Pseudomonas aeruginosa,Negative
2879,dbAMP_16413,Escherichia coli,Negative
2880,dbAMP_20130,Acinetobacter baumannii,Negative
2881,9835.0,Escherichia coli,Negative
2882,dbAMP_03576,Staphylococcus aureus,Negative
2883,dbAMP_33591,Klebsiella pneumoniae,Negative
2884,dbAMP_19787,Pseudomonas aeruginosa,Negative
2885,9443.0,Bacillus subtilis,Negative
2886,dbAMP_16716,Enterococcus faecalis,Negative
2887,dbAMP_32012,Pseudomonas aeruginosa,Negative
2888,dbAMP_25090,Staphylococcus aureus,Negative
2889,21986.0,Enterococcus faecalis,Negative
2890,dbAMP_01561,Staphylococcus epidermidis,Negative
2891,dbAMP_19773,Candida albicans,Negative
2892,dbAMP_17207,Escherichia coli,Negative
2893,dbAMP_24710,Escherichia coli,Negative
2894,dbAMP_24824,Staphylococcus aureus,Negative
2895,dbAMP_33367,Pseudomonas aeruginosa,Negative
2896,dbAMP_02445,Salmonella enterica,Negative
2897,dbAMP_20273,Cryptococcus neoformans,Negative
2898,dbAMP_24171,Staphylococcus aureus,Negative
2899,dbAMP_16680,Escherichia coli,Negative
2900,dbAMP_16002,Klebsiella pneumoniae,Negative
2901,dbAMP_24288,Acinetobacter baumannii,Negative
2902,dbAMP_32062,Staphylococcus aureus,Negative
2903,dbAMP_22033,Staphylococcus aureus,Negative
2904,dbAMP_19241,Salmonella enterica,Negative
2905,dbAMP_19573,Staphylococcus aureus,Negative
2906,dbAMP_23838,Staphylococcus aureus,Negative
2907,dbAMP_17198,Escherichia coli,Negative
2908,dbAMP_16666,Staphylococcus aureus,Negative
2909,dbAMP_19580,Staphylococcus aureus,Negative
2910,dbAMP_03905,Staphylococcus aureus,Negative
2911,20189.0,Acinetobacter baumannii,Negative
2912,dbAMP_33725,Escherichia coli,Negative
2913,dbAMP_03584,Acinetobacter baumannii,Negative
2914,dbAMP_18577,Klebsiella pneumoniae,Negative
2915,17469.0,Escherichia coli,Negative
2916,dbAMP_18838,Salmonella enterica,Negative
2917,20499.0,Staphylococcus aureus,Negative
2918,dbAMP_22227,Bacillus subtilis,Negative
2919,dbAMP_21623,Micrococcus luteus,Negative
2920,dbAMP_18885,Staphylococcus aureus,Negative
2921,18041.0,Klebsiella pneumoniae,Negative
2922,22014.0,Klebsiella pneumoniae,Negative
2923,dbAMP_18375,Staphylococcus epidermidis,Negative
2924,dbAMP_33268,Candida albicans,Negative
2925,dbAMP_33203,Staphylococcus aureus,Negative
2926,dbAMP_16065,Salmonella enterica,Negative
2927,dbAMP_16995,Escherichia coli,Negative
2928,dbAMP_01650,Enterococcus faecalis,Negative
2929,dbAMP_19793,Candida albicans,Negative
2930,dbAMP_15799,Staphylococcus aureus,Negative
2931,dbAMP_25421,Escherichia coli,Negative
2932,dbAMP_34382,Escherichia coli,Negative
2933,19610.0,Enterococcus faecalis,Negative
2934,dbAMP_02370,Escherichia coli,Negative
2935,dbAMP_23418,Klebsiella pneumoniae,Negative
2936,19915.0,Acinetobacter baumannii,Negative
2937,dbAMP_33260,Candida albicans,Negative
2938,dbAMP_16611,Salmonella enterica,Negative
2939,22269.0,Pseudomonas aeruginosa,Negative
2940,dbAMP_31703,Pseudomonas aeruginosa,Negative
2941,dbAMP_19286,Enterococcus faecalis,Negative
2942,17453.0,Klebsiella pneumoniae,Negative
2943,dbAMP_24370,Salmonella enterica,Negative
2944,dbAMP_24759,Escherichia coli,Negative
2945,dbAMP_24123,Bacillus subtilis,Negative
2946,dbAMP_03659,Bacillus cereus,Negative
2947,dbAMP_16035,Staphylococcus aureus,Negative
2948,dbAMP_21229,Enterococcus faecalis,Negative
2949,dbAMP_21593,Micrococcus luteus,Negative
2950,dbAMP_19579,Klebsiella pneumoniae,Negative
2951,19989.0,Bacillus cereus,Negative
2952,dbAMP_33158,Pseudomonas aeruginosa,Negative
2953,dbAMP_02778,Candida parapsilosis,Negative
2954,dbAMP_04308,Enterobacter cloacae,Negative
2955,dbAMP_22066,Escherichia coli,Negative
2956,dbAMP_20308,Pseudomonas aeruginosa,Negative
2957,dbAMP_16332,Enterococcus faecalis,Negative
2958,dbAMP_17976,Escherichia coli,Negative
2959,dbAMP_19083,Escherichia coli,Negative
2960,dbAMP_18887,Staphylococcus aureus,Negative
2961,dbAMP_18371,Staphylococcus aureus,Negative
2962,dbAMP_15934,Pseudomonas aeruginosa,Negative
2963,dbAMP_19164,Escherichia coli,Negative
2964,dbAMP_17320,Staphylococcus aureus,Negative
2965,dbAMP_23103,Acinetobacter baumannii,Negative
2966,20537.0,Escherichia coli,Negative
2967,dbAMP_18261,Escherichia coli,Negative
2968,dbAMP_25280,Pseudomonas aeruginosa,Negative
2969,dbAMP_34369,Escherichia coli,Negative
2970,dbAMP_20530,Pseudomonas aeruginosa,Negative
2971,dbAMP_21244,Bacillus subtilis,Negative
2972,dbAMP_33166,Candida albicans,Negative
2973,dbAMP_20650,Escherichia coli,Negative
2974,dbAMP_18112,Bacillus subtilis,Negative
2975,20493.0,Staphylococcus aureus,Negative
2976,dbAMP_24351,Escherichia coli,Negative
2977,dbAMP_22616,Escherichia coli,Negative
2978,dbAMP_28725,Pseudomonas aeruginosa,Negative
2979,dbAMP_19817,Escherichia coli,Negative
2980,dbAMP_14710,Pseudomonas aeruginosa,Negative
2981,dbAMP_23971,Escherichia coli,Negative
2982,18788.0,Staphylococcus epidermidis,Negative
2983,dbAMP_18135,Klebsiella pneumoniae,Negative
2984,dbAMP_21733,Candida albicans,Negative
2985,dbAMP_22379,Bacillus cereus,Negative
2986,dbAMP_04691,Enterobacter cloacae,Negative
2987,20081.0,Klebsiella pneumoniae,Negative
2988,dbAMP_22320,Escherichia coli,Negative
2989,dbAMP_27583,Acinetobacter baumannii,Negative
2990,dbAMP_20843,Candida albicans,Negative
2991,dbAMP_18080,Enterococcus faecalis,Negative
2992,dbAMP_21650,Escherichia coli,Negative
2993,dbAMP_16741,Candida albicans,Negative
2994,dbAMP_00055,Enterococcus faecalis,Negative
2995,dbAMP_05282,Candida albicans,Negative
2996,dbAMP_33214,Pseudomonas aeruginosa,Negative
2997,dbAMP_16185,Staphylococcus aureus,Negative
2998,dbAMP_32892,Escherichia coli,Negative
2999,dbAMP_03059,Candida albicans,Negative
3000,dbAMP_16170,Escherichia coli,Negative
3001,dbAMP_16870,Escherichia coli,Negative
3002,dbAMP_21838,Pseudomonas aeruginosa,Negative
3003,dbAMP_18044,Staphylococcus aureus,Negative
3004,dbAMP_18969,Enterococcus faecalis,Negative
3005,dbAMP_19712,Staphylococcus aureus,Negative
3006,17774.0,Escherichia coli,Negative
3007,dbAMP_32928,Staphylococcus aureus,Negative
3008,dbAMP_16210,Staphylococcus aureus,Negative
3009,21460.0,Enterococcus faecalis,Negative
3010,dbAMP_21142,Acinetobacter baumannii,Negative
3011,dbAMP_16909,Listeria monocytogenes,Negative
3012,dbAMP_21755,Escherichia coli,Negative
3013,17761.0,Bacillus subtilis,Negative
3014,dbAMP_16972,Staphylococcus aureus,Negative
3015,17620.0,Salmonella enterica,Negative
3016,dbAMP_19061,Bacillus cereus,Negative
3017,dbAMP_33680,Escherichia coli,Negative
3018,dbAMP_32110,Escherichia coli,Negative
3019,dbAMP_16167,Staphylococcus epidermidis,Negative
3020,dbAMP_20274,Candida albicans,Negative
3021,dbAMP_32332,Staphylococcus aureus,Negative
3022,dbAMP_28801,Candida albicans,Negative
3023,dbAMP_18074,Pseudomonas aeruginosa,Negative
3024,dbAMP_11055,Enterococcus faecium,Negative
3025,dbAMP_17189,Escherichia coli,Negative
3026,dbAMP_01779,Escherichia coli,Negative
3027,dbAMP_25189,Enterococcus faecalis,Negative
3028,dbAMP_04317,Klebsiella pneumoniae,Negative
3029,dbAMP_21494,Salmonella enterica,Negative
3030,dbAMP_21609,Escherichia coli,Negative
3031,20597.0,Listeria monocytogenes,Negative
3032,dbAMP_22894,Acinetobacter baumannii,Negative
3033,dbAMP_25421,Salmonella enterica,Negative
3034,dbAMP_16734,Staphylococcus epidermidis,Negative
3035,dbAMP_16756,Enterococcus faecium,Negative
3036,dbAMP_20516,Bacillus subtilis,Negative
3037,dbAMP_27120,Bacillus cereus,Negative
3038,dbAMP_34225,Staphylococcus aureus,Negative
3039,dbAMP_22453,Escherichia coli,Negative
3040,dbAMP_23188,Escherichia coli,Negative
3041,dbAMP_00943,Pseudomonas aeruginosa,Negative
3042,dbAMP_20950,Pseudomonas aeruginosa,Negative
3043,dbAMP_33174,Candida albicans,Negative
3044,dbAMP_18577,Salmonella enterica,Negative
3045,dbAMP_18293,Enterococcus faecalis,Negative
3046,dbAMP_31133,Pseudomonas aeruginosa,Negative
3047,DRAMP18493,Staphylococcus aureus,Negative
3048,dbAMP_19719,Acinetobacter baumannii,Negative
3049,dbAMP_24694,Staphylococcus aureus,Negative
3050,dbAMP_18366,Pseudomonas aeruginosa,Negative
3051,dbAMP_22344,Bacillus cereus,Negative
3052,dbAMP_20481,Cryptococcus neoformans,Negative
3053,dbAMP_17341,Staphylococcus aureus,Negative
3054,dbAMP_33589,Listeria monocytogenes,Negative
3055,dbAMP_04237,Escherichia coli,Negative
3056,dbAMP_22333,Bacillus cereus,Negative
3057,20855.0,Klebsiella pneumoniae,Negative
3058,dbAMP_32425,Escherichia coli,Negative
3059,DRAMP03904,Staphylococcus aureus,Negative
3060,dbAMP_04759,Staphylococcus aureus,Negative
3061,dbAMP_10598,Listeria monocytogenes,Negative
3062,dbAMP_17798,Enterococcus faecalis,Negative
3063,dbAMP_02732,Escherichia coli,Negative
3064,dbAMP_33681,Acinetobacter baumannii,Negative
3065,dbAMP_23516,Staphylococcus epidermidis,Negative
3066,dbAMP_22581,Escherichia coli,Negative
3067,dbAMP_23636,Salmonella enterica,Negative
3068,dbAMP_24369,Salmonella enterica,Negative
3069,1052.0,Enterobacter cloacae,Negative
3070,dbAMP_18097,Klebsiella pneumoniae,Negative
3071,dbAMP_18969,Enterococcus faecium,Negative
3072,dbAMP_20534,Enterococcus faecalis,Negative
3073,dbAMP_04842,Klebsiella pneumoniae,Negative
3074,dbAMP_32928,Enterobacter cloacae,Negative
3075,dbAMP_18887,Klebsiella pneumoniae,Negative
3076,dbAMP_17984,Bacillus subtilis,Negative
3077,dbAMP_03056,Enterococcus faecalis,Negative
3078,dbAMP_20716,Salmonella enterica,Negative
3079,dbAMP_23822,Pseudomonas aeruginosa,Negative
3080,dbAMP_27565,Escherichia coli,Negative
3081,dbAMP_02669,Klebsiella pneumoniae,Negative
3082,dbAMP_31186,Staphylococcus aureus,Negative
3083,20397.0,Staphylococcus aureus,Negative
3084,dbAMP_21398,Micrococcus luteus,Negative
3085,21986.0,Staphylococcus aureus,Negative
3086,dbAMP_16608,Pseudomonas aeruginosa,Negative
3087,dbAMP_33320,Pseudomonas aeruginosa,Negative
3088,dbAMP_21138,Escherichia coli,Negative
3089,dbAMP_22599,Micrococcus luteus,Negative
3090,dbAMP_22242,Enterococcus faecalis,Negative
3091,dbAMP_21489,Salmonella enterica,Negative
3092,dbAMP_22076,Bacillus subtilis,Negative
3093,dbAMP_16902,Escherichia coli,Negative
3094,dbAMP_02784,Escherichia coli,Negative
3095,dbAMP_17629,Escherichia coli,Negative
3096,dbAMP_24490,Enterococcus faecalis,Negative
3097,dbAMP_21398,Staphylococcus epidermidis,Negative
3098,dbAMP_04506,Staphylococcus aureus,Negative
3099,dbAMP_20335,Escherichia coli,Negative
3100,19850.0,Escherichia coli,Negative
3101,dbAMP_19704,Pseudomonas aeruginosa,Negative
3102,dbAMP_21489,Klebsiella pneumoniae,Negative
3103,dbAMP_22154,Staphylococcus aureus,Negative
3104,DRAMP18614,Pseudomonas aeruginosa,Negative
3105,dbAMP_10304,Staphylococcus aureus,Negative
3106,dbAMP_23272,Candida albicans,Negative
3107,dbAMP_33308,Staphylococcus aureus,Negative
3108,dbAMP_14712,Klebsiella pneumoniae,Negative
3109,dbAMP_03963,Bacillus subtilis,Negative
3110,8004.0,Cryptococcus neoformans,Negative
3111,dbAMP_19214,Enterococcus faecalis,Negative
3112,dbAMP_33171,Candida albicans,Negative
3113,dbAMP_22829,Escherichia coli,Negative
3114,dbAMP_19114,Staphylococcus aureus,Negative
3115,dbAMP_17094,Escherichia coli,Negative
3116,21894.0,Acinetobacter baumannii,Negative
3117,dbAMP_20964,Pseudomonas aeruginosa,Negative
3118,dbAMP_20314,Pseudomonas aeruginosa,Negative
3119,dbAMP_04237,Staphylococcus aureus,Negative
3120,dbAMP_31962,Salmonella enterica,Negative
3121,dbAMP_17954,Staphylococcus epidermidis,Negative
3122,dbAMP_22268,Escherichia coli,Negative
3123,dbAMP_02014,Candida albicans,Negative
3124,dbAMP_17137,Pseudomonas aeruginosa,Negative
3125,dbAMP_09956,Candida parapsilosis,Negative
3126,dbAMP_25385,Pseudomonas aeruginosa,Negative
3127,dbAMP_33682,Klebsiella pneumoniae,Negative
3128,dbAMP_03776,Pseudomonas aeruginosa,Negative
3129,dbAMP_21044,Klebsiella pneumoniae,Negative
3130,21969.0,Escherichia coli,Negative
3131,dbAMP_17523,Pseudomonas aeruginosa,Negative
3132,dbAMP_32209,Escherichia coli,Negative
3133,dbAMP_20309,Pseudomonas aeruginosa,Negative
3134,dbAMP_18670,Staphylococcus aureus,Negative
3135,22364.0,Acinetobacter baumannii,Negative
3136,dbAMP_25037,Bacillus cereus,Negative
3137,17515.0,Acinetobacter baumannii,Negative
3138,dbAMP_15847,Klebsiella pneumoniae,Negative
3139,dbAMP_21137,Acinetobacter baumannii,Negative
3140,dbAMP_33713,Escherichia coli,Negative
3141,17794.0,Candida parapsilosis,Negative
3142,dbAMP_33276,Candida albicans,Negative
3143,20042.0,Pseudomonas aeruginosa,Negative
3144,17468.0,Staphylococcus aureus,Negative
3145,dbAMP_02711,Micrococcus luteus,Negative
3146,7783.0,Micrococcus luteus,Negative
3147,dbAMP_21751,Staphylococcus aureus,Negative
3148,22322.0,Staphylococcus aureus,Negative
3149,dbAMP_33243,Pseudomonas aeruginosa,Negative
3150,dbAMP_04275,Escherichia coli,Negative
3151,dbAMP_33361,Candida albicans,Negative
3152,dbAMP_33286,Candida albicans,Negative
3153,22284.0,Staphylococcus aureus,Negative
3154,dbAMP_25239,Staphylococcus aureus,Negative
3155,dbAMP_16880,Klebsiella pneumoniae,Negative
3156,dbAMP_18373,Staphylococcus epidermidis,Negative
3157,dbAMP_20131,Enterococcus faecium,Negative
3158,17520.0,Acinetobacter baumannii,Negative
3159,dbAMP_33178,Pseudomonas aeruginosa,Negative
3160,dbAMP_03651,Staphylococcus aureus,Negative
3161,dbAMP_16740,Escherichia coli,Negative
3162,dbAMP_24692,Staphylococcus aureus,Negative
3163,dbAMP_20873,Pseudomonas aeruginosa,Negative
3164,dbAMP_02612,Staphylococcus aureus,Negative
3165,dbAMP_20765,Micrococcus luteus,Negative
3166,19478.0,Bacillus cereus,Negative
3167,dbAMP_33713,Listeria monocytogenes,Negative
3168,22381.0,Staphylococcus aureus,Negative
3169,dbAMP_24579,Micrococcus luteus,Negative
3170,dbAMP_03150,Enterococcus faecalis,Negative
3171,dbAMP_22676,Staphylococcus aureus,Negative
3172,dbAMP_23039,Escherichia coli,Negative
3173,dbAMP_10910,Klebsiella pneumoniae,Negative
3174,17236.0,Escherichia coli,Negative
3175,22362.0,Pseudomonas aeruginosa,Negative
3176,dbAMP_11555,Staphylococcus aureus,Negative
3177,dbAMP_01727,Staphylococcus epidermidis,Negative
3178,22275.0,Staphylococcus aureus,Negative
3179,19827.0,Enterococcus faecalis,Negative
3180,dbAMP_22023,Pseudomonas aeruginosa,Negative
3181,20330.0,Staphylococcus aureus,Negative
3182,dbAMP_34341,Staphylococcus aureus,Negative
3183,dbAMP_34398,Candida albicans,Negative
3184,18105.0,Salmonella enterica,Negative
3185,dbAMP_17333,Enterococcus faecalis,Negative
3186,dbAMP_34321,Escherichia coli,Negative
3187,dbAMP_03533,Enterobacter cloacae,Negative
3188,dbAMP_32011,Staphylococcus aureus,Negative
3189,dbAMP_33678,Acinetobacter baumannii,Negative
3190,dbAMP_16758,Staphylococcus aureus,Negative
3191,20366.0,Salmonella enterica,Negative
3192,dbAMP_23506,Staphylococcus aureus,Negative
3193,dbAMP_18901,Bacillus cereus,Negative
3194,dbAMP_21136,Escherichia coli,Negative
3195,dbAMP_32263,Staphylococcus aureus,Negative
3196,dbAMP_32038,Pseudomonas aeruginosa,Negative
3197,dbAMP_22345,Bacillus cereus,Negative
3198,dbAMP_15771,Candida albicans,Negative
3199,dbAMP_02761,Escherichia coli,Negative
3200,dbAMP_22969,Candida albicans,Negative
3201,dbAMP_23123,Pseudomonas aeruginosa,Negative
3202,dbAMP_03867,Staphylococcus aureus,Negative
3203,dbAMP_11946,Staphylococcus aureus,Negative
3204,17608.0,Salmonella enterica,Negative
3205,dbAMP_19868,Enterococcus faecalis,Negative
3206,dbAMP_25135,Escherichia coli,Negative
3207,21742.0,Pseudomonas aeruginosa,Negative
3208,20376.0,Staphylococcus aureus,Negative
3209,dbAMP_24347,Escherichia coli,Negative
3210,dbAMP_14870,Staphylococcus aureus,Negative
3211,dbAMP_18021,Escherichia coli,Negative
3212,dbAMP_05360,Bacillus subtilis,Negative
3213,dbAMP_11925,Pseudomonas aeruginosa,Negative
3214,dbAMP_18778,Escherichia coli,Negative
3215,dbAMP_17528,Klebsiella pneumoniae,Negative
3216,dbAMP_21904,Candida albicans,Negative
3217,dbAMP_23162,Candida albicans,Negative
3218,20164.0,Acinetobacter baumannii,Negative
3219,dbAMP_28835,Bacillus subtilis,Negative
3220,dbAMP_34349,Escherichia coli,Negative
3221,21472.0,Staphylococcus aureus,Negative
3222,dbAMP_31967,Pseudomonas aeruginosa,Negative
3223,19856.0,Klebsiella pneumoniae,Negative
3224,dbAMP_33971,Pseudomonas aeruginosa,Negative
3225,dbAMP_04472,Enterococcus faecalis,Negative
3226,dbAMP_19561,Bacillus subtilis,Negative
3227,dbAMP_21661,Micrococcus luteus,Negative
3228,dbAMP_18888,Staphylococcus aureus,Negative
3229,dbAMP_33015,Staphylococcus epidermidis,Negative
3230,dbAMP_23544,Staphylococcus aureus,Negative
3231,dbAMP_04699,Salmonella enterica,Negative
3232,22006.0,Klebsiella pneumoniae,Negative
3233,dbAMP_00723,Enterococcus faecium,Negative
3234,dbAMP_22580,Escherichia coli,Negative
3235,dbAMP_33157,Pseudomonas aeruginosa,Negative
3236,20015.0,Escherichia coli,Negative
3237,dbAMP_18979,Escherichia coli,Negative
3238,17639.0,Salmonella enterica,Negative
3239,19138.0,Escherichia coli,Negative
3240,dbAMP_27539,Pseudomonas aeruginosa,Negative
3241,dbAMP_24835,Staphylococcus aureus,Negative
3242,dbAMP_02547,Escherichia coli,Negative
3243,dbAMP_21592,Enterococcus faecalis,Negative
3244,dbAMP_02054,Candida albicans,Negative
3245,20333.0,Staphylococcus aureus,Negative
3246,dbAMP_34287,Escherichia coli,Negative
3247,dbAMP_22782,Staphylococcus epidermidis,Negative
3248,18115.0,Salmonella enterica,Negative
3249,dbAMP_24068,Klebsiella pneumoniae,Negative
3250,dbAMP_05833,Candida albicans,Negative
3251,dbAMP_21187,Staphylococcus aureus,Negative
3252,dbAMP_17436,Micrococcus luteus,Negative
3253,dbAMP_18606,Pseudomonas aeruginosa,Negative
3254,dbAMP_16333,Staphylococcus aureus,Negative
3255,dbAMP_19017,Klebsiella pneumoniae,Negative
3256,9835.0,Candida albicans,Negative
3257,dbAMP_23972,Bacillus subtilis,Negative
3258,dbAMP_22322,Escherichia coli,Negative
3259,dbAMP_18200,Salmonella enterica,Negative
3260,dbAMP_32924,Bacillus subtilis,Negative
3261,dbAMP_21593,Salmonella enterica,Negative
3262,dbAMP_21851,Bacillus subtilis,Negative
3263,dbAMP_12767,Pseudomonas aeruginosa,Negative
3264,9297.0,Escherichia coli,Negative
3265,dbAMP_02293,Escherichia coli,Negative
3266,DRAMP01607,Micrococcus luteus,Negative
3267,dbAMP_34293,Escherichia coli,Negative
3268,dbAMP_23276,Staphylococcus aureus,Negative
3269,dbAMP_20940,Pseudomonas aeruginosa,Negative
3270,dbAMP_33225,Pseudomonas aeruginosa,Negative
3271,17764.0,Escherichia coli,Negative
3272,dbAMP_25253,Staphylococcus aureus,Negative
3273,dbAMP_27272,Candida albicans,Negative
3274,20015.0,Bacillus cereus,Negative
3275,dbAMP_16453,Escherichia coli,Negative
3276,dbAMP_33113,Klebsiella pneumoniae,Negative
3277,22287.0,Escherichia coli,Negative
3278,dbAMP_16060,Klebsiella pneumoniae,Negative
3279,dbAMP_03365,Candida albicans,Negative
3280,dbAMP_20734,Staphylococcus aureus,Negative
3281,dbAMP_14803,Klebsiella pneumoniae,Negative
3282,dbAMP_22325,Escherichia coli,Negative
3283,dbAMP_00392,Enterococcus faecalis,Negative
3284,DRAMP03872,Escherichia coli,Negative
3285,dbAMP_02316,Staphylococcus aureus,Negative
3286,17605.0,Salmonella enterica,Negative
3287,19843.0,Bacillus subtilis,Negative
3288,dbAMP_05294,Klebsiella pneumoniae,Negative
3289,19920.0,Pseudomonas aeruginosa,Negative
3290,dbAMP_21049,Cryptococcus neoformans,Negative
3291,dbAMP_00627,Salmonella enterica,Negative
3292,dbAMP_24656,Escherichia coli,Negative
3293,dbAMP_32030,Micrococcus luteus,Negative
3294,21660.0,Acinetobacter baumannii,Negative
3295,dbAMP_15881,Bacillus cereus,Negative
3296,dbAMP_00185,Enterococcus faecalis,Negative
3297,dbAMP_22370,Escherichia coli,Negative
3298,dbAMP_00391,Pseudomonas aeruginosa,Negative
3299,dbAMP_23081,Staphylococcus aureus,Negative
3300,506.0,Klebsiella pneumoniae,Negative
3301,dbAMP_18606,Cryptococcus neoformans,Negative
3302,dbAMP_02928,Candida albicans,Negative
3303,19835.0,Candida albicans,Negative
3304,19152.0,Escherichia coli,Negative
3305,21914.0,Staphylococcus epidermidis,Negative
3306,dbAMP_16256,Staphylococcus epidermidis,Negative
3307,21310.0,Pseudomonas aeruginosa,Negative
3308,dbAMP_19626,Staphylococcus epidermidis,Negative
3309,dbAMP_15850,Escherichia coli,Negative
3310,dbAMP_22041,Pseudomonas aeruginosa,Negative
3311,dbAMP_05780,Staphylococcus aureus,Negative
3312,17523.0,Enterococcus faecium,Negative
3313,22325.0,Escherichia coli,Negative
3314,dbAMP_20653,Escherichia coli,Negative
3315,dbAMP_03638,Salmonella enterica,Negative
3316,dbAMP_18840,Salmonella enterica,Negative
3317,dbAMP_33257,Candida albicans,Negative
3318,dbAMP_24658,Escherichia coli,Negative
3319,dbAMP_22871,Candida albicans,Negative
3320,dbAMP_16737,Staphylococcus epidermidis,Negative
3321,22219.0,Klebsiella pneumoniae,Negative
3322,21330.0,Pseudomonas aeruginosa,Negative
3323,dbAMP_20725,Staphylococcus aureus,Negative
3324,dbAMP_28805,Klebsiella pneumoniae,Negative
3325,dbAMP_17191,Staphylococcus epidermidis,Negative
3326,dbAMP_04798,Candida albicans,Negative
3327,dbAMP_14924,Escherichia coli,Negative
3328,22270.0,Pseudomonas aeruginosa,Negative
3329,dbAMP_22180,Staphylococcus aureus,Negative
3330,dbAMP_33685,Enterococcus faecalis,Negative
3331,dbAMP_03291,Pseudomonas aeruginosa,Negative
3332,dbAMP_16755,Enterococcus faecalis,Negative
3333,22148.0,Bacillus subtilis,Negative
3334,17466.0,Klebsiella pneumoniae,Negative
3335,dbAMP_16031,Staphylococcus epidermidis,Negative
3336,dbAMP_04657,Staphylococcus aureus,Negative
3337,dbAMP_20128,Staphylococcus epidermidis,Negative
3338,dbAMP_23673,Staphylococcus aureus,Negative
3339,dbAMP_21916,Pseudomonas aeruginosa,Negative
3340,dbAMP_23578,Escherichia coli,Negative
3341,dbAMP_04291,Candida albicans,Negative
3342,dbAMP_17774,Escherichia coli,Negative
3343,17428.0,Pseudomonas aeruginosa,Negative
3344,19204.0,Staphylococcus aureus,Negative
3345,dbAMP_20433,Pseudomonas aeruginosa,Negative
3346,dbAMP_01464,Escherichia coli,Negative
3347,dbAMP_04742,Salmonella enterica,Negative
3348,dbAMP_27299,Klebsiella pneumoniae,Negative
3349,dbAMP_04980,Staphylococcus aureus,Negative
3350,dbAMP_19224,Staphylococcus epidermidis,Negative
3351,dbAMP_16524,Escherichia coli,Negative
3352,dbAMP_24037,Staphylococcus aureus,Negative
3353,dbAMP_23803,Staphylococcus aureus,Negative
3354,dbAMP_20243,Bacillus subtilis,Negative
3355,dbAMP_22648,Staphylococcus epidermidis,Negative
3356,dbAMP_22353,Bacillus cereus,Negative
3357,dbAMP_19552,Candida albicans,Negative
3358,dbAMP_20949,Pseudomonas aeruginosa,Negative
3359,dbAMP_10969,Candida albicans,Negative
3360,19152.0,Bacillus subtilis,Negative
3361,dbAMP_16419,Pseudomonas aeruginosa,Negative
3362,dbAMP_24061,Staphylococcus aureus,Negative
3363,dbAMP_11647,Candida albicans,Negative
3364,dbAMP_20130,Staphylococcus aureus,Negative
3365,dbAMP_18094,Staphylococcus aureus,Negative
3366,dbAMP_21720,Candida albicans,Negative
3367,dbAMP_16425,Pseudomonas aeruginosa,Negative
3368,dbAMP_16744,Escherichia coli,Negative
3369,dbAMP_27636,Escherichia coli,Negative
3370,dbAMP_22751,Micrococcus luteus,Negative
3371,dbAMP_05257,Staphylococcus epidermidis,Negative
3372,21970.0,Bacillus subtilis,Negative
3373,17511.0,Pseudomonas aeruginosa,Negative
3374,dbAMP_22428,Pseudomonas aeruginosa,Negative
3375,dbAMP_04977,Enterococcus faecalis,Negative
3376,dbAMP_24305,Pseudomonas aeruginosa,Negative
3377,dbAMP_16198,Staphylococcus aureus,Negative
3378,dbAMP_33030,Staphylococcus aureus,Negative
3379,dbAMP_14712,Pseudomonas aeruginosa,Negative
3380,dbAMP_23268,Staphylococcus aureus,Negative
3381,dbAMP_19067,Salmonella enterica,Negative
3382,dbAMP_34146,Staphylococcus aureus,Negative
3383,dbAMP_16911,Salmonella enterica,Negative
3384,dbAMP_22600,Micrococcus luteus,Negative
3385,dbAMP_15744,Pseudomonas aeruginosa,Negative
3386,dbAMP_14805,Pseudomonas aeruginosa,Negative
3387,dbAMP_03294,Escherichia coli,Negative
3388,18127.0,Staphylococcus aureus,Negative
3389,20174.0,Staphylococcus aureus,Negative
3390,dbAMP_22334,Escherichia coli,Negative
3391,dbAMP_31636,Staphylococcus aureus,Negative
3392,dbAMP_21305,Pseudomonas aeruginosa,Negative
3393,dbAMP_23975,Staphylococcus aureus,Negative
3394,dbAMP_16763,Staphylococcus epidermidis,Negative
3395,2583.0,Candida albicans,Negative
3396,dbAMP_09694,Pseudomonas aeruginosa,Negative
3397,dbAMP_22266,Bacillus cereus,Negative
3398,dbAMP_21912,Bacillus subtilis,Negative
3399,dbAMP_33288,Staphylococcus aureus,Negative
3400,dbAMP_20372,Pseudomonas aeruginosa,Negative
3401,17816.0,Candida albicans,Negative
3402,dbAMP_16993,Bacillus subtilis,Negative
3403,20566.0,Pseudomonas aeruginosa,Negative
3404,dbAMP_33240,Candida albicans,Negative
3405,dbAMP_02308,Escherichia coli,Negative
3406,dbAMP_27091,Enterococcus faecalis,Negative
3407,dbAMP_21397,Bacillus cereus,Negative
3408,1250.0,Salmonella enterica,Negative
3409,21986.0,Acinetobacter baumannii,Negative
3410,17770.0,Escherichia coli,Negative
3411,dbAMP_18705,Pseudomonas aeruginosa,Negative
3412,dbAMP_33630,Bacillus subtilis,Negative
3413,dbAMP_33227,Staphylococcus aureus,Negative
3414,dbAMP_22305,Staphylococcus aureus,Negative
3415,dbAMP_17366,Candida parapsilosis,Negative
3416,dbAMP_02778,Staphylococcus aureus,Negative
3417,dbAMP_21755,Enterococcus faecalis,Negative
3418,dbAMP_01247,Staphylococcus aureus,Negative
3419,dbAMP_04933,Klebsiella pneumoniae,Negative
3420,dbAMP_34289,Escherichia coli,Negative
3421,18840.0,Escherichia coli,Negative
3422,dbAMP_19064,Enterococcus faecium,Negative
3423,dbAMP_18884,Escherichia coli,Negative
3424,dbAMP_14920,Bacillus subtilis,Negative
3425,DRAMP03884,Escherichia coli,Negative
3426,17817.0,Escherichia coli,Negative
3427,dbAMP_20477,Klebsiella pneumoniae,Negative
3428,dbAMP_02622,Staphylococcus aureus,Negative
3429,dbAMP_20722,Staphylococcus aureus,Negative
3430,4950.0,Staphylococcus aureus,Negative
3431,dbAMP_16135,Listeria monocytogenes,Negative
3432,dbAMP_33104,Pseudomonas aeruginosa,Negative
3433,22014.0,Escherichia coli,Negative
3434,dbAMP_09972,Escherichia coli,Negative
3435,dbAMP_22201,Staphylococcus aureus,Negative
3436,dbAMP_18113,Enterococcus faecalis,Negative
3437,dbAMP_22451,Staphylococcus aureus,Negative
3438,21640.0,Escherichia coli,Negative
3439,17247.0,Staphylococcus aureus,Negative
3440,dbAMP_21125,Acinetobacter baumannii,Negative
3441,dbAMP_25101,Candida albicans,Negative
3442,dbAMP_24998,Pseudomonas aeruginosa,Negative
3443,18588.0,Candida albicans,Negative
3444,dbAMP_17334,Listeria monocytogenes,Negative
3445,dbAMP_01892,Escherichia coli,Negative
3446,dbAMP_03696,Candida parapsilosis,Negative
3447,dbAMP_21657,Staphylococcus epidermidis,Negative
3448,dbAMP_05206,Escherichia coli,Negative
3449,dbAMP_21998,Pseudomonas aeruginosa,Negative
3450,dbAMP_23160,Candida albicans,Negative
3451,dbAMP_20678,Acinetobacter baumannii,Negative
3452,dbAMP_02041,Escherichia coli,Negative
3453,dbAMP_34386,Staphylococcus aureus,Negative
3454,19606.0,Pseudomonas aeruginosa,Negative
3455,dbAMP_19599,Staphylococcus aureus,Negative
3456,dbAMP_16187,Staphylococcus aureus,Negative
3457,dbAMP_34339,Staphylococcus aureus,Negative
3458,dbAMP_24058,Klebsiella pneumoniae,Negative
3459,dbAMP_20501,Escherichia coli,Negative
3460,dbAMP_05788,Candida albicans,Negative
3461,dbAMP_33118,Enterobacter cloacae,Negative
3462,dbAMP_28739,Pseudomonas aeruginosa,Negative
3463,dbAMP_16192,Staphylococcus aureus,Negative
3464,dbAMP_16428,Pseudomonas aeruginosa,Negative
3465,DRAMP03897,Staphylococcus aureus,Negative
3466,dbAMP_18699,Pseudomonas aeruginosa,Negative
3467,dbAMP_33184,Staphylococcus aureus,Negative
3468,dbAMP_21429,Escherichia coli,Negative
3469,dbAMP_12270,Enterobacter cloacae,Negative
3470,dbAMP_01774,Candida albicans,Negative
3471,18216.0,Staphylococcus aureus,Negative
3472,20809.0,Staphylococcus aureus,Negative
3473,dbAMP_25011,Klebsiella pneumoniae,Negative
3474,dbAMP_03121,Candida albicans,Negative
3475,dbAMP_18706,Cryptococcus neoformans,Negative
3476,dbAMP_22650,Bacillus subtilis,Negative
3477,dbAMP_23970,Escherichia coli,Negative
3478,dbAMP_15849,Staphylococcus epidermidis,Negative
3479,dbAMP_19694,Klebsiella pneumoniae,Negative
3480,dbAMP_24357,Escherichia coli,Negative
3481,dbAMP_17370,Candida parapsilosis,Negative
3482,dbAMP_02478,Klebsiella pneumoniae,Negative
3483,dbAMP_05156,Salmonella enterica,Negative
3484,dbAMP_22667,Escherichia coli,Negative
3485,dbAMP_23131,Staphylococcus epidermidis,Negative
3486,20054.0,Pseudomonas aeruginosa,Negative
3487,dbAMP_22096,Escherichia coli,Negative
3488,dbAMP_17800,Staphylococcus aureus,Negative
3489,DRAMP03882,Staphylococcus aureus,Negative
3490,dbAMP_17782,Klebsiella pneumoniae,Negative
3491,dbAMP_18260,Escherichia coli,Negative
3492,dbAMP_23162,Enterococcus faecalis,Negative
3493,17508.0,Enterococcus faecium,Negative
3494,dbAMP_17095,Escherichia coli,Negative
3495,dbAMP_20314,Escherichia coli,Negative
3496,dbAMP_27576,Staphylococcus aureus,Negative
3497,dbAMP_19314,Escherichia coli,Negative
3498,dbAMP_33359,Pseudomonas aeruginosa,Negative
3499,21923.0,Staphylococcus epidermidis,Negative
3500,dbAMP_23256,Pseudomonas aeruginosa,Negative
3501,dbAMP_06081,Escherichia coli,Negative
3502,dbAMP_34386,Escherichia coli,Negative
3503,dbAMP_33186,Pseudomonas aeruginosa,Negative
3504,dbAMP_19583,Klebsiella pneumoniae,Negative
3505,17881.0,Candida albicans,Negative
3506,dbAMP_01811,Staphylococcus aureus,Negative
3507,dbAMP_21071,Escherichia coli,Negative
3508,dbAMP_05848,Candida albicans,Negative
3509,dbAMP_22166,Escherichia coli,Negative
3510,21502.0,Candida albicans,Negative
3511,dbAMP_19009,Pseudomonas aeruginosa,Negative
3512,dbAMP_18718,Pseudomonas aeruginosa,Negative
3513,18589.0,Candida albicans,Negative
3514,20165.0,Pseudomonas aeruginosa,Negative
3515,dbAMP_18168,Escherichia coli,Negative
3516,dbAMP_12359,Candida albicans,Negative
3517,dbAMP_25358,Pseudomonas aeruginosa,Negative
3518,20362.0,Staphylococcus aureus,Negative
3519,dbAMP_33204,Candida albicans,Negative
3520,dbAMP_17319,Staphylococcus aureus,Negative
3521,dbAMP_04689,Staphylococcus epidermidis,Negative
3522,dbAMP_28800,Pseudomonas aeruginosa,Negative
3523,dbAMP_16564,Candida albicans,Negative
3524,dbAMP_25107,Escherichia coli,Negative
3525,dbAMP_24682,Staphylococcus aureus,Negative
3526,dbAMP_19639,Staphylococcus aureus,Negative
3527,dbAMP_01912,Pseudomonas aeruginosa,Negative
3528,dbAMP_22242,Staphylococcus epidermidis,Negative
3529,dbAMP_23112,Enterococcus faecalis,Negative
3530,dbAMP_33943,Enterococcus faecium,Negative
3531,dbAMP_24371,Salmonella enterica,Negative
3532,22012.0,Escherichia coli,Negative
3533,dbAMP_24386,Pseudomonas aeruginosa,Negative
3534,18330.0,Enterococcus faecalis,Negative
3535,dbAMP_16374,Bacillus subtilis,Negative
3536,dbAMP_22015,Staphylococcus aureus,Negative
3537,dbAMP_17202,Staphylococcus aureus,Negative
3538,dbAMP_20398,Staphylococcus aureus,Negative
3539,dbAMP_18978,Staphylococcus aureus,Negative
3540,dbAMP_24289,Escherichia coli,Negative
3541,17469.0,Pseudomonas aeruginosa,Negative
3542,dbAMP_18720,Staphylococcus epidermidis,Negative
3543,20352.0,Staphylococcus aureus,Negative
3544,dbAMP_17897,Staphylococcus epidermidis,Negative
3545,dbAMP_02637,Staphylococcus aureus,Negative
3546,dbAMP_21984,Pseudomonas aeruginosa,Negative
3547,dbAMP_16391,Candida albicans,Negative
3548,dbAMP_34038,Escherichia coli,Negative
3549,dbAMP_14876,Salmonella enterica,Negative
3550,dbAMP_32993,Candida albicans,Negative
3551,18474.0,Escherichia coli,Negative
3552,dbAMP_05625,Micrococcus luteus,Negative
3553,dbAMP_09682,Candida albicans,Negative
3554,21971.0,Pseudomonas aeruginosa,Negative
3555,DRAMP03140,Listeria monocytogenes,Negative
3556,dbAMP_22082,Staphylococcus aureus,Negative
3557,dbAMP_16002,Staphylococcus aureus,Negative
3558,dbAMP_29462,Escherichia coli,Negative
3559,dbAMP_17376,Pseudomonas aeruginosa,Negative
3560,19138.0,Bacillus subtilis,Negative
3561,dbAMP_22880,Candida albicans,Negative
3562,dbAMP_17116,Escherichia coli,Negative
3563,dbAMP_24344,Escherichia coli,Negative
3564,dbAMP_15858,Bacillus subtilis,Negative
3565,20045.0,Escherichia coli,Negative
3566,dbAMP_33590,Listeria monocytogenes,Negative
3567,18622.0,Escherichia coli,Negative
3568,dbAMP_04014,Candida albicans,Negative
3569,dbAMP_00387,Listeria monocytogenes,Negative
3570,dbAMP_14725,Salmonella enterica,Negative
3571,21644.0,Escherichia coli,Negative
3572,dbAMP_21081,Escherichia coli,Negative
3573,dbAMP_04506,Escherichia coli,Negative
3574,dbAMP_03322,Enterococcus faecalis,Negative
3575,dbAMP_18034,Enterococcus faecium,Negative
3576,dbAMP_02995,Pseudomonas aeruginosa,Negative
3577,dbAMP_19847,Pseudomonas aeruginosa,Negative
3578,dbAMP_22332,Bacillus cereus,Negative
3579,20576.0,Staphylococcus aureus,Negative
3580,dbAMP_18526,Klebsiella pneumoniae,Negative
3581,dbAMP_16082,Escherichia coli,Negative
3582,20166.0,Enterococcus faecium,Negative
3583,dbAMP_23136,Candida albicans,Negative
3584,dbAMP_16090,Pseudomonas aeruginosa,Negative
3585,dbAMP_22263,Staphylococcus aureus,Negative
3586,dbAMP_20344,Staphylococcus aureus,Negative
3587,19441.0,Candida albicans,Negative
3588,21073.0,Salmonella enterica,Negative
3589,dbAMP_33223,Pseudomonas aeruginosa,Negative
3590,22161.0,Pseudomonas aeruginosa,Negative
3591,dbAMP_03238,Micrococcus luteus,Negative
3592,dbAMP_16751,Escherichia coli,Negative
3593,dbAMP_17769,Escherichia coli,Negative
3594,dbAMP_18688,Staphylococcus aureus,Negative
3595,dbAMP_16910,Enterococcus faecalis,Negative
3596,15.0,Acinetobacter baumannii,Negative
3597,dbAMP_32477,Escherichia coli,Negative
3598,dbAMP_05178,Staphylococcus aureus,Negative
3599,17817.0,Pseudomonas aeruginosa,Negative
3600,17440.0,Escherichia coli,Negative
3601,dbAMP_33210,Candida albicans,Negative
3602,20535.0,Escherichia coli,Negative
3603,dbAMP_11278,Enterococcus faecalis,Negative
3604,dbAMP_18673,Staphylococcus aureus,Negative
3605,dbAMP_22881,Candida albicans,Negative
3606,dbAMP_24345,Klebsiella pneumoniae,Negative
3607,dbAMP_33205,Staphylococcus aureus,Negative
3608,22284.0,Acinetobacter baumannii,Negative
3609,dbAMP_32927,Escherichia coli,Negative
3610,dbAMP_33943,Escherichia coli,Negative
3611,dbAMP_22525,Escherichia coli,Negative
3612,19924.0,Enterococcus faecalis,Negative
3613,dbAMP_09718,Listeria monocytogenes,Negative
3614,19852.0,Pseudomonas aeruginosa,Negative
3615,dbAMP_22496,Candida albicans,Negative
3616,dbAMP_33330,Pseudomonas aeruginosa,Negative
3617,21926.0,Enterococcus faecalis,Negative
3618,dbAMP_20727,Staphylococcus epidermidis,Negative
3619,dbAMP_34292,Staphylococcus aureus,Negative
3620,dbAMP_18245,Staphylococcus aureus,Negative
3621,dbAMP_18991,Pseudomonas aeruginosa,Negative
3622,dbAMP_22558,Pseudomonas aeruginosa,Negative
3623,dbAMP_14712,Micrococcus luteus,Negative
3624,dbAMP_16134,Micrococcus luteus,Negative
3625,dbAMP_18715,Pseudomonas aeruginosa,Negative
3626,dbAMP_18133,Salmonella enterica,Negative
3627,dbAMP_18510,Acinetobacter baumannii,Negative
3628,dbAMP_23114,Escherichia coli,Negative
3629,dbAMP_31713,Pseudomonas aeruginosa,Negative
3630,dbAMP_19021,Klebsiella pneumoniae,Negative
3631,dbAMP_31185,Enterococcus faecium,Negative
3632,dbAMP_18422,Salmonella enterica,Negative
3633,dbAMP_19066,Bacillus cereus,Negative
3634,dbAMP_17775,Enterococcus faecalis,Negative
3635,20375.0,Escherichia coli,Negative
3636,dbAMP_34288,Escherichia coli,Negative
3637,dbAMP_21983,Staphylococcus aureus,Negative
3638,dbAMP_03400,Escherichia coli,Negative
3639,dbAMP_34226,Staphylococcus aureus,Negative
3640,dbAMP_18070,Klebsiella pneumoniae,Negative
3641,21325.0,Escherichia coli,Negative
3642,dbAMP_25093,Escherichia coli,Negative
3643,19265.0,Escherichia coli,Negative
3644,dbAMP_04321,Pseudomonas aeruginosa,Negative
3645,dbAMP_17431,Klebsiella pneumoniae,Negative
3646,19528.0,Staphylococcus epidermidis,Negative
3647,17330.0,Candida albicans,Negative
3648,dbAMP_02129,Escherichia coli,Negative
3649,dbAMP_18213,Pseudomonas aeruginosa,Negative
3650,22023.0,Escherichia coli,Negative
3651,dbAMP_20882,Bacillus subtilis,Negative
3652,dbAMP_34162,Staphylococcus aureus,Negative
3653,19285.0,Enterococcus faecalis,Negative
3654,dbAMP_04784,Pseudomonas aeruginosa,Negative
3655,dbAMP_21074,Escherichia coli,Negative
3656,dbAMP_17979,Escherichia coli,Negative
3657,17880.0,Pseudomonas aeruginosa,Negative
3658,dbAMP_20721,Staphylococcus aureus,Negative
3659,dbAMP_22344,Escherichia coli,Negative
3660,dbAMP_04304,Bacillus megaterium,Negative
3661,dbAMP_01653,Pseudomonas aeruginosa,Negative
3662,dbAMP_22315,Escherichia coli,Negative
3663,dbAMP_18920,Bacillus subtilis,Negative
3664,dbAMP_24362,Salmonella enterica,Negative
3665,dbAMP_02460,Escherichia coli,Negative
3666,dbAMP_20847,Bacillus subtilis,Negative
3667,dbAMP_16868,Salmonella enterica,Negative
3668,dbAMP_20946,Pseudomonas aeruginosa,Negative
3669,dbAMP_21526,Escherichia coli,Negative
3670,21986.0,Bacillus subtilis,Negative
3671,dbAMP_04575,Escherichia coli,Negative
3672,dbAMP_19380,Enterococcus faecalis,Negative
3673,21310.0,Escherichia coli,Negative
3674,dbAMP_24823,Candida albicans,Negative
3675,dbAMP_22669,Staphylococcus aureus,Negative
3676,dbAMP_33344,Pseudomonas aeruginosa,Negative
3677,dbAMP_23951,Escherichia coli,Negative
3678,21537.0,Pseudomonas aeruginosa,Negative
3679,dbAMP_25021,Escherichia coli,Negative
3680,dbAMP_02014,Enterococcus faecium,Negative
3681,dbAMP_21736,Escherichia coli,Negative
3682,dbAMP_22848,Salmonella enterica,Negative
3683,21661.0,Escherichia coli,Negative
3684,dbAMP_16685,Escherichia coli,Negative
3685,dbAMP_22616,Bacillus megaterium,Negative
3686,dbAMP_21222,Acinetobacter baumannii,Negative
3687,dbAMP_34320,Escherichia coli,Negative
3688,dbAMP_17653,Staphylococcus aureus,Negative
3689,17520.0,Pseudomonas aeruginosa,Negative
3690,dbAMP_33159,Candida albicans,Negative
3691,20043.0,Enterococcus faecalis,Negative
3692,dbAMP_19867,Staphylococcus epidermidis,Negative
3693,18655.0,Pseudomonas aeruginosa,Negative
3694,dbAMP_23554,Micrococcus luteus,Negative
3695,dbAMP_04647,Staphylococcus aureus,Negative
3696,DRAMP01844,Enterococcus faecalis,Negative
3697,dbAMP_16660,Candida albicans,Negative
3698,dbAMP_16332,Escherichia coli,Negative
3699,dbAMP_19723,Acinetobacter baumannii,Negative
3700,dbAMP_21726,Candida albicans,Negative
3701,dbAMP_23281,Klebsiella pneumoniae,Negative
3702,dbAMP_21853,Bacillus subtilis,Negative
3703,19913.0,Pseudomonas aeruginosa,Negative
3704,dbAMP_18719,Escherichia coli,Negative
3705,dbAMP_17697,Pseudomonas aeruginosa,Negative
3706,dbAMP_17329,Staphylococcus epidermidis,Negative
3707,dbAMP_20703,Klebsiella pneumoniae,Negative
3708,dbAMP_11047,Pseudomonas aeruginosa,Negative
3709,18074.0,Escherichia coli,Negative
3710,dbAMP_22558,Escherichia coli,Negative
3711,dbAMP_34401,Candida albicans,Negative
3712,dbAMP_12767,Escherichia coli,Negative
3713,dbAMP_21039,Bacillus subtilis,Negative
3714,dbAMP_24882,Staphylococcus aureus,Negative
3715,17439.0,Acinetobacter baumannii,Negative
3716,21051.0,Listeria monocytogenes,Negative
3717,dbAMP_31781,Escherichia coli,Negative
3718,DRAMP18669,Pseudomonas aeruginosa,Negative
3719,19607.0,Bacillus subtilis,Negative
3720,dbAMP_01730,Escherichia coli,Negative
3721,dbAMP_18911,Acinetobacter baumannii,Negative
3722,21726.0,Enterococcus faecalis,Negative
3723,18054.0,Pseudomonas aeruginosa,Negative
3724,19580.0,Enterococcus faecalis,Negative
3725,19923.0,Acinetobacter baumannii,Negative
3726,dbAMP_22272,Escherichia coli,Negative
3727,dbAMP_15937,Staphylococcus aureus,Negative
3728,dbAMP_01767,Pseudomonas aeruginosa,Negative
3729,dbAMP_19246,Pseudomonas aeruginosa,Negative
3730,17247.0,Acinetobacter baumannii,Negative
3731,dbAMP_32065,Staphylococcus aureus,Negative
3732,dbAMP_34399,Candida albicans,Negative
3733,dbAMP_33114,Escherichia coli,Negative
3734,18735.0,Escherichia coli,Negative
3735,dbAMP_20937,Pseudomonas aeruginosa,Negative
3736,21995.0,Candida albicans,Negative
3737,dbAMP_25280,Staphylococcus aureus,Negative
3738,dbAMP_27615,Klebsiella pneumoniae,Negative
3739,dbAMP_16207,Staphylococcus aureus,Negative
3740,dbAMP_11230,Candida parapsilosis,Negative
3741,dbAMP_03402,Bacillus megaterium,Negative
3742,dbAMP_25150,Klebsiella pneumoniae,Negative
3743,dbAMP_24198,Listeria monocytogenes,Negative
3744,dbAMP_15768,Staphylococcus aureus,Negative
3745,dbAMP_15746,Pseudomonas aeruginosa,Negative
3746,dbAMP_19058,Bacillus subtilis,Negative
3747,21948.0,Pseudomonas aeruginosa,Negative
3748,20076.0,Acinetobacter baumannii,Negative
3749,dbAMP_23103,Klebsiella pneumoniae,Negative
3750,dbAMP_16440,Escherichia coli,Negative
3751,19521.0,Staphylococcus aureus,Negative
3752,dbAMP_16421,Pseudomonas aeruginosa,Negative
3753,dbAMP_22419,Staphylococcus aureus,Negative
3754,dbAMP_31702,Pseudomonas aeruginosa,Negative
3755,dbAMP_28731,Candida parapsilosis,Negative
3756,dbAMP_14695,Candida albicans,Negative
3757,dbAMP_24051,Klebsiella pneumoniae,Negative
3758,dbAMP_05451,Escherichia coli,Negative
3759,22283.0,Pseudomonas aeruginosa,Negative
3760,dbAMP_23117,Staphylococcus aureus,Negative
3761,19519.0,Pseudomonas aeruginosa,Negative
3762,9825.0,Pseudomonas aeruginosa,Negative
3763,dbAMP_31208,Cryptococcus neoformans,Negative
3764,17503.0,Staphylococcus aureus,Negative
3765,dbAMP_22372,Bacillus cereus,Negative
3766,dbAMP_22582,Staphylococcus aureus,Negative
3767,dbAMP_23986,Klebsiella pneumoniae,Negative
3768,dbAMP_05647,Candida albicans,Negative
3769,dbAMP_23588,Escherichia coli,Negative
3770,dbAMP_20939,Pseudomonas aeruginosa,Negative
3771,18064.0,Pseudomonas aeruginosa,Negative
3772,dbAMP_31966,Pseudomonas aeruginosa,Negative
3773,dbAMP_19580,Acinetobacter baumannii,Negative
3774,19912.0,Pseudomonas aeruginosa,Negative
3775,17814.0,Pseudomonas aeruginosa,Negative
3776,dbAMP_16276,Escherichia coli,Negative
3777,dbAMP_23673,Bacillus subtilis,Negative
3778,dbAMP_22661,Staphylococcus aureus,Negative
3779,dbAMP_31876,Escherichia coli,Negative
3780,dbAMP_00943,Staphylococcus aureus,Negative
3781,dbAMP_31137,Klebsiella pneumoniae,Negative
3782,dbAMP_11190,Staphylococcus epidermidis,Negative
3783,dbAMP_14833,Staphylococcus aureus,Negative
3784,17503.0,Candida albicans,Negative
3785,dbAMP_17762,Enterococcus faecalis,Negative
3786,dbAMP_18883,Pseudomonas aeruginosa,Negative
3787,22148.0,Pseudomonas aeruginosa,Negative
3788,dbAMP_21000,Pseudomonas aeruginosa,Negative
3789,dbAMP_17769,Enterococcus faecalis,Negative
3790,dbAMP_22675,Staphylococcus epidermidis,Negative
3791,2999.0,Escherichia coli,Negative
3792,dbAMP_20526,Enterococcus faecalis,Negative
3793,dbAMP_18194,Klebsiella pneumoniae,Negative
3794,17442.0,Cryptococcus neoformans,Negative
3795,dbAMP_03328,Bacillus cereus,Negative
3796,dbAMP_16907,Salmonella enterica,Negative
3797,20040.0,Enterococcus faecalis,Negative
3798,dbAMP_18136,Salmonella enterica,Negative
3799,dbAMP_09694,Bacillus megaterium,Negative
3800,dbAMP_20741,Pseudomonas aeruginosa,Negative
3801,dbAMP_20132,Acinetobacter baumannii,Negative
3802,dbAMP_21080,Enterococcus faecalis,Negative
3803,dbAMP_00236,Klebsiella pneumoniae,Negative
3804,dbAMP_25327,Staphylococcus aureus,Negative
3805,dbAMP_11923,Pseudomonas aeruginosa,Negative
3806,dbAMP_24221,Staphylococcus aureus,Negative
3807,dbAMP_28790,Pseudomonas aeruginosa,Negative
3808,dbAMP_19281,Escherichia coli,Negative
3809,dbAMP_19702,Escherichia coli,Negative
3810,dbAMP_21155,Escherichia coli,Negative
3811,dbAMP_23830,Staphylococcus aureus,Negative
3812,20295.0,Listeria monocytogenes,Negative
3813,dbAMP_17896,Salmonella enterica,Negative
3814,dbAMP_33359,Candida albicans,Negative
3815,dbAMP_33208,Candida albicans,Negative
3816,dbAMP_31776,Candida albicans,Negative
3817,dbAMP_23174,Enterobacter cloacae,Negative
3818,dbAMP_03776,Klebsiella pneumoniae,Negative
3819,dbAMP_04208,Staphylococcus aureus,Negative
3820,20954.0,Pseudomonas aeruginosa,Negative
3821,dbAMP_09904,Candida albicans,Negative
3822,17668.0,Pseudomonas aeruginosa,Negative
3823,19825.0,Enterococcus faecalis,Negative
3824,dbAMP_03789,Bacillus cereus,Negative
3825,20584.0,Staphylococcus aureus,Negative
3826,22291.0,Staphylococcus aureus,Negative
3827,dbAMP_20861,Staphylococcus aureus,Negative
3828,18327.0,Pseudomonas aeruginosa,Negative
3829,22214.0,Staphylococcus epidermidis,Negative
3830,19353.0,Klebsiella pneumoniae,Negative
3831,dbAMP_22517,Escherichia coli,Negative
3832,dbAMP_11753,Pseudomonas aeruginosa,Negative
3833,dbAMP_23493,Candida albicans,Negative
3834,dbAMP_01913,Acinetobacter baumannii,Negative
3835,dbAMP_22086,Bacillus subtilis,Negative
3836,dbAMP_31133,Klebsiella pneumoniae,Negative
3837,dbAMP_12838,Candida albicans,Negative
3838,19831.0,Candida albicans,Negative
3839,21794.0,Escherichia coli,Negative
3840,20544.0,Pseudomonas aeruginosa,Negative
3841,dbAMP_04488,Enterococcus faecalis,Negative
3842,19635.0,Staphylococcus aureus,Negative
3843,dbAMP_16250,Escherichia coli,Negative
3844,dbAMP_24493,Enterococcus faecalis,Negative
3845,dbAMP_14923,Bacillus subtilis,Negative
3846,dbAMP_32661,Escherichia coli,Negative
3847,dbAMP_23628,Staphylococcus epidermidis,Negative
3848,dbAMP_16407,Pseudomonas aeruginosa,Negative
3849,dbAMP_20283,Staphylococcus aureus,Negative
3850,dbAMP_18137,Pseudomonas aeruginosa,Negative
3851,dbAMP_16878,Klebsiella pneumoniae,Negative
3852,dbAMP_10411,Candida albicans,Negative
3853,22288.0,Escherichia coli,Negative
3854,dbAMP_24683,Staphylococcus aureus,Negative
3855,dbAMP_15945,Candida albicans,Negative
3856,20597.0,Salmonella enterica,Negative
3857,14669.0,Escherichia coli,Negative
3858,20597.0,Staphylococcus epidermidis,Negative
3859,dbAMP_32060,Escherichia coli,Negative
3860,dbAMP_21922,Pseudomonas aeruginosa,Negative
3861,dbAMP_00627,Escherichia coli,Negative
3862,dbAMP_16880,Staphylococcus aureus,Negative
3863,dbAMP_19566,Staphylococcus aureus,Negative
3864,dbAMP_18688,Candida albicans,Negative
3865,dbAMP_18407,Candida albicans,Negative
3866,22377.0,Acinetobacter baumannii,Negative
3867,dbAMP_34228,Escherichia coli,Negative
3868,20496.0,Enterococcus faecalis,Negative
3869,dbAMP_18013,Candida albicans,Negative
3870,dbAMP_23694,Escherichia coli,Negative
3871,17437.0,Acinetobacter baumannii,Negative
3872,17523.0,Acinetobacter baumannii,Negative
3873,19084.0,Escherichia coli,Negative
3874,21460.0,Escherichia coli,Negative
3875,dbAMP_18871,Staphylococcus aureus,Negative
3876,dbAMP_33441,Klebsiella pneumoniae,Negative
3877,dbAMP_16379,Klebsiella pneumoniae,Negative
3878,dbAMP_03136,Staphylococcus aureus,Negative
3879,dbAMP_21052,Escherichia coli,Negative
3880,dbAMP_16375,Enterobacter cloacae,Negative
3881,dbAMP_19318,Escherichia coli,Negative
3882,dbAMP_21147,Acinetobacter baumannii,Negative
3883,dbAMP_19850,Staphylococcus aureus,Negative
3884,dbAMP_23639,Staphylococcus aureus,Negative
3885,dbAMP_25240,Candida albicans,Negative
3886,17592.0,Escherichia coli,Negative
3887,dbAMP_03073,Staphylococcus aureus,Negative
3888,dbAMP_27112,Klebsiella pneumoniae,Negative
3889,dbAMP_27216,Escherichia coli,Negative
3890,dbAMP_02068,Bacillus cereus,Negative
3891,17625.0,Pseudomonas aeruginosa,Negative
3892,dbAMP_24294,Escherichia coli,Negative
3893,dbAMP_19213,Klebsiella pneumoniae,Negative
3894,dbAMP_33138,Pseudomonas aeruginosa,Negative
3895,dbAMP_18072,Escherichia coli,Negative
3896,dbAMP_00696,Staphylococcus aureus,Negative
3897,dbAMP_19107,Escherichia coli,Negative
3898,dbAMP_00752,Staphylococcus epidermidis,Negative
3899,dbAMP_14880,Pseudomonas aeruginosa,Negative
3900,dbAMP_16393,Candida albicans,Negative
3901,dbAMP_01474,Staphylococcus aureus,Negative
3902,dbAMP_16406,Bacillus subtilis,Negative
3903,dbAMP_21143,Klebsiella pneumoniae,Negative
3904,dbAMP_17371,Candida parapsilosis,Negative
3905,dbAMP_18371,Pseudomonas aeruginosa,Negative
3906,18104.0,Salmonella enterica,Negative
3907,18474.0,Candida albicans,Negative
3908,20573.0,Klebsiella pneumoniae,Negative
3909,dbAMP_16524,Candida albicans,Negative
3910,734.0,Micrococcus luteus,Negative
3911,dbAMP_05156,Escherichia coli,Negative
3912,dbAMP_21738,Pseudomonas aeruginosa,Negative
3913,dbAMP_24544,Pseudomonas aeruginosa,Negative
3914,dbAMP_21811,Micrococcus luteus,Negative
3915,dbAMP_01941,Enterobacter cloacae,Negative
3916,dbAMP_22654,Escherichia coli,Negative
3917,dbAMP_19055,Enterococcus faecium,Negative
3918,dbAMP_23516,Bacillus subtilis,Negative
3919,dbAMP_27193,Escherichia coli,Negative
3920,dbAMP_15957,Candida parapsilosis,Negative
3921,dbAMP_31635,Staphylococcus aureus,Negative
3922,dbAMP_10427,Enterococcus faecalis,Negative
3923,dbAMP_21750,Staphylococcus aureus,Negative
3924,dbAMP_23270,Escherichia coli,Negative
3925,dbAMP_09742,Staphylococcus aureus,Negative
3926,dbAMP_34318,Staphylococcus aureus,Negative
3927,dbAMP_27583,Candida albicans,Negative
3928,dbAMP_34236,Staphylococcus aureus,Negative
3929,17973.0,Staphylococcus aureus,Negative
3930,dbAMP_22542,Candida albicans,Negative
3931,dbAMP_18890,Pseudomonas aeruginosa,Negative
3932,19478.0,Staphylococcus aureus,Negative
3933,20397.0,Salmonella enterica,Negative
3934,dbAMP_21045,Candida albicans,Negative
3935,dbAMP_23113,Staphylococcus aureus,Negative
3936,dbAMP_23899,Staphylococcus aureus,Negative
3937,dbAMP_02049,Klebsiella pneumoniae,Negative
3938,dbAMP_20741,Staphylococcus epidermidis,Negative
3939,dbAMP_09718,Enterococcus faecalis,Negative
3940,dbAMP_05894,Staphylococcus epidermidis,Negative
3941,dbAMP_00987,Staphylococcus aureus,Negative
3942,dbAMP_18728,Staphylococcus aureus,Negative
3943,dbAMP_01657,Candida parapsilosis,Negative
3944,dbAMP_21048,Staphylococcus aureus,Negative
3945,dbAMP_16923,Escherichia coli,Negative
3946,dbAMP_15920,Candida albicans,Negative
3947,dbAMP_14804,Klebsiella pneumoniae,Negative
3948,15837.0,Staphylococcus aureus,Negative
3949,19003.0,Candida albicans,Negative
3950,6203.0,Candida albicans,Negative
3951,19152.0,Acinetobacter baumannii,Negative
3952,dbAMP_23986,Staphylococcus aureus,Negative
3953,dbAMP_33114,Enterobacter cloacae,Negative
3954,dbAMP_18094,Escherichia coli,Negative
3955,dbAMP_19702,Staphylococcus aureus,Negative
3956,dbAMP_23682,Salmonella enterica,Negative
3957,dbAMP_02219,Candida parapsilosis,Negative
3958,dbAMP_16103,Staphylococcus aureus,Negative
3959,dbAMP_24292,Pseudomonas aeruginosa,Negative
3960,dbAMP_22264,Staphylococcus aureus,Negative
3961,dbAMP_20728,Staphylococcus epidermidis,Negative
3962,dbAMP_21528,Candida albicans,Negative
3963,dbAMP_32994,Pseudomonas aeruginosa,Negative
3964,dbAMP_21531,Candida albicans,Negative
3965,dbAMP_00881,Micrococcus luteus,Negative
3966,dbAMP_12052,Candida albicans,Negative
3967,dbAMP_21653,Pseudomonas aeruginosa,Negative
3968,dbAMP_22852,Staphylococcus aureus,Negative
3969,dbAMP_33350,Pseudomonas aeruginosa,Negative
3970,dbAMP_16667,Escherichia coli,Negative
3971,20788.0,Candida albicans,Negative
3972,dbAMP_02076,Pseudomonas aeruginosa,Negative
3973,dbAMP_16306,Candida albicans,Negative
3974,dbAMP_17981,Escherichia coli,Negative
3975,dbAMP_22781,Enterococcus faecalis,Negative
3976,17439.0,Escherichia coli,Negative
3977,dbAMP_17968,Salmonella enterica,Negative
3978,dbAMP_22303,Bacillus cereus,Negative
3979,dbAMP_21133,Pseudomonas aeruginosa,Negative
3980,dbAMP_15874,Escherichia coli,Negative
3981,22159.0,Staphylococcus epidermidis,Negative
3982,dbAMP_22367,Escherichia coli,Negative
3983,dbAMP_17528,Staphylococcus epidermidis,Negative
3984,dbAMP_31962,Micrococcus luteus,Negative
3985,dbAMP_20722,Escherichia coli,Negative
3986,dbAMP_21829,Escherichia coli,Negative
3987,dbAMP_04237,Klebsiella pneumoniae,Negative
3988,dbAMP_16915,Staphylococcus aureus,Negative
3989,dbAMP_22615,Pseudomonas aeruginosa,Negative
3990,dbAMP_23289,Staphylococcus aureus,Negative
3991,dbAMP_03963,Escherichia coli,Negative
3992,dbAMP_20367,Pseudomonas aeruginosa,Negative
3993,dbAMP_20313,Escherichia coli,Negative
3994,dbAMP_19315,Pseudomonas aeruginosa,Negative
3995,dbAMP_17180,Candida albicans,Negative
3996,dbAMP_18901,Staphylococcus aureus,Negative
3997,dbAMP_22154,Pseudomonas aeruginosa,Negative
3998,21535.0,Klebsiella pneumoniae,Negative
3999,dbAMP_16137,Bacillus cereus,Negative
4000,dbAMP_04291,Pseudomonas aeruginosa,Negative
4001,dbAMP_20453,Klebsiella pneumoniae,Negative
4002,dbAMP_21733,Staphylococcus aureus,Negative
4003,dbAMP_34098,Klebsiella pneumoniae,Negative
4004,dbAMP_23686,Bacillus subtilis,Negative
4005,21919.0,Escherichia coli,Negative
4006,dbAMP_14693,Enterococcus faecalis,Negative
4007,dbAMP_21053,Klebsiella pneumoniae,Negative
4008,dbAMP_05737,Pseudomonas aeruginosa,Negative
4009,3114.0,Salmonella enterica,Negative
4010,dbAMP_18219,Escherichia coli,Negative
4011,9826.0,Pseudomonas aeruginosa,Negative
4012,dbAMP_17137,Bacillus subtilis,Negative
4013,dbAMP_02611,Staphylococcus aureus,Negative
4014,19523.0,Staphylococcus aureus,Negative
4015,dbAMP_19534,Bacillus cereus,Negative
4016,19528.0,Enterococcus faecalis,Negative
4017,20810.0,Escherichia coli,Negative
4018,dbAMP_04524,Bacillus megaterium,Negative
4019,dbAMP_18431,Candida parapsilosis,Negative
4020,dbAMP_15940,Pseudomonas aeruginosa,Negative
4021,dbAMP_20725,Enterococcus faecalis,Negative
4022,dbAMP_27286,Staphylococcus epidermidis,Negative
4023,20036.0,Acinetobacter baumannii,Negative
4024,dbAMP_24003,Escherichia coli,Negative
4025,11336.0,Candida albicans,Negative
4026,dbAMP_33312,Candida albicans,Negative
4027,17506.0,Pseudomonas aeruginosa,Negative
4028,dbAMP_25380,Staphylococcus epidermidis,Negative
4029,dbAMP_28617,Pseudomonas aeruginosa,Negative
4030,dbAMP_04996,Acinetobacter baumannii,Negative
4031,dbAMP_16426,Staphylococcus aureus,Negative
4032,22128.0,Bacillus subtilis,Negative
4033,18077.0,Klebsiella pneumoniae,Negative
4034,dbAMP_22074,Micrococcus luteus,Negative
4035,dbAMP_28800,Klebsiella pneumoniae,Negative
4036,dbAMP_20764,Pseudomonas aeruginosa,Negative
4037,17325.0,Pseudomonas aeruginosa,Negative
4038,4584.0,Candida albicans,Negative
4039,18209.0,Pseudomonas aeruginosa,Negative
4040,dbAMP_16752,Escherichia coli,Negative
4041,dbAMP_16142,Candida albicans,Negative
4042,dbAMP_17772,Staphylococcus aureus,Negative
4043,dbAMP_10653,Pseudomonas aeruginosa,Negative
4044,dbAMP_31785,Staphylococcus aureus,Negative
4045,dbAMP_18961,Staphylococcus aureus,Negative
4046,dbAMP_19721,Klebsiella pneumoniae,Negative
4047,dbAMP_21142,Staphylococcus aureus,Negative
4048,dbAMP_02140,Escherichia coli,Negative
4049,22216.0,Staphylococcus epidermidis,Negative
4050,dbAMP_22546,Bacillus subtilis,Negative
4051,dbAMP_14906,Bacillus subtilis,Negative
4052,21656.0,Acinetobacter baumannii,Negative
4053,dbAMP_17385,Staphylococcus aureus,Negative
4054,21501.0,Pseudomonas aeruginosa,Negative
4055,21916.0,Escherichia coli,Negative
4056,21924.0,Bacillus subtilis,Negative
4057,dbAMP_22260,Bacillus cereus,Negative
4058,dbAMP_10825,Escherichia coli,Negative
4059,10252.0,Escherichia coli,Negative
4060,dbAMP_00568,Enterococcus faecalis,Negative
4061,dbAMP_19581,Pseudomonas aeruginosa,Negative
4062,19517.0,Staphylococcus aureus,Negative
4063,21468.0,Acinetobacter baumannii,Negative
4064,dbAMP_19579,Enterobacter cloacae,Negative
4065,dbAMP_19840,Staphylococcus aureus,Negative
4066,dbAMP_24560,Escherichia coli,Negative
4067,dbAMP_18468,Staphylococcus epidermidis,Negative
4068,20806.0,Enterococcus faecalis,Negative
4069,dbAMP_28473,Bacillus subtilis,Negative
4070,dbAMP_34257,Staphylococcus aureus,Negative
4071,dbAMP_24889,Pseudomonas aeruginosa,Negative
4072,18039.0,Staphylococcus aureus,Negative
4073,dbAMP_22600,Bacillus megaterium,Negative
4074,dbAMP_05740,Escherichia coli,Negative
4075,dbAMP_18705,Staphylococcus aureus,Negative
4076,dbAMP_17783,Klebsiella pneumoniae,Negative
4077,19847.0,Klebsiella pneumoniae,Negative
4078,21642.0,Acinetobacter baumannii,Negative
4079,dbAMP_21390,Staphylococcus aureus,Negative
4080,20503.0,Enterobacter cloacae,Negative
4081,17105.0,Bacillus subtilis,Negative
4082,19479.0,Acinetobacter baumannii,Negative
4083,dbAMP_01909,Escherichia coli,Negative
4084,dbAMP_32923,Escherichia coli,Negative
4085,dbAMP_18015,Micrococcus luteus,Negative
4086,dbAMP_20418,Klebsiella pneumoniae,Negative
4087,dbAMP_19003,Pseudomonas aeruginosa,Negative
4088,dbAMP_18882,Klebsiella pneumoniae,Negative
4089,dbAMP_18407,Candida parapsilosis,Negative
4090,dbAMP_10311,Pseudomonas aeruginosa,Negative
4091,dbAMP_20729,Enterococcus faecalis,Negative
4092,dbAMP_11776,Candida albicans,Negative
4093,22274.0,Pseudomonas aeruginosa,Negative
4094,dbAMP_31861,Candida albicans,Negative
4095,dbAMP_10582,Pseudomonas aeruginosa,Negative
4096,18735.0,Staphylococcus aureus,Negative
4097,21533.0,Staphylococcus aureus,Negative
4098,dbAMP_17975,Pseudomonas aeruginosa,Negative
4099,dbAMP_05144,Escherichia coli,Negative
4100,dbAMP_19016,Klebsiella pneumoniae,Negative
4101,7783.0,Candida albicans,Negative
4102,dbAMP_03676,Staphylococcus aureus,Negative
4103,dbAMP_16885,Candida albicans,Negative
4104,dbAMP_20142,Candida albicans,Negative
4105,dbAMP_12945,Staphylococcus epidermidis,Negative
4106,dbAMP_25105,Escherichia coli,Negative
4107,dbAMP_18886,Klebsiella pneumoniae,Negative
4108,dbAMP_22227,Enterococcus faecalis,Negative
4109,dbAMP_16332,Bacillus megaterium,Negative
4110,19152.0,Klebsiella pneumoniae,Negative
4111,20367.0,Salmonella enterica,Negative
4112,dbAMP_22315,Bacillus cereus,Negative
4113,dbAMP_04734,Klebsiella pneumoniae,Negative
4114,18072.0,Staphylococcus aureus,Negative
4115,dbAMP_04157,Staphylococcus aureus,Negative
4116,dbAMP_24291,Klebsiella pneumoniae,Negative
4117,dbAMP_16250,Candida albicans,Negative
4118,dbAMP_02778,Pseudomonas aeruginosa,Negative
4119,dbAMP_18740,Klebsiella pneumoniae,Negative
4120,dbAMP_17318,Escherichia coli,Negative
4121,dbAMP_11129,Pseudomonas aeruginosa,Negative
4122,22273.0,Escherichia coli,Negative
4123,dbAMP_24565,Pseudomonas aeruginosa,Negative
4124,20328.0,Staphylococcus aureus,Negative
4125,dbAMP_17340,Listeria monocytogenes,Negative
4126,dbAMP_21050,Staphylococcus aureus,Negative
4127,dbAMP_21034,Escherichia coli,Negative
4128,dbAMP_19065,Bacillus cereus,Negative
4129,dbAMP_18136,Escherichia coli,Negative
4130,dbAMP_17682,Pseudomonas aeruginosa,Negative
4131,dbAMP_31782,Escherichia coli,Negative
4132,dbAMP_20765,Klebsiella pneumoniae,Negative
4133,18112.0,Staphylococcus aureus,Negative
4134,20274.0,Pseudomonas aeruginosa,Negative
4135,dbAMP_15967,Escherichia coli,Negative
4136,22251.0,Staphylococcus aureus,Negative
4137,dbAMP_02710,Pseudomonas aeruginosa,Negative
4138,dbAMP_23594,Micrococcus luteus,Negative
4139,dbAMP_02687,Staphylococcus epidermidis,Negative
4140,DRAMP21620,Escherichia coli,Negative
4141,18171.0,Pseudomonas aeruginosa,Negative
4142,dbAMP_22928,Candida albicans,Negative
4143,dbAMP_25023,Escherichia coli,Negative
4144,20957.0,Staphylococcus aureus,Negative
4145,dbAMP_22260,Staphylococcus aureus,Negative
4146,dbAMP_17785,Klebsiella pneumoniae,Negative
4147,dbAMP_19065,Salmonella enterica,Negative
4148,dbAMP_04234,Escherichia coli,Negative
4149,19860.0,Escherichia coli,Negative
4150,dbAMP_33213,Pseudomonas aeruginosa,Negative
4151,dbAMP_34354,Staphylococcus aureus,Negative
4152,18040.0,Staphylococcus aureus,Negative
4153,7783.0,Bacillus subtilis,Negative
4154,dbAMP_23841,Staphylococcus aureus,Negative
4155,18066.0,Staphylococcus aureus,Negative
4156,dbAMP_20276,Klebsiella pneumoniae,Negative
4157,dbAMP_16242,Pseudomonas aeruginosa,Negative
4158,dbAMP_33284,Staphylococcus aureus,Negative
4159,dbAMP_33220,Pseudomonas aeruginosa,Negative
4160,18046.0,Klebsiella pneumoniae,Negative
4161,dbAMP_19054,Salmonella enterica,Negative
4162,dbAMP_18689,Candida albicans,Negative
4163,19821.0,Staphylococcus aureus,Negative
4164,dbAMP_17099,Salmonella enterica,Negative
4165,dbAMP_16262,Staphylococcus aureus,Negative
4166,11025.0,Staphylococcus epidermidis,Negative
4167,dbAMP_24352,Staphylococcus aureus,Negative
4168,dbAMP_18174,Escherichia coli,Negative
4169,22287.0,Pseudomonas aeruginosa,Negative
4170,20380.0,Escherichia coli,Negative
4171,dbAMP_34038,Salmonella enterica,Negative
4172,dbAMP_23529,Staphylococcus epidermidis,Negative
4173,dbAMP_10779,Staphylococcus epidermidis,Negative
4174,dbAMP_02420,Pseudomonas aeruginosa,Negative
4175,dbAMP_27566,Staphylococcus aureus,Negative
4176,dbAMP_15826,Staphylococcus epidermidis,Negative
4177,dbAMP_00235,Salmonella enterica,Negative
4178,dbAMP_19578,Enterobacter cloacae,Negative
4179,dbAMP_24757,Salmonella enterica,Negative
4180,22296.0,Klebsiella pneumoniae,Negative
4181,17516.0,Enterococcus faecium,Negative
4182,dbAMP_03659,Escherichia coli,Negative
4183,dbAMP_24222,Candida albicans,Negative
4184,dbAMP_21839,Escherichia coli,Negative
4185,dbAMP_24241,Escherichia coli,Negative
4186,dbAMP_24604,Escherichia coli,Negative
4187,dbAMP_32419,Candida albicans,Negative
4188,dbAMP_23682,Escherichia coli,Negative
4189,dbAMP_19705,Staphylococcus aureus,Negative
4190,dbAMP_23271,Escherichia coli,Negative
4191,19847.0,Escherichia coli,Negative
4192,dbAMP_01952,Klebsiella pneumoniae,Negative
4193,dbAMP_24493,Pseudomonas aeruginosa,Negative
4194,dbAMP_14242,Candida albicans,Negative
4195,dbAMP_21695,Micrococcus luteus,Negative
4196,dbAMP_33239,Candida albicans,Negative
4197,dbAMP_16740,Pseudomonas aeruginosa,Negative
4198,dbAMP_01819,Pseudomonas aeruginosa,Negative
4199,19610.0,Pseudomonas aeruginosa,Negative
4200,20498.0,Staphylococcus aureus,Negative
4201,17502.0,Acinetobacter baumannii,Negative
4202,dbAMP_24062,Pseudomonas aeruginosa,Negative
4203,dbAMP_33165,Pseudomonas aeruginosa,Negative
4204,dbAMP_16879,Klebsiella pneumoniae,Negative
4205,dbAMP_02140,Klebsiella pneumoniae,Negative
4206,21189.0,Staphylococcus aureus,Negative
4207,dbAMP_18678,Candida albicans,Negative
4208,dbAMP_24539,Pseudomonas aeruginosa,Negative
4209,dbAMP_18040,Candida parapsilosis,Negative
4210,dbAMP_22668,Salmonella enterica,Negative
4211,22377.0,Candida albicans,Negative
4212,17330.0,Pseudomonas aeruginosa,Negative
4213,dbAMP_21525,Staphylococcus aureus,Negative
4214,dbAMP_18886,Enterococcus faecalis,Negative
4215,dbAMP_15937,Candida albicans,Negative
4216,dbAMP_18732,Staphylococcus aureus,Negative
4217,18758.0,Staphylococcus aureus,Negative
4218,dbAMP_23970,Enterococcus faecalis,Negative
4219,dbAMP_16212,Staphylococcus aureus,Negative
4220,dbAMP_33226,Escherichia coli,Negative
4221,dbAMP_24042,Enterococcus faecalis,Negative
4222,dbAMP_02072,Pseudomonas aeruginosa,Negative
4223,dbAMP_02190,Candida albicans,Negative
4224,dbAMP_23409,Escherichia coli,Negative
4225,dbAMP_24345,Staphylococcus aureus,Negative
4226,dbAMP_15895,Staphylococcus aureus,Negative
4227,17389.0,Enterobacter cloacae,Negative
4228,20040.0,Bacillus subtilis,Negative
4229,dbAMP_17860,Escherichia coli,Negative
4230,dbAMP_01964,Candida albicans,Negative
4231,dbAMP_33296,Staphylococcus aureus,Negative
4232,21743.0,Staphylococcus epidermidis,Negative
4233,dbAMP_16296,Escherichia coli,Negative
4234,dbAMP_03325,Enterococcus faecalis,Negative
4235,dbAMP_24634,Escherichia coli,Negative
4236,dbAMP_22828,Enterococcus faecium,Negative
4237,dbAMP_15596,Candida albicans,Negative
4238,dbAMP_03504,Escherichia coli,Negative
4239,20165.0,Enterococcus faecalis,Negative
4240,dbAMP_31187,Klebsiella pneumoniae,Negative
4241,19646.0,Pseudomonas aeruginosa,Negative
4242,dbAMP_21118,Salmonella enterica,Negative
4243,17428.0,Candida albicans,Negative
4244,dbAMP_18250,Escherichia coli,Negative
4245,22271.0,Staphylococcus aureus,Negative
4246,11026.0,Enterococcus faecalis,Negative
4247,dbAMP_14617,Escherichia coli,Negative
4248,dbAMP_23640,Escherichia coli,Negative
4249,dbAMP_16805,Pseudomonas aeruginosa,Negative
4250,dbAMP_32314,Staphylococcus aureus,Negative
4251,dbAMP_34340,Escherichia coli,Negative
4252,dbAMP_22661,Escherichia coli,Negative
4253,21471.0,Staphylococcus aureus,Negative
4254,dbAMP_24294,Klebsiella pneumoniae,Negative
4255,dbAMP_18017,Micrococcus luteus,Negative
4256,dbAMP_17886,Candida parapsilosis,Negative
4257,DRAMP21620,Staphylococcus aureus,Negative
4258,dbAMP_03916,Klebsiella pneumoniae,Negative
4259,dbAMP_03349,Staphylococcus aureus,Negative
4260,dbAMP_02975,Candida albicans,Negative
4261,dbAMP_11360,Bacillus subtilis,Negative
4262,22269.0,Escherichia coli,Negative
4263,dbAMP_16090,Bacillus cereus,Negative
4264,dbAMP_19075,Candida albicans,Negative
4265,dbAMP_21052,Klebsiella pneumoniae,Negative
4266,21948.0,Enterococcus faecalis,Negative
4267,dbAMP_24166,Bacillus subtilis,Negative
4268,dbAMP_24576,Escherichia coli,Negative
4269,dbAMP_33364,Staphylococcus aureus,Negative
4270,dbAMP_22588,Pseudomonas aeruginosa,Negative
4271,dbAMP_24220,Pseudomonas aeruginosa,Negative
4272,dbAMP_16976,Enterococcus faecalis,Negative
4273,dbAMP_22415,Candida albicans,Negative
4274,dbAMP_02076,Candida parapsilosis,Negative
4275,20065.0,Bacillus subtilis,Negative
4276,22250.0,Salmonella enterica,Negative
4277,dbAMP_14809,Pseudomonas aeruginosa,Negative
4278,dbAMP_33589,Klebsiella pneumoniae,Negative
4279,dbAMP_24839,Bacillus subtilis,Negative
4280,dbAMP_33326,Pseudomonas aeruginosa,Negative
4281,dbAMP_02094,Escherichia coli,Negative
4282,dbAMP_33164,Candida albicans,Negative
4283,17608.0,Staphylococcus aureus,Negative
4284,dbAMP_31178,Enterococcus faecalis,Negative
4285,dbAMP_20864,Staphylococcus aureus,Negative
4286,dbAMP_23579,Micrococcus luteus,Negative
4287,dbAMP_19095,Escherichia coli,Negative
4288,dbAMP_20736,Staphylococcus aureus,Negative
4289,dbAMP_17468,Pseudomonas aeruginosa,Negative
4290,dbAMP_04524,Escherichia coli,Negative
4291,dbAMP_02006,Candida albicans,Negative
4292,dbAMP_19003,Klebsiella pneumoniae,Negative
4293,20356.0,Salmonella enterica,Negative
4294,dbAMP_22459,Pseudomonas aeruginosa,Negative
4295,dbAMP_14803,Escherichia coli,Negative
4296,dbAMP_31132,Pseudomonas aeruginosa,Negative
4297,18299.0,Staphylococcus aureus,Negative
4298,dbAMP_03482,Pseudomonas aeruginosa,Negative
4299,dbAMP_04720,Escherichia coli,Negative
4300,19137.0,Staphylococcus aureus,Negative
4301,dbAMP_01732,Staphylococcus aureus,Negative
4302,21794.0,Acinetobacter baumannii,Negative
4303,dbAMP_16667,Staphylococcus aureus,Negative
4304,dbAMP_23946,Pseudomonas aeruginosa,Negative
4305,dbAMP_21837,Pseudomonas aeruginosa,Negative
4306,dbAMP_00393,Pseudomonas aeruginosa,Negative
4307,dbAMP_23102,Pseudomonas aeruginosa,Negative
4308,dbAMP_22663,Escherichia coli,Negative
4309,dbAMP_23074,Bacillus megaterium,Negative
4310,dbAMP_31688,Salmonella enterica,Negative
4311,dbAMP_19067,Escherichia coli,Negative
4312,20312.0,Pseudomonas aeruginosa,Negative
4313,dbAMP_34352,Escherichia coli,Negative
4314,20458.0,Staphylococcus aureus,Negative
4315,dbAMP_23914,Bacillus megaterium,Negative
4316,dbAMP_05112,Salmonella enterica,Negative
4317,dbAMP_16869,Bacillus cereus,Negative
4318,dbAMP_16345,Pseudomonas aeruginosa,Negative
4319,dbAMP_05894,Enterobacter cloacae,Negative
4320,dbAMP_17940,Pseudomonas aeruginosa,Negative
4321,dbAMP_21660,Micrococcus luteus,Negative
4322,dbAMP_20974,Pseudomonas aeruginosa,Negative
4323,dbAMP_31800,Pseudomonas aeruginosa,Negative
4324,21984.0,Pseudomonas aeruginosa,Negative
4325,dbAMP_18657,Pseudomonas aeruginosa,Negative
4326,dbAMP_22672,Staphylococcus epidermidis,Negative
4327,19152.0,Staphylococcus aureus,Negative
4328,dbAMP_31442,Enterococcus faecalis,Negative
4329,dbAMP_23075,Bacillus megaterium,Negative
4330,dbAMP_22453,Bacillus subtilis,Negative
4331,dbAMP_33190,Bacillus subtilis,Negative
4332,dbAMP_25189,Pseudomonas aeruginosa,Negative
4333,dbAMP_11764,Staphylococcus aureus,Negative
4334,dbAMP_25388,Klebsiella pneumoniae,Negative
4335,dbAMP_33099,Acinetobacter baumannii,Negative
4336,dbAMP_04822,Pseudomonas aeruginosa,Negative
4337,dbAMP_14876,Pseudomonas aeruginosa,Negative
4338,dbAMP_16251,Enterobacter cloacae,Negative
4339,dbAMP_22681,Candida albicans,Negative
4340,dbAMP_32994,Escherichia coli,Negative
4341,dbAMP_12832,Micrococcus luteus,Negative
4342,22268.0,Escherichia coli,Negative
4343,dbAMP_04211,Klebsiella pneumoniae,Negative
4344,dbAMP_33332,Candida albicans,Negative
4345,dbAMP_33030,Acinetobacter baumannii,Negative
4346,dbAMP_22872,Candida albicans,Negative
4347,dbAMP_16613,Salmonella enterica,Negative
4348,dbAMP_16199,Staphylococcus aureus,Negative
4349,dbAMP_18109,Salmonella enterica,Negative
4350,dbAMP_24056,Staphylococcus aureus,Negative
4351,dbAMP_21666,Escherichia coli,Negative
4352,dbAMP_19723,Klebsiella pneumoniae,Negative
4353,dbAMP_24357,Staphylococcus aureus,Negative
4354,dbAMP_18114,Pseudomonas aeruginosa,Negative
4355,dbAMP_09904,Staphylococcus aureus,Negative
4356,dbAMP_01719,Candida albicans,Negative
4357,dbAMP_25449,Candida albicans,Negative
4358,dbAMP_17770,Escherichia coli,Negative
4359,18328.0,Enterococcus faecalis,Negative
4360,20336.0,Staphylococcus aureus,Negative
4361,dbAMP_34373,Staphylococcus aureus,Negative
4362,20165.0,Acinetobacter baumannii,Negative
4363,20305.0,Acinetobacter baumannii,Negative
4364,20398.0,Salmonella enterica,Negative
4365,dbAMP_03159,Micrococcus luteus,Negative
4366,dbAMP_16137,Listeria monocytogenes,Negative
4367,dbAMP_19022,Pseudomonas aeruginosa,Negative
4368,dbAMP_02679,Candida albicans,Negative
4369,dbAMP_21279,Staphylococcus aureus,Negative
4370,dbAMP_02446,Enterobacter cloacae,Negative
4371,21991.0,Staphylococcus epidermidis,Negative
4372,18085.0,Klebsiella pneumoniae,Negative
4373,dbAMP_02642,Klebsiella pneumoniae,Negative
4374,dbAMP_20393,Pseudomonas aeruginosa,Negative
4375,dbAMP_21491,Salmonella enterica,Negative
4376,19147.0,Pseudomonas aeruginosa,Negative
4377,dbAMP_16345,Klebsiella pneumoniae,Negative
4378,21535.0,Escherichia coli,Negative
4379,dbAMP_04260,Staphylococcus aureus,Negative
4380,dbAMP_17950,Escherichia coli,Negative
4381,dbAMP_19662,Escherichia coli,Negative
4382,dbAMP_02446,Staphylococcus aureus,Negative
4383,dbAMP_23667,Bacillus subtilis,Negative
4384,dbAMP_03467,Staphylococcus aureus,Negative
4385,18584.0,Candida albicans,Negative
4386,dbAMP_16718,Pseudomonas aeruginosa,Negative
4387,dbAMP_24345,Escherichia coli,Negative
4388,dbAMP_16249,Pseudomonas aeruginosa,Negative
4389,dbAMP_33161,Candida albicans,Negative
4390,dbAMP_20276,Pseudomonas aeruginosa,Negative
4391,dbAMP_25039,Enterococcus faecalis,Negative
4392,dbAMP_32281,Staphylococcus aureus,Negative
4393,21672.0,Klebsiella pneumoniae,Negative
4394,20022.0,Acinetobacter baumannii,Negative
4395,dbAMP_20131,Klebsiella pneumoniae,Negative
4396,dbAMP_11924,Escherichia coli,Negative
4397,dbAMP_03107,Escherichia coli,Negative
4398,dbAMP_04304,Candida albicans,Negative
4399,dbAMP_33160,Candida albicans,Negative
4400,dbAMP_21726,Staphylococcus aureus,Negative
4401,DRAMP03405,Candida albicans,Negative
4402,dbAMP_18899,Pseudomonas aeruginosa,Negative
4403,dbAMP_19796,Pseudomonas aeruginosa,Negative
4404,dbAMP_21971,Escherichia coli,Negative
4405,18585.0,Candida albicans,Negative
4406,dbAMP_23608,Pseudomonas aeruginosa,Negative
4407,dbAMP_02970,Pseudomonas aeruginosa,Negative
4408,dbAMP_05449,Micrococcus luteus,Negative
4409,17512.0,Klebsiella pneumoniae,Negative
4410,dbAMP_31967,Listeria monocytogenes,Negative
4411,dbAMP_22188,Staphylococcus aureus,Negative
4412,dbAMP_22357,Escherichia coli,Negative
4413,dbAMP_24041,Candida albicans,Negative
4414,dbAMP_20738,Staphylococcus aureus,Negative
4415,dbAMP_18670,Cryptococcus neoformans,Negative
4416,20078.0,Enterococcus faecalis,Negative
4417,dbAMP_16274,Staphylococcus epidermidis,Negative
4418,dbAMP_16374,Salmonella enterica,Negative
4419,dbAMP_18432,Staphylococcus aureus,Negative
4420,dbAMP_17937,Pseudomonas aeruginosa,Negative
4421,dbAMP_16931,Pseudomonas aeruginosa,Negative
4422,dbAMP_01466,Candida albicans,Negative
4423,dbAMP_27351,Escherichia coli,Negative
4424,dbAMP_33173,Candida albicans,Negative
4425,dbAMP_13206,Staphylococcus aureus,Negative
4426,DRAMP03467,Bacillus megaterium,Negative
4427,dbAMP_27565,Candida albicans,Negative
4428,dbAMP_32920,Bacillus subtilis,Negative
4429,dbAMP_05112,Staphylococcus aureus,Negative
4430,dbAMP_03070,Escherichia coli,Negative
4431,dbAMP_21397,Escherichia coli,Negative
4432,dbAMP_03776,Escherichia coli,Negative
4433,20035.0,Escherichia coli,Negative
4434,dbAMP_18335,Candida albicans,Negative
4435,dbAMP_22363,Bacillus cereus,Negative
4436,13330.0,Candida albicans,Negative
4437,dbAMP_22587,Escherichia coli,Negative
4438,19478.0,Enterobacter cloacae,Negative
4439,dbAMP_02478,Escherichia coli,Negative
4440,dbAMP_02711,Enterococcus faecalis,Negative
4441,dbAMP_02611,Escherichia coli,Negative
4442,dbAMP_22871,Escherichia coli,Negative
4443,dbAMP_33713,Salmonella enterica,Negative
4444,20290.0,Staphylococcus aureus,Negative
4445,dbAMP_24763,Escherichia coli,Negative
4446,dbAMP_19793,Pseudomonas aeruginosa,Negative
4447,21553.0,Pseudomonas aeruginosa,Negative
4448,18060.0,Pseudomonas aeruginosa,Negative
4449,dbAMP_22375,Escherichia coli,Negative
4450,dbAMP_21850,Pseudomonas aeruginosa,Negative
4451,22250.0,Staphylococcus aureus,Negative
4452,dbAMP_18882,Acinetobacter baumannii,Negative
4453,dbAMP_03691,Enterococcus faecalis,Negative
4454,dbAMP_18016,Candida albicans,Negative
4455,dbAMP_24209,Listeria monocytogenes,Negative
4456,dbAMP_17863,Escherichia coli,Negative
4457,dbAMP_03723,Staphylococcus aureus,Negative
4458,dbAMP_34380,Staphylococcus aureus,Negative
4459,dbAMP_04237,Salmonella enterica,Negative
4460,dbAMP_34167,Staphylococcus aureus,Negative
4461,dbAMP_34352,Staphylococcus aureus,Negative
4462,20293.0,Klebsiella pneumoniae,Negative
4463,dbAMP_31964,Escherichia coli,Negative
4464,dbAMP_11946,Candida albicans,Negative
4465,15837.0,Cryptococcus neoformans,Negative
4466,dbAMP_03723,Escherichia coli,Negative
4467,dbAMP_20870,Salmonella enterica,Negative
4468,dbAMP_19233,Pseudomonas aeruginosa,Negative
4469,dbAMP_03027,Escherichia coli,Negative
4470,dbAMP_05281,Klebsiella pneumoniae,Negative
4471,dbAMP_02124,Bacillus subtilis,Negative
4472,10379.0,Bacillus subtilis,Negative
4473,dbAMP_22282,Escherichia coli,Negative
4474,dbAMP_19267,Salmonella enterica,Negative
4475,dbAMP_28798,Escherichia coli,Negative
4476,dbAMP_02417,Pseudomonas aeruginosa,Negative
4477,dbAMP_21595,Escherichia coli,Negative
4478,22010.0,Klebsiella pneumoniae,Negative
4479,dbAMP_15939,Candida albicans,Negative
4480,dbAMP_02155,Klebsiella pneumoniae,Negative
4481,22294.0,Staphylococcus aureus,Negative
4482,dbAMP_03035,Enterococcus faecalis,Negative
4483,dbAMP_22485,Staphylococcus aureus,Negative
4484,22380.0,Enterococcus faecalis,Negative
4485,dbAMP_19099,Bacillus subtilis,Negative
4486,dbAMP_22368,Bacillus cereus,Negative
4487,dbAMP_23949,Pseudomonas aeruginosa,Negative
4488,dbAMP_33287,Pseudomonas aeruginosa,Negative
4489,dbAMP_25169,Staphylococcus aureus,Negative
4490,dbAMP_24389,Staphylococcus aureus,Negative
4491,19120.0,Klebsiella pneumoniae,Negative
4492,dbAMP_23214,Escherichia coli,Negative
4493,DRAMP03894,Escherichia coli,Negative
4494,dbAMP_19707,Enterococcus faecalis,Negative
4495,dbAMP_14807,Escherichia coli,Negative
4496,dbAMP_02424,Klebsiella pneumoniae,Negative
4497,dbAMP_15980,Escherichia coli,Negative
4498,dbAMP_23522,Escherichia coli,Negative
4499,dbAMP_22283,Staphylococcus aureus,Negative
4500,dbAMP_23667,Salmonella enterica,Negative
4501,dbAMP_18673,Pseudomonas aeruginosa,Negative
4502,7785.0,Staphylococcus epidermidis,Negative
4503,dbAMP_04759,Candida albicans,Negative
4504,20542.0,Listeria monocytogenes,Negative
4505,dbAMP_22265,Bacillus cereus,Negative
4506,dbAMP_21121,Escherichia coli,Negative
4507,dbAMP_05645,Escherichia coli,Negative
4508,dbAMP_27812,Pseudomonas aeruginosa,Negative
4509,dbAMP_25386,Pseudomonas aeruginosa,Negative
4510,dbAMP_20495,Escherichia coli,Negative
4511,dbAMP_18545,Salmonella enterica,Negative
4512,dbAMP_17022,Klebsiella pneumoniae,Negative
4513,dbAMP_19565,Candida parapsilosis,Negative
4514,dbAMP_34163,Staphylococcus aureus,Negative
4515,dbAMP_20731,Staphylococcus epidermidis,Negative
4516,17635.0,Escherichia coli,Negative
4517,dbAMP_19065,Escherichia coli,Negative
4518,dbAMP_33972,Staphylococcus aureus,Negative
4519,dbAMP_21915,Candida albicans,Negative
4520,dbAMP_21491,Klebsiella pneumoniae,Negative
4521,19574.0,Staphylococcus aureus,Negative
4522,20380.0,Staphylococcus aureus,Negative
4523,17508.0,Staphylococcus aureus,Negative
4524,dbAMP_22659,Escherichia coli,Negative
4525,21201.0,Escherichia coli,Negative
4526,dbAMP_33099,Staphylococcus aureus,Negative
4527,dbAMP_27113,Klebsiella pneumoniae,Negative
4528,dbAMP_18942,Staphylococcus aureus,Negative
4529,dbAMP_20820,Escherichia coli,Negative
4530,18465.0,Candida albicans,Negative
4531,dbAMP_16308,Pseudomonas aeruginosa,Negative
4532,dbAMP_03276,Staphylococcus epidermidis,Negative
4533,21733.0,Candida albicans,Negative
4534,dbAMP_22662,Candida albicans,Negative
4535,dbAMP_08915,Staphylococcus aureus,Negative
4536,dbAMP_21187,Escherichia coli,Negative
4537,dbAMP_05625,Enterobacter cloacae,Negative
4538,dbAMP_01766,Escherichia coli,Negative
4539,dbAMP_18195,Pseudomonas aeruginosa,Negative
4540,dbAMP_18194,Pseudomonas aeruginosa,Negative
4541,dbAMP_17045,Escherichia coli,Negative
4542,dbAMP_22650,Pseudomonas aeruginosa,Negative
4543,dbAMP_14926,Bacillus subtilis,Negative
4544,dbAMP_16242,Enterococcus faecalis,Negative
4545,17777.0,Staphylococcus aureus,Negative
4546,19860.0,Pseudomonas aeruginosa,Negative
4547,dbAMP_33316,Enterococcus faecalis,Negative
4548,DRAMP02272,Candida albicans,Negative
4549,18578.0,Candida parapsilosis,Negative
4550,dbAMP_06056,Listeria monocytogenes,Negative
4551,dbAMP_17886,Candida albicans,Negative
4552,dbAMP_27193,Pseudomonas aeruginosa,Negative
4553,dbAMP_01648,Pseudomonas aeruginosa,Negative
4554,dbAMP_34221,Staphylococcus aureus,Negative
4555,19120.0,Acinetobacter baumannii,Negative
4556,dbAMP_24242,Pseudomonas aeruginosa,Negative
4557,4950.0,Pseudomonas aeruginosa,Negative
4558,3095.0,Candida albicans,Negative
4559,dbAMP_02237,Escherichia coli,Negative
4560,dbAMP_22296,Escherichia coli,Negative
4561,dbAMP_23972,Enterococcus faecalis,Negative
4562,17621.0,Enterococcus faecalis,Negative
4563,dbAMP_18577,Pseudomonas aeruginosa,Negative
4564,dbAMP_33796,Acinetobacter baumannii,Negative
4565,dbAMP_23529,Escherichia coli,Negative
4566,dbAMP_21750,Escherichia coli,Negative
4567,22289.0,Klebsiella pneumoniae,Negative
4568,dbAMP_22066,Bacillus subtilis,Negative
4569,dbAMP_18978,Cryptococcus neoformans,Negative
4570,dbAMP_31970,Micrococcus luteus,Negative
4571,dbAMP_33682,Staphylococcus aureus,Negative
4572,dbAMP_23284,Escherichia coli,Negative
4573,dbAMP_16592,Escherichia coli,Negative
4574,dbAMP_23073,Bacillus subtilis,Negative
4575,17330.0,Escherichia coli,Negative
4576,dbAMP_22242,Staphylococcus aureus,Negative
4577,dbAMP_19719,Staphylococcus aureus,Negative
4578,dbAMP_18146,Escherichia coli,Negative
4579,dbAMP_14648,Pseudomonas aeruginosa,Negative
4580,20584.0,Acinetobacter baumannii,Negative
4581,dbAMP_02219,Pseudomonas aeruginosa,Negative
4582,dbAMP_25089,Pseudomonas aeruginosa,Negative
4583,dbAMP_17809,Pseudomonas aeruginosa,Negative
4584,dbAMP_22866,Staphylococcus aureus,Negative
4585,dbAMP_18671,Candida albicans,Negative
4586,17329.0,Staphylococcus aureus,Negative
4587,dbAMP_20245,Staphylococcus aureus,Negative
4588,dbAMP_18028,Staphylococcus aureus,Negative
4589,19138.0,Pseudomonas aeruginosa,Negative
4590,19851.0,Klebsiella pneumoniae,Negative
4591,17958.0,Staphylococcus aureus,Negative
4592,dbAMP_16611,Escherichia coli,Negative
4593,dbAMP_19240,Staphylococcus aureus,Negative
4594,dbAMP_31997,Klebsiella pneumoniae,Negative
4595,dbAMP_21651,Pseudomonas aeruginosa,Negative
4596,22159.0,Escherichia coli,Negative
4597,dbAMP_22668,Bacillus subtilis,Negative
4598,17455.0,Escherichia coli,Negative
4599,dbAMP_04759,Bacillus cereus,Negative
4600,dbAMP_05257,Candida parapsilosis,Negative
4601,21656.0,Klebsiella pneumoniae,Negative
4602,dbAMP_20432,Pseudomonas aeruginosa,Negative
4603,dbAMP_20721,Pseudomonas aeruginosa,Negative
4604,dbAMP_27569,Escherichia coli,Negative
4605,dbAMP_17569,Pseudomonas aeruginosa,Negative
4606,dbAMP_03287,Escherichia coli,Negative
4607,20311.0,Enterococcus faecalis,Negative
4608,dbAMP_17675,Pseudomonas aeruginosa,Negative
4609,dbAMP_18749,Staphylococcus aureus,Negative
4610,20016.0,Escherichia coli,Negative
4611,dbAMP_12829,Staphylococcus aureus,Negative
4612,dbAMP_33120,Pseudomonas aeruginosa,Negative
4613,dbAMP_16879,Staphylococcus aureus,Negative
4614,17524.0,Enterococcus faecium,Negative
4615,dbAMP_04594,Staphylococcus aureus,Negative
4616,dbAMP_11249,Escherichia coli,Negative
4617,dbAMP_33590,Klebsiella pneumoniae,Negative
4618,dbAMP_13206,Pseudomonas aeruginosa,Negative
4619,dbAMP_16877,Klebsiella pneumoniae,Negative
4620,dbAMP_23814,Pseudomonas aeruginosa,Negative
4621,dbAMP_04976,Enterococcus faecalis,Negative
4622,17503.0,Klebsiella pneumoniae,Negative
4623,dbAMP_17667,Staphylococcus aureus,Negative
4624,dbAMP_17951,Escherichia coli,Negative
4625,dbAMP_17053,Staphylococcus aureus,Negative
4626,dbAMP_05483,Enterococcus faecalis,Negative
4627,dbAMP_16991,Escherichia coli,Negative
4628,dbAMP_18890,Bacillus subtilis,Negative
4629,dbAMP_16419,Enterococcus faecalis,Negative
4630,dbAMP_00881,Staphylococcus epidermidis,Negative
4631,dbAMP_02732,Pseudomonas aeruginosa,Negative
4632,dbAMP_21594,Escherichia coli,Negative
4633,dbAMP_33680,Acinetobacter baumannii,Negative
4634,dbAMP_22270,Escherichia coli,Negative
4635,20293.0,Enterobacter cloacae,Negative
4636,dbAMP_21705,Salmonella enterica,Negative
4637,18666.0,Pseudomonas aeruginosa,Negative
4638,dbAMP_04830,Staphylococcus aureus,Negative
4639,21715.0,Acinetobacter baumannii,Negative
4640,dbAMP_33783,Salmonella enterica,Negative
4641,dbAMP_14809,Salmonella enterica,Negative
4642,19523.0,Pseudomonas aeruginosa,Negative
4643,dbAMP_22371,Escherichia coli,Negative
4644,dbAMP_23626,Escherichia coli,Negative
4645,21053.0,Salmonella enterica,Negative
4646,dbAMP_18839,Bacillus subtilis,Negative
4647,dbAMP_19869,Salmonella enterica,Negative
4648,dbAMP_23730,Pseudomonas aeruginosa,Negative
4649,20172.0,Escherichia coli,Negative
4650,dbAMP_16993,Escherichia coli,Negative
4651,dbAMP_16971,Pseudomonas aeruginosa,Negative
4652,dbAMP_33193,Pseudomonas aeruginosa,Negative
4653,dbAMP_10255,Staphylococcus aureus,Negative
4654,dbAMP_16412,Staphylococcus aureus,Negative
4655,dbAMP_20724,Enterococcus faecalis,Negative
4656,dbAMP_18891,Pseudomonas aeruginosa,Negative
4657,dbAMP_17117,Cryptococcus neoformans,Negative
4658,dbAMP_21984,Staphylococcus aureus,Negative
4659,dbAMP_20930,Pseudomonas aeruginosa,Negative
4660,dbAMP_23823,Escherichia coli,Negative
4661,dbAMP_18675,Candida albicans,Negative
4662,dbAMP_21147,Staphylococcus aureus,Negative
4663,dbAMP_20404,Pseudomonas aeruginosa,Negative
4664,dbAMP_32451,Candida parapsilosis,Negative
4665,dbAMP_31781,Staphylococcus aureus,Negative
4666,9580.0,Acinetobacter baumannii,Negative
4667,dbAMP_31184,Enterococcus faecium,Negative
4668,dbAMP_17585,Staphylococcus aureus,Negative
4669,dbAMP_16302,Escherichia coli,Negative
4670,17219.0,Acinetobacter baumannii,Negative
4671,dbAMP_15802,Pseudomonas aeruginosa,Negative
4672,dbAMP_17373,Candida albicans,Negative
4673,22275.0,Pseudomonas aeruginosa,Negative
4674,dbAMP_16188,Staphylococcus aureus,Negative
4675,dbAMP_04235,Escherichia coli,Negative
4676,20182.0,Pseudomonas aeruginosa,Negative
4677,dbAMP_17105,Pseudomonas aeruginosa,Negative
4678,dbAMP_00886,Pseudomonas aeruginosa,Negative
4679,dbAMP_34043,Staphylococcus aureus,Negative
4680,dbAMP_18237,Bacillus subtilis,Negative
4681,dbAMP_04932,Klebsiella pneumoniae,Negative
4682,dbAMP_19561,Micrococcus luteus,Negative
4683,18654.0,Staphylococcus epidermidis,Negative
4684,21723.0,Enterococcus faecalis,Negative
4685,dbAMP_14800,Candida albicans,Negative
4686,21552.0,Escherichia coli,Negative
4687,dbAMP_16497,Staphylococcus aureus,Negative
4688,dbAMP_19582,Klebsiella pneumoniae,Negative
4689,dbAMP_16925,Staphylococcus aureus,Negative
4690,197.0,Enterococcus faecalis,Negative
4691,dbAMP_15863,Staphylococcus epidermidis,Negative
4692,dbAMP_22865,Staphylococcus aureus,Negative
4693,dbAMP_21461,Escherichia coli,Negative
4694,dbAMP_20453,Pseudomonas aeruginosa,Negative
4695,dbAMP_16258,Salmonella enterica,Negative
4696,dbAMP_20436,Pseudomonas aeruginosa,Negative
4697,dbAMP_17083,Escherichia coli,Negative
4698,dbAMP_23563,Escherichia coli,Negative
4699,18047.0,Salmonella enterica,Negative
4700,dbAMP_23969,Pseudomonas aeruginosa,Negative
4701,17440.0,Pseudomonas aeruginosa,Negative
4702,dbAMP_19058,Bacillus cereus,Negative
4703,dbAMP_19849,Pseudomonas aeruginosa,Negative
4704,dbAMP_03967,Escherichia coli,Negative
4705,21651.0,Escherichia coli,Negative
4706,dbAMP_20272,Klebsiella pneumoniae,Negative
4707,dbAMP_16425,Enterococcus faecalis,Negative
4708,dbAMP_33170,Candida albicans,Negative
4709,20596.0,Pseudomonas aeruginosa,Negative
4710,dbAMP_25389,Staphylococcus aureus,Negative
4711,dbAMP_18159,Pseudomonas aeruginosa,Negative
4712,21965.0,Staphylococcus aureus,Negative
4713,dbAMP_33107,Acinetobacter baumannii,Negative
4714,dbAMP_01970,Klebsiella pneumoniae,Negative
4715,dbAMP_22727,Staphylococcus aureus,Negative
4716,dbAMP_19626,Candida albicans,Negative
4717,dbAMP_33167,Candida albicans,Negative
4718,dbAMP_16931,Staphylococcus aureus,Negative
4719,22382.0,Klebsiella pneumoniae,Negative
4720,18612.0,Klebsiella pneumoniae,Negative
4721,dbAMP_33004,Staphylococcus aureus,Negative
4722,dbAMP_21395,Escherichia coli,Negative
4723,21657.0,Pseudomonas aeruginosa,Negative
4724,dbAMP_16765,Escherichia coli,Negative
4725,17522.0,Klebsiella pneumoniae,Negative
4726,dbAMP_19241,Staphylococcus aureus,Negative
4727,dbAMP_23115,Bacillus subtilis,Negative
4728,dbAMP_23594,Escherichia coli,Negative
4729,dbAMP_23038,Bacillus subtilis,Negative
4730,dbAMP_11938,Staphylococcus aureus,Negative
4731,dbAMP_24512,Escherichia coli,Negative
4732,dbAMP_17327,Bacillus cereus,Negative
4733,dbAMP_34326,Staphylococcus aureus,Negative
4734,dbAMP_23673,Salmonella enterica,Negative
4735,19574.0,Escherichia coli,Negative
4736,dbAMP_31961,Salmonella enterica,Negative
4737,21161.0,Staphylococcus aureus,Negative
4738,dbAMP_22602,Bacillus megaterium,Negative
4739,dbAMP_21222,Klebsiella pneumoniae,Negative
4740,dbAMP_23039,Staphylococcus epidermidis,Negative
4741,22266.0,Staphylococcus aureus,Negative
4742,dbAMP_19694,Candida albicans,Negative
4743,dbAMP_22588,Staphylococcus aureus,Negative
4744,dbAMP_18083,Escherichia coli,Negative
4745,dbAMP_19075,Staphylococcus aureus,Negative
4746,dbAMP_23713,Candida albicans,Negative
4747,17506.0,Candida albicans,Negative
4748,17411.0,Acinetobacter baumannii,Negative
4749,19126.0,Klebsiella pneumoniae,Negative
4750,dbAMP_20102,Staphylococcus epidermidis,Negative
4751,8348.0,Candida albicans,Negative
4752,20081.0,Acinetobacter baumannii,Negative
4753,dbAMP_00622,Escherichia coli,Negative
4754,dbAMP_24819,Bacillus subtilis,Negative
4755,15017.0,Candida albicans,Negative
4756,dbAMP_18941,Enterococcus faecalis,Negative
4757,dbAMP_20484,Candida albicans,Negative
4758,dbAMP_16996,Escherichia coli,Negative
4759,DRAMP01479,Staphylococcus aureus,Negative
4760,dbAMP_24359,Klebsiella pneumoniae,Negative
4761,dbAMP_27237,Pseudomonas aeruginosa,Negative
4762,dbAMP_20701,Klebsiella pneumoniae,Negative
4763,dbAMP_24565,Staphylococcus aureus,Negative
4764,18343.0,Staphylococcus aureus,Negative
4765,dbAMP_21695,Salmonella enterica,Negative
4766,dbAMP_21045,Cryptococcus neoformans,Negative
4767,dbAMP_16406,Staphylococcus aureus,Negative
4768,20838.0,Acinetobacter baumannii,Negative
4769,dbAMP_17904,Bacillus subtilis,Negative
4770,dbAMP_17066,Escherichia coli,Negative
4771,dbAMP_34268,Staphylococcus aureus,Negative
4772,20279.0,Enterococcus faecium,Negative
4773,20036.0,Escherichia coli,Negative
4774,20566.0,Escherichia coli,Negative
4775,20570.0,Klebsiella pneumoniae,Negative
4776,22380.0,Staphylococcus aureus,Negative
4777,19890.0,Staphylococcus aureus,Negative
4778,dbAMP_21039,Pseudomonas aeruginosa,Negative
4779,20458.0,Escherichia coli,Negative
4780,dbAMP_19232,Escherichia coli,Negative
4781,dbAMP_16662,Escherichia coli,Negative
4782,dbAMP_20821,Staphylococcus aureus,Negative
4783,dbAMP_10324,Micrococcus luteus,Negative
4784,18600.0,Micrococcus luteus,Negative
4785,dbAMP_21208,Escherichia coli,Negative
4786,dbAMP_20516,Staphylococcus aureus,Negative
4787,dbAMP_18674,Cryptococcus neoformans,Negative
4788,dbAMP_24364,Klebsiella pneumoniae,Negative
4789,dbAMP_19564,Escherichia coli,Negative
4790,dbAMP_03719,Klebsiella pneumoniae,Negative
4791,dbAMP_16765,Staphylococcus aureus,Negative
4792,dbAMP_23837,Staphylococcus aureus,Negative
4793,21473.0,Candida parapsilosis,Negative
4794,dbAMP_02668,Enterococcus faecium,Negative
4795,dbAMP_23264,Escherichia coli,Negative
4796,dbAMP_19825,Staphylococcus aureus,Negative
4797,dbAMP_22699,Escherichia coli,Negative
4798,dbAMP_23673,Klebsiella pneumoniae,Negative
4799,21623.0,Candida albicans,Negative
4800,17880.0,Escherichia coli,Negative
4801,dbAMP_00254,Staphylococcus aureus,Negative
4802,dbAMP_20972,Pseudomonas aeruginosa,Negative
4803,dbAMP_17886,Listeria monocytogenes,Negative
4804,dbAMP_16157,Staphylococcus aureus,Negative
4805,dbAMP_22082,Bacillus subtilis,Negative
4806,dbAMP_23730,Acinetobacter baumannii,Negative
4807,17763.0,Bacillus subtilis,Negative
4808,dbAMP_16254,Pseudomonas aeruginosa,Negative
4809,dbAMP_16733,Salmonella enterica,Negative
4810,dbAMP_23986,Escherichia coli,Negative
4811,20596.0,Escherichia coli,Negative
4812,17400.0,Escherichia coli,Negative
4813,dbAMP_31770,Salmonella enterica,Negative
4814,dbAMP_03725,Candida albicans,Negative
4815,19150.0,Acinetobacter baumannii,Negative
4816,dbAMP_31972,Salmonella enterica,Negative
4817,dbAMP_22559,Staphylococcus aureus,Negative
4818,20962.0,Pseudomonas aeruginosa,Negative
4819,dbAMP_18286,Candida albicans,Negative
4820,20023.0,Staphylococcus aureus,Negative
4821,dbAMP_02269,Staphylococcus aureus,Negative
4822,dbAMP_24561,Bacillus subtilis,Negative
4823,18077.0,Pseudomonas aeruginosa,Negative
4824,dbAMP_27180,Pseudomonas aeruginosa,Negative
4825,dbAMP_27477,Pseudomonas aeruginosa,Negative
4826,dbAMP_25029,Escherichia coli,Negative
4827,18152.0,Klebsiella pneumoniae,Negative
4828,dbAMP_25011,Enterococcus faecalis,Negative
4829,dbAMP_33686,Klebsiella pneumoniae,Negative
4830,dbAMP_22265,Escherichia coli,Negative
4831,dbAMP_15824,Acinetobacter baumannii,Negative
4832,dbAMP_17369,Candida albicans,Negative
4833,dbAMP_17061,Pseudomonas aeruginosa,Negative
4834,dbAMP_34345,Staphylococcus aureus,Negative
4835,dbAMP_22376,Bacillus cereus,Negative
4836,dbAMP_21850,Bacillus subtilis,Negative
4837,dbAMP_04228,Staphylococcus aureus,Negative
4838,dbAMP_32884,Escherichia coli,Negative
4839,dbAMP_17491,Staphylococcus aureus,Negative
4840,19580.0,Pseudomonas aeruginosa,Negative
4841,18210.0,Escherichia coli,Negative
4842,dbAMP_28726,Escherichia coli,Negative
4843,dbAMP_19563,Micrococcus luteus,Negative
4844,dbAMP_22867,Candida albicans,Negative
4845,dbAMP_27190,Candida albicans,Negative
4846,19851.0,Escherichia coli,Negative
4847,dbAMP_21110,Escherichia coli,Negative
4848,17453.0,Pseudomonas aeruginosa,Negative
4849,14934.0,Candida albicans,Negative
4850,21654.0,Klebsiella pneumoniae,Negative
4851,dbAMP_14881,Bacillus subtilis,Negative
4852,dbAMP_24244,Staphylococcus aureus,Negative
4853,dbAMP_04234,Micrococcus luteus,Negative
4854,21643.0,Escherichia coli,Negative
4855,18061.0,Pseudomonas aeruginosa,Negative
4856,dbAMP_21987,Staphylococcus aureus,Negative
4857,21794.0,Staphylococcus epidermidis,Negative
4858,dbAMP_23946,Salmonella enterica,Negative
4859,dbAMP_04810,Pseudomonas aeruginosa,Negative
4860,dbAMP_04757,Candida albicans,Negative
4861,dbAMP_33230,Pseudomonas aeruginosa,Negative
4862,dbAMP_24480,Escherichia coli,Negative
4863,dbAMP_23904,Pseudomonas aeruginosa,Negative
4864,dbAMP_21486,Escherichia coli,Negative
4865,dbAMP_12838,Enterococcus faecium,Negative
4866,dbAMP_11938,Bacillus subtilis,Negative
4867,dbAMP_25212,Klebsiella pneumoniae,Negative
4868,dbAMP_00399,Klebsiella pneumoniae,Negative
4869,dbAMP_00185,Staphylococcus aureus,Negative
4870,dbAMP_23600,Staphylococcus aureus,Negative
4871,dbAMP_04305,Staphylococcus aureus,Negative
4872,dbAMP_21034,Klebsiella pneumoniae,Negative
4873,dbAMP_21916,Staphylococcus aureus,Negative
4874,dbAMP_24690,Staphylococcus aureus,Negative
4875,19865.0,Salmonella enterica,Negative
4876,dbAMP_01880,Escherichia coli,Negative
4877,dbAMP_20319,Pseudomonas aeruginosa,Negative
4878,dbAMP_17045,Klebsiella pneumoniae,Negative
4879,DRAMP00930,Bacillus subtilis,Negative
4880,dbAMP_01625,Pseudomonas aeruginosa,Negative
4881,dbAMP_01772,Escherichia coli,Negative
4882,dbAMP_21411,Bacillus subtilis,Negative
4883,dbAMP_22414,Escherichia coli,Negative
4884,dbAMP_25037,Staphylococcus aureus,Negative
4885,20595.0,Acinetobacter baumannii,Negative
4886,dbAMP_09680,Staphylococcus aureus,Negative
4887,17334.0,Escherichia coli,Negative
4888,dbAMP_14880,Klebsiella pneumoniae,Negative
4889,dbAMP_33304,Pseudomonas aeruginosa,Negative
4890,dbAMP_18883,Escherichia coli,Negative
4891,dbAMP_22521,Acinetobacter baumannii,Negative
4892,dbAMP_04990,Staphylococcus aureus,Negative
4893,dbAMP_26087,Escherichia coli,Negative
4894,dbAMP_22828,Bacillus subtilis,Negative
4895,17767.0,Bacillus subtilis,Negative
4896,dbAMP_04648,Klebsiella pneumoniae,Negative
4897,dbAMP_23682,Pseudomonas aeruginosa,Negative
4898,19302.0,Candida albicans,Negative
4899,dbAMP_19810,Escherichia coli,Negative
4900,6834.0,Staphylococcus epidermidis,Negative
4901,dbAMP_22840,Escherichia coli,Negative
4902,dbAMP_19281,Pseudomonas aeruginosa,Negative
4903,18159.0,Escherichia coli,Negative
4904,dbAMP_18661,Staphylococcus aureus,Negative
4905,dbAMP_21364,Pseudomonas aeruginosa,Negative
4906,dbAMP_17333,Escherichia coli,Negative
4907,dbAMP_10639,Staphylococcus aureus,Negative
4908,17437.0,Pseudomonas aeruginosa,Negative
4909,18132.0,Staphylococcus aureus,Negative
4910,dbAMP_05193,Staphylococcus aureus,Negative
4911,dbAMP_23554,Bacillus subtilis,Negative
4912,dbAMP_31640,Staphylococcus aureus,Negative
4913,dbAMP_02122,Escherichia coli,Negative
4914,18027.0,Bacillus subtilis,Negative
4915,dbAMP_31442,Staphylococcus aureus,Negative
4916,dbAMP_19431,Klebsiella pneumoniae,Negative
4917,DRAMP02294,Candida albicans,Negative
4918,dbAMP_17769,Bacillus subtilis,Negative
4919,18788.0,Escherichia coli,Negative
4920,20163.0,Escherichia coli,Negative
4921,dbAMP_23215,Staphylococcus aureus,Negative
4922,dbAMP_34304,Staphylococcus aureus,Negative
4923,dbAMP_15984,Escherichia coli,Negative
4924,dbAMP_17898,Staphylococcus epidermidis,Negative
4925,dbAMP_03988,Escherichia coli,Negative
4926,18737.0,Escherichia coli,Negative
4927,dbAMP_22078,Staphylococcus aureus,Negative
4928,dbAMP_16414,Pseudomonas aeruginosa,Negative
4929,dbAMP_22073,Bacillus subtilis,Negative
4930,dbAMP_15875,Escherichia coli,Negative
4931,dbAMP_21524,Staphylococcus aureus,Negative
4932,dbAMP_24239,Staphylococcus aureus,Negative
4933,dbAMP_15574,Pseudomonas aeruginosa,Negative
4934,21465.0,Pseudomonas aeruginosa,Negative
4935,dbAMP_01642,Acinetobacter baumannii,Negative
4936,dbAMP_10887,Candida albicans,Negative
4937,dbAMP_21101,Klebsiella pneumoniae,Negative
4938,18587.0,Candida albicans,Negative
4939,dbAMP_24293,Enterobacter cloacae,Negative
4940,dbAMP_03700,Escherichia coli,Negative
4941,dbAMP_18429,Staphylococcus aureus,Negative
4942,dbAMP_19018,Escherichia coli,Negative
4943,19147.0,Bacillus subtilis,Negative
4944,dbAMP_18020,Micrococcus luteus,Negative
4945,dbAMP_18980,Bacillus subtilis,Negative
4946,21118.0,Staphylococcus aureus,Negative
4947,dbAMP_12945,Staphylococcus aureus,Negative
4948,dbAMP_16916,Candida parapsilosis,Negative
4949,dbAMP_22062,Escherichia coli,Negative
4950,dbAMP_31808,Pseudomonas aeruginosa,Negative
4951,20584.0,Bacillus cereus,Negative
4952,dbAMP_11924,Bacillus subtilis,Negative
4953,dbAMP_16411,Staphylococcus aureus,Negative
4954,dbAMP_03331,Enterococcus faecalis,Negative
4955,21035.0,Enterococcus faecalis,Negative
4956,dbAMP_33371,Staphylococcus aureus,Negative
4957,dbAMP_31863,Candida albicans,Negative
4958,dbAMP_18046,Staphylococcus aureus,Negative
4959,19678.0,Staphylococcus epidermidis,Negative
4960,22008.0,Bacillus cereus,Negative
4961,17501.0,Acinetobacter baumannii,Negative
4962,dbAMP_22423,Candida albicans,Negative
4963,dbAMP_04295,Pseudomonas aeruginosa,Negative
4964,dbAMP_20770,Enterococcus faecalis,Negative
4965,dbAMP_18980,Escherichia coli,Negative
4966,dbAMP_23972,Salmonella enterica,Negative
4967,dbAMP_33350,Staphylococcus aureus,Negative
4968,20960.0,Acinetobacter baumannii,Negative
4969,dbAMP_16378,Staphylococcus aureus,Negative
4970,dbAMP_11688,Salmonella enterica,Negative
4971,dbAMP_18883,Salmonella enterica,Negative
4972,dbAMP_25287,Staphylococcus aureus,Negative
4973,19989.0,Enterobacter cloacae,Negative
4974,19936.0,Salmonella enterica,Negative
4975,dbAMP_21699,Micrococcus luteus,Negative
4976,dbAMP_04689,Klebsiella pneumoniae,Negative
4977,dbAMP_19836,Escherichia coli,Negative
4978,20574.0,Klebsiella pneumoniae,Negative
4979,6470.0,Bacillus cereus,Negative
4980,dbAMP_19354,Klebsiella pneumoniae,Negative
4981,dbAMP_00404,Pseudomonas aeruginosa,Negative
4982,dbAMP_33271,Pseudomonas aeruginosa,Negative
4983,21175.0,Staphylococcus aureus,Negative
4984,dbAMP_33354,Pseudomonas aeruginosa,Negative
4985,dbAMP_34229,Staphylococcus aureus,Negative
4986,19899.0,Escherichia coli,Negative
4987,dbAMP_15573,Bacillus subtilis,Negative
4988,19845.0,Bacillus subtilis,Negative
4989,20077.0,Enterococcus faecalis,Negative
4990,dbAMP_22347,Bacillus cereus,Negative
4991,dbAMP_27482,Bacillus subtilis,Negative
4992,dbAMP_16304,Staphylococcus aureus,Negative
4993,20790.0,Staphylococcus aureus,Negative
4994,dbAMP_22982,Salmonella enterica,Negative
4995,dbAMP_18916,Bacillus subtilis,Negative
4996,dbAMP_16719,Pseudomonas aeruginosa,Negative
4997,dbAMP_01915,Enterobacter cloacae,Negative
4998,dbAMP_18524,Pseudomonas aeruginosa,Negative
4999,dbAMP_05806,Candida albicans,Negative
5000,dbAMP_19069,Enterobacter cloacae,Negative
5001,dbAMP_16031,Enterococcus faecalis,Negative
5002,18656.0,Enterococcus faecalis,Negative
5003,dbAMP_02637,Candida albicans,Negative
5004,dbAMP_03156,Candida albicans,Negative
5005,dbAMP_21813,Escherichia coli,Negative
5006,dbAMP_21414,Staphylococcus aureus,Negative
5007,19865.0,Staphylococcus aureus,Negative
5008,dbAMP_22670,Pseudomonas aeruginosa,Negative
5009,17722.0,Staphylococcus aureus,Negative
5010,dbAMP_01476,Pseudomonas aeruginosa,Negative
5011,20361.0,Escherichia coli,Negative
5012,18331.0,Staphylococcus aureus,Negative
5013,dbAMP_13206,Bacillus subtilis,Negative
5014,dbAMP_20723,Staphylococcus epidermidis,Negative
5015,dbAMP_15893,Bacillus cereus,Negative
5016,dbAMP_21147,Escherichia coli,Negative
5017,dbAMP_00882,Klebsiella pneumoniae,Negative
5018,dbAMP_27181,Enterococcus faecalis,Negative
5019,dbAMP_04925,Staphylococcus aureus,Negative
5020,DRAMP03899,Escherichia coli,Negative
5021,dbAMP_31971,Pseudomonas aeruginosa,Negative
5022,20294.0,Staphylococcus aureus,Negative
5023,dbAMP_21417,Pseudomonas aeruginosa,Negative
5024,dbAMP_17213,Escherichia coli,Negative
5025,17767.0,Escherichia coli,Negative
5026,dbAMP_17936,Pseudomonas aeruginosa,Negative
5027,dbAMP_17201,Staphylococcus aureus,Negative
5028,dbAMP_16427,Pseudomonas aeruginosa,Negative
5029,dbAMP_22670,Bacillus subtilis,Negative
5030,dbAMP_17443,Escherichia coli,Negative
5031,dbAMP_17770,Klebsiella pneumoniae,Negative
5032,dbAMP_16296,Staphylococcus aureus,Negative
5033,dbAMP_21298,Pseudomonas aeruginosa,Negative
5034,20537.0,Klebsiella pneumoniae,Negative
5035,dbAMP_31815,Staphylococcus aureus,Negative
5036,17883.0,Staphylococcus aureus,Negative
5037,dbAMP_20678,Escherichia coli,Negative
5038,dbAMP_01554,Micrococcus luteus,Negative
5039,dbAMP_04523,Klebsiella pneumoniae,Negative
5040,20355.0,Salmonella enterica,Negative
5041,18090.0,Escherichia coli,Negative
5042,dbAMP_20653,Staphylococcus aureus,Negative
5043,dbAMP_33685,Bacillus subtilis,Negative
5044,18113.0,Salmonella enterica,Negative
5045,dbAMP_04370,Bacillus subtilis,Negative
5046,dbAMP_04297,Candida albicans,Negative
5047,dbAMP_03548,Escherichia coli,Negative
5048,21198.0,Escherichia coli,Negative
5049,dbAMP_21760,Escherichia coli,Negative
5050,dbAMP_24686,Staphylococcus aureus,Negative
5051,dbAMP_20317,Pseudomonas aeruginosa,Negative
5052,20569.0,Klebsiella pneumoniae,Negative
5053,dbAMP_17585,Pseudomonas aeruginosa,Negative
5054,dbAMP_05726,Escherichia coli,Negative
5055,dbAMP_22680,Staphylococcus epidermidis,Negative
5056,dbAMP_21229,Klebsiella pneumoniae,Negative
5057,dbAMP_25178,Salmonella enterica,Negative
5058,dbAMP_20130,Klebsiella pneumoniae,Negative
5059,dbAMP_24319,Escherichia coli,Negative
5060,dbAMP_19054,Staphylococcus aureus,Negative
5061,dbAMP_24632,Escherichia coli,Negative
5062,dbAMP_04689,Staphylococcus aureus,Negative
5063,dbAMP_31147,Escherichia coli,Negative
5064,dbAMP_20769,Staphylococcus aureus,Negative
5065,22019.0,Acinetobacter baumannii,Negative
5066,dbAMP_03659,Staphylococcus epidermidis,Negative
5067,dbAMP_25104,Candida albicans,Negative
5068,10723.0,Pseudomonas aeruginosa,Negative
5069,dbAMP_17859,Escherichia coli,Negative
5070,dbAMP_22761,Micrococcus luteus,Negative
5071,dbAMP_22670,Salmonella enterica,Negative
5072,dbAMP_23953,Staphylococcus aureus,Negative
5073,dbAMP_20984,Pseudomonas aeruginosa,Negative
5074,dbAMP_16510,Staphylococcus epidermidis,Negative
5075,dbAMP_19796,Candida albicans,Negative
5076,21960.0,Staphylococcus aureus,Negative
5077,dbAMP_20703,Enterococcus faecalis,Negative
5078,dbAMP_17390,Staphylococcus aureus,Negative
5079,17411.0,Klebsiella pneumoniae,Negative
5080,dbAMP_04711,Pseudomonas aeruginosa,Negative
5081,dbAMP_31776,Escherichia coli,Negative
5082,dbAMP_24773,Enterococcus faecalis,Negative
5083,dbAMP_20140,Pseudomonas aeruginosa,Negative
5084,dbAMP_10858,Pseudomonas aeruginosa,Negative
5085,dbAMP_16663,Escherichia coli,Negative
5086,DRAMP03873,Enterococcus faecalis,Negative
5087,20045.0,Staphylococcus epidermidis,Negative
5088,dbAMP_04364,Micrococcus luteus,Negative
5089,dbAMP_19699,Klebsiella pneumoniae,Negative
5090,dbAMP_20652,Escherichia coli,Negative
5091,dbAMP_01734,Enterococcus faecalis,Negative
5092,dbAMP_24844,Pseudomonas aeruginosa,Negative
5093,dbAMP_01982,Candida albicans,Negative
5094,dbAMP_09683,Staphylococcus aureus,Negative
5095,dbAMP_18407,Pseudomonas aeruginosa,Negative
5096,17962.0,Staphylococcus aureus,Negative
5097,22159.0,Acinetobacter baumannii,Negative
5098,dbAMP_22872,Staphylococcus aureus,Negative
5099,dbAMP_21522,Staphylococcus aureus,Negative
5100,dbAMP_24870,Klebsiella pneumoniae,Negative
5101,18982.0,Pseudomonas aeruginosa,Negative
5102,dbAMP_16612,Escherichia coli,Negative
5103,dbAMP_31652,Staphylococcus aureus,Negative
5104,dbAMP_25428,Staphylococcus aureus,Negative
5105,dbAMP_22341,Bacillus cereus,Negative
5106,dbAMP_33298,Staphylococcus aureus,Negative
5107,18579.0,Candida albicans,Negative
5108,dbAMP_05105,Staphylococcus aureus,Negative
5109,20371.0,Escherichia coli,Negative
5110,dbAMP_04392,Pseudomonas aeruginosa,Negative
5111,dbAMP_20861,Salmonella enterica,Negative
5112,dbAMP_33251,Candida albicans,Negative
5113,dbAMP_23271,Candida albicans,Negative
5114,21948.0,Staphylococcus aureus,Negative
5115,dbAMP_21057,Pseudomonas aeruginosa,Negative
5116,957.0,Staphylococcus aureus,Negative
5117,dbAMP_00448,Micrococcus luteus,Negative
5118,20058.0,Klebsiella pneumoniae,Negative
5119,dbAMP_00987,Klebsiella pneumoniae,Negative
5120,dbAMP_34216,Staphylococcus aureus,Negative
5121,dbAMP_33099,Klebsiella pneumoniae,Negative
5122,dbAMP_03963,Staphylococcus epidermidis,Negative
5123,dbAMP_21914,Candida albicans,Negative
5124,19607.0,Pseudomonas aeruginosa,Negative
5125,dbAMP_17975,Listeria monocytogenes,Negative
5126,dbAMP_21852,Pseudomonas aeruginosa,Negative
5127,dbAMP_00857,Candida albicans,Negative
5128,dbAMP_23988,Salmonella enterica,Negative
5129,dbAMP_18049,Candida parapsilosis,Negative
5130,22231.0,Escherichia coli,Negative
5131,dbAMP_34096,Staphylococcus aureus,Negative
5132,dbAMP_21051,Klebsiella pneumoniae,Negative
5133,dbAMP_25121,Escherichia coli,Negative
5134,dbAMP_33358,Candida albicans,Negative
5135,20400.0,Staphylococcus aureus,Negative
5136,dbAMP_03832,Staphylococcus epidermidis,Negative
5137,dbAMP_20655,Staphylococcus aureus,Negative
5138,17598.0,Candida albicans,Negative
5139,dbAMP_33196,Pseudomonas aeruginosa,Negative
5140,DRAMP03902,Escherichia coli,Negative
5141,dbAMP_24125,Micrococcus luteus,Negative
5142,20295.0,Klebsiella pneumoniae,Negative
5143,dbAMP_21460,Salmonella enterica,Negative
5144,dbAMP_19000,Pseudomonas aeruginosa,Negative
5145,21179.0,Enterococcus faecalis,Negative
5146,dbAMP_23626,Bacillus subtilis,Negative
5147,17274.0,Staphylococcus aureus,Negative
5148,dbAMP_22674,Listeria monocytogenes,Negative
5149,18068.0,Escherichia coli,Negative
5150,dbAMP_21702,Salmonella enterica,Negative
5151,dbAMP_23960,Enterobacter cloacae,Negative
5152,18607.0,Staphylococcus aureus,Negative
5153,dbAMP_32819,Pseudomonas aeruginosa,Negative
5154,dbAMP_22658,Candida albicans,Negative
5155,22365.0,Acinetobacter baumannii,Negative
5156,17817.0,Staphylococcus aureus,Negative
5157,22266.0,Pseudomonas aeruginosa,Negative
5158,dbAMP_03078,Salmonella enterica,Negative
5159,dbAMP_25216,Acinetobacter baumannii,Negative
5160,dbAMP_20398,Pseudomonas aeruginosa,Negative
5161,dbAMP_16758,Staphylococcus epidermidis,Negative
5162,dbAMP_10887,Staphylococcus aureus,Negative
5163,dbAMP_19061,Pseudomonas aeruginosa,Negative
5164,dbAMP_04305,Klebsiella pneumoniae,Negative
5165,dbAMP_15740,Pseudomonas aeruginosa,Negative
5166,1004.0,Enterococcus faecalis,Negative
5167,dbAMP_33679,Enterococcus faecalis,Negative
5168,17412.0,Acinetobacter baumannii,Negative
5169,21660.0,Escherichia coli,Negative
5170,dbAMP_18729,Staphylococcus aureus,Negative
5171,DRAMP04237,Escherichia coli,Negative
5172,dbAMP_21761,Escherichia coli,Negative
5173,dbAMP_18963,Escherichia coli,Negative
5174,dbAMP_21651,Staphylococcus aureus,Negative
5175,dbAMP_27192,Candida albicans,Negative
5176,dbAMP_03017,Listeria monocytogenes,Negative
5177,dbAMP_14879,Staphylococcus epidermidis,Negative
5178,dbAMP_18980,Bacillus cereus,Negative
5179,dbAMP_34286,Escherichia coli,Negative
5180,dbAMP_16878,Escherichia coli,Negative
5181,dbAMP_20626,Escherichia coli,Negative
5182,dbAMP_21997,Staphylococcus aureus,Negative
5183,dbAMP_03594,Staphylococcus epidermidis,Negative
5184,17467.0,Klebsiella pneumoniae,Negative
5185,dbAMP_20117,Pseudomonas aeruginosa,Negative
5186,dbAMP_24072,Staphylococcus aureus,Negative
5187,dbAMP_22982,Staphylococcus aureus,Negative
5188,20289.0,Klebsiella pneumoniae,Negative
5189,18832.0,Staphylococcus aureus,Negative
5190,dbAMP_23144,Staphylococcus aureus,Negative
5191,dbAMP_33682,Enterococcus faecalis,Negative
5192,dbAMP_18978,Escherichia coli,Negative
5193,dbAMP_16053,Staphylococcus aureus,Negative
5194,dbAMP_21052,Acinetobacter baumannii,Negative
5195,dbAMP_34379,Staphylococcus aureus,Negative
5196,21526.0,Klebsiella pneumoniae,Negative
5197,dbAMP_04211,Salmonella enterica,Negative
5198,dbAMP_22238,Staphylococcus epidermidis,Negative
5199,dbAMP_16275,Escherichia coli,Negative
5200,dbAMP_04674,Salmonella enterica,Negative
5201,dbAMP_27569,Staphylococcus aureus,Negative
5202,dbAMP_24305,Salmonella enterica,Negative
5203,22380.0,Klebsiella pneumoniae,Negative
5204,18047.0,Staphylococcus aureus,Negative
5205,dbAMP_16394,Pseudomonas aeruginosa,Negative
5206,dbAMP_03872,Staphylococcus aureus,Negative
5207,dbAMP_19086,Escherichia coli,Negative
5208,dbAMP_05292,Klebsiella pneumoniae,Negative
5209,dbAMP_24184,Listeria monocytogenes,Negative
5210,dbAMP_21663,Micrococcus luteus,Negative
5211,20099.0,Escherichia coli,Negative
5212,dbAMP_19844,Pseudomonas aeruginosa,Negative
5213,dbAMP_31968,Micrococcus luteus,Negative
5214,dbAMP_24837,Bacillus megaterium,Negative
5215,dbAMP_17768,Klebsiella pneumoniae,Negative
5216,dbAMP_11727,Pseudomonas aeruginosa,Negative
5217,dbAMP_21650,Staphylococcus epidermidis,Negative
5218,dbAMP_19335,Listeria monocytogenes,Negative
5219,dbAMP_01878,Staphylococcus aureus,Negative
5220,dbAMP_19754,Staphylococcus aureus,Negative
5221,dbAMP_01911,Enterobacter cloacae,Negative
5222,dbAMP_20481,Micrococcus luteus,Negative
5223,21948.0,Bacillus subtilis,Negative
5224,dbAMP_27191,Candida albicans,Negative
5225,dbAMP_18750,Pseudomonas aeruginosa,Negative
5226,dbAMP_09485,Micrococcus luteus,Negative
5227,dbAMP_04369,Cryptococcus neoformans,Negative
5228,dbAMP_22341,Escherichia coli,Negative
5229,12113.0,Candida albicans,Negative
5230,dbAMP_24292,Klebsiella pneumoniae,Negative
5231,dbAMP_33272,Staphylococcus aureus,Negative
5232,dbAMP_18255,Staphylococcus aureus,Negative
5233,dbAMP_03097,Escherichia coli,Negative
5234,dbAMP_02251,Escherichia coli,Negative
5235,dbAMP_02827,Pseudomonas aeruginosa,Negative
5236,dbAMP_01974,Escherichia coli,Negative
5237,dbAMP_21762,Enterococcus faecalis,Negative
5238,dbAMP_09972,Acinetobacter baumannii,Negative
5239,dbAMP_16375,Klebsiella pneumoniae,Negative
5240,dbAMP_19063,Bacillus cereus,Negative
5241,dbAMP_23673,Staphylococcus epidermidis,Negative
5242,dbAMP_32008,Listeria monocytogenes,Negative
5243,dbAMP_16260,Staphylococcus epidermidis,Negative
5244,dbAMP_19314,Pseudomonas aeruginosa,Negative
5245,dbAMP_21302,Bacillus megaterium,Negative
5246,dbAMP_21936,Escherichia coli,Negative
5247,dbAMP_24070,Escherichia coli,Negative
5248,dbAMP_21490,Klebsiella pneumoniae,Negative
5249,dbAMP_15814,Listeria monocytogenes,Negative
5250,dbAMP_25327,Staphylococcus epidermidis,Negative
5251,dbAMP_31805,Klebsiella pneumoniae,Negative
5252,dbAMP_05146,Escherichia coli,Negative
5253,dbAMP_04319,Escherichia coli,Negative
5254,18758.0,Bacillus subtilis,Negative
5255,dbAMP_33181,Pseudomonas aeruginosa,Negative
5256,dbAMP_23902,Staphylococcus aureus,Negative
5257,18086.0,Escherichia coli,Negative
5258,dbAMP_23143,Candida albicans,Negative
5259,6197.0,Pseudomonas aeruginosa,Negative
5260,dbAMP_33685,Escherichia coli,Negative
5261,22054.0,Pseudomonas aeruginosa,Negative
5262,dbAMP_15790,Pseudomonas aeruginosa,Negative
5263,dbAMP_27637,Staphylococcus aureus,Negative
5264,dbAMP_24693,Staphylococcus aureus,Negative
5265,dbAMP_33115,Enterobacter cloacae,Negative
5266,dbAMP_19056,Enterococcus faecalis,Negative
5267,19019.0,Candida albicans,Negative
5268,21009.0,Staphylococcus aureus,Negative
5269,dbAMP_34325,Staphylococcus aureus,Negative
5270,dbAMP_18094,Pseudomonas aeruginosa,Negative
5271,dbAMP_24541,Staphylococcus epidermidis,Negative
5272,dbAMP_17569,Klebsiella pneumoniae,Negative
5273,dbAMP_03683,Bacillus cereus,Negative
5274,17806.0,Escherichia coli,Negative
5275,dbAMP_32480,Pseudomonas aeruginosa,Negative
5276,dbAMP_23106,Klebsiella pneumoniae,Negative
5277,dbAMP_05292,Staphylococcus aureus,Negative
5278,dbAMP_16380,Bacillus subtilis,Negative
5279,dbAMP_33194,Staphylococcus aureus,Negative
5280,dbAMP_34168,Salmonella enterica,Negative
5281,dbAMP_18027,Klebsiella pneumoniae,Negative
5282,dbAMP_22310,Escherichia coli,Negative
5283,dbAMP_01289,Enterobacter cloacae,Negative
5284,dbAMP_25039,Escherichia coli,Negative
5285,dbAMP_03400,Pseudomonas aeruginosa,Negative
5286,dbAMP_19054,Bacillus cereus,Negative
5287,dbAMP_21733,Salmonella enterica,Negative
5288,dbAMP_24042,Staphylococcus aureus,Negative
5289,dbAMP_34397,Candida albicans,Negative
5290,dbAMP_23694,Salmonella enterica,Negative
5291,dbAMP_16211,Staphylococcus aureus,Negative
5292,dbAMP_17642,Pseudomonas aeruginosa,Negative
5293,dbAMP_32916,Escherichia coli,Negative
5294,20842.0,Klebsiella pneumoniae,Negative
5295,dbAMP_34315,Escherichia coli,Negative
5296,dbAMP_11142,Klebsiella pneumoniae,Negative
5297,dbAMP_24958,Candida albicans,Negative
5298,dbAMP_19575,Candida parapsilosis,Negative
5299,dbAMP_19845,Escherichia coli,Negative
5300,dbAMP_21234,Pseudomonas aeruginosa,Negative
5301,dbAMP_19719,Pseudomonas aeruginosa,Negative
5302,22022.0,Staphylococcus aureus,Negative
5303,dbAMP_34256,Staphylococcus aureus,Negative
5304,19934.0,Pseudomonas aeruginosa,Negative
5305,dbAMP_24493,Klebsiella pneumoniae,Negative
5306,2999.0,Pseudomonas aeruginosa,Negative
5307,dbAMP_18994,Pseudomonas aeruginosa,Negative
5308,dbAMP_14916,Escherichia coli,Negative
5309,dbAMP_31636,Klebsiella pneumoniae,Negative
5310,dbAMP_24871,Klebsiella pneumoniae,Negative
5311,dbAMP_33282,Candida albicans,Negative
5312,dbAMP_19708,Escherichia coli,Negative
5313,dbAMP_18701,Candida albicans,Negative
5314,dbAMP_02064,Enterococcus faecalis,Negative
5315,dbAMP_33386,Listeria monocytogenes,Negative
5316,dbAMP_34324,Escherichia coli,Negative
5317,dbAMP_18135,Salmonella enterica,Negative
5318,dbAMP_25215,Pseudomonas aeruginosa,Negative
5319,734.0,Escherichia coli,Negative
5320,dbAMP_32278,Staphylococcus aureus,Negative
5321,20163.0,Acinetobacter baumannii,Negative
5322,21195.0,Escherichia coli,Negative
5323,dbAMP_33117,Pseudomonas aeruginosa,Negative
5324,dbAMP_24057,Pseudomonas aeruginosa,Negative
5325,dbAMP_22716,Enterococcus faecalis,Negative
5326,dbAMP_14887,Klebsiella pneumoniae,Negative
5327,22014.0,Candida albicans,Negative
5328,dbAMP_04830,Staphylococcus epidermidis,Negative
5329,dbAMP_11976,Escherichia coli,Negative
5330,20293.0,Staphylococcus epidermidis,Negative
5331,20369.0,Escherichia coli,Negative
5332,dbAMP_20702,Escherichia coli,Negative
5333,dbAMP_10019,Staphylococcus aureus,Negative
5334,dbAMP_32420,Staphylococcus aureus,Negative
5335,dbAMP_21138,Staphylococcus aureus,Negative
5336,dbAMP_21995,Klebsiella pneumoniae,Negative
5337,22021.0,Salmonella enterica,Negative
5338,dbAMP_32063,Enterococcus faecalis,Negative
5339,dbAMP_23636,Micrococcus luteus,Negative
5340,dbAMP_04829,Staphylococcus epidermidis,Negative
5341,dbAMP_19267,Acinetobacter baumannii,Negative
5342,21411.0,Pseudomonas aeruginosa,Negative
5343,21214.0,Enterobacter cloacae,Negative
5344,dbAMP_33318,Candida albicans,Negative
5345,dbAMP_19008,Klebsiella pneumoniae,Negative
5346,dbAMP_22291,Staphylococcus aureus,Negative
5347,dbAMP_21187,Enterococcus faecalis,Negative
5348,17253.0,Escherichia coli,Negative
5349,19524.0,Enterococcus faecalis,Negative
5350,dbAMP_25149,Pseudomonas aeruginosa,Negative
5351,dbAMP_01914,Escherichia coli,Negative
5352,dbAMP_14878,Micrococcus luteus,Negative
5353,dbAMP_24918,Pseudomonas aeruginosa,Negative
5354,dbAMP_23823,Pseudomonas aeruginosa,Negative
5355,21925.0,Escherichia coli,Negative
5356,dbAMP_00754,Candida albicans,Negative
5357,dbAMP_22415,Bacillus subtilis,Negative
5358,20367.0,Staphylococcus aureus,Negative
5359,dbAMP_23612,Pseudomonas aeruginosa,Negative
5360,dbAMP_21228,Enterococcus faecium,Negative
5361,21199.0,Staphylococcus aureus,Negative
5362,dbAMP_21202,Staphylococcus aureus,Negative
5363,dbAMP_28731,Pseudomonas aeruginosa,Negative
5364,dbAMP_23580,Micrococcus luteus,Negative
5365,dbAMP_17515,Staphylococcus aureus,Negative
5366,dbAMP_25341,Staphylococcus aureus,Negative
5367,dbAMP_14929,Bacillus subtilis,Negative
5368,dbAMP_03643,Pseudomonas aeruginosa,Negative
5369,dbAMP_27193,Staphylococcus aureus,Negative
5370,dbAMP_02964,Staphylococcus aureus,Negative
5371,19479.0,Bacillus cereus,Negative
5372,17331.0,Pseudomonas aeruginosa,Negative
5373,dbAMP_33439,Escherichia coli,Negative
5374,dbAMP_24775,Pseudomonas aeruginosa,Negative
5375,dbAMP_02024,Staphylococcus aureus,Negative
5376,dbAMP_03983,Enterococcus faecalis,Negative
5377,18126.0,Staphylococcus aureus,Negative
5378,dbAMP_03498,Escherichia coli,Negative
5379,dbAMP_02014,Klebsiella pneumoniae,Negative
5380,17467.0,Staphylococcus aureus,Negative
5381,dbAMP_34166,Staphylococcus aureus,Negative
5382,dbAMP_23639,Micrococcus luteus,Negative
5383,DRAMP03150,Micrococcus luteus,Negative
5384,dbAMP_23721,Staphylococcus aureus,Negative
5385,dbAMP_19720,Acinetobacter baumannii,Negative
5386,dbAMP_27255,Staphylococcus aureus,Negative
5387,dbAMP_33329,Pseudomonas aeruginosa,Negative
5388,17468.0,Klebsiella pneumoniae,Negative
5389,dbAMP_19233,Staphylococcus aureus,Negative
5390,dbAMP_23116,Pseudomonas aeruginosa,Negative
5391,dbAMP_18691,Candida albicans,Negative
5392,dbAMP_27502,Pseudomonas aeruginosa,Negative
5393,dbAMP_22496,Escherichia coli,Negative
5394,21744.0,Candida albicans,Negative
5395,dbAMP_16771,Pseudomonas aeruginosa,Negative
5396,dbAMP_25282,Staphylococcus aureus,Negative
5397,dbAMP_24841,Cryptococcus neoformans,Negative
5398,dbAMP_05449,Escherichia coli,Negative
5399,dbAMP_32426,Escherichia coli,Negative
5400,dbAMP_14884,Salmonella enterica,Negative
5401,dbAMP_24147,Bacillus subtilis,Negative
5402,dbAMP_18888,Klebsiella pneumoniae,Negative
5403,dbAMP_04788,Candida albicans,Negative
5404,dbAMP_22416,Escherichia coli,Negative
5405,dbAMP_33258,Pseudomonas aeruginosa,Negative
5406,dbAMP_31133,Escherichia coli,Negative
5407,dbAMP_04210,Staphylococcus aureus,Negative
5408,dbAMP_19581,Escherichia coli,Negative
5409,dbAMP_33235,Candida albicans,Negative
5410,dbAMP_33820,Escherichia coli,Negative
5411,20339.0,Pseudomonas aeruginosa,Negative
5412,dbAMP_19817,Staphylococcus aureus,Negative
5413,dbAMP_04343,Staphylococcus epidermidis,Negative
5414,dbAMP_21301,Pseudomonas aeruginosa,Negative
5415,dbAMP_02231,Enterobacter cloacae,Negative
5416,dbAMP_22252,Bacillus cereus,Negative
5417,dbAMP_02711,Bacillus subtilis,Negative
5418,dbAMP_23626,Salmonella enterica,Negative
5419,dbAMP_17014,Candida albicans,Negative
5420,dbAMP_19552,Pseudomonas aeruginosa,Negative
5421,dbAMP_23620,Escherichia coli,Negative
5422,DRAMP03140,Bacillus cereus,Negative
5423,dbAMP_23669,Escherichia coli,Negative
5424,dbAMP_25036,Bacillus cereus,Negative
5425,dbAMP_09684,Candida albicans,Negative
5426,dbAMP_02673,Salmonella enterica,Negative
5427,dbAMP_22271,Escherichia coli,Negative
5428,dbAMP_18016,Escherichia coli,Negative
5429,3224.0,Staphylococcus aureus,Negative
5430,dbAMP_02485,Bacillus subtilis,Negative
5431,dbAMP_28732,Candida albicans,Negative
5432,22267.0,Escherichia coli,Negative
5433,17789.0,Escherichia coli,Negative
5434,dbAMP_22110,Bacillus subtilis,Negative
5435,dbAMP_20348,Staphylococcus aureus,Negative
5436,dbAMP_03550,Escherichia coli,Negative
5437,dbAMP_19717,Staphylococcus aureus,Negative
5438,dbAMP_19596,Candida albicans,Negative
5439,dbAMP_09904,Klebsiella pneumoniae,Negative
5440,dbAMP_04311,Escherichia coli,Negative
5441,dbAMP_18106,Klebsiella pneumoniae,Negative
5442,20294.0,Acinetobacter baumannii,Negative
5443,dbAMP_20862,Pseudomonas aeruginosa,Negative
5444,dbAMP_22588,Escherichia coli,Negative
5445,dbAMP_31702,Staphylococcus aureus,Negative
5446,17334.0,Pseudomonas aeruginosa,Negative
5447,dbAMP_33286,Pseudomonas aeruginosa,Negative
5448,dbAMP_03463,Escherichia coli,Negative
5449,dbAMP_12941,Staphylococcus epidermidis,Negative
5450,dbAMP_04562,Pseudomonas aeruginosa,Negative
5451,19526.0,Enterococcus faecalis,Negative
5452,19881.0,Staphylococcus aureus,Negative
5453,dbAMP_24579,Escherichia coli,Negative
5454,dbAMP_22414,Candida albicans,Negative
5455,dbAMP_03351,Candida albicans,Negative
5456,dbAMP_26141,Staphylococcus aureus,Negative
5457,dbAMP_34394,Candida albicans,Negative
5458,dbAMP_04563,Escherichia coli,Negative
5459,dbAMP_31183,Enterobacter cloacae,Negative
5460,dbAMP_22347,Escherichia coli,Negative
5461,dbAMP_16136,Bacillus cereus,Negative
5462,19569.0,Enterococcus faecalis,Negative
5463,dbAMP_25327,Pseudomonas aeruginosa,Negative
5464,dbAMP_18699,Escherichia coli,Negative
5465,dbAMP_03065,Escherichia coli,Negative
5466,dbAMP_01987,Enterococcus faecium,Negative
5467,21663.0,Escherichia coli,Negative
5468,dbAMP_18030,Klebsiella pneumoniae,Negative
5469,dbAMP_03271,Escherichia coli,Negative
5470,dbAMP_16733,Escherichia coli,Negative
5471,21947.0,Enterococcus faecalis,Negative
5472,dbAMP_25286,Staphylococcus aureus,Negative
5473,dbAMP_32275,Staphylococcus aureus,Negative
5474,19681.0,Staphylococcus epidermidis,Negative
5475,dbAMP_33264,Staphylococcus aureus,Negative
5476,dbAMP_25023,Staphylococcus aureus,Negative
5477,dbAMP_33274,Staphylococcus aureus,Negative
5478,dbAMP_11976,Candida albicans,Negative
5479,dbAMP_27263,Enterococcus faecalis,Negative
5480,20374.0,Salmonella enterica,Negative
5481,dbAMP_21658,Salmonella enterica,Negative
5482,dbAMP_23205,Staphylococcus aureus,Negative
5483,19141.0,Enterobacter cloacae,Negative
5484,dbAMP_22458,Bacillus subtilis,Negative
5485,9487.0,Escherichia coli,Negative
5486,dbAMP_18232,Bacillus cereus,Negative
5487,dbAMP_19806,Candida albicans,Negative
5488,20584.0,Pseudomonas aeruginosa,Negative
5489,dbAMP_22929,Candida albicans,Negative
5490,dbAMP_05728,Escherichia coli,Negative
5491,dbAMP_14801,Pseudomonas aeruginosa,Negative
5492,19359.0,Staphylococcus aureus,Negative
5493,dbAMP_03043,Staphylococcus aureus,Negative
5494,dbAMP_20479,Cryptococcus neoformans,Negative
5495,dbAMP_22311,Escherichia coli,Negative
5496,dbAMP_33385,Listeria monocytogenes,Negative
5497,dbAMP_05193,Escherichia coli,Negative
5498,dbAMP_24051,Staphylococcus aureus,Negative
5499,dbAMP_17849,Staphylococcus aureus,Negative
5500,dbAMP_24352,Klebsiella pneumoniae,Negative
5501,dbAMP_02683,Bacillus subtilis,Negative
5502,dbAMP_24843,Candida albicans,Negative
5503,DRAMP20994,Candida parapsilosis,Negative
5504,dbAMP_24218,Candida albicans,Negative
5505,20514.0,Salmonella enterica,Negative
5506,17508.0,Candida albicans,Negative
5507,dbAMP_01701,Escherichia coli,Negative
5508,dbAMP_15849,Enterococcus faecalis,Negative
5509,dbAMP_20131,Listeria monocytogenes,Negative
5510,dbAMP_02084,Staphylococcus aureus,Negative
5511,dbAMP_20783,Escherichia coli,Negative
5512,dbAMP_18522,Enterococcus faecalis,Negative
5513,dbAMP_14882,Pseudomonas aeruginosa,Negative
5514,dbAMP_22263,Escherichia coli,Negative
5515,dbAMP_19849,Staphylococcus aureus,Negative
5516,dbAMP_34287,Staphylococcus aureus,Negative
5517,dbAMP_25094,Candida albicans,Negative
5518,dbAMP_16041,Staphylococcus aureus,Negative
5519,18175.0,Bacillus subtilis,Negative
5520,dbAMP_23835,Escherichia coli,Negative
5521,22087.0,Salmonella enterica,Negative
5522,dbAMP_18372,Staphylococcus epidermidis,Negative
5523,1160.0,Pseudomonas aeruginosa,Negative
5524,18171.0,Bacillus subtilis,Negative
5525,dbAMP_02703,Staphylococcus aureus,Negative
5526,dbAMP_31997,Pseudomonas aeruginosa,Negative
5527,dbAMP_21993,Escherichia coli,Negative
5528,dbAMP_14849,Staphylococcus aureus,Negative
5529,dbAMP_17073,Staphylococcus aureus,Negative
5530,DRAMP21620,Enterococcus faecalis,Negative
5531,dbAMP_20529,Pseudomonas aeruginosa,Negative
5532,dbAMP_25241,Staphylococcus aureus,Negative
5533,18106.0,Micrococcus luteus,Negative
5534,dbAMP_32890,Pseudomonas aeruginosa,Negative
5535,dbAMP_01731,Escherichia coli,Negative
5536,dbAMP_23112,Candida parapsilosis,Negative
5537,dbAMP_20344,Pseudomonas aeruginosa,Negative
5538,22006.0,Candida albicans,Negative
5539,20831.0,Pseudomonas aeruginosa,Negative
5540,19580.0,Escherichia coli,Negative
5541,dbAMP_34344,Escherichia coli,Negative
5542,dbAMP_23694,Pseudomonas aeruginosa,Negative
5543,dbAMP_23470,Pseudomonas aeruginosa,Negative
5544,dbAMP_24203,Listeria monocytogenes,Negative
5545,dbAMP_03673,Staphylococcus aureus,Negative
5546,19934.0,Staphylococcus aureus,Negative
5547,dbAMP_12941,Staphylococcus aureus,Negative
5548,dbAMP_34012,Staphylococcus aureus,Negative
5549,dbAMP_34359,Escherichia coli,Negative
5550,dbAMP_22529,Candida albicans,Negative
5551,dbAMP_21988,Staphylococcus aureus,Negative
5552,dbAMP_22368,Escherichia coli,Negative
5553,dbAMP_22264,Escherichia coli,Negative
5554,dbAMP_19723,Staphylococcus aureus,Negative
5555,dbAMP_24799,Candida albicans,Negative
5556,dbAMP_04775,Candida parapsilosis,Negative
5557,dbAMP_23950,Pseudomonas aeruginosa,Negative
5558,dbAMP_22097,Bacillus subtilis,Negative
5559,dbAMP_16757,Bacillus subtilis,Negative
5560,dbAMP_22983,Staphylococcus aureus,Negative
5561,dbAMP_03807,Escherichia coli,Negative
5562,dbAMP_15935,Pseudomonas aeruginosa,Negative
5563,dbAMP_03672,Escherichia coli,Negative
5564,dbAMP_24836,Micrococcus luteus,Negative
5565,dbAMP_20484,Escherichia coli,Negative
5566,dbAMP_20995,Pseudomonas aeruginosa,Negative
5567,17808.0,Escherichia coli,Negative
5568,dbAMP_16125,Listeria monocytogenes,Negative
5569,20069.0,Micrococcus luteus,Negative
5570,20371.0,Salmonella enterica,Negative
5571,dbAMP_19068,Salmonella enterica,Negative
5572,dbAMP_21971,Pseudomonas aeruginosa,Negative
5573,dbAMP_23381,Escherichia coli,Negative
5574,dbAMP_21523,Staphylococcus aureus,Negative
5575,dbAMP_16542,Salmonella enterica,Negative
5576,dbAMP_16302,Klebsiella pneumoniae,Negative
5577,dbAMP_00037,Staphylococcus epidermidis,Negative
5578,dbAMP_19057,Bacillus cereus,Negative
5579,20323.0,Escherichia coli,Negative
5580,dbAMP_21738,Enterococcus faecalis,Negative
5581,dbAMP_02129,Pseudomonas aeruginosa,Negative
5582,dbAMP_33589,Escherichia coli,Negative
5583,dbAMP_23639,Staphylococcus epidermidis,Negative
5584,dbAMP_19543,Bacillus subtilis,Negative
5585,dbAMP_19771,Pseudomonas aeruginosa,Negative
5586,dbAMP_20378,Pseudomonas aeruginosa,Negative
5587,dbAMP_25139,Escherichia coli,Negative
5588,17667.0,Staphylococcus aureus,Negative
5589,dbAMP_25138,Escherichia coli,Negative
5590,19148.0,Enterococcus faecium,Negative
5591,dbAMP_24344,Klebsiella pneumoniae,Negative
5592,dbAMP_18919,Bacillus subtilis,Negative
5593,dbAMP_21157,Staphylococcus aureus,Negative
5594,dbAMP_04788,Enterobacter cloacae,Negative
5595,dbAMP_22453,Staphylococcus aureus,Negative
5596,18059.0,Escherichia coli,Negative
5597,dbAMP_17650,Pseudomonas aeruginosa,Negative
5598,dbAMP_03574,Pseudomonas aeruginosa,Negative
5599,dbAMP_00877,Cryptococcus neoformans,Negative
5600,dbAMP_20741,Salmonella enterica,Negative
5601,dbAMP_18953,Escherichia coli,Negative
5602,dbAMP_28800,Enterococcus faecium,Negative
5603,dbAMP_16552,Pseudomonas aeruginosa,Negative
5604,22025.0,Candida albicans,Negative
5605,dbAMP_21993,Bacillus subtilis,Negative
5606,dbAMP_17765,Enterococcus faecalis,Negative
5607,dbAMP_21018,Pseudomonas aeruginosa,Negative
5608,20962.0,Staphylococcus aureus,Negative
5609,19478.0,Enterococcus faecium,Negative
5610,20188.0,Staphylococcus aureus,Negative
5611,dbAMP_27606,Staphylococcus aureus,Negative
5612,dbAMP_32991,Pseudomonas aeruginosa,Negative
5613,dbAMP_21765,Staphylococcus aureus,Negative
5614,dbAMP_31179,Pseudomonas aeruginosa,Negative
5615,dbAMP_32112,Staphylococcus aureus,Negative
5616,dbAMP_04988,Candida albicans,Negative
5617,dbAMP_17059,Salmonella enterica,Negative
5618,dbAMP_21985,Escherichia coli,Negative
5619,dbAMP_02999,Staphylococcus aureus,Negative
5620,20333.0,Escherichia coli,Negative
5621,dbAMP_31646,Staphylococcus aureus,Negative
5622,dbAMP_03141,Escherichia coli,Negative
5623,17416.0,Klebsiella pneumoniae,Negative
5624,dbAMP_34358,Staphylococcus aureus,Negative
5625,dbAMP_02382,Escherichia coli,Negative
5626,dbAMP_16197,Staphylococcus aureus,Negative
5627,20037.0,Staphylococcus aureus,Negative
5628,18655.0,Escherichia coli,Negative
5629,dbAMP_14918,Escherichia coli,Negative
5630,dbAMP_31770,Escherichia coli,Negative
5631,dbAMP_25312,Escherichia coli,Negative
5632,dbAMP_25090,Bacillus subtilis,Negative
5633,dbAMP_18137,Salmonella enterica,Negative
5634,dbAMP_17862,Staphylococcus aureus,Negative
5635,dbAMP_23529,Bacillus subtilis,Negative
5636,dbAMP_02219,Candida albicans,Negative
5637,dbAMP_16259,Salmonella enterica,Negative
5638,dbAMP_22870,Staphylococcus aureus,Negative
5639,dbAMP_22543,Escherichia coli,Negative
5640,dbAMP_22670,Escherichia coli,Negative
5641,17766.0,Bacillus subtilis,Negative
5642,dbAMP_10810,Candida albicans,Negative
5643,dbAMP_17770,Salmonella enterica,Negative
5644,dbAMP_27352,Escherichia coli,Negative
5645,dbAMP_04686,Micrococcus luteus,Negative
5646,dbAMP_33323,Pseudomonas aeruginosa,Negative
5647,dbAMP_24366,Salmonella enterica,Negative
5648,22283.0,Staphylococcus aureus,Negative
5649,dbAMP_33298,Candida albicans,Negative
5650,dbAMP_24048,Escherichia coli,Negative
5651,dbAMP_22525,Candida parapsilosis,Negative
5652,dbAMP_02295,Staphylococcus aureus,Negative
5653,17281.0,Escherichia coli,Negative
5654,dbAMP_22080,Pseudomonas aeruginosa,Negative
5655,dbAMP_33311,Pseudomonas aeruginosa,Negative
5656,21926.0,Pseudomonas aeruginosa,Negative
5657,dbAMP_18942,Enterococcus faecalis,Negative
5658,dbAMP_22543,Candida albicans,Negative
5659,20295.0,Escherichia coli,Negative
5660,dbAMP_22238,Staphylococcus aureus,Negative
5661,dbAMP_16065,Escherichia coli,Negative
5662,dbAMP_00418,Enterococcus faecalis,Negative
5663,dbAMP_24374,Escherichia coli,Negative
5664,dbAMP_16276,Staphylococcus aureus,Negative
5665,dbAMP_21701,Salmonella enterica,Negative
5666,dbAMP_19369,Escherichia coli,Negative
5667,dbAMP_23217,Escherichia coli,Negative
5668,19820.0,Enterococcus faecalis,Negative
5669,dbAMP_33278,Pseudomonas aeruginosa,Negative
5670,dbAMP_20279,Pseudomonas aeruginosa,Negative
5671,dbAMP_17695,Pseudomonas aeruginosa,Negative
5672,dbAMP_16149,Pseudomonas aeruginosa,Negative
5673,dbAMP_18699,Cryptococcus neoformans,Negative
5674,dbAMP_25340,Escherichia coli,Negative
5675,dbAMP_05257,Staphylococcus aureus,Negative
5676,dbAMP_15574,Micrococcus luteus,Negative
5677,19935.0,Salmonella enterica,Negative
5678,dbAMP_23215,Pseudomonas aeruginosa,Negative
5679,dbAMP_20561,Escherichia coli,Negative
5680,dbAMP_18526,Pseudomonas aeruginosa,Negative
5681,dbAMP_22585,Staphylococcus aureus,Negative
5682,dbAMP_25342,Staphylococcus aureus,Negative
5683,dbAMP_22273,Escherichia coli,Negative
5684,dbAMP_33389,Listeria monocytogenes,Negative
5685,dbAMP_23038,Staphylococcus aureus,Negative
5686,21723.0,Staphylococcus epidermidis,Negative
5687,dbAMP_00886,Escherichia coli,Negative
5688,dbAMP_17782,Pseudomonas aeruginosa,Negative
5689,dbAMP_21979,Klebsiella pneumoniae,Negative
5690,dbAMP_28726,Micrococcus luteus,Negative
5691,dbAMP_33019,Klebsiella pneumoniae,Negative
5692,dbAMP_24240,Escherichia coli,Negative
5693,dbAMP_16509,Staphylococcus epidermidis,Negative
5694,dbAMP_17096,Escherichia coli,Negative
5695,20174.0,Escherichia coli,Negative
5696,dbAMP_33170,Pseudomonas aeruginosa,Negative
5697,20504.0,Enterobacter cloacae,Negative
5698,dbAMP_25188,Candida parapsilosis,Negative
5699,21972.0,Pseudomonas aeruginosa,Negative
5700,dbAMP_14878,Staphylococcus aureus,Negative
5701,dbAMP_17217,Staphylococcus aureus,Negative
5702,dbAMP_31784,Escherichia coli,Negative
5703,dbAMP_23952,Staphylococcus epidermidis,Negative
5704,dbAMP_22283,Bacillus cereus,Negative
5705,22373.0,Staphylococcus aureus,Negative
5706,dbAMP_20660,Pseudomonas aeruginosa,Negative
5707,dbAMP_22453,Pseudomonas aeruginosa,Negative
5708,dbAMP_25275,Escherichia coli,Negative
5709,dbAMP_24684,Staphylococcus aureus,Negative
5710,17467.0,Cryptococcus neoformans,Negative
5711,18837.0,Escherichia coli,Negative
5712,dbAMP_02778,Klebsiella pneumoniae,Negative
5713,dbAMP_17324,Staphylococcus aureus,Negative
5714,dbAMP_24493,Bacillus subtilis,Negative
5715,dbAMP_33610,Escherichia coli,Negative
5716,dbAMP_23971,Salmonella enterica,Negative
5717,dbAMP_34261,Staphylococcus aureus,Negative
5718,dbAMP_04842,Bacillus subtilis,Negative
5719,dbAMP_17938,Pseudomonas aeruginosa,Negative
5720,dbAMP_20491,Staphylococcus epidermidis,Negative
5721,dbAMP_19827,Enterococcus faecalis,Negative
5722,dbAMP_15934,Staphylococcus aureus,Negative
5723,dbAMP_19009,Candida albicans,Negative
5724,dbAMP_17209,Staphylococcus epidermidis,Negative
5725,dbAMP_02446,Pseudomonas aeruginosa,Negative
5726,18172.0,Staphylococcus aureus,Negative
5727,dbAMP_18728,Bacillus subtilis,Negative
5728,dbAMP_24554,Escherichia coli,Negative
5729,dbAMP_23284,Pseudomonas aeruginosa,Negative
5730,19556.0,Pseudomonas aeruginosa,Negative
5731,dbAMP_16813,Staphylococcus aureus,Negative
5732,dbAMP_21118,Listeria monocytogenes,Negative
5733,dbAMP_22799,Staphylococcus aureus,Negative
5734,17817.0,Bacillus subtilis,Negative
5735,dbAMP_17330,Escherichia coli,Negative
5736,dbAMP_33363,Pseudomonas aeruginosa,Negative
5737,dbAMP_16802,Pseudomonas aeruginosa,Negative
5738,15.0,Escherichia coli,Negative
5739,17610.0,Salmonella enterica,Negative
5740,dbAMP_18200,Staphylococcus aureus,Negative
5741,dbAMP_33695,Enterococcus faecalis,Negative
5742,dbAMP_33159,Staphylococcus aureus,Negative
5743,dbAMP_16377,Escherichia coli,Negative
5744,dbAMP_02045,Staphylococcus epidermidis,Negative
5745,dbAMP_18029,Pseudomonas aeruginosa,Negative
5746,dbAMP_03777,Escherichia coli,Negative
5747,dbAMP_17780,Staphylococcus aureus,Negative
5748,dbAMP_22668,Staphylococcus aureus,Negative
5749,dbAMP_34391,Candida albicans,Negative
5750,dbAMP_01914,Pseudomonas aeruginosa,Negative
5751,dbAMP_19718,Staphylococcus aureus,Negative
5752,DRAMP18356,Candida albicans,Negative
5753,19905.0,Pseudomonas aeruginosa,Negative
5754,dbAMP_25280,Candida albicans,Negative
5755,dbAMP_21416,Bacillus subtilis,Negative
5756,dbAMP_24374,Pseudomonas aeruginosa,Negative
5757,dbAMP_20365,Pseudomonas aeruginosa,Negative
5758,dbAMP_01476,Candida albicans,Negative
5759,dbAMP_22415,Staphylococcus aureus,Negative
5760,21991.0,Enterococcus faecalis,Negative
5761,dbAMP_18671,Cryptococcus neoformans,Negative
5762,dbAMP_21655,Staphylococcus aureus,Negative
5763,dbAMP_19843,Pseudomonas aeruginosa,Negative
5764,dbAMP_34255,Staphylococcus aureus,Negative
5765,dbAMP_04821,Enterococcus faecium,Negative
5766,dbAMP_05848,Pseudomonas aeruginosa,Negative
5767,dbAMP_15578,Escherichia coli,Negative
5768,dbAMP_24386,Staphylococcus aureus,Negative
5769,dbAMP_23991,Klebsiella pneumoniae,Negative
5770,19865.0,Enterococcus faecium,Negative
5771,21661.0,Acinetobacter baumannii,Negative
5772,19162.0,Escherichia coli,Negative
5773,dbAMP_17782,Salmonella enterica,Negative
5774,dbAMP_14914,Escherichia coli,Negative
5775,dbAMP_24303,Pseudomonas aeruginosa,Negative
5776,dbAMP_14715,Salmonella enterica,Negative
5777,dbAMP_18526,Enterococcus faecalis,Negative
5778,dbAMP_01927,Acinetobacter baumannii,Negative
5779,dbAMP_18938,Staphylococcus aureus,Negative
5780,dbAMP_14881,Escherichia coli,Negative
5781,dbAMP_02827,Candida albicans,Negative
5782,dbAMP_16420,Staphylococcus aureus,Negative
5783,dbAMP_17125,Bacillus cereus,Negative
5784,dbAMP_19213,Staphylococcus aureus,Negative
5785,dbAMP_16711,Enterococcus faecium,Negative
5786,dbAMP_21606,Staphylococcus epidermidis,Negative
5787,dbAMP_23593,Pseudomonas aeruginosa,Negative
5788,dbAMP_16913,Salmonella enterica,Negative
5789,dbAMP_18370,Staphylococcus epidermidis,Negative
5790,dbAMP_17045,Staphylococcus aureus,Negative
5791,dbAMP_21853,Staphylococcus epidermidis,Negative
5792,dbAMP_34279,Staphylococcus aureus,Negative
5793,dbAMP_22670,Staphylococcus aureus,Negative
5794,dbAMP_19066,Staphylococcus aureus,Negative
5795,dbAMP_22546,Candida albicans,Negative
5796,dbAMP_03864,Klebsiella pneumoniae,Negative
5797,20305.0,Staphylococcus aureus,Negative
5798,dbAMP_16090,Candida parapsilosis,Negative
5799,dbAMP_02251,Klebsiella pneumoniae,Negative
5800,dbAMP_22182,Pseudomonas aeruginosa,Negative
5801,dbAMP_02190,Enterobacter cloacae,Negative
5802,dbAMP_22281,Staphylococcus aureus,Negative
5803,dbAMP_24408,Pseudomonas aeruginosa,Negative
5804,dbAMP_05157,Salmonella enterica,Negative
5805,dbAMP_24649,Staphylococcus aureus,Negative
5806,dbAMP_10582,Staphylococcus aureus,Negative
5807,18210.0,Enterococcus faecalis,Negative
5808,dbAMP_23114,Bacillus subtilis,Negative
5809,dbAMP_23563,Staphylococcus epidermidis,Negative
5810,dbAMP_21168,Klebsiella pneumoniae,Negative
5811,2854.0,Enterococcus faecium,Negative
5812,dbAMP_05725,Pseudomonas aeruginosa,Negative
5813,dbAMP_22345,Escherichia coli,Negative
5814,dbAMP_31818,Candida parapsilosis,Negative
5815,dbAMP_24347,Klebsiella pneumoniae,Negative
5816,dbAMP_16870,Salmonella enterica,Negative
5817,dbAMP_22520,Escherichia coli,Negative
5818,dbAMP_22186,Escherichia coli,Negative
5819,dbAMP_24353,Klebsiella pneumoniae,Negative
5820,dbAMP_03493,Candida albicans,Negative
5821,dbAMP_16613,Escherichia coli,Negative
5822,21724.0,Enterococcus faecalis,Negative
5823,dbAMP_05112,Bacillus subtilis,Negative
5824,dbAMP_19639,Pseudomonas aeruginosa,Negative
5825,dbAMP_17191,Staphylococcus aureus,Negative
5826,dbAMP_24066,Klebsiella pneumoniae,Negative
5827,dbAMP_20131,Pseudomonas aeruginosa,Negative
5828,dbAMP_31135,Candida albicans,Negative
5829,dbAMP_05112,Staphylococcus epidermidis,Negative
5830,dbAMP_22035,Pseudomonas aeruginosa,Negative
5831,dbAMP_16261,Staphylococcus aureus,Negative
5832,dbAMP_19811,Staphylococcus aureus,Negative
5833,17791.0,Escherichia coli,Negative
5834,dbAMP_33285,Candida albicans,Negative
5835,dbAMP_24362,Staphylococcus aureus,Negative
5836,20953.0,Pseudomonas aeruginosa,Negative
5837,19570.0,Pseudomonas aeruginosa,Negative
5838,dbAMP_17105,Escherichia coli,Negative
5839,dbAMP_23216,Pseudomonas aeruginosa,Negative
5840,dbAMP_16379,Enterobacter cloacae,Negative
5841,dbAMP_11436,Candida albicans,Negative
5842,18039.0,Escherichia coli,Negative
5843,dbAMP_33156,Staphylococcus aureus,Negative
5844,dbAMP_16347,Bacillus cereus,Negative
5845,dbAMP_20728,Enterococcus faecalis,Negative
5846,20441.0,Escherichia coli,Negative
5847,dbAMP_21229,Pseudomonas aeruginosa,Negative
5848,dbAMP_19193,Pseudomonas aeruginosa,Negative
5849,20645.0,Staphylococcus epidermidis,Negative
5850,dbAMP_19058,Salmonella enterica,Negative
5851,20501.0,Enterococcus faecium,Negative
5852,dbAMP_17557,Staphylococcus aureus,Negative
5853,dbAMP_01913,Klebsiella pneumoniae,Negative
5854,dbAMP_22467,Escherichia coli,Negative
5855,17504.0,Pseudomonas aeruginosa,Negative
5856,dbAMP_22016,Pseudomonas aeruginosa,Negative
5857,dbAMP_03331,Escherichia coli,Negative
5858,dbAMP_11142,Staphylococcus aureus,Negative
5859,7152.0,Pseudomonas aeruginosa,Negative
5860,dbAMP_14801,Klebsiella pneumoniae,Negative
5861,dbAMP_16789,Bacillus subtilis,Negative
5862,dbAMP_21297,Staphylococcus aureus,Negative
5863,dbAMP_03400,Enterobacter cloacae,Negative
5864,dbAMP_04754,Escherichia coli,Negative
5865,dbAMP_31132,Enterococcus faecalis,Negative
5866,dbAMP_17120,Pseudomonas aeruginosa,Negative
5867,dbAMP_22077,Bacillus subtilis,Negative
5868,dbAMP_04759,Pseudomonas aeruginosa,Negative
5869,18329.0,Escherichia coli,Negative
5870,dbAMP_18978,Bacillus cereus,Negative
5871,dbAMP_23900,Pseudomonas aeruginosa,Negative
5872,DRAMP02125,Pseudomonas aeruginosa,Negative
5873,22379.0,Pseudomonas aeruginosa,Negative
5874,dbAMP_18606,Bacillus cereus,Negative
5875,dbAMP_23585,Micrococcus luteus,Negative
5876,dbAMP_18371,Salmonella enterica,Negative
5877,dbAMP_33686,Staphylococcus aureus,Negative
5878,18159.0,Staphylococcus aureus,Negative
5879,717.0,Enterococcus faecalis,Negative
5880,dbAMP_20283,Staphylococcus epidermidis,Negative
5881,dbAMP_21229,Enterococcus faecium,Negative
5882,dbAMP_17554,Salmonella enterica,Negative
5883,18736.0,Staphylococcus aureus,Negative
5884,17814.0,Bacillus megaterium,Negative
5885,dbAMP_02015,Candida albicans,Negative
5886,dbAMP_20563,Staphylococcus aureus,Negative
5887,dbAMP_14715,Staphylococcus aureus,Negative
5888,dbAMP_17290,Enterococcus faecalis,Negative
5889,dbAMP_17124,Cryptococcus neoformans,Negative
5890,dbAMP_03737,Staphylococcus aureus,Negative
5891,dbAMP_11688,Bacillus subtilis,Negative
5892,17525.0,Enterococcus faecium,Negative
5893,20335.0,Salmonella enterica,Negative
5894,20054.0,Bacillus subtilis,Negative
5895,dbAMP_18195,Staphylococcus aureus,Negative
5896,dbAMP_04369,Staphylococcus aureus,Negative
5897,dbAMP_21136,Salmonella enterica,Negative
5898,1465.0,Klebsiella pneumoniae,Negative
5899,dbAMP_34231,Staphylococcus aureus,Negative
5900,17465.0,Klebsiella pneumoniae,Negative
5901,20321.0,Salmonella enterica,Negative
5902,dbAMP_12361,Enterococcus faecalis,Negative
5903,dbAMP_00174,Escherichia coli,Negative
5904,dbAMP_03777,Acinetobacter baumannii,Negative
5905,6834.0,Staphylococcus aureus,Negative
5906,dbAMP_32992,Escherichia coli,Negative
5907,19609.0,Escherichia coli,Negative
5908,dbAMP_33191,Candida albicans,Negative
5909,8833.0,Enterobacter cloacae,Negative
5910,21941.0,Pseudomonas aeruginosa,Negative
5911,22289.0,Acinetobacter baumannii,Negative
5912,dbAMP_19587,Acinetobacter baumannii,Negative
5913,dbAMP_32064,Enterococcus faecalis,Negative
5914,dbAMP_12829,Salmonella enterica,Negative
5915,dbAMP_25150,Bacillus subtilis,Negative
5916,dbAMP_03832,Bacillus cereus,Negative
5917,21913.0,Micrococcus luteus,Negative
5918,18583.0,Candida albicans,Negative
5919,dbAMP_09972,Pseudomonas aeruginosa,Negative
5920,dbAMP_23970,Staphylococcus aureus,Negative
5921,dbAMP_22073,Escherichia coli,Negative
5922,dbAMP_04304,Listeria monocytogenes,Negative
5923,dbAMP_23806,Staphylococcus aureus,Negative
5924,dbAMP_24150,Pseudomonas aeruginosa,Negative
5925,dbAMP_16104,Candida albicans,Negative
5926,dbAMP_20764,Salmonella enterica,Negative
5927,dbAMP_20660,Klebsiella pneumoniae,Negative
5928,4946.0,Escherichia coli,Negative
5929,dbAMP_21228,Candida albicans,Negative
5930,13747.0,Staphylococcus aureus,Negative
5931,19849.0,Pseudomonas aeruginosa,Negative
5932,dbAMP_19024,Pseudomonas aeruginosa,Negative
5933,dbAMP_17916,Candida albicans,Negative
5934,dbAMP_15894,Escherichia coli,Negative
5935,dbAMP_11172,Candida albicans,Negative
5936,dbAMP_25389,Pseudomonas aeruginosa,Negative
5937,dbAMP_33114,Enterococcus faecalis,Negative
5938,dbAMP_20101,Staphylococcus epidermidis,Negative
5939,dbAMP_20257,Escherichia coli,Negative
5940,dbAMP_14887,Pseudomonas aeruginosa,Negative
5941,20075.0,Klebsiella pneumoniae,Negative
5942,dbAMP_25385,Klebsiella pneumoniae,Negative
5943,20492.0,Enterococcus faecalis,Negative
5944,dbAMP_04306,Staphylococcus aureus,Negative
5945,6199.0,Enterococcus faecalis,Negative
5946,dbAMP_25213,Klebsiella pneumoniae,Negative
5947,dbAMP_18174,Staphylococcus aureus,Negative
5948,18080.0,Escherichia coli,Negative
5949,dbAMP_33687,Acinetobacter baumannii,Negative
5950,dbAMP_23682,Klebsiella pneumoniae,Negative
5951,dbAMP_34266,Escherichia coli,Negative
5952,dbAMP_16398,Candida albicans,Negative
5953,dbAMP_21370,Candida albicans,Negative
5954,dbAMP_18099,Klebsiella pneumoniae,Negative
5955,dbAMP_24218,Staphylococcus aureus,Negative
5956,dbAMP_34357,Staphylococcus aureus,Negative
5957,dbAMP_16138,Staphylococcus epidermidis,Negative
5958,dbAMP_24524,Pseudomonas aeruginosa,Negative
5959,dbAMP_18018,Micrococcus luteus,Negative
5960,dbAMP_20765,Bacillus subtilis,Negative
5961,dbAMP_24548,Staphylococcus aureus,Negative
5962,dbAMP_17727,Escherichia coli,Negative
5963,dbAMP_03546,Enterobacter cloacae,Negative
5964,18465.0,Listeria monocytogenes,Negative
5965,dbAMP_24351,Salmonella enterica,Negative
5966,dbAMP_16167,Salmonella enterica,Negative
5967,dbAMP_19869,Enterococcus faecalis,Negative
5968,dbAMP_22380,Bacillus cereus,Negative
5969,dbAMP_22079,Staphylococcus aureus,Negative
5970,dbAMP_23122,Staphylococcus aureus,Negative
5971,dbAMP_20571,Pseudomonas aeruginosa,Negative
5972,dbAMP_23538,Klebsiella pneumoniae,Negative
5973,dbAMP_17674,Pseudomonas aeruginosa,Negative
5974,dbAMP_18431,Candida albicans,Negative
5975,dbAMP_22981,Staphylococcus aureus,Negative
5976,dbAMP_18908,Acinetobacter baumannii,Negative
5977,dbAMP_33211,Candida albicans,Negative
5978,dbAMP_19213,Pseudomonas aeruginosa,Negative
5979,dbAMP_23074,Bacillus subtilis,Negative
5980,dbAMP_31963,Pseudomonas aeruginosa,Negative
5981,dbAMP_31440,Staphylococcus aureus,Negative
5982,18066.0,Escherichia coli,Negative
5983,17591.0,Escherichia coli,Negative
5984,19917.0,Staphylococcus aureus,Negative
5985,dbAMP_21049,Pseudomonas aeruginosa,Negative
5986,dbAMP_19753,Staphylococcus aureus,Negative
5987,dbAMP_19229,Staphylococcus aureus,Negative
5988,dbAMP_19233,Escherichia coli,Negative
5989,dbAMP_21486,Staphylococcus aureus,Negative
5990,dbAMP_04724,Staphylococcus aureus,Negative
5991,dbAMP_21553,Staphylococcus aureus,Negative
5992,17815.0,Pseudomonas aeruginosa,Negative
5993,dbAMP_17138,Klebsiella pneumoniae,Negative
5994,20569.0,Escherichia coli,Negative
5995,dbAMP_16892,Bacillus subtilis,Negative
5996,dbAMP_03035,Escherichia coli,Negative
5997,dbAMP_23256,Bacillus subtilis,Negative
5998,dbAMP_28726,Pseudomonas aeruginosa,Negative
5999,dbAMP_18468,Pseudomonas aeruginosa,Negative
6000,dbAMP_19627,Pseudomonas aeruginosa,Negative
6001,dbAMP_24291,Pseudomonas aeruginosa,Negative
6002,dbAMP_15668,Acinetobacter baumannii,Negative
6003,20163.0,Pseudomonas aeruginosa,Negative
6004,dbAMP_11020,Escherichia coli,Negative
6005,dbAMP_24404,Staphylococcus aureus,Negative
6006,dbAMP_18026,Pseudomonas aeruginosa,Negative
6007,dbAMP_15826,Staphylococcus aureus,Negative
6008,21661.0,Klebsiella pneumoniae,Negative
6009,dbAMP_04988,Escherichia coli,Negative
6010,dbAMP_23949,Candida albicans,Negative
6011,dbAMP_03159,Escherichia coli,Negative
6012,19923.0,Enterococcus faecalis,Negative
6013,dbAMP_16376,Enterobacter cloacae,Negative
6014,21986.0,Pseudomonas aeruginosa,Negative
6015,19355.0,Klebsiella pneumoniae,Negative
6016,dbAMP_20334,Escherichia coli,Negative
6017,dbAMP_20128,Pseudomonas aeruginosa,Negative
6018,9297.0,Candida albicans,Negative
6019,dbAMP_03733,Salmonella enterica,Negative
6020,dbAMP_20790,Staphylococcus aureus,Negative
6021,dbAMP_10201,Micrococcus luteus,Negative
6022,dbAMP_19055,Bacillus subtilis,Negative
6023,dbAMP_04560,Salmonella enterica,Negative
6024,dbAMP_31183,Pseudomonas aeruginosa,Negative
6025,20164.0,Candida albicans,Negative
6026,dbAMP_21655,Escherichia coli,Negative
6027,dbAMP_22745,Salmonella enterica,Negative
6028,dbAMP_16138,Escherichia coli,Negative
6029,18115.0,Staphylococcus aureus,Negative
6030,21468.0,Pseudomonas aeruginosa,Negative
6031,dbAMP_21664,Escherichia coli,Negative
6032,dbAMP_16741,Escherichia coli,Negative
6033,dbAMP_04997,Klebsiella pneumoniae,Negative
6034,dbAMP_11227,Cryptococcus neoformans,Negative
6035,dbAMP_02777,Candida albicans,Negative
6036,dbAMP_20371,Pseudomonas aeruginosa,Negative
6037,21200.0,Escherichia coli,Negative
6038,dbAMP_23462,Escherichia coli,Negative
6039,dbAMP_23563,Staphylococcus aureus,Negative
6040,dbAMP_04208,Escherichia coli,Negative
6041,21162.0,Bacillus subtilis,Negative
6042,dbAMP_10757,Bacillus subtilis,Negative
6043,dbAMP_34348,Escherichia coli,Negative
6044,dbAMP_27567,Pseudomonas aeruginosa,Negative
6045,dbAMP_17093,Staphylococcus aureus,Negative
6046,22338.0,Pseudomonas aeruginosa,Negative
6047,21182.0,Escherichia coli,Negative
6048,19832.0,Staphylococcus aureus,Negative
6049,dbAMP_23254,Pseudomonas aeruginosa,Negative
6050,dbAMP_19851,Pseudomonas aeruginosa,Negative
6051,dbAMP_32930,Escherichia coli,Negative
6052,dbAMP_22182,Escherichia coli,Negative
6053,22276.0,Escherichia coli,Negative
6054,dbAMP_18011,Escherichia coli,Negative
6055,dbAMP_17725,Staphylococcus aureus,Negative
6056,17765.0,Escherichia coli,Negative
6057,dbAMP_21594,Candida albicans,Negative
6058,dbAMP_20955,Pseudomonas aeruginosa,Negative
6059,dbAMP_04305,Pseudomonas aeruginosa,Negative
6060,dbAMP_18178,Staphylococcus epidermidis,Negative
6061,dbAMP_20947,Pseudomonas aeruginosa,Negative
6062,dbAMP_24776,Pseudomonas aeruginosa,Negative
6063,dbAMP_17979,Staphylococcus aureus,Negative
6064,dbAMP_27472,Escherichia coli,Negative
6065,21946.0,Staphylococcus aureus,Negative
6066,dbAMP_33206,Pseudomonas aeruginosa,Negative
6067,DRAMP21258,Listeria monocytogenes,Negative
6068,dbAMP_21874,Staphylococcus aureus,Negative
6069,19246.0,Klebsiella pneumoniae,Negative
6070,dbAMP_16256,Staphylococcus aureus,Negative
6071,dbAMP_23816,Acinetobacter baumannii,Negative
6072,dbAMP_17218,Escherichia coli,Negative
6073,dbAMP_21299,Staphylococcus aureus,Negative
6074,dbAMP_33782,Pseudomonas aeruginosa,Negative
6075,dbAMP_16498,Staphylococcus aureus,Negative
6076,dbAMP_00882,Salmonella enterica,Negative
6077,dbAMP_24290,Escherichia coli,Negative
6078,19907.0,Staphylococcus aureus,Negative
6079,dbAMP_18026,Staphylococcus aureus,Negative
6080,dbAMP_33695,Acinetobacter baumannii,Negative
6081,dbAMP_16437,Pseudomonas aeruginosa,Negative
6082,dbAMP_18880,Salmonella enterica,Negative
6083,19849.0,Klebsiella pneumoniae,Negative
6084,dbAMP_05249,Pseudomonas aeruginosa,Negative
6085,22128.0,Escherichia coli,Negative
6086,dbAMP_14617,Pseudomonas aeruginosa,Negative
6087,dbAMP_31799,Acinetobacter baumannii,Negative
6088,dbAMP_27395,Staphylococcus aureus,Negative
6089,dbAMP_23073,Staphylococcus aureus,Negative
6090,dbAMP_12344,Staphylococcus aureus,Negative
6091,dbAMP_16543,Klebsiella pneumoniae,Negative
6092,dbAMP_22000,Pseudomonas aeruginosa,Negative
6093,20279.0,Pseudomonas aeruginosa,Negative
6094,dbAMP_11830,Escherichia coli,Negative
6095,21942.0,Pseudomonas aeruginosa,Negative
6096,dbAMP_03159,Candida albicans,Negative
6097,dbAMP_19022,Klebsiella pneumoniae,Negative
6098,dbAMP_21625,Micrococcus luteus,Negative
6099,dbAMP_17775,Klebsiella pneumoniae,Negative
6100,dbAMP_24816,Staphylococcus aureus,Negative
6101,dbAMP_23189,Salmonella enterica,Negative
6102,21648.0,Staphylococcus aureus,Negative
6103,21004.0,Pseudomonas aeruginosa,Negative
6104,dbAMP_19704,Candida albicans,Negative
6105,15837.0,Acinetobacter baumannii,Negative
6106,22230.0,Staphylococcus aureus,Negative
6107,dbAMP_33178,Candida albicans,Negative
6108,dbAMP_31703,Staphylococcus aureus,Negative
6109,dbAMP_18587,Staphylococcus epidermidis,Negative
6110,18828.0,Pseudomonas aeruginosa,Negative
6111,dbAMP_18074,Klebsiella pneumoniae,Negative
6112,dbAMP_03322,Staphylococcus epidermidis,Negative
6113,dbAMP_21962,Staphylococcus aureus,Negative
6114,22294.0,Escherichia coli,Negative
6115,dbAMP_14716,Salmonella enterica,Negative
6116,dbAMP_25178,Escherichia coli,Negative
6117,dbAMP_21167,Staphylococcus aureus,Negative
6118,7152.0,Bacillus subtilis,Negative
6119,dbAMP_02970,Bacillus cereus,Negative
6120,dbAMP_02970,Staphylococcus aureus,Negative
6121,13747.0,Enterococcus faecalis,Negative
6122,dbAMP_16615,Staphylococcus aureus,Negative
6123,dbAMP_32913,Bacillus subtilis,Negative
6124,dbAMP_19121,Salmonella enterica,Negative
6125,dbAMP_22487,Bacillus subtilis,Negative
6126,dbAMP_16665,Escherichia coli,Negative
6127,dbAMP_16129,Staphylococcus aureus,Negative
6128,dbAMP_21143,Acinetobacter baumannii,Negative
6129,dbAMP_19387,Escherichia coli,Negative
6130,dbAMP_25314,Staphylococcus epidermidis,Negative
6131,dbAMP_19298,Pseudomonas aeruginosa,Negative
6132,dbAMP_31131,Enterococcus faecalis,Negative
6133,dbAMP_34367,Escherichia coli,Negative
6134,dbAMP_16843,Pseudomonas aeruginosa,Negative
6135,dbAMP_14648,Candida albicans,Negative
6136,dbAMP_00151,Salmonella enterica,Negative
6137,dbAMP_33603,Bacillus subtilis,Negative
6138,dbAMP_22459,Escherichia coli,Negative
6139,dbAMP_23587,Salmonella enterica,Negative
6140,dbAMP_01648,Escherichia coli,Negative
6141,dbAMP_16556,Staphylococcus aureus,Negative
6142,dbAMP_16525,Candida albicans,Negative
6143,21672.0,Escherichia coli,Negative
6144,dbAMP_33271,Staphylococcus aureus,Negative
6145,19821.0,Enterococcus faecalis,Negative
6146,dbAMP_21988,Enterobacter cloacae,Negative
6147,dbAMP_28726,Staphylococcus aureus,Negative
6148,dbAMP_15833,Escherichia coli,Negative
6149,dbAMP_33225,Candida albicans,Negative
6150,dbAMP_24178,Staphylococcus epidermidis,Negative
6151,dbAMP_15847,Escherichia coli,Negative
6152,dbAMP_24150,Staphylococcus aureus,Negative
6153,dbAMP_22727,Staphylococcus epidermidis,Negative
6154,dbAMP_00441,Escherichia coli,Negative
6155,dbAMP_34402,Candida albicans,Negative
6156,dbAMP_34322,Escherichia coli,Negative
6157,dbAMP_24222,Pseudomonas aeruginosa,Negative
6158,3157.0,Enterobacter cloacae,Negative
6159,18320.0,Candida albicans,Negative
6160,dbAMP_00037,Candida albicans,Negative
6161,dbAMP_19005,Escherichia coli,Negative
6162,dbAMP_04648,Enterococcus faecalis,Negative
6163,dbAMP_16047,Pseudomonas aeruginosa,Negative
6164,dbAMP_32026,Escherichia coli,Negative
6165,dbAMP_23969,Micrococcus luteus,Negative
6166,dbAMP_33301,Klebsiella pneumoniae,Negative
6167,dbAMP_31184,Enterobacter cloacae,Negative
6168,22008.0,Candida albicans,Negative
6169,dbAMP_04995,Staphylococcus aureus,Negative
6170,DRAMP03181,Klebsiella pneumoniae,Negative
6171,21929.0,Escherichia coli,Negative
6172,dbAMP_20390,Staphylococcus aureus,Negative
6173,dbAMP_24842,Cryptococcus neoformans,Negative
6174,dbAMP_21656,Escherichia coli,Negative
6175,dbAMP_15847,Pseudomonas aeruginosa,Negative
6176,dbAMP_22782,Candida albicans,Negative
6177,dbAMP_23257,Staphylococcus aureus,Negative
6178,18081.0,Acinetobacter baumannii,Negative
6179,22287.0,Acinetobacter baumannii,Negative
6180,dbAMP_33161,Pseudomonas aeruginosa,Negative
6181,dbAMP_19702,Enterococcus faecalis,Negative
6182,21735.0,Pseudomonas aeruginosa,Negative
6183,dbAMP_02056,Candida albicans,Negative
6184,dbAMP_16912,Pseudomonas aeruginosa,Negative
6185,dbAMP_16613,Bacillus cereus,Negative
6186,17607.0,Escherichia coli,Negative
6187,dbAMP_21011,Pseudomonas aeruginosa,Negative
6188,dbAMP_11026,Micrococcus luteus,Negative
6189,19889.0,Acinetobacter baumannii,Negative
6190,22326.0,Escherichia coli,Negative
6191,dbAMP_17198,Staphylococcus aureus,Negative
6192,dbAMP_17800,Escherichia coli,Negative
6193,19934.0,Escherichia coli,Negative
6194,dbAMP_01941,Candida albicans,Negative
6195,dbAMP_32891,Candida albicans,Negative
6196,10734.0,Pseudomonas aeruginosa,Negative
6197,dbAMP_20316,Escherichia coli,Negative
6198,dbAMP_23117,Bacillus subtilis,Negative
6199,dbAMP_25286,Escherichia coli,Negative
6200,dbAMP_20140,Candida albicans,Negative
6201,dbAMP_31319,Staphylococcus aureus,Negative
6202,dbAMP_16768,Candida albicans,Negative
6203,dbAMP_16375,Escherichia coli,Negative
6204,dbAMP_18955,Klebsiella pneumoniae,Negative
6205,dbAMP_21366,Pseudomonas aeruginosa,Negative
6206,19842.0,Bacillus subtilis,Negative
6207,dbAMP_05731,Pseudomonas aeruginosa,Negative
6208,19151.0,Listeria monocytogenes,Negative
6209,dbAMP_23667,Micrococcus luteus,Negative
6210,dbAMP_32889,Klebsiella pneumoniae,Negative
6211,dbAMP_32316,Enterococcus faecalis,Negative
6212,dbAMP_19565,Escherichia coli,Negative
6213,dbAMP_16972,Pseudomonas aeruginosa,Negative
6214,dbAMP_20128,Acinetobacter baumannii,Negative
6215,20081.0,Enterococcus faecalis,Negative
6216,dbAMP_04234,Staphylococcus epidermidis,Negative
6217,dbAMP_02121,Klebsiella pneumoniae,Negative
6218,dbAMP_21997,Pseudomonas aeruginosa,Negative
6219,dbAMP_22422,Escherichia coli,Negative
6220,17241.0,Staphylococcus aureus,Negative
6221,dbAMP_21699,Escherichia coli,Negative
6222,dbAMP_14715,Listeria monocytogenes,Negative
6223,dbAMP_02942,Escherichia coli,Negative
6224,20332.0,Staphylococcus aureus,Negative
6225,dbAMP_19378,Candida albicans,Negative
6226,dbAMP_31876,Staphylococcus aureus,Negative
6227,dbAMP_19531,Bacillus cereus,Negative
6228,19479.0,Escherichia coli,Negative
6229,dbAMP_20870,Pseudomonas aeruginosa,Negative
6230,19517.0,Salmonella enterica,Negative
6231,2334.0,Klebsiella pneumoniae,Negative
6232,dbAMP_31136,Klebsiella pneumoniae,Negative
6233,dbAMP_12270,Salmonella enterica,Negative
6234,dbAMP_21098,Klebsiella pneumoniae,Negative
6235,dbAMP_22314,Bacillus cereus,Negative
6236,20023.0,Escherichia coli,Negative
6237,dbAMP_34356,Staphylococcus aureus,Negative
6238,dbAMP_23516,Staphylococcus aureus,Negative
6239,dbAMP_10671,Staphylococcus aureus,Negative
6240,dbAMP_17027,Salmonella enterica,Negative
6241,dbAMP_23961,Enterococcus faecalis,Negative
6242,dbAMP_32870,Escherichia coli,Negative
6243,dbAMP_24293,Escherichia coli,Negative
6244,dbAMP_33728,Pseudomonas aeruginosa,Negative
6245,dbAMP_14648,Escherichia coli,Negative
6246,dbAMP_18666,Staphylococcus aureus,Negative
6247,dbAMP_17528,Acinetobacter baumannii,Negative
6248,dbAMP_18979,Pseudomonas aeruginosa,Negative
6249,dbAMP_31701,Salmonella enterica,Negative
6250,dbAMP_17514,Escherichia coli,Negative
6251,dbAMP_02942,Candida albicans,Negative
6252,dbAMP_21485,Staphylococcus aureus,Negative
6253,dbAMP_14808,Pseudomonas aeruginosa,Negative
6254,dbAMP_21189,Candida albicans,Negative
6255,20100.0,Escherichia coli,Negative
6256,dbAMP_19846,Pseudomonas aeruginosa,Negative
6257,dbAMP_21719,Candida albicans,Negative
6258,dbAMP_17027,Staphylococcus aureus,Negative
6259,dbAMP_19637,Klebsiella pneumoniae,Negative
6260,19919.0,Pseudomonas aeruginosa,Negative
6261,dbAMP_33283,Pseudomonas aeruginosa,Negative
6262,dbAMP_13206,Candida albicans,Negative
6263,9443.0,Klebsiella pneumoniae,Negative
6264,dbAMP_33310,Staphylococcus aureus,Negative
6265,dbAMP_02436,Staphylococcus aureus,Negative
6266,dbAMP_16078,Staphylococcus aureus,Negative
6267,dbAMP_17043,Staphylococcus aureus,Negative
6268,dbAMP_19582,Escherichia coli,Negative
6269,DRAMP03905,Staphylococcus aureus,Negative
6270,dbAMP_21049,Klebsiella pneumoniae,Negative
6271,dbAMP_20924,Escherichia coli,Negative
6272,19988.0,Acinetobacter baumannii,Negative
6273,dbAMP_11058,Staphylococcus aureus,Negative
6274,dbAMP_20393,Staphylococcus aureus,Negative
6275,dbAMP_16910,Listeria monocytogenes,Negative
6276,19147.0,Staphylococcus aureus,Negative
6277,dbAMP_16475,Pseudomonas aeruginosa,Negative
6278,DRAMP03075,Pseudomonas aeruginosa,Negative
6279,dbAMP_23556,Staphylococcus aureus,Negative
6280,dbAMP_25216,Staphylococcus aureus,Negative
6281,dbAMP_02694,Micrococcus luteus,Negative
6282,dbAMP_10779,Staphylococcus aureus,Negative
6283,dbAMP_16381,Bacillus subtilis,Negative
6284,dbAMP_22364,Escherichia coli,Negative
6285,dbAMP_23129,Staphylococcus aureus,Negative
6286,21662.0,Acinetobacter baumannii,Negative
6287,19646.0,Escherichia coli,Negative
6288,dbAMP_17967,Salmonella enterica,Negative
6289,22296.0,Salmonella enterica,Negative
6290,20804.0,Staphylococcus aureus,Negative
6291,dbAMP_04577,Bacillus cereus,Negative
6292,dbAMP_18674,Escherichia coli,Negative
6293,dbAMP_16734,Salmonella enterica,Negative
6294,dbAMP_22037,Pseudomonas aeruginosa,Negative
6295,dbAMP_27615,Candida albicans,Negative
6296,dbAMP_04043,Escherichia coli,Negative
6297,dbAMP_15745,Pseudomonas aeruginosa,Negative
6298,dbAMP_03196,Staphylococcus aureus,Negative
6299,dbAMP_21523,Candida albicans,Negative
6300,dbAMP_21515,Pseudomonas aeruginosa,Negative
6301,dbAMP_23116,Staphylococcus aureus,Negative
6302,17819.0,Pseudomonas aeruginosa,Negative
6303,dbAMP_33820,Pseudomonas aeruginosa,Negative
6304,19520.0,Staphylococcus epidermidis,Negative
6305,dbAMP_33942,Pseudomonas aeruginosa,Negative
6306,dbAMP_14616,Escherichia coli,Negative
6307,dbAMP_18286,Escherichia coli,Negative
6308,dbAMP_02645,Candida albicans,Negative
6309,dbAMP_24358,Salmonella enterica,Negative
6310,dbAMP_18030,Salmonella enterica,Negative
6311,17501.0,Enterococcus faecium,Negative
6312,dbAMP_17206,Escherichia coli,Negative
6313,dbAMP_05087,Pseudomonas aeruginosa,Negative
6314,dbAMP_33192,Pseudomonas aeruginosa,Negative
6315,dbAMP_04674,Pseudomonas aeruginosa,Negative
6316,dbAMP_24243,Salmonella enterica,Negative
6317,dbAMP_24538,Staphylococcus epidermidis,Negative
6318,dbAMP_31729,Pseudomonas aeruginosa,Negative
6319,dbAMP_12832,Escherichia coli,Negative
6320,dbAMP_19573,Escherichia coli,Negative
6321,dbAMP_23557,Escherichia coli,Negative
6322,dbAMP_22445,Pseudomonas aeruginosa,Negative
6323,dbAMP_10405,Escherichia coli,Negative
6324,dbAMP_24479,Staphylococcus aureus,Negative
6325,dbAMP_34330,Escherichia coli,Negative
6326,dbAMP_03288,Micrococcus luteus,Negative
6327,dbAMP_20526,Staphylococcus aureus,Negative
6328,dbAMP_25276,Pseudomonas aeruginosa,Negative
6329,21074.0,Salmonella enterica,Negative
6330,dbAMP_18982,Bacillus cereus,Negative
6331,dbAMP_11083,Bacillus subtilis,Negative
6332,dbAMP_34210,Staphylococcus aureus,Negative
6333,dbAMP_18888,Pseudomonas aeruginosa,Negative
6334,dbAMP_16202,Staphylococcus aureus,Negative
6335,dbAMP_00058,Candida albicans,Negative
6336,dbAMP_32620,Escherichia coli,Negative
6337,dbAMP_22543,Pseudomonas aeruginosa,Negative
6338,dbAMP_22320,Bacillus cereus,Negative
6339,dbAMP_10614,Staphylococcus aureus,Negative
6340,dbAMP_03680,Candida albicans,Negative
6341,dbAMP_16972,Escherichia coli,Negative
6342,21991.0,Staphylococcus aureus,Negative
6343,dbAMP_05848,Enterococcus faecalis,Negative
6344,dbAMP_25040,Enterococcus faecium,Negative
6345,dbAMP_14913,Escherichia coli,Negative
6346,dbAMP_01442,Escherichia coli,Negative
6347,dbAMP_27533,Escherichia coli,Negative
6348,dbAMP_23620,Micrococcus luteus,Negative
6349,21249.0,Escherichia coli,Negative
6350,21946.0,Pseudomonas aeruginosa,Negative
6351,dbAMP_03725,Staphylococcus aureus,Negative
6352,dbAMP_33712,Salmonella enterica,Negative
6353,dbAMP_21594,Staphylococcus aureus,Negative
6354,dbAMP_17329,Candida albicans,Negative
6355,18176.0,Klebsiella pneumoniae,Negative
6356,20515.0,Staphylococcus aureus,Negative
6357,dbAMP_01734,Pseudomonas aeruginosa,Negative
6358,dbAMP_33023,Klebsiella pneumoniae,Negative
6359,dbAMP_04276,Enterococcus faecalis,Negative
6360,dbAMP_24218,Staphylococcus epidermidis,Negative
6361,17846.0,Candida albicans,Negative
6362,dbAMP_00052,Bacillus subtilis,Negative
6363,19889.0,Bacillus subtilis,Negative
6364,dbAMP_01464,Staphylococcus aureus,Negative
6365,dbAMP_33265,Pseudomonas aeruginosa,Negative
6366,18104.0,Listeria monocytogenes,Negative
6367,20515.0,Staphylococcus epidermidis,Negative
6368,dbAMP_20872,Staphylococcus aureus,Negative
6369,dbAMP_21593,Staphylococcus epidermidis,Negative
6370,dbAMP_32024,Bacillus subtilis,Negative
6371,dbAMP_17815,Staphylococcus aureus,Negative
6372,dbAMP_23628,Escherichia coli,Negative
6373,dbAMP_28176,Bacillus cereus,Negative
6374,21182.0,Salmonella enterica,Negative
6375,dbAMP_14733,Candida albicans,Negative
6376,dbAMP_32059,Escherichia coli,Negative
6377,dbAMP_18880,Enterococcus faecalis,Negative
6378,22022.0,Enterococcus faecalis,Negative
6379,dbAMP_19161,Klebsiella pneumoniae,Negative
6380,dbAMP_18512,Acinetobacter baumannii,Negative
6381,dbAMP_14696,Candida albicans,Negative
6382,dbAMP_25421,Enterococcus faecalis,Negative
6383,20806.0,Listeria monocytogenes,Negative
6384,dbAMP_19574,Candida parapsilosis,Negative
6385,dbAMP_22269,Escherichia coli,Negative
6386,dbAMP_04724,Bacillus subtilis,Negative
6387,dbAMP_05874,Bacillus subtilis,Negative
6388,dbAMP_05205,Enterococcus faecalis,Negative
6389,dbAMP_33690,Staphylococcus epidermidis,Negative
6390,dbAMP_31132,Staphylococcus aureus,Negative
6391,dbAMP_34320,Staphylococcus aureus,Negative
6392,18039.0,Pseudomonas aeruginosa,Negative
6393,dbAMP_23554,Klebsiella pneumoniae,Negative
6394,dbAMP_18881,Staphylococcus aureus,Negative
6395,dbAMP_34384,Staphylococcus aureus,Negative
6396,dbAMP_18943,Bacillus subtilis,Negative
6397,dbAMP_03732,Candida albicans,Negative
6398,dbAMP_19825,Pseudomonas aeruginosa,Negative
6399,dbAMP_19104,Staphylococcus aureus,Negative
6400,dbAMP_22423,Bacillus subtilis,Negative
6401,20326.0,Salmonella enterica,Negative
6402,dbAMP_27564,Candida albicans,Negative
6403,dbAMP_01734,Enterobacter cloacae,Negative
6404,17505.0,Enterococcus faecium,Negative
6405,dbAMP_23189,Bacillus megaterium,Negative
6406,dbAMP_32066,Bacillus subtilis,Negative
6407,dbAMP_11142,Listeria monocytogenes,Negative
6408,20389.0,Salmonella enterica,Negative
6409,17405.0,Staphylococcus aureus,Negative
6410,dbAMP_33445,Escherichia coli,Negative
6411,dbAMP_02231,Klebsiella pneumoniae,Negative
6412,dbAMP_34338,Escherichia coli,Negative
6413,dbAMP_15850,Pseudomonas aeruginosa,Negative
6414,dbAMP_05873,Klebsiella pneumoniae,Negative
6415,dbAMP_28734,Escherichia coli,Negative
6416,dbAMP_20998,Pseudomonas aeruginosa,Negative
6417,dbAMP_33353,Staphylococcus aureus,Negative
6418,dbAMP_33677,Pseudomonas aeruginosa,Negative
6419,dbAMP_16306,Staphylococcus aureus,Negative
6420,dbAMP_25064,Micrococcus luteus,Negative
6421,dbAMP_20729,Staphylococcus epidermidis,Negative
6422,dbAMP_11170,Candida albicans,Negative
6423,dbAMP_21365,Pseudomonas aeruginosa,Negative
6424,dbAMP_19666,Staphylococcus aureus,Negative
6425,DRAMP00930,Staphylococcus aureus,Negative
6426,18040.0,Escherichia coli,Negative
6427,DRAMP03895,Staphylococcus aureus,Negative
6428,dbAMP_16078,Pseudomonas aeruginosa,Negative
6429,dbAMP_20615,Escherichia coli,Negative
6430,dbAMP_11978,Candida albicans,Negative
6431,dbAMP_23730,Enterococcus faecalis,Negative
6432,19527.0,Staphylococcus epidermidis,Negative
6433,dbAMP_23162,Escherichia coli,Negative
6434,dbAMP_31132,Escherichia coli,Negative
6435,dbAMP_19064,Staphylococcus aureus,Negative
6436,DRAMP18493,Candida albicans,Negative
6437,18110.0,Bacillus cereus,Negative
6438,dbAMP_18658,Staphylococcus aureus,Negative
6439,20396.0,Staphylococcus aureus,Negative
6440,5368.0,Enterococcus faecium,Negative
6441,dbAMP_02478,Staphylococcus aureus,Negative
6442,20391.0,Staphylococcus aureus,Negative
6443,dbAMP_12052,Staphylococcus epidermidis,Negative
6444,dbAMP_01848,Escherichia coli,Negative
6445,dbAMP_14801,Staphylococcus aureus,Negative
6446,dbAMP_20497,Escherichia coli,Negative
6447,dbAMP_33368,Pseudomonas aeruginosa,Negative
6448,dbAMP_31998,Pseudomonas aeruginosa,Negative
6449,dbAMP_18015,Escherichia coli,Negative
6450,dbAMP_28834,Bacillus subtilis,Negative
6451,dbAMP_23105,Acinetobacter baumannii,Negative
6452,dbAMP_16989,Bacillus subtilis,Negative
6453,18608.0,Staphylococcus aureus,Negative
6454,21948.0,Escherichia coli,Negative
6455,dbAMP_20861,Pseudomonas aeruginosa,Negative
6456,dbAMP_24190,Listeria monocytogenes,Negative
6457,dbAMP_00987,Salmonella enterica,Negative
6458,dbAMP_25197,Pseudomonas aeruginosa,Negative
6459,dbAMP_17645,Pseudomonas aeruginosa,Negative
6460,dbAMP_14808,Klebsiella pneumoniae,Negative
6461,19525.0,Staphylococcus epidermidis,Negative
6462,18735.0,Candida albicans,Negative
6463,dbAMP_04685,Listeria monocytogenes,Negative
6464,dbAMP_20334,Bacillus subtilis,Negative
6465,dbAMP_19811,Escherichia coli,Negative
6466,dbAMP_20742,Enterococcus faecalis,Negative
6467,dbAMP_24290,Acinetobacter baumannii,Negative
6468,dbAMP_15941,Candida albicans,Negative
6469,dbAMP_21995,Staphylococcus aureus,Negative
6470,dbAMP_22070,Staphylococcus aureus,Negative
6471,dbAMP_22322,Bacillus cereus,Negative
6472,dbAMP_24541,Pseudomonas aeruginosa,Negative
6473,dbAMP_22331,Escherichia coli,Negative
6474,dbAMP_21309,Pseudomonas aeruginosa,Negative
6475,dbAMP_04788,Enterococcus faecalis,Negative
6476,dbAMP_33677,Klebsiella pneumoniae,Negative
6477,dbAMP_05244,Candida albicans,Negative
6478,dbAMP_25312,Pseudomonas aeruginosa,Negative
6479,20496.0,Candida albicans,Negative
6480,dbAMP_16989,Escherichia coli,Negative
6481,dbAMP_16398,Pseudomonas aeruginosa,Negative
6482,dbAMP_17862,Pseudomonas aeruginosa,Negative
6483,dbAMP_10614,Enterococcus faecalis,Negative
6484,17437.0,Cryptococcus neoformans,Negative
6485,dbAMP_22519,Acinetobacter baumannii,Negative
6486,dbAMP_18885,Escherichia coli,Negative
6487,dbAMP_23368,Enterococcus faecalis,Negative
6488,dbAMP_20504,Escherichia coli,Negative
6489,DRAMP01844,Candida albicans,Negative
6490,19832.0,Candida albicans,Negative
6491,20324.0,Staphylococcus aureus,Negative
6492,dbAMP_18019,Staphylococcus aureus,Negative
6493,dbAMP_32062,Escherichia coli,Negative
6494,dbAMP_33356,Candida albicans,Negative
6495,dbAMP_34220,Staphylococcus aureus,Negative
6496,dbAMP_21812,Micrococcus luteus,Negative
6497,dbAMP_16412,Enterococcus faecalis,Negative
6498,dbAMP_23628,Bacillus subtilis,Negative
6499,1160.0,Acinetobacter baumannii,Negative
6500,dbAMP_24900,Bacillus subtilis,Negative
6501,19866.0,Enterococcus faecium,Negative
6502,dbAMP_22641,Bacillus megaterium,Negative
6503,dbAMP_31960,Micrococcus luteus,Negative
6504,dbAMP_02639,Salmonella enterica,Negative
6505,dbAMP_21009,Pseudomonas aeruginosa,Negative
6506,19819.0,Enterococcus faecalis,Negative
6507,19479.0,Enterobacter cloacae,Negative
6508,dbAMP_21530,Candida albicans,Negative
6509,dbAMP_14834,Salmonella enterica,Negative
6510,19436.0,Candida albicans,Negative
6511,dbAMP_21417,Salmonella enterica,Negative
6512,dbAMP_02952,Escherichia coli,Negative
6513,4946.0,Candida albicans,Negative
6514,21619.0,Staphylococcus aureus,Negative
6515,dbAMP_23244,Escherichia coli,Negative
6516,19989.0,Enterococcus faecium,Negative
6517,dbAMP_17940,Enterococcus faecalis,Negative
6518,dbAMP_02125,Enterococcus faecalis,Negative
6519,dbAMP_17117,Candida albicans,Negative
6520,dbAMP_17061,Bacillus subtilis,Negative
6521,dbAMP_22070,Candida albicans,Negative
6522,dbAMP_21654,Escherichia coli,Negative
6523,17253.0,Staphylococcus aureus,Negative
6524,dbAMP_34038,Staphylococcus epidermidis,Negative
6525,dbAMP_20286,Staphylococcus epidermidis,Negative
6526,dbAMP_31218,Klebsiella pneumoniae,Negative
6527,dbAMP_19012,Escherichia coli,Negative
6528,dbAMP_33605,Escherichia coli,Negative
6529,dbAMP_21928,Staphylococcus aureus,Negative
6530,dbAMP_11253,Staphylococcus aureus,Negative
6531,dbAMP_00318,Escherichia coli,Negative
6532,dbAMP_32995,Candida albicans,Negative
6533,dbAMP_17796,Candida albicans,Negative
6534,dbAMP_02117,Pseudomonas aeruginosa,Negative
6535,dbAMP_25146,Bacillus subtilis,Negative
6536,dbAMP_17373,Candida parapsilosis,Negative
6537,dbAMP_31441,Escherichia coli,Negative
6538,dbAMP_32995,Staphylococcus aureus,Negative
6539,17522.0,Staphylococcus aureus,Negative
6540,dbAMP_25341,Escherichia coli,Negative
6541,20070.0,Bacillus cereus,Negative
6542,dbAMP_25089,Salmonella enterica,Negative
6543,dbAMP_18293,Bacillus subtilis,Negative
6544,dbAMP_21072,Escherichia coli,Negative
6545,dbAMP_02612,Candida albicans,Negative
6546,dbAMP_15933,Candida albicans,Negative
6547,19607.0,Staphylococcus epidermidis,Negative
6548,dbAMP_03302,Escherichia coli,Negative
6549,dbAMP_03576,Candida albicans,Negative
6550,dbAMP_14748,Escherichia coli,Negative
6551,dbAMP_23254,Staphylococcus aureus,Negative
6552,dbAMP_02007,Klebsiella pneumoniae,Negative
6553,dbAMP_24074,Staphylococcus aureus,Negative
6554,22006.0,Escherichia coli,Negative
6555,dbAMP_09995,Escherichia coli,Negative
6556,dbAMP_18526,Staphylococcus aureus,Negative
6557,19828.0,Enterococcus faecalis,Negative
6558,19135.0,Staphylococcus aureus,Negative
6559,dbAMP_16173,Enterococcus faecalis,Negative
6560,18164.0,Pseudomonas aeruginosa,Negative
6561,dbAMP_23669,Staphylococcus epidermidis,Negative
6562,dbAMP_21973,Enterococcus faecalis,Negative
6563,dbAMP_15825,Staphylococcus epidermidis,Negative
6564,21411.0,Klebsiella pneumoniae,Negative
6565,dbAMP_02076,Enterococcus faecalis,Negative
6566,dbAMP_03276,Staphylococcus aureus,Negative
6567,dbAMP_24754,Escherichia coli,Negative
6568,dbAMP_03453,Candida albicans,Negative
6569,21074.0,Staphylococcus aureus,Negative
6570,dbAMP_20274,Pseudomonas aeruginosa,Negative
6571,19001.0,Candida albicans,Negative
6572,dbAMP_05994,Staphylococcus aureus,Negative
6573,18464.0,Candida albicans,Negative
6574,dbAMP_33002,Staphylococcus aureus,Negative
6575,dbAMP_31649,Staphylococcus aureus,Negative
6576,4950.0,Escherichia coli,Negative
6577,dbAMP_15767,Pseudomonas aeruginosa,Negative
6578,dbAMP_23844,Staphylococcus aureus,Negative
6579,dbAMP_18200,Pseudomonas aeruginosa,Negative
6580,3114.0,Bacillus cereus,Negative
6581,20453.0,Staphylococcus aureus,Negative
6582,dbAMP_33228,Pseudomonas aeruginosa,Negative
6583,dbAMP_16208,Staphylococcus aureus,Negative
6584,dbAMP_09840,Escherichia coli,Negative
6585,DRAMP03890,Staphylococcus aureus,Negative
6586,dbAMP_21998,Escherichia coli,Negative
6587,dbAMP_19318,Pseudomonas aeruginosa,Negative
6588,dbAMP_22565,Salmonella enterica,Negative
6589,dbAMP_32365,Bacillus subtilis,Negative
6590,19313.0,Candida albicans,Negative
6591,dbAMP_32166,Candida albicans,Negative
6592,dbAMP_02918,Bacillus subtilis,Negative
6593,21050.0,Listeria monocytogenes,Negative
6594,dbAMP_23255,Staphylococcus aureus,Negative
6595,7783.0,Staphylococcus epidermidis,Negative
6596,dbAMP_14869,Pseudomonas aeruginosa,Negative
6597,dbAMP_16030,Salmonella enterica,Negative
6598,dbAMP_19060,Enterococcus faecium,Negative
6599,20045.0,Acinetobacter baumannii,Negative
6600,dbAMP_33317,Pseudomonas aeruginosa,Negative
6601,20293.0,Acinetobacter baumannii,Negative
6602,dbAMP_19866,Enterococcus faecalis,Negative
6603,dbAMP_22301,Staphylococcus aureus,Negative
6604,6834.0,Pseudomonas aeruginosa,Negative
6605,dbAMP_14690,Candida albicans,Negative
6606,17504.0,Klebsiella pneumoniae,Negative
6607,dbAMP_23590,Escherichia coli,Negative
6608,21929.0,Pseudomonas aeruginosa,Negative
6609,dbAMP_27267,Bacillus subtilis,Negative
6610,dbAMP_02116,Escherichia coli,Negative
6611,dbAMP_19784,Pseudomonas aeruginosa,Negative
6612,22327.0,Escherichia coli,Negative
6613,dbAMP_22076,Escherichia coli,Negative
6614,17965.0,Staphylococcus aureus,Negative
6615,21501.0,Enterococcus faecalis,Negative
6616,dbAMP_16990,Escherichia coli,Negative
6617,dbAMP_04787,Klebsiella pneumoniae,Negative
6618,dbAMP_33179,Pseudomonas aeruginosa,Negative
6619,dbAMP_03049,Enterococcus faecalis,Negative
6620,dbAMP_11173,Staphylococcus aureus,Negative
6621,dbAMP_22957,Salmonella enterica,Negative
6622,dbAMP_18881,Pseudomonas aeruginosa,Negative
6623,dbAMP_24073,Escherichia coli,Negative
6624,dbAMP_17017,Pseudomonas aeruginosa,Negative
6625,6751.0,Candida albicans,Negative
6626,dbAMP_21414,Bacillus subtilis,Negative
6627,dbAMP_21282,Pseudomonas aeruginosa,Negative
6628,dbAMP_23544,Salmonella enterica,Negative
6629,dbAMP_33969,Staphylococcus aureus,Negative
6630,DRAMP29003,Staphylococcus aureus,Negative
6631,dbAMP_27190,Pseudomonas aeruginosa,Negative
6632,20040.0,Acinetobacter baumannii,Negative
6633,21724.0,Candida albicans,Negative
6634,dbAMP_18258,Escherichia coli,Negative
6635,dbAMP_25216,Escherichia coli,Negative
6636,dbAMP_02808,Candida albicans,Negative
6637,19908.0,Acinetobacter baumannii,Negative
6638,dbAMP_20604,Bacillus subtilis,Negative
6639,19136.0,Pseudomonas aeruginosa,Negative
6640,dbAMP_16869,Staphylococcus aureus,Negative
6641,dbAMP_21125,Listeria monocytogenes,Negative
6642,dbAMP_19696,Enterococcus faecalis,Negative
6643,dbAMP_16414,Enterococcus faecalis,Negative
6644,dbAMP_16426,Pseudomonas aeruginosa,Negative
6645,dbAMP_19161,Pseudomonas aeruginosa,Negative
6646,dbAMP_17046,Staphylococcus aureus,Negative
6647,dbAMP_25097,Staphylococcus epidermidis,Negative
6648,dbAMP_16205,Staphylococcus aureus,Negative
6649,dbAMP_31133,Enterococcus faecalis,Negative
6650,21656.0,Pseudomonas aeruginosa,Negative
6651,dbAMP_33251,Pseudomonas aeruginosa,Negative
6652,dbAMP_24823,Staphylococcus aureus,Negative
6653,dbAMP_20117,Candida albicans,Negative
6654,dbAMP_18015,Candida albicans,Negative
6655,dbAMP_24847,Escherichia coli,Negative
6656,dbAMP_21766,Enterococcus faecalis,Negative
6657,dbAMP_20425,Pseudomonas aeruginosa,Negative
6658,dbAMP_16805,Escherichia coli,Negative
6659,17465.0,Acinetobacter baumannii,Negative
6660,17386.0,Candida parapsilosis,Negative
6661,dbAMP_27255,Bacillus subtilis,Negative
6662,dbAMP_15859,Escherichia coli,Negative
6663,dbAMP_16191,Staphylococcus aureus,Negative
6664,dbAMP_33332,Pseudomonas aeruginosa,Negative
6665,dbAMP_17780,Pseudomonas aeruginosa,Negative
6666,dbAMP_33590,Pseudomonas aeruginosa,Negative
6667,dbAMP_22521,Staphylococcus aureus,Negative
6668,19292.0,Staphylococcus aureus,Negative
6669,dbAMP_22546,Escherichia coli,Negative
6670,dbAMP_25191,Staphylococcus aureus,Negative
6671,20565.0,Staphylococcus aureus,Negative
6672,dbAMP_17613,Bacillus subtilis,Negative
6673,dbAMP_18840,Bacillus subtilis,Negative
6674,dbAMP_16264,Pseudomonas aeruginosa,Negative
6675,dbAMP_19698,Klebsiella pneumoniae,Negative
6676,22159.0,Staphylococcus aureus,Negative
6677,9317.0,Staphylococcus aureus,Negative
6678,dbAMP_33695,Staphylococcus epidermidis,Negative
6679,21196.0,Escherichia coli,Negative
6680,dbAMP_16221,Staphylococcus epidermidis,Negative
6681,dbAMP_22086,Escherichia coli,Negative
6682,dbAMP_33184,Pseudomonas aeruginosa,Negative
6683,dbAMP_18039,Candida parapsilosis,Negative
6684,4947.0,Pseudomonas aeruginosa,Negative
6685,17805.0,Escherichia coli,Negative
6686,dbAMP_16172,Salmonella enterica,Negative
6687,dbAMP_14690,Escherichia coli,Negative
6688,dbAMP_18755,Pseudomonas aeruginosa,Negative
6689,dbAMP_27395,Bacillus subtilis,Negative
6690,dbAMP_03244,Staphylococcus aureus,Negative
6691,22362.0,Acinetobacter baumannii,Negative
6692,dbAMP_33174,Pseudomonas aeruginosa,Negative
6693,dbAMP_15875,Enterococcus faecalis,Negative
6694,dbAMP_24815,Staphylococcus aureus,Negative
6695,17501.0,Pseudomonas aeruginosa,Negative
6696,20041.0,Acinetobacter baumannii,Negative
6697,18737.0,Pseudomonas aeruginosa,Negative
6698,dbAMP_33250,Pseudomonas aeruginosa,Negative
6699,dbAMP_28799,Pseudomonas aeruginosa,Negative
6700,dbAMP_19066,Pseudomonas aeruginosa,Negative
6701,dbAMP_20870,Staphylococcus aureus,Negative
6702,dbAMP_33679,Acinetobacter baumannii,Negative
6703,dbAMP_33257,Pseudomonas aeruginosa,Negative
6704,dbAMP_22348,Bacillus cereus,Negative
6705,dbAMP_18743,Salmonella enterica,Negative
6706,dbAMP_23803,Enterococcus faecalis,Negative
6707,dbAMP_00429,Candida albicans,Negative
6708,dbAMP_04256,Staphylococcus aureus,Negative
6709,dbAMP_04523,Staphylococcus aureus,Negative
6710,dbAMP_33219,Candida albicans,Negative
6711,dbAMP_24963,Staphylococcus aureus,Negative
6712,dbAMP_18697,Pseudomonas aeruginosa,Negative
6713,dbAMP_19627,Staphylococcus epidermidis,Negative
6714,dbAMP_27615,Bacillus subtilis,Negative
6715,21249.0,Bacillus subtilis,Negative
6716,21725.0,Enterococcus faecalis,Negative
6717,21991.0,Pseudomonas aeruginosa,Negative
6718,dbAMP_10720,Candida albicans,Negative
6719,dbAMP_00696,Enterococcus faecalis,Negative
6720,dbAMP_17762,Pseudomonas aeruginosa,Negative
6721,dbAMP_16810,Acinetobacter baumannii,Negative
6722,dbAMP_20952,Pseudomonas aeruginosa,Negative
6723,dbAMP_04472,Candida albicans,Negative
6724,dbAMP_21814,Klebsiella pneumoniae,Negative
6725,dbAMP_01755,Escherichia coli,Negative
6726,dbAMP_22298,Escherichia coli,Negative
6727,dbAMP_32166,Escherichia coli,Negative
6728,dbAMP_16137,Staphylococcus aureus,Negative
6729,dbAMP_24220,Staphylococcus aureus,Negative
6730,dbAMP_23961,Enterobacter cloacae,Negative
6731,dbAMP_16754,Escherichia coli,Negative
6732,dbAMP_17766,Pseudomonas aeruginosa,Negative
6733,dbAMP_28804,Candida albicans,Negative
6734,dbAMP_20728,Staphylococcus aureus,Negative
6735,18476.0,Candida albicans,Negative
6736,dbAMP_21705,Micrococcus luteus,Negative
6737,dbAMP_23189,Pseudomonas aeruginosa,Negative
6738,dbAMP_18751,Staphylococcus aureus,Negative
6739,dbAMP_20770,Pseudomonas aeruginosa,Negative
6740,dbAMP_16189,Staphylococcus aureus,Negative
6741,dbAMP_27620,Escherichia coli,Negative
6742,dbAMP_10255,Enterobacter cloacae,Negative
6743,dbAMP_32067,Escherichia coli,Negative
6744,dbAMP_31135,Enterococcus faecalis,Negative
6745,dbAMP_03283,Escherichia coli,Negative
6746,21972.0,Enterococcus faecalis,Negative
6747,dbAMP_23506,Pseudomonas aeruginosa,Negative
6748,dbAMP_16987,Escherichia coli,Negative
6749,dbAMP_20595,Bacillus subtilis,Negative
6750,dbAMP_17023,Pseudomonas aeruginosa,Negative
6751,dbAMP_16385,Staphylococcus epidermidis,Negative
6752,dbAMP_14884,Klebsiella pneumoniae,Negative
6753,17620.0,Enterococcus faecalis,Negative
6754,dbAMP_21764,Staphylococcus aureus,Negative
6755,dbAMP_19586,Escherichia coli,Negative
6756,dbAMP_33680,Bacillus subtilis,Negative
6757,19923.0,Pseudomonas aeruginosa,Negative
6758,22215.0,Staphylococcus epidermidis,Negative
6759,dbAMP_19704,Staphylococcus aureus,Negative
6760,dbAMP_21229,Bacillus cereus,Negative
6761,dbAMP_17770,Staphylococcus aureus,Negative
6762,dbAMP_14830,Staphylococcus aureus,Negative
6763,dbAMP_24574,Staphylococcus aureus,Negative
6764,dbAMP_24354,Staphylococcus aureus,Negative
6765,dbAMP_16764,Escherichia coli,Negative
6766,10379.0,Staphylococcus epidermidis,Negative
6767,dbAMP_12947,Staphylococcus aureus,Negative
6768,dbAMP_23311,Pseudomonas aeruginosa,Negative
6769,15837.0,Escherichia coli,Negative
6770,dbAMP_21140,Staphylococcus aureus,Negative
6771,dbAMP_24555,Escherichia coli,Negative
6772,dbAMP_20418,Staphylococcus epidermidis,Negative
6773,dbAMP_17673,Pseudomonas aeruginosa,Negative
6774,dbAMP_22378,Escherichia coli,Negative
6775,dbAMP_24352,Salmonella enterica,Negative
6776,dbAMP_19060,Enterococcus faecalis,Negative
6777,20321.0,Staphylococcus aureus,Negative
6778,18604.0,Staphylococcus aureus,Negative
6779,dbAMP_31135,Escherichia coli,Negative
6780,dbAMP_24067,Pseudomonas aeruginosa,Negative
6781,dbAMP_22516,Staphylococcus aureus,Negative
6782,dbAMP_22869,Escherichia coli,Negative
6783,18064.0,Staphylococcus aureus,Negative
6784,dbAMP_22985,Escherichia coli,Negative
6785,dbAMP_23761,Klebsiella pneumoniae,Negative
6786,DRAMP01214,Escherichia coli,Negative
6787,dbAMP_34167,Escherichia coli,Negative
6788,dbAMP_20701,Enterococcus faecalis,Negative
6789,dbAMP_22548,Escherichia coli,Negative
6790,dbAMP_19538,Staphylococcus epidermidis,Negative
6791,dbAMP_17768,Salmonella enterica,Negative
6792,dbAMP_04459,Staphylococcus aureus,Negative
6793,dbAMP_18696,Staphylococcus aureus,Negative
6794,dbAMP_01017,Pseudomonas aeruginosa,Negative
6795,dbAMP_17094,Staphylococcus aureus,Negative
6796,dbAMP_31319,Klebsiella pneumoniae,Negative
6797,dbAMP_31968,Listeria monocytogenes,Negative
6798,19832.0,Pseudomonas aeruginosa,Negative
6799,dbAMP_33013,Acinetobacter baumannii,Negative
6800,17245.0,Escherichia coli,Negative
6801,dbAMP_17901,Staphylococcus epidermidis,Negative
6802,dbAMP_18147,Pseudomonas aeruginosa,Negative
6803,dbAMP_03322,Pseudomonas aeruginosa,Negative
6804,dbAMP_19016,Escherichia coli,Negative
6805,dbAMP_18112,Pseudomonas aeruginosa,Negative
6806,dbAMP_21187,Bacillus subtilis,Negative
6807,21969.0,Pseudomonas aeruginosa,Negative
6808,dbAMP_34277,Escherichia coli,Negative
6809,dbAMP_24408,Staphylococcus aureus,Negative
6810,dbAMP_24290,Pseudomonas aeruginosa,Negative
6811,dbAMP_20276,Acinetobacter baumannii,Negative
6812,dbAMP_27111,Staphylococcus aureus,Negative
6813,dbAMP_18965,Staphylococcus aureus,Negative
6814,dbAMP_32661,Bacillus subtilis,Negative
6815,dbAMP_31688,Bacillus cereus,Negative
6816,dbAMP_19224,Enterococcus faecium,Negative
6817,dbAMP_21219,Acinetobacter baumannii,Negative
6818,dbAMP_24540,Pseudomonas aeruginosa,Negative
6819,dbAMP_20354,Staphylococcus aureus,Negative
6820,dbAMP_16744,Staphylococcus aureus,Negative
6821,dbAMP_17981,Staphylococcus aureus,Negative
6822,dbAMP_22581,Pseudomonas aeruginosa,Negative
6823,21945.0,Escherichia coli,Negative
6824,19354.0,Klebsiella pneumoniae,Negative
6825,20165.0,Staphylococcus aureus,Negative
6826,dbAMP_20918,Staphylococcus aureus,Negative
6827,dbAMP_32926,Escherichia coli,Negative
6828,dbAMP_16345,Salmonella enterica,Negative
6829,dbAMP_24061,Klebsiella pneumoniae,Negative
6830,dbAMP_14242,Pseudomonas aeruginosa,Negative
6831,dbAMP_27267,Pseudomonas aeruginosa,Negative
6832,dbAMP_31769,Candida albicans,Negative
6833,dbAMP_24314,Escherichia coli,Negative
6834,dbAMP_18377,Staphylococcus aureus,Negative
6835,dbAMP_23827,Staphylococcus aureus,Negative
6836,dbAMP_00968,Candida albicans,Negative
6837,21285.0,Escherichia coli,Negative
6838,22269.0,Staphylococcus aureus,Negative
6839,20366.0,Staphylococcus aureus,Negative
6840,dbAMP_19335,Escherichia coli,Negative
6841,dbAMP_21051,Escherichia coli,Negative
6842,DRAMP03873,Escherichia coli,Negative
6843,17417.0,Acinetobacter baumannii,Negative
6844,dbAMP_21737,Enterococcus faecalis,Negative
6845,dbAMP_18917,Escherichia coli,Negative
6846,dbAMP_03043,Escherichia coli,Negative
6847,dbAMP_05790,Staphylococcus aureus,Negative
6848,19574.0,Enterococcus faecalis,Negative
6849,dbAMP_22445,Bacillus subtilis,Negative
6850,dbAMP_00312,Klebsiella pneumoniae,Negative
6851,dbAMP_17643,Pseudomonas aeruginosa,Negative
6852,21580.0,Enterococcus faecium,Negative
6853,18855.0,Bacillus subtilis,Negative
6854,dbAMP_14832,Enterococcus faecalis,Negative
6855,dbAMP_18293,Staphylococcus aureus,Negative
6856,dbAMP_22084,Candida albicans,Negative
6857,dbAMP_21044,Escherichia coli,Negative
6858,dbAMP_24366,Escherichia coli,Negative
6859,dbAMP_23213,Staphylococcus aureus,Negative
6860,17846.0,Pseudomonas aeruginosa,Negative
6861,19076.0,Listeria monocytogenes,Negative
6862,22086.0,Staphylococcus epidermidis,Negative
6863,dbAMP_19125,Escherichia coli,Negative
6864,dbAMP_10641,Cryptococcus neoformans,Negative
6865,dbAMP_03702,Staphylococcus aureus,Negative
6866,dbAMP_15773,Pseudomonas aeruginosa,Negative
6867,dbAMP_22447,Pseudomonas aeruginosa,Negative
6868,dbAMP_23969,Escherichia coli,Negative
6869,dbAMP_25036,Staphylococcus aureus,Negative
6870,dbAMP_18286,Acinetobacter baumannii,Negative
6871,dbAMP_20132,Enterococcus faecium,Negative
6872,dbAMP_24220,Candida albicans,Negative
6873,21827.0,Staphylococcus aureus,Negative
6874,20295.0,Salmonella enterica,Negative
6875,18171.0,Staphylococcus aureus,Negative
6876,dbAMP_34260,Escherichia coli,Negative
6877,dbAMP_20132,Pseudomonas aeruginosa,Negative
6878,dbAMP_21123,Pseudomonas aeruginosa,Negative
6879,19607.0,Klebsiella pneumoniae,Negative
6880,dbAMP_28744,Staphylococcus aureus,Negative
6881,17817.0,Micrococcus luteus,Negative
6882,dbAMP_19067,Enterococcus faecalis,Negative
6883,21181.0,Pseudomonas aeruginosa,Negative
6884,dbAMP_04272,Candida albicans,Negative
6885,dbAMP_01214,Enterobacter cloacae,Negative
6886,dbAMP_33942,Staphylococcus aureus,Negative
6887,dbAMP_18031,Staphylococcus aureus,Negative
6888,dbAMP_15577,Bacillus subtilis,Negative
6889,21650.0,Staphylococcus aureus,Negative
6890,dbAMP_20413,Klebsiella pneumoniae,Negative
6891,dbAMP_31653,Candida albicans,Negative
6892,dbAMP_23213,Pseudomonas aeruginosa,Negative
6893,dbAMP_18872,Staphylococcus aureus,Negative
6894,19528.0,Salmonella enterica,Negative
6895,dbAMP_03028,Candida albicans,Negative
6896,dbAMP_22281,Bacillus cereus,Negative
6897,DRAMP03600,Escherichia coli,Negative
6898,17815.0,Bacillus subtilis,Negative
6899,dbAMP_20333,Pseudomonas aeruginosa,Negative
6900,19518.0,Staphylococcus epidermidis,Negative
6901,dbAMP_32277,Escherichia coli,Negative
6902,dbAMP_00385,Staphylococcus aureus,Negative
6903,dbAMP_19840,Pseudomonas aeruginosa,Negative
6904,dbAMP_21749,Escherichia coli,Negative
6905,dbAMP_03746,Escherichia coli,Negative
6906,dbAMP_05112,Pseudomonas aeruginosa,Negative
6907,dbAMP_19704,Escherichia coli,Negative
6908,dbAMP_16449,Staphylococcus aureus,Negative
6909,20330.0,Escherichia coli,Negative
6910,dbAMP_28635,Escherichia coli,Negative
6911,dbAMP_25250,Candida albicans,Negative
6912,dbAMP_05871,Escherichia coli,Negative
6913,dbAMP_16542,Enterococcus faecalis,Negative
6914,22323.0,Staphylococcus epidermidis,Negative
6915,dbAMP_31218,Acinetobacter baumannii,Negative
6916,dbAMP_16552,Staphylococcus aureus,Negative
6917,dbAMP_21521,Escherichia coli,Negative
6918,dbAMP_14925,Bacillus subtilis,Negative
6919,dbAMP_20654,Candida albicans,Negative
6920,dbAMP_25214,Staphylococcus aureus,Negative
6921,dbAMP_22032,Staphylococcus aureus,Negative
6922,dbAMP_24293,Pseudomonas aeruginosa,Negative
6923,18654.0,Pseudomonas aeruginosa,Negative
6924,20188.0,Pseudomonas aeruginosa,Negative
6925,18320.0,Pseudomonas aeruginosa,Negative
6926,dbAMP_24871,Enterobacter cloacae,Negative
6927,dbAMP_00051,Klebsiella pneumoniae,Negative
6928,19928.0,Candida albicans,Negative
6929,dbAMP_19757,Staphylococcus aureus,Negative
6930,dbAMP_05113,Acinetobacter baumannii,Negative
6931,dbAMP_18133,Pseudomonas aeruginosa,Negative
6932,dbAMP_21235,Klebsiella pneumoniae,Negative
6933,dbAMP_16893,Bacillus subtilis,Negative
6934,dbAMP_19836,Pseudomonas aeruginosa,Negative
6935,dbAMP_16869,Salmonella enterica,Negative
6936,19479.0,Klebsiella pneumoniae,Negative
6937,dbAMP_22727,Enterococcus faecalis,Negative
6938,18158.0,Escherichia coli,Negative
6939,dbAMP_22355,Escherichia coli,Negative
6940,dbAMP_16664,Staphylococcus aureus,Negative
6941,dbAMP_16884,Pseudomonas aeruginosa,Negative
6942,dbAMP_12035,Staphylococcus aureus,Negative
6943,dbAMP_21593,Pseudomonas aeruginosa,Negative
6944,dbAMP_02396,Enterobacter cloacae,Negative
6945,20405.0,Salmonella enterica,Negative
6946,dbAMP_20245,Micrococcus luteus,Negative
6947,dbAMP_22448,Staphylococcus aureus,Negative
6948,dbAMP_33263,Staphylococcus aureus,Negative
6949,dbAMP_00230,Escherichia coli,Negative
6950,20569.0,Pseudomonas aeruginosa,Negative
6951,dbAMP_16711,Bacillus cereus,Negative
6952,dbAMP_23506,Escherichia coli,Negative
6953,dbAMP_23639,Salmonella enterica,Negative
6954,dbAMP_21056,Staphylococcus aureus,Negative
6955,dbAMP_23113,Escherichia coli,Negative
6956,dbAMP_25287,Enterococcus faecium,Negative
6957,dbAMP_34380,Escherichia coli,Negative
6958,dbAMP_17859,Pseudomonas aeruginosa,Negative
6959,dbAMP_16744,Pseudomonas aeruginosa,Negative
6960,19076.0,Staphylococcus aureus,Negative
6961,dbAMP_22342,Escherichia coli,Negative
6962,19525.0,Escherichia coli,Negative
6963,17507.0,Staphylococcus aureus,Negative
6964,20165.0,Escherichia coli,Negative
6965,17466.0,Escherichia coli,Negative
6966,20791.0,Candida albicans,Negative
6967,dbAMP_18545,Staphylococcus aureus,Negative
6968,dbAMP_23826,Staphylococcus aureus,Negative
6969,22276.0,Micrococcus luteus,Negative
6970,dbAMP_01909,Staphylococcus aureus,Negative
6971,17821.0,Staphylococcus aureus,Negative
6972,dbAMP_16908,Klebsiella pneumoniae,Negative
6973,dbAMP_24368,Klebsiella pneumoniae,Negative
6974,dbAMP_22323,Escherichia coli,Negative
6975,dbAMP_34321,Staphylococcus aureus,Negative
6976,dbAMP_16167,Staphylococcus aureus,Negative
6977,17428.0,Escherichia coli,Negative
6978,20595.0,Bacillus cereus,Negative
6979,dbAMP_05790,Pseudomonas aeruginosa,Negative
6980,dbAMP_16497,Salmonella enterica,Negative
6981,dbAMP_03251,Escherichia coli,Negative
6982,dbAMP_10531,Candida albicans,Negative
6983,22363.0,Acinetobacter baumannii,Negative
6984,dbAMP_15858,Pseudomonas aeruginosa,Negative
6985,dbAMP_22445,Staphylococcus aureus,Negative
6986,dbAMP_15923,Klebsiella pneumoniae,Negative
6987,dbAMP_15579,Escherichia coli,Negative
6988,dbAMP_31960,Bacillus cereus,Negative
6989,dbAMP_19708,Pseudomonas aeruginosa,Negative
6990,dbAMP_19706,Staphylococcus aureus,Negative
6991,18041.0,Escherichia coli,Negative
6992,17398.0,Escherichia coli,Negative
6993,dbAMP_17979,Pseudomonas aeruginosa,Negative
6994,dbAMP_18681,Pseudomonas aeruginosa,Negative
6995,dbAMP_20391,Pseudomonas aeruginosa,Negative
6996,dbAMP_05257,Candida albicans,Negative
6997,20293.0,Staphylococcus aureus,Negative
6998,dbAMP_15741,Pseudomonas aeruginosa,Negative
6999,dbAMP_21417,Staphylococcus aureus,Negative
7000,dbAMP_22415,Escherichia coli,Negative
7001,19645.0,Staphylococcus epidermidis,Negative
7002,dbAMP_21228,Bacillus cereus,Negative
7003,dbAMP_04996,Cryptococcus neoformans,Negative
7004,dbAMP_23106,Acinetobacter baumannii,Negative
7005,dbAMP_22015,Bacillus subtilis,Negative
7006,dbAMP_10416,Pseudomonas aeruginosa,Negative
7007,dbAMP_18931,Staphylococcus aureus,Negative
7008,dbAMP_25419,Salmonella enterica,Negative
7009,dbAMP_11860,Micrococcus luteus,Negative
7010,dbAMP_20526,Candida albicans,Negative
7011,dbAMP_16008,Staphylococcus aureus,Negative
7012,dbAMP_23814,Escherichia coli,Negative
7013,dbAMP_04317,Candida albicans,Negative
7014,dbAMP_05282,Klebsiella pneumoniae,Negative
7015,dbAMP_20956,Pseudomonas aeruginosa,Negative
7016,dbAMP_19008,Staphylococcus aureus,Negative
7017,dbAMP_04295,Escherichia coli,Negative
7018,17524.0,Candida albicans,Negative
7019,20498.0,Escherichia coli,Negative
7020,dbAMP_01561,Pseudomonas aeruginosa,Negative
7021,19001.0,Enterococcus faecalis,Negative
7022,dbAMP_33189,Staphylococcus aureus,Negative
7023,20331.0,Escherichia coli,Negative
7024,dbAMP_21067,Escherichia coli,Negative
7025,dbAMP_25279,Staphylococcus aureus,Negative
7026,dbAMP_03584,Pseudomonas aeruginosa,Negative
7027,dbAMP_16281,Klebsiella pneumoniae,Negative
7028,dbAMP_22545,Candida albicans,Negative
7029,19248.0,Pseudomonas aeruginosa,Negative
7030,dbAMP_22512,Escherichia coli,Negative
7031,dbAMP_21729,Salmonella enterica,Negative
7032,dbAMP_17023,Staphylococcus aureus,Negative
7033,19834.0,Klebsiella pneumoniae,Negative
7034,dbAMP_18955,Pseudomonas aeruginosa,Negative
7035,17440.0,Klebsiella pneumoniae,Negative
7036,dbAMP_32663,Candida albicans,Negative
7037,dbAMP_33438,Klebsiella pneumoniae,Negative
7038,dbAMP_24240,Salmonella enterica,Negative
7039,dbAMP_03559,Micrococcus luteus,Negative
7040,dbAMP_17877,Candida parapsilosis,Negative
7041,20333.0,Salmonella enterica,Negative
7042,dbAMP_02695,Staphylococcus aureus,Negative
7043,dbAMP_21117,Escherichia coli,Negative
7044,dbAMP_19627,Enterococcus faecalis,Negative
7045,dbAMP_04236,Escherichia coli,Negative
7046,DRAMP02294,Salmonella enterica,Negative
7047,dbAMP_27606,Pseudomonas aeruginosa,Negative
7048,dbAMP_25170,Staphylococcus aureus,Negative
7049,dbAMP_18408,Escherichia coli,Negative
7050,dbAMP_23451,Staphylococcus aureus,Negative
7051,dbAMP_23544,Micrococcus luteus,Negative
7052,dbAMP_02827,Klebsiella pneumoniae,Negative
7053,dbAMP_20527,Escherichia coli,Negative
7054,dbAMP_01759,Escherichia coli,Negative
7055,17809.0,Staphylococcus epidermidis,Negative
7056,dbAMP_20700,Klebsiella pneumoniae,Negative
7057,dbAMP_03644,Pseudomonas aeruginosa,Negative
7058,dbAMP_19841,Escherichia coli,Negative
7059,dbAMP_27170,Staphylococcus aureus,Negative
7060,dbAMP_02305,Escherichia coli,Negative
7061,dbAMP_25033,Escherichia coli,Negative
7062,dbAMP_23244,Salmonella enterica,Negative
7063,21114.0,Staphylococcus aureus,Negative
7064,dbAMP_21188,Candida albicans,Negative
7065,dbAMP_32885,Candida parapsilosis,Negative
7066,dbAMP_18701,Staphylococcus aureus,Negative
7067,dbAMP_01837,Enterococcus faecalis,Negative
7068,dbAMP_03291,Micrococcus luteus,Negative
7069,dbAMP_18674,Candida albicans,Negative
7070,dbAMP_03236,Candida albicans,Negative
7071,dbAMP_18200,Bacillus megaterium,Negative
7072,dbAMP_17189,Pseudomonas aeruginosa,Negative
7073,dbAMP_34168,Bacillus cereus,Negative
7074,dbAMP_22616,Candida albicans,Negative
7075,dbAMP_24543,Staphylococcus epidermidis,Negative
7076,dbAMP_33686,Acinetobacter baumannii,Negative
7077,dbAMP_02993,Pseudomonas aeruginosa,Negative
7078,dbAMP_03211,Micrococcus luteus,Negative
7079,dbAMP_22649,Escherichia coli,Negative
7080,dbAMP_18015,Staphylococcus aureus,Negative
7081,dbAMP_24096,Micrococcus luteus,Negative
7082,19137.0,Escherichia coli,Negative
7083,dbAMP_03207,Staphylococcus aureus,Negative
7084,19926.0,Enterococcus faecalis,Negative
7085,dbAMP_33098,Pseudomonas aeruginosa,Negative
7086,21467.0,Pseudomonas aeruginosa,Negative
7087,dbAMP_22674,Bacillus subtilis,Negative
7088,dbAMP_21315,Pseudomonas aeruginosa,Negative
7089,dbAMP_12838,Enterococcus faecalis,Negative
7090,18172.0,Klebsiella pneumoniae,Negative
7091,21943.0,Escherichia coli,Negative
7092,5951.0,Escherichia coli,Negative
7093,dbAMP_04657,Candida albicans,Negative
7094,dbAMP_22544,Staphylococcus aureus,Negative
7095,dbAMP_04657,Pseudomonas aeruginosa,Negative
7096,dbAMP_18700,Candida albicans,Negative
7097,dbAMP_20570,Staphylococcus aureus,Negative
7098,dbAMP_10476,Candida albicans,Negative
7099,dbAMP_03238,Staphylococcus aureus,Negative
7100,dbAMP_10549,Bacillus cereus,Negative
7101,dbAMP_14722,Staphylococcus aureus,Negative
7102,dbAMP_19716,Pseudomonas aeruginosa,Negative
7103,dbAMP_19224,Staphylococcus aureus,Negative
7104,dbAMP_32639,Escherichia coli,Negative
7105,dbAMP_20989,Pseudomonas aeruginosa,Negative
7106,dbAMP_23620,Salmonella enterica,Negative
7107,19478.0,Escherichia coli,Negative
7108,dbAMP_16907,Klebsiella pneumoniae,Negative
7109,dbAMP_23039,Staphylococcus aureus,Negative
7110,dbAMP_33098,Klebsiella pneumoniae,Negative
7111,dbAMP_28744,Pseudomonas aeruginosa,Negative
7112,18046.0,Enterococcus faecalis,Negative
7113,dbAMP_17048,Klebsiella pneumoniae,Negative
7114,dbAMP_22660,Candida albicans,Negative
7115,dbAMP_32545,Escherichia coli,Negative
7116,dbAMP_19707,Escherichia coli,Negative
7117,22008.0,Staphylococcus aureus,Negative
7118,20831.0,Staphylococcus aureus,Negative
7119,dbAMP_02914,Escherichia coli,Negative
7120,17946.0,Staphylococcus aureus,Negative
7121,20099.0,Staphylococcus aureus,Negative
7122,dbAMP_03702,Escherichia coli,Negative
7123,dbAMP_20650,Candida albicans,Negative
7124,21645.0,Acinetobacter baumannii,Negative
7125,19987.0,Acinetobacter baumannii,Negative
7126,dbAMP_18922,Escherichia coli,Negative
7127,dbAMP_19011,Klebsiella pneumoniae,Negative
7128,dbAMP_15578,Bacillus subtilis,Negative
7129,dbAMP_19700,Enterococcus faecalis,Negative
7130,dbAMP_25037,Enterococcus faecalis,Negative
7131,dbAMP_17093,Candida albicans,Negative
7132,dbAMP_23544,Bacillus subtilis,Negative
7133,dbAMP_21736,Pseudomonas aeruginosa,Negative
7134,dbAMP_34270,Escherichia coli,Negative
7135,dbAMP_25390,Escherichia coli,Negative
7136,dbAMP_22352,Escherichia coli,Negative
7137,dbAMP_05873,Acinetobacter baumannii,Negative
7138,20042.0,Acinetobacter baumannii,Negative
7139,dbAMP_15576,Escherichia coli,Negative
7140,3081.0,Staphylococcus aureus,Negative
7141,dbAMP_14906,Escherichia coli,Negative
7142,dbAMP_21100,Klebsiella pneumoniae,Negative
7143,dbAMP_03244,Escherichia coli,Negative
7144,dbAMP_21985,Pseudomonas aeruginosa,Negative
7145,17397.0,Escherichia coli,Negative
7146,dbAMP_21171,Klebsiella pneumoniae,Negative
7147,dbAMP_24520,Enterobacter cloacae,Negative
7148,dbAMP_22517,Acinetobacter baumannii,Negative
7149,dbAMP_32632,Staphylococcus aureus,Negative
7150,dbAMP_21839,Staphylococcus epidermidis,Negative
7151,dbAMP_23906,Staphylococcus aureus,Negative
7152,dbAMP_21738,Staphylococcus aureus,Negative
7153,dbAMP_32012,Klebsiella pneumoniae,Negative
7154,dbAMP_24479,Escherichia coli,Negative
7155,dbAMP_16913,Klebsiella pneumoniae,Negative
7156,dbAMP_03048,Staphylococcus aureus,Negative
7157,22292.0,Salmonella enterica,Negative
7158,dbAMP_17775,Escherichia coli,Negative
7159,dbAMP_03151,Staphylococcus aureus,Negative
7160,dbAMP_22463,Pseudomonas aeruginosa,Negative
7161,dbAMP_21119,Enterococcus faecalis,Negative
7162,dbAMP_03481,Klebsiella pneumoniae,Negative
7163,dbAMP_24344,Salmonella enterica,Negative
7164,dbAMP_18747,Pseudomonas aeruginosa,Negative
7165,dbAMP_16393,Escherichia coli,Negative
7166,20810.0,Enterococcus faecium,Negative
7167,dbAMP_17801,Staphylococcus aureus,Negative
7168,19577.0,Pseudomonas aeruginosa,Negative
7169,20061.0,Enterococcus faecalis,Negative
7170,dbAMP_14715,Escherichia coli,Negative
7171,dbAMP_21928,Escherichia coli,Negative
7172,dbAMP_33440,Escherichia coli,Negative
7173,dbAMP_05483,Bacillus subtilis,Negative
7174,dbAMP_18674,Staphylococcus aureus,Negative
7175,dbAMP_31641,Staphylococcus aureus,Negative
7176,21203.0,Escherichia coli,Negative
7177,18089.0,Escherichia coli,Negative
7178,dbAMP_18752,Pseudomonas aeruginosa,Negative
7179,dbAMP_00151,Escherichia coli,Negative
7180,dbAMP_32366,Klebsiella pneumoniae,Negative
7181,17972.0,Staphylococcus aureus,Negative
7182,dbAMP_04235,Candida parapsilosis,Negative
7183,dbAMP_20333,Bacillus subtilis,Negative
7184,dbAMP_16996,Bacillus subtilis,Negative
7185,20024.0,Staphylococcus aureus,Negative
7186,dbAMP_25340,Staphylococcus aureus,Negative
7187,19519.0,Staphylococcus epidermidis,Negative
7188,dbAMP_31649,Klebsiella pneumoniae,Negative
7189,dbAMP_18366,Bacillus subtilis,Negative
7190,dbAMP_27597,Pseudomonas aeruginosa,Negative
7191,dbAMP_19711,Pseudomonas aeruginosa,Negative
7192,dbAMP_03060,Salmonella enterica,Negative
7193,dbAMP_21167,Enterococcus faecalis,Negative
7194,dbAMP_23824,Pseudomonas aeruginosa,Negative
7195,11025.0,Staphylococcus aureus,Negative
7196,dbAMP_32061,Enterococcus faecalis,Negative
7197,dbAMP_17189,Cryptococcus neoformans,Negative
7198,dbAMP_18044,Candida albicans,Negative
7199,dbAMP_02478,Enterococcus faecalis,Negative
7200,dbAMP_19056,Salmonella enterica,Negative
7201,dbAMP_20945,Pseudomonas aeruginosa,Negative
7202,dbAMP_17966,Staphylococcus epidermidis,Negative
7203,dbAMP_19868,Staphylococcus aureus,Negative
7204,dbAMP_20533,Pseudomonas aeruginosa,Negative
7205,9175.0,Escherichia coli,Negative
7206,18071.0,Staphylococcus aureus,Negative
7207,18062.0,Escherichia coli,Negative
7208,18328.0,Klebsiella pneumoniae,Negative
7209,dbAMP_03336,Staphylococcus aureus,Negative
7210,dbAMP_16885,Staphylococcus aureus,Negative
7211,dbAMP_24067,Escherichia coli,Negative
7212,dbAMP_01593,Klebsiella pneumoniae,Negative
7213,dbAMP_19002,Staphylococcus aureus,Negative
7214,dbAMP_24655,Escherichia coli,Negative
7215,dbAMP_19191,Enterococcus faecalis,Negative
7216,dbAMP_18887,Escherichia coli,Negative
7217,dbAMP_22456,Bacillus subtilis,Negative
7218,dbAMP_17415,Staphylococcus aureus,Negative
7219,dbAMP_16377,Klebsiella pneumoniae,Negative
7220,dbAMP_21146,Acinetobacter baumannii,Negative
7221,dbAMP_10255,Pseudomonas aeruginosa,Negative
7222,dbAMP_19835,Candida albicans,Negative
7223,22382.0,Pseudomonas aeruginosa,Negative
7224,dbAMP_10396,Pseudomonas aeruginosa,Negative
7225,dbAMP_20781,Escherichia coli,Negative
7226,dbAMP_21851,Staphylococcus epidermidis,Negative
7227,dbAMP_24839,Salmonella enterica,Negative
7228,dbAMP_21655,Candida albicans,Negative
7229,9587.0,Pseudomonas aeruginosa,Negative
7230,dbAMP_14927,Escherichia coli,Negative
7231,dbAMP_34381,Staphylococcus aureus,Negative
7232,dbAMP_18083,Bacillus megaterium,Negative
7233,dbAMP_25119,Escherichia coli,Negative
7234,dbAMP_34383,Escherichia coli,Negative
7235,dbAMP_28799,Klebsiella pneumoniae,Negative
7236,dbAMP_21140,Acinetobacter baumannii,Negative
7237,dbAMP_24544,Staphylococcus epidermidis,Negative
7238,dbAMP_32927,Salmonella enterica,Negative
7239,dbAMP_25103,Staphylococcus aureus,Negative
7240,dbAMP_22886,Staphylococcus aureus,Negative
7241,dbAMP_18510,Pseudomonas aeruginosa,Negative
7242,dbAMP_31440,Escherichia coli,Negative
7243,21971.0,Acinetobacter baumannii,Negative
7244,19647.0,Klebsiella pneumoniae,Negative
7245,dbAMP_33678,Klebsiella pneumoniae,Negative
7246,dbAMP_20701,Pseudomonas aeruginosa,Negative
7247,19853.0,Staphylococcus aureus,Negative
7248,17770.0,Staphylococcus aureus,Negative
7249,dbAMP_21265,Staphylococcus aureus,Negative
7250,20336.0,Escherichia coli,Negative
7251,dbAMP_17768,Enterococcus faecalis,Negative
7252,dbAMP_18886,Escherichia coli,Negative
7253,dbAMP_19835,Salmonella enterica,Negative
7254,dbAMP_20771,Pseudomonas aeruginosa,Negative
7255,20332.0,Escherichia coli,Negative
7256,dbAMP_16765,Bacillus subtilis,Negative
7257,dbAMP_34271,Escherichia coli,Negative
7258,dbAMP_16684,Escherichia coli,Negative
7259,dbAMP_00987,Cryptococcus neoformans,Negative
7260,dbAMP_21998,Staphylococcus aureus,Negative
7261,dbAMP_19008,Escherichia coli,Negative
7262,dbAMP_19231,Escherichia coli,Negative
7263,dbAMP_18545,Klebsiella pneumoniae,Negative
7264,dbAMP_25314,Pseudomonas aeruginosa,Negative
7265,dbAMP_18716,Pseudomonas aeruginosa,Negative
7266,17667.0,Pseudomonas aeruginosa,Negative
7267,dbAMP_24294,Enterobacter cloacae,Negative
7268,dbAMP_16397,Staphylococcus aureus,Negative
7269,19076.0,Escherichia coli,Negative
7270,dbAMP_22242,Bacillus cereus,Negative
7271,dbAMP_01930,Candida albicans,Negative
7272,dbAMP_23600,Staphylococcus epidermidis,Negative
7273,dbAMP_24932,Escherichia coli,Negative
7274,dbAMP_22660,Escherichia coli,Negative
7275,dbAMP_00877,Escherichia coli,Negative
7276,dbAMP_21935,Staphylococcus aureus,Negative
7277,dbAMP_22097,Escherichia coli,Negative
7278,dbAMP_25178,Staphylococcus epidermidis,Negative
7279,dbAMP_23289,Klebsiella pneumoniae,Negative
7280,dbAMP_02485,Staphylococcus aureus,Negative
7281,dbAMP_33796,Staphylococcus aureus,Negative
7282,dbAMP_20562,Escherichia coli,Negative
7283,dbAMP_25286,Pseudomonas aeruginosa,Negative
7284,17802.0,Escherichia coli,Negative
7285,dbAMP_15574,Escherichia coli,Negative
7286,dbAMP_19603,Staphylococcus aureus,Negative
7287,dbAMP_21057,Escherichia coli,Negative
7288,dbAMP_18893,Pseudomonas aeruginosa,Negative
7289,dbAMP_03308,Pseudomonas aeruginosa,Negative
7290,dbAMP_10969,Pseudomonas aeruginosa,Negative
7291,dbAMP_22516,Escherichia coli,Negative
7292,dbAMP_23816,Enterobacter cloacae,Negative
7293,dbAMP_21398,Staphylococcus aureus,Negative
7294,dbAMP_02639,Candida albicans,Negative
7295,dbAMP_05559,Escherichia coli,Negative
7296,8833.0,Klebsiella pneumoniae,Negative
7297,dbAMP_21758,Escherichia coli,Negative
7298,dbAMP_27267,Staphylococcus epidermidis,Negative
7299,17413.0,Acinetobacter baumannii,Negative
7300,dbAMP_04699,Staphylococcus aureus,Negative
7301,19552.0,Staphylococcus aureus,Negative
7302,dbAMP_21766,Pseudomonas aeruginosa,Negative
7303,dbAMP_18728,Pseudomonas aeruginosa,Negative
7304,dbAMP_34304,Escherichia coli,Negative
7305,dbAMP_22448,Pseudomonas aeruginosa,Negative
7306,dbAMP_34349,Staphylococcus aureus,Negative
7307,dbAMP_21414,Pseudomonas aeruginosa,Negative
7308,dbAMP_23986,Enterococcus faecalis,Negative
7309,dbAMP_03286,Micrococcus luteus,Negative
7310,dbAMP_23904,Escherichia coli,Negative
7311,dbAMP_27159,Staphylococcus aureus,Negative
7312,dbAMP_33688,Enterococcus faecalis,Negative
7313,dbAMP_01127,Enterobacter cloacae,Negative
7314,dbAMP_34365,Staphylococcus aureus,Negative
7315,dbAMP_33205,Candida albicans,Negative
7316,dbAMP_24356,Klebsiella pneumoniae,Negative
7317,dbAMP_11661,Bacillus subtilis,Negative
7318,dbAMP_03461,Staphylococcus aureus,Negative
7319,dbAMP_14648,Staphylococcus aureus,Negative
7320,dbAMP_02233,Escherichia coli,Negative
7321,17773.0,Escherichia coli,Negative
7322,19150.0,Bacillus subtilis,Negative
7323,dbAMP_24359,Staphylococcus aureus,Negative
7324,dbAMP_19805,Candida albicans,Negative
7325,17772.0,Staphylococcus aureus,Negative
7326,dbAMP_16636,Escherichia coli,Negative
7327,dbAMP_21701,Micrococcus luteus,Negative
7328,dbAMP_11304,Pseudomonas aeruginosa,Negative
7329,dbAMP_27085,Candida albicans,Negative
7330,7051.0,Pseudomonas aeruginosa,Negative
7331,dbAMP_21118,Enterococcus faecalis,Negative
7332,dbAMP_19574,Candida albicans,Negative
7333,dbAMP_02993,Salmonella enterica,Negative
7334,dbAMP_02104,Listeria monocytogenes,Negative
7335,dbAMP_33117,Enterobacter cloacae,Negative
7336,dbAMP_18748,Pseudomonas aeruginosa,Negative
7337,6199.0,Escherichia coli,Negative
7338,dbAMP_33725,Pseudomonas aeruginosa,Negative
7339,dbAMP_23538,Salmonella enterica,Negative
7340,DRAMP01753,Escherichia coli,Negative
7341,dbAMP_21347,Candida albicans,Negative
7342,dbAMP_19583,Staphylococcus aureus,Negative
7343,19516.0,Enterococcus faecalis,Negative
7344,dbAMP_17210,Candida albicans,Negative
7345,19516.0,Pseudomonas aeruginosa,Negative
7346,9835.0,Pseudomonas aeruginosa,Negative
7347,dbAMP_25191,Micrococcus luteus,Negative
7348,dbAMP_16909,Staphylococcus aureus,Negative
7349,dbAMP_18093,Pseudomonas aeruginosa,Negative
7350,dbAMP_25150,Staphylococcus epidermidis,Negative
7351,19922.0,Staphylococcus aureus,Negative
7352,21946.0,Bacillus subtilis,Negative
7353,dbAMP_18925,Escherichia coli,Negative
7354,dbAMP_21667,Salmonella enterica,Negative
7355,21175.0,Escherichia coli,Negative
7356,dbAMP_24998,Escherichia coli,Negative
7357,17354.0,Pseudomonas aeruginosa,Negative
7358,22326.0,Pseudomonas aeruginosa,Negative
7359,dbAMP_18982,Staphylococcus epidermidis,Negative
7360,dbAMP_17640,Pseudomonas aeruginosa,Negative
7361,2820.0,Klebsiella pneumoniae,Negative
7362,dbAMP_12270,Klebsiella pneumoniae,Negative
7363,17468.0,Cryptococcus neoformans,Negative
7364,21552.0,Candida albicans,Negative
7365,dbAMP_21995,Salmonella enterica,Negative
7366,dbAMP_27472,Pseudomonas aeruginosa,Negative
7367,19988.0,Staphylococcus epidermidis,Negative
7368,dbAMP_06217,Candida albicans,Negative
7369,18788.0,Cryptococcus neoformans,Negative
7370,dbAMP_20654,Staphylococcus aureus,Negative
7371,17504.0,Candida albicans,Negative
7372,DRAMP01610,Pseudomonas aeruginosa,Negative
7373,dbAMP_16276,Staphylococcus epidermidis,Negative
7374,dbAMP_28733,Candida parapsilosis,Negative
7375,dbAMP_22512,Staphylococcus aureus,Negative
7376,dbAMP_33293,Pseudomonas aeruginosa,Negative
7377,dbAMP_01880,Candida albicans,Negative
7378,19118.0,Enterococcus faecium,Negative
7379,dbAMP_25082,Bacillus subtilis,Negative
7380,dbAMP_25374,Candida albicans,Negative
7381,dbAMP_09564,Escherichia coli,Negative
7382,dbAMP_23450,Staphylococcus aureus,Negative
7383,DRAMP03890,Escherichia coli,Negative
7384,dbAMP_16664,Klebsiella pneumoniae,Negative
7385,21053.0,Pseudomonas aeruginosa,Negative
7386,dbAMP_21050,Pseudomonas aeruginosa,Negative
7387,dbAMP_23972,Micrococcus luteus,Negative
7388,dbAMP_02997,Salmonella enterica,Negative
7389,dbAMP_20335,Staphylococcus epidermidis,Negative
7390,dbAMP_03018,Enterococcus faecalis,Negative
7391,dbAMP_15798,Pseudomonas aeruginosa,Negative
7392,dbAMP_27317,Pseudomonas aeruginosa,Negative
7393,dbAMP_16374,Staphylococcus aureus,Negative
7394,dbAMP_25387,Klebsiella pneumoniae,Negative
7395,19935.0,Staphylococcus epidermidis,Negative
7396,19522.0,Staphylococcus aureus,Negative
7397,19852.0,Klebsiella pneumoniae,Negative
7398,dbAMP_27191,Escherichia coli,Negative
7399,dbAMP_34247,Escherichia coli,Negative
7400,17442.0,Acinetobacter baumannii,Negative
7401,dbAMP_25444,Staphylococcus aureus,Negative
7402,dbAMP_20762,Listeria monocytogenes,Negative
7403,dbAMP_19360,Candida parapsilosis,Negative
7404,dbAMP_16542,Candida parapsilosis,Negative
7405,21622.0,Staphylococcus aureus,Negative
7406,17457.0,Klebsiella pneumoniae,Negative
7407,dbAMP_31702,Klebsiella pneumoniae,Negative
7408,21197.0,Staphylococcus aureus,Negative
7409,dbAMP_24836,Bacillus megaterium,Negative
7410,dbAMP_17782,Staphylococcus aureus,Negative
7411,19936.0,Escherichia coli,Negative
7412,dbAMP_05647,Escherichia coli,Negative
7413,dbAMP_21609,Salmonella enterica,Negative
7414,dbAMP_17366,Candida albicans,Negative
7415,dbAMP_31178,Enterobacter cloacae,Negative
7416,dbAMP_14783,Candida albicans,Negative
7417,dbAMP_14878,Klebsiella pneumoniae,Negative
7418,dbAMP_28732,Staphylococcus aureus,Negative
7419,dbAMP_31131,Klebsiella pneumoniae,Negative
7420,dbAMP_24063,Staphylococcus aureus,Negative
7421,dbAMP_23120,Pseudomonas aeruginosa,Negative
7422,19882.0,Staphylococcus aureus,Negative
7423,dbAMP_22840,Staphylococcus aureus,Negative
7424,dbAMP_32011,Escherichia coli,Negative
7425,22378.0,Acinetobacter baumannii,Negative
7426,dbAMP_18335,Candida parapsilosis,Negative
7427,dbAMP_16136,Salmonella enterica,Negative
7428,dbAMP_17066,Salmonella enterica,Negative
7429,dbAMP_17971,Listeria monocytogenes,Negative
7430,dbAMP_16308,Bacillus subtilis,Negative
7431,dbAMP_18070,Escherichia coli,Negative
7432,dbAMP_11976,Staphylococcus aureus,Negative
7433,21744.0,Enterococcus faecalis,Negative
7434,dbAMP_17990,Staphylococcus aureus,Negative
7435,dbAMP_24840,Escherichia coli,Negative
7436,dbAMP_24038,Klebsiella pneumoniae,Negative
7437,dbAMP_16543,Acinetobacter baumannii,Negative
7438,dbAMP_32109,Staphylococcus aureus,Negative
7439,dbAMP_16262,Candida parapsilosis,Negative
7440,dbAMP_24919,Pseudomonas aeruginosa,Negative
7441,dbAMP_17649,Pseudomonas aeruginosa,Negative
7442,dbAMP_28794,Pseudomonas aeruginosa,Negative
7443,dbAMP_19266,Enterococcus faecalis,Negative
7444,17333.0,Escherichia coli,Negative
7445,17236.0,Staphylococcus aureus,Negative
7446,dbAMP_16228,Staphylococcus epidermidis,Negative
7447,dbAMP_21040,Pseudomonas aeruginosa,Negative
7448,7785.0,Micrococcus luteus,Negative
7449,dbAMP_22865,Escherichia coli,Negative
7450,dbAMP_21032,Klebsiella pneumoniae,Negative
7451,18234.0,Klebsiella pneumoniae,Negative
7452,dbAMP_19697,Klebsiella pneumoniae,Negative
7453,dbAMP_19006,Staphylococcus aureus,Negative
7454,8348.0,Staphylococcus epidermidis,Negative
7455,22379.0,Acinetobacter baumannii,Negative
7456,dbAMP_22327,Escherichia coli,Negative
7457,dbAMP_23106,Escherichia coli,Negative
7458,dbAMP_24050,Pseudomonas aeruginosa,Negative
7459,dbAMP_03288,Escherichia coli,Negative
7460,dbAMP_25103,Candida albicans,Negative
7461,dbAMP_18011,Staphylococcus aureus,Negative
7462,dbAMP_22648,Escherichia coli,Negative
7463,dbAMP_19322,Escherichia coli,Negative
7464,19865.0,Klebsiella pneumoniae,Negative
7465,dbAMP_17222,Escherichia coli,Negative
7466,20647.0,Bacillus subtilis,Negative
7467,dbAMP_02603,Escherichia coli,Negative
7468,20566.0,Staphylococcus aureus,Negative
7469,dbAMP_33154,Staphylococcus aureus,Negative
7470,dbAMP_17121,Bacillus cereus,Negative
7471,dbAMP_25250,Klebsiella pneumoniae,Negative
7472,dbAMP_19066,Salmonella enterica,Negative
7473,dbAMP_19246,Staphylococcus aureus,Negative
7474,19936.0,Pseudomonas aeruginosa,Negative
7475,dbAMP_02137,Pseudomonas aeruginosa,Negative
7476,dbAMP_19012,Pseudomonas aeruginosa,Negative
7477,dbAMP_19723,Enterococcus faecium,Negative
7478,dbAMP_17916,Staphylococcus aureus,Negative
7479,dbAMP_22671,Staphylococcus epidermidis,Negative
7480,dbAMP_16304,Salmonella enterica,Negative
7481,dbAMP_11978,Escherichia coli,Negative
7482,dbAMP_24858,Cryptococcus neoformans,Negative
7483,17247.0,Escherichia coli,Negative
7484,dbAMP_19125,Listeria monocytogenes,Negative
7485,dbAMP_24138,Enterococcus faecalis,Negative
7486,dbAMP_02402,Acinetobacter baumannii,Negative
7487,dbAMP_18976,Staphylococcus aureus,Negative
7488,dbAMP_27191,Pseudomonas aeruginosa,Negative
7489,dbAMP_16267,Pseudomonas aeruginosa,Negative
7490,dbAMP_14941,Staphylococcus epidermidis,Negative
7491,dbAMP_33783,Pseudomonas aeruginosa,Negative
7492,dbAMP_20953,Pseudomonas aeruginosa,Negative
7493,dbAMP_21721,Candida albicans,Negative
7494,dbAMP_16398,Escherichia coli,Negative
7495,dbAMP_18923,Escherichia coli,Negative
7496,dbAMP_22661,Candida albicans,Negative
7497,8004.0,Listeria monocytogenes,Negative
7498,dbAMP_16917,Pseudomonas aeruginosa,Negative
7499,dbAMP_19058,Escherichia coli,Negative
7500,dbAMP_34223,Staphylococcus aureus,Negative
7501,dbAMP_04689,Candida albicans,Negative
7502,18056.0,Escherichia coli,Negative
7503,dbAMP_21911,Candida albicans,Negative
7504,dbAMP_20107,Staphylococcus epidermidis,Negative
7505,dbAMP_19837,Escherichia coli,Negative
7506,dbAMP_16125,Staphylococcus aureus,Negative
7507,1824.0,Pseudomonas aeruginosa,Negative
7508,dbAMP_32063,Escherichia coli,Negative
7509,dbAMP_18606,Staphylococcus epidermidis,Negative
7510,dbAMP_18655,Cryptococcus neoformans,Negative
7511,dbAMP_22759,Micrococcus luteus,Negative
7512,dbAMP_17967,Escherichia coli,Negative
7513,dbAMP_16209,Staphylococcus aureus,Negative
7514,dbAMP_18052,Candida parapsilosis,Negative
7515,dbAMP_33255,Pseudomonas aeruginosa,Negative
7516,dbAMP_15863,Candida albicans,Negative
7517,dbAMP_15847,Enterococcus faecalis,Negative
7518,20167.0,Enterococcus faecium,Negative
7519,dbAMP_33272,Candida albicans,Negative
7520,dbAMP_16992,Bacillus subtilis,Negative
7521,dbAMP_20118,Staphylococcus aureus,Negative
7522,dbAMP_21402,Pseudomonas aeruginosa,Negative
7523,20304.0,Staphylococcus aureus,Negative
7524,17610.0,Staphylococcus aureus,Negative
7525,17453.0,Candida albicans,Negative
7526,734.0,Candida albicans,Negative
7527,dbAMP_04977,Pseudomonas aeruginosa,Negative
7528,dbAMP_02216,Escherichia coli,Negative
7529,dbAMP_17329,Escherichia coli,Negative
7530,19843.0,Staphylococcus aureus,Negative
7531,dbAMP_18840,Escherichia coli,Negative
7532,dbAMP_21229,Acinetobacter baumannii,Negative
7533,dbAMP_22639,Staphylococcus aureus,Negative
7534,dbAMP_31703,Klebsiella pneumoniae,Negative
7535,dbAMP_19317,Pseudomonas aeruginosa,Negative
7536,dbAMP_19063,Enterococcus faecium,Negative
7537,20169.0,Enterococcus faecium,Negative
7538,17416.0,Acinetobacter baumannii,Negative
7539,dbAMP_16221,Salmonella enterica,Negative
7540,17599.0,Pseudomonas aeruginosa,Negative
7541,dbAMP_21626,Micrococcus luteus,Negative
7542,19846.0,Escherichia coli,Negative
7543,dbAMP_24539,Staphylococcus aureus,Negative
7544,22380.0,Escherichia coli,Negative
7545,dbAMP_23790,Staphylococcus aureus,Negative
7546,dbAMP_34264,Escherichia coli,Negative
7547,dbAMP_23825,Escherichia coli,Negative
7548,dbAMP_18954,Staphylococcus aureus,Negative
7549,dbAMP_20307,Pseudomonas aeruginosa,Negative
7550,dbAMP_15952,Staphylococcus aureus,Negative
7551,20830.0,Staphylococcus aureus,Negative
7552,dbAMP_34355,Escherichia coli,Negative
7553,10347.0,Cryptococcus neoformans,Negative
7554,dbAMP_23789,Staphylococcus aureus,Negative
7555,dbAMP_02675,Klebsiella pneumoniae,Negative
7556,dbAMP_05282,Escherichia coli,Negative
7557,dbAMP_33711,Salmonella enterica,Negative
7558,dbAMP_20098,Escherichia coli,Negative
7559,18331.0,Pseudomonas aeruginosa,Negative
7560,17461.0,Acinetobacter baumannii,Negative
7561,dbAMP_27215,Pseudomonas aeruginosa,Negative
7562,17465.0,Candida albicans,Negative
7563,21704.0,Escherichia coli,Negative
7564,dbAMP_09904,Staphylococcus epidermidis,Negative
7565,dbAMP_19727,Staphylococcus aureus,Negative
7566,19569.0,Staphylococcus aureus,Negative
7567,dbAMP_15771,Pseudomonas aeruginosa,Negative
7568,dbAMP_01772,Salmonella enterica,Negative
7569,dbAMP_15941,Pseudomonas aeruginosa,Negative
7570,dbAMP_22418,Staphylococcus aureus,Negative
7571,dbAMP_18135,Pseudomonas aeruginosa,Negative
7572,dbAMP_14807,Salmonella enterica,Negative
7573,4201.0,Staphylococcus epidermidis,Negative
7574,dbAMP_17129,Bacillus subtilis,Negative
7575,dbAMP_34225,Escherichia coli,Negative
7576,dbAMP_24545,Pseudomonas aeruginosa,Negative
7577,17520.0,Klebsiella pneumoniae,Negative
7578,21646.0,Staphylococcus aureus,Negative
7579,dbAMP_19281,Staphylococcus epidermidis,Negative
7580,dbAMP_17802,Acinetobacter baumannii,Negative
7581,dbAMP_02627,Staphylococcus aureus,Negative
7582,dbAMP_11056,Enterococcus faecium,Negative
7583,dbAMP_22303,Staphylococcus aureus,Negative
7584,dbAMP_21985,Staphylococcus aureus,Negative
7585,dbAMP_02015,Klebsiella pneumoniae,Negative
7586,dbAMP_24053,Escherichia coli,Negative
7587,21737.0,Candida albicans,Negative
7588,dbAMP_04689,Escherichia coli,Negative
7589,dbAMP_21040,Escherichia coli,Negative
7590,17241.0,Escherichia coli,Negative
7591,19479.0,Staphylococcus epidermidis,Negative
7592,dbAMP_34136,Staphylococcus aureus,Negative
7593,dbAMP_21411,Pseudomonas aeruginosa,Negative
7594,dbAMP_21045,Klebsiella pneumoniae,Negative
7595,dbAMP_27597,Staphylococcus aureus,Negative
7596,dbAMP_20770,Escherichia coli,Negative
7597,dbAMP_02446,Candida albicans,Negative
7598,dbAMP_22077,Candida albicans,Negative
7599,dbAMP_21740,Escherichia coli,Negative
7600,dbAMP_19066,Escherichia coli,Negative
7601,dbAMP_02682,Staphylococcus aureus,Negative
7602,dbAMP_22634,Escherichia coli,Negative
7603,dbAMP_16913,Listeria monocytogenes,Negative
7604,20939.0,Staphylococcus aureus,Negative
7605,17637.0,Escherichia coli,Negative
7606,dbAMP_22641,Escherichia coli,Negative
7607,dbAMP_23417,Klebsiella pneumoniae,Negative
7608,dbAMP_27557,Escherichia coli,Negative
7609,dbAMP_02732,Staphylococcus aureus,Negative
7610,dbAMP_24223,Candida albicans,Negative
7611,dbAMP_17347,Salmonella enterica,Negative
7612,20288.0,Klebsiella pneumoniae,Negative
7613,dbAMP_18974,Staphylococcus aureus,Negative
7614,dbAMP_01466,Staphylococcus aureus,Negative
7615,dbAMP_10255,Cryptococcus neoformans,Negative
7616,20441.0,Salmonella enterica,Negative
7617,dbAMP_24968,Pseudomonas aeruginosa,Negative
7618,19120.0,Enterobacter cloacae,Negative
7619,dbAMP_32632,Escherichia coli,Negative
7620,dbAMP_22763,Escherichia coli,Negative
7621,dbAMP_25036,Enterococcus faecalis,Negative
7622,dbAMP_11946,Escherichia coli,Negative
7623,dbAMP_24068,Pseudomonas aeruginosa,Negative
7624,dbAMP_21040,Klebsiella pneumoniae,Negative
7625,dbAMP_22893,Acinetobacter baumannii,Negative
7626,19135.0,Escherichia coli,Negative
7627,dbAMP_24858,Staphylococcus aureus,Negative
7628,20024.0,Pseudomonas aeruginosa,Negative
7629,dbAMP_24841,Escherichia coli,Negative
7630,17451.0,Klebsiella pneumoniae,Negative
7631,dbAMP_25311,Pseudomonas aeruginosa,Negative
7632,dbAMP_18429,Candida parapsilosis,Negative
7633,dbAMP_27286,Bacillus subtilis,Negative
7634,dbAMP_27395,Escherichia coli,Negative
7635,dbAMP_03658,Bacillus subtilis,Negative
7636,dbAMP_03776,Candida albicans,Negative
7637,dbAMP_23554,Staphylococcus epidermidis,Negative
7638,dbAMP_20455,Klebsiella pneumoniae,Negative
7639,dbAMP_17810,Escherichia coli,Negative
7640,dbAMP_18679,Pseudomonas aeruginosa,Negative
7641,dbAMP_28635,Staphylococcus aureus,Negative
7642,dbAMP_31688,Staphylococcus epidermidis,Negative
7643,dbAMP_01894,Salmonella enterica,Negative
7644,7152.0,Staphylococcus aureus,Negative
7645,dbAMP_03652,Candida albicans,Negative
7646,dbAMP_17332,Staphylococcus aureus,Negative
7647,dbAMP_32166,Staphylococcus aureus,Negative
7648,dbAMP_24562,Pseudomonas aeruginosa,Negative
7649,dbAMP_23257,Escherichia coli,Negative
7650,dbAMP_32066,Enterococcus faecalis,Negative
7651,17966.0,Staphylococcus aureus,Negative
7652,dbAMP_18022,Escherichia coli,Negative
7653,dbAMP_33179,Staphylococcus aureus,Negative
7654,dbAMP_17019,Acinetobacter baumannii,Negative
7655,dbAMP_23988,Enterococcus faecalis,Negative
7656,dbAMP_33099,Escherichia coli,Negative
7657,19842.0,Escherichia coli,Negative
7658,7791.0,Bacillus subtilis,Negative
7659,dbAMP_15574,Salmonella enterica,Negative
7660,dbAMP_23825,Pseudomonas aeruginosa,Negative
7661,21929.0,Bacillus subtilis,Negative
7662,DRAMP03874,Enterococcus faecalis,Negative
7663,dbAMP_20528,Klebsiella pneumoniae,Negative
7664,20323.0,Salmonella enterica,Negative
7665,dbAMP_21595,Staphylococcus aureus,Negative
7666,dbAMP_15800,Staphylococcus aureus,Negative
7667,dbAMP_03305,Staphylococcus aureus,Negative
7668,dbAMP_22333,Escherichia coli,Negative
7669,18053.0,Escherichia coli,Negative
7670,20335.0,Staphylococcus aureus,Negative
7671,dbAMP_22544,Escherichia coli,Negative
7672,dbAMP_25011,Salmonella enterica,Negative
7673,dbAMP_03678,Staphylococcus aureus,Negative
7674,dbAMP_03683,Escherichia coli,Negative
7675,dbAMP_21592,Micrococcus luteus,Negative
7676,dbAMP_00260,Bacillus cereus,Negative
7677,dbAMP_22536,Staphylococcus aureus,Negative
7678,dbAMP_21428,Escherichia coli,Negative
7679,dbAMP_21157,Escherichia coli,Negative
7680,dbAMP_04691,Staphylococcus aureus,Negative
7681,dbAMP_24291,Escherichia coli,Negative
7682,dbAMP_22084,Escherichia coli,Negative
7683,17240.0,Escherichia coli,Negative
7684,19639.0,Staphylococcus aureus,Negative
7685,dbAMP_32919,Escherichia coli,Negative
7686,dbAMP_24691,Staphylococcus aureus,Negative
7687,dbAMP_22849,Pseudomonas aeruginosa,Negative
7688,dbAMP_16772,Salmonella enterica,Negative
7689,dbAMP_20482,Klebsiella pneumoniae,Negative
7690,17246.0,Escherichia coli,Negative
7691,dbAMP_21002,Pseudomonas aeruginosa,Negative
7692,dbAMP_16376,Pseudomonas aeruginosa,Negative
7693,dbAMP_31960,Listeria monocytogenes,Negative
7694,dbAMP_20528,Enterococcus faecalis,Negative
7695,dbAMP_27615,Escherichia coli,Negative
7696,dbAMP_34214,Staphylococcus aureus,Negative
7697,dbAMP_21850,Escherichia coli,Negative
7698,dbAMP_22282,Staphylococcus aureus,Negative
7699,dbAMP_23667,Staphylococcus epidermidis,Negative
7700,18202.0,Escherichia coli,Negative
7701,dbAMP_34335,Escherichia coli,Negative
7702,22267.0,Staphylococcus aureus,Negative
7703,dbAMP_24539,Staphylococcus epidermidis,Negative
7704,dbAMP_24309,Pseudomonas aeruginosa,Negative
7705,dbAMP_19226,Pseudomonas aeruginosa,Negative
7706,dbAMP_18883,Acinetobacter baumannii,Negative
7707,20400.0,Escherichia coli,Negative
7708,17504.0,Enterococcus faecium,Negative
7709,dbAMP_22922,Escherichia coli,Negative
7710,dbAMP_00230,Pseudomonas aeruginosa,Negative
7711,dbAMP_33221,Pseudomonas aeruginosa,Negative
7712,dbAMP_25120,Escherichia coli,Negative
7713,dbAMP_27607,Staphylococcus aureus,Negative
7714,dbAMP_02015,Enterococcus faecium,Negative
7715,dbAMP_31742,Candida albicans,Negative
7716,20275.0,Pseudomonas aeruginosa,Negative
7717,dbAMP_20726,Escherichia coli,Negative
7718,dbAMP_16761,Staphylococcus aureus,Negative
7719,dbAMP_32167,Staphylococcus aureus,Negative
7720,20054.0,Enterococcus faecalis,Negative
7721,17802.0,Bacillus subtilis,Negative
7722,DRAMP03909,Escherichia coli,Negative
7723,dbAMP_05257,Pseudomonas aeruginosa,Negative
7724,dbAMP_28835,Staphylococcus aureus,Negative
7725,dbAMP_21244,Salmonella enterica,Negative
7726,dbAMP_16931,Micrococcus luteus,Negative
7727,dbAMP_24869,Enterobacter cloacae,Negative
7728,dbAMP_32890,Escherichia coli,Negative
7729,dbAMP_21666,Salmonella enterica,Negative
7730,DRAMP01607,Bacillus subtilis,Negative
7731,dbAMP_27395,Candida albicans,Negative
7732,8348.0,Klebsiella pneumoniae,Negative
7733,dbAMP_22292,Bacillus cereus,Negative
7734,13747.0,Candida albicans,Negative
7735,18579.0,Candida parapsilosis,Negative
7736,dbAMP_03461,Micrococcus luteus,Negative
7737,17524.0,Pseudomonas aeruginosa,Negative
7738,18054.0,Escherichia coli,Negative
7739,21672.0,Acinetobacter baumannii,Negative
7740,dbAMP_18905,Staphylococcus aureus,Negative
7741,dbAMP_16498,Staphylococcus epidermidis,Negative
7742,20538.0,Pseudomonas aeruginosa,Negative
7743,18152.0,Escherichia coli,Negative
7744,dbAMP_24242,Staphylococcus aureus,Negative
7745,21733.0,Klebsiella pneumoniae,Negative
7746,dbAMP_22460,Pseudomonas aeruginosa,Negative
7747,dbAMP_32114,Staphylococcus aureus,Negative
7748,dbAMP_20943,Pseudomonas aeruginosa,Negative
7749,dbAMP_33336,Pseudomonas aeruginosa,Negative
7750,dbAMP_20481,Pseudomonas aeruginosa,Negative
7751,dbAMP_18029,Escherichia coli,Negative
7752,dbAMP_17725,Escherichia coli,Negative
7753,dbAMP_03663,Candida albicans,Negative
7754,dbAMP_20765,Pseudomonas aeruginosa,Negative
7755,dbAMP_03136,Candida albicans,Negative
7756,dbAMP_01916,Enterobacter cloacae,Negative
7757,dbAMP_05112,Klebsiella pneumoniae,Negative
7758,dbAMP_04997,Staphylococcus aureus,Negative
7759,dbAMP_04894,Staphylococcus aureus,Negative
7760,dbAMP_11040,Bacillus subtilis,Negative
7761,19415.0,Pseudomonas aeruginosa,Negative
7762,dbAMP_00877,Enterococcus faecalis,Negative
7763,dbAMP_23666,Klebsiella pneumoniae,Negative
7764,dbAMP_00230,Enterococcus faecalis,Negative
7765,7785.0,Candida albicans,Negative
7766,dbAMP_33299,Candida albicans,Negative
7767,dbAMP_17073,Salmonella enterica,Negative
7768,dbAMP_18718,Escherichia coli,Negative
7769,dbAMP_21303,Pseudomonas aeruginosa,Negative
7770,dbAMP_34267,Escherichia coli,Negative
7771,dbAMP_25150,Pseudomonas aeruginosa,Negative
7772,dbAMP_31960,Pseudomonas aeruginosa,Negative
7773,dbAMP_34285,Staphylococcus aureus,Negative
7774,dbAMP_03463,Bacillus cereus,Negative
7775,dbAMP_25038,Pseudomonas aeruginosa,Negative
7776,dbAMP_24493,Acinetobacter baumannii,Negative
7777,DRAMP02952,Micrococcus luteus,Negative
7778,dbAMP_34372,Escherichia coli,Negative
7779,dbAMP_16257,Staphylococcus epidermidis,Negative
7780,dbAMP_19754,Escherichia coli,Negative
7781,dbAMP_34372,Staphylococcus aureus,Negative
7782,dbAMP_18763,Pseudomonas aeruginosa,Negative
7783,dbAMP_25097,Pseudomonas aeruginosa,Negative
7784,dbAMP_17191,Escherichia coli,Negative
7785,dbAMP_34211,Staphylococcus aureus,Negative
7786,dbAMP_31780,Staphylococcus aureus,Negative
7787,dbAMP_16364,Escherichia coli,Negative
7788,dbAMP_19708,Enterococcus faecalis,Negative
7789,dbAMP_32925,Escherichia coli,Negative
7790,dbAMP_24882,Pseudomonas aeruginosa,Negative
7791,dbAMP_32954,Escherichia coli,Negative
7792,dbAMP_02031,Escherichia coli,Negative
7793,9826.0,Escherichia coli,Negative
7794,dbAMP_24290,Klebsiella pneumoniae,Negative
7795,dbAMP_27569,Pseudomonas aeruginosa,Negative
7796,dbAMP_16041,Salmonella enterica,Negative
7797,dbAMP_02687,Candida albicans,Negative
7798,dbAMP_23949,Salmonella enterica,Negative
7799,dbAMP_06098,Pseudomonas aeruginosa,Negative
7800,dbAMP_05848,Candida parapsilosis,Negative
7801,dbAMP_22316,Escherichia coli,Negative
7802,dbAMP_18242,Staphylococcus aureus,Negative
7803,17333.0,Candida albicans,Negative
7804,dbAMP_22312,Bacillus cereus,Negative
7805,dbAMP_33171,Pseudomonas aeruginosa,Negative
7806,dbAMP_19068,Staphylococcus aureus,Negative
7807,dbAMP_04990,Pseudomonas aeruginosa,Negative
7808,dbAMP_11727,Escherichia coli,Negative
7809,dbAMP_21520,Staphylococcus aureus,Negative
7810,dbAMP_18073,Escherichia coli,Negative
7811,dbAMP_31774,Candida albicans,Negative
7812,dbAMP_18669,Candida albicans,Negative
7813,19570.0,Escherichia coli,Negative
7814,dbAMP_31972,Listeria monocytogenes,Negative
7815,dbAMP_22227,Staphylococcus epidermidis,Negative
7816,dbAMP_22242,Escherichia coli,Negative
7817,dbAMP_03778,Micrococcus luteus,Negative
7818,dbAMP_17772,Pseudomonas aeruginosa,Negative
7819,dbAMP_16007,Staphylococcus aureus,Negative
7820,dbAMP_21917,Staphylococcus aureus,Negative
7821,dbAMP_25249,Candida albicans,Negative
7822,dbAMP_28833,Staphylococcus aureus,Negative
7823,21794.0,Enterococcus faecium,Negative
7824,dbAMP_20761,Listeria monocytogenes,Negative
7825,dbAMP_33306,Pseudomonas aeruginosa,Negative
7826,dbAMP_33249,Staphylococcus aureus,Negative
7827,19375.0,Staphylococcus aureus,Negative
7828,17388.0,Candida parapsilosis,Negative
7829,dbAMP_22068,Pseudomonas aeruginosa,Negative
7830,dbAMP_24546,Staphylococcus aureus,Negative
7831,dbAMP_22545,Pseudomonas aeruginosa,Negative
7832,dbAMP_34336,Staphylococcus aureus,Negative
7833,dbAMP_09918,Escherichia coli,Negative
7834,20831.0,Candida albicans,Negative
7835,19834.0,Pseudomonas aeruginosa,Negative
7836,dbAMP_34363,Escherichia coli,Negative
7837,21950.0,Staphylococcus aureus,Negative
7838,21744.0,Pseudomonas aeruginosa,Negative
7839,dbAMP_27477,Escherichia coli,Negative
7840,dbAMP_02703,Bacillus cereus,Negative
7841,19525.0,Staphylococcus aureus,Negative
7842,dbAMP_21767,Candida albicans,Negative
7843,dbAMP_14697,Escherichia coli,Negative
7844,dbAMP_20744,Enterococcus faecalis,Negative
7845,19847.0,Staphylococcus aureus,Negative
7846,dbAMP_18657,Escherichia coli,Negative
7847,dbAMP_18107,Salmonella enterica,Negative
7848,dbAMP_22331,Bacillus cereus,Negative
7849,dbAMP_33229,Pseudomonas aeruginosa,Negative
7850,19991.0,Enterococcus faecalis,Negative
7851,dbAMP_03074,Staphylococcus aureus,Negative
7852,dbAMP_32381,Escherichia coli,Negative
7853,dbAMP_16243,Enterococcus faecalis,Negative
7854,dbAMP_33215,Staphylococcus aureus,Negative
7855,dbAMP_21125,Escherichia coli,Negative
7856,dbAMP_01915,Acinetobacter baumannii,Negative
7857,dbAMP_24365,Klebsiella pneumoniae,Negative
7858,dbAMP_21781,Escherichia coli,Negative
7859,dbAMP_33312,Pseudomonas aeruginosa,Negative
7860,dbAMP_18905,Cryptococcus neoformans,Negative
7861,dbAMP_04368,Micrococcus luteus,Negative
7862,3389.0,Listeria monocytogenes,Negative
7863,dbAMP_22669,Bacillus subtilis,Negative
7864,dbAMP_22454,Pseudomonas aeruginosa,Negative
7865,dbAMP_00402,Staphylococcus aureus,Negative
7866,dbAMP_23098,Pseudomonas aeruginosa,Negative
7867,dbAMP_22326,Escherichia coli,Negative
7868,dbAMP_10305,Enterobacter cloacae,Negative
7869,dbAMP_15878,Candida albicans,Negative
7870,18113.0,Staphylococcus aureus,Negative
7871,dbAMP_24399,Staphylococcus aureus,Negative
7872,dbAMP_17938,Staphylococcus aureus,Negative
7873,dbAMP_25287,Acinetobacter baumannii,Negative
7874,dbAMP_19709,Pseudomonas aeruginosa,Negative
7875,dbAMP_19571,Candida parapsilosis,Negative
7876,dbAMP_17662,Pseudomonas aeruginosa,Negative
7877,dbAMP_17528,Candida albicans,Negative
7878,dbAMP_10527,Candida albicans,Negative
7879,dbAMP_20417,Staphylococcus aureus,Negative
7880,dbAMP_24819,Staphylococcus aureus,Negative
7881,dbAMP_19563,Staphylococcus aureus,Negative
7882,dbAMP_02231,Escherichia coli,Negative
7883,9450.0,Pseudomonas aeruginosa,Negative
7884,dbAMP_27113,Pseudomonas aeruginosa,Negative
7885,dbAMP_14721,Staphylococcus aureus,Negative
7886,dbAMP_21311,Staphylococcus aureus,Negative
7887,dbAMP_31701,Escherichia coli,Negative
7888,dbAMP_23273,Candida albicans,Negative
7889,dbAMP_21985,Enterococcus faecium,Negative
7890,dbAMP_03825,Escherichia coli,Negative
7891,dbAMP_24543,Pseudomonas aeruginosa,Negative
7892,dbAMP_24371,Escherichia coli,Negative
7893,dbAMP_16082,Staphylococcus aureus,Negative
7894,20572.0,Pseudomonas aeruginosa,Negative
7895,dbAMP_22419,Candida albicans,Negative
7896,dbAMP_16506,Pseudomonas aeruginosa,Negative
7897,dbAMP_20769,Candida albicans,Negative
7898,20937.0,Staphylococcus aureus,Negative
7899,dbAMP_01086,Micrococcus luteus,Negative
7900,dbAMP_04895,Staphylococcus aureus,Negative
7901,dbAMP_19225,Acinetobacter baumannii,Negative
7902,dbAMP_20310,Pseudomonas aeruginosa,Negative
7903,dbAMP_02014,Enterobacter cloacae,Negative
7904,dbAMP_15881,Salmonella enterica,Negative
7905,20360.0,Escherichia coli,Negative
7906,dbAMP_24055,Pseudomonas aeruginosa,Negative
7907,20306.0,Pseudomonas aeruginosa,Negative
7908,dbAMP_02440,Escherichia coli,Negative
7909,dbAMP_16206,Staphylococcus aureus,Negative
7910,dbAMP_34042,Staphylococcus aureus,Negative
7911,dbAMP_23823,Staphylococcus aureus,Negative
7912,dbAMP_27223,Candida albicans,Negative
7913,19148.0,Pseudomonas aeruginosa,Negative
7914,21649.0,Staphylococcus aureus,Negative
7915,dbAMP_14241,Candida albicans,Negative
7916,20045.0,Pseudomonas aeruginosa,Negative
7917,dbAMP_16868,Bacillus cereus,Negative
7918,dbAMP_18728,Salmonella enterica,Negative
7919,19865.0,Enterococcus faecalis,Negative
7920,dbAMP_16613,Staphylococcus aureus,Negative
7921,dbAMP_11860,Candida albicans,Negative
7922,dbAMP_18508,Escherichia coli,Negative
7923,dbAMP_20531,Enterococcus faecalis,Negative
7924,dbAMP_19064,Enterococcus faecalis,Negative
7925,dbAMP_23961,Klebsiella pneumoniae,Negative
7926,dbAMP_19055,Bacillus cereus,Negative
7927,dbAMP_05737,Salmonella enterica,Negative
7928,dbAMP_19067,Enterococcus faecium,Negative
7929,dbAMP_22012,Staphylococcus aureus,Negative
7930,18105.0,Escherichia coli,Negative
7931,22295.0,Pseudomonas aeruginosa,Negative
7932,21116.0,Pseudomonas aeruginosa,Negative
7933,dbAMP_19160,Pseudomonas aeruginosa,Negative
7934,17814.0,Bacillus subtilis,Negative
7935,dbAMP_33338,Staphylococcus aureus,Negative
7936,dbAMP_03401,Escherichia coli,Negative
7937,dbAMP_20278,Staphylococcus aureus,Negative
7938,dbAMP_25275,Staphylococcus aureus,Negative
7939,dbAMP_23506,Salmonella enterica,Negative
7940,dbAMP_27613,Pseudomonas aeruginosa,Negative
7941,dbAMP_23529,Pseudomonas aeruginosa,Negative
7942,dbAMP_34104,Escherichia coli,Negative
7943,dbAMP_04316,Staphylococcus aureus,Negative
7944,dbAMP_32661,Pseudomonas aeruginosa,Negative
7945,dbAMP_11938,Pseudomonas aeruginosa,Negative
7946,dbAMP_23946,Escherichia coli,Negative
7947,dbAMP_19322,Salmonella enterica,Negative
7948,dbAMP_02137,Enterobacter cloacae,Negative
7949,18062.0,Staphylococcus aureus,Negative
7950,dbAMP_23267,Candida albicans,Negative
7951,dbAMP_17568,Staphylococcus aureus,Negative
7952,dbAMP_20103,Staphylococcus epidermidis,Negative
7953,dbAMP_17938,Candida albicans,Negative
7954,dbAMP_03483,Staphylococcus aureus,Negative
7955,dbAMP_22021,Pseudomonas aeruginosa,Negative
7956,dbAMP_11281,Escherichia coli,Negative
7957,dbAMP_04634,Enterococcus faecalis,Negative
7958,dbAMP_23270,Staphylococcus aureus,Negative
7959,dbAMP_16421,Staphylococcus aureus,Negative
7960,dbAMP_00543,Escherichia coli,Negative
7961,dbAMP_23098,Acinetobacter baumannii,Negative
7962,dbAMP_16390,Escherichia coli,Negative
7963,20366.0,Escherichia coli,Negative
7964,dbAMP_33368,Staphylococcus aureus,Negative
7965,dbAMP_24918,Candida albicans,Negative
7966,dbAMP_01908,Escherichia coli,Negative
7967,dbAMP_17533,Pseudomonas aeruginosa,Negative
7968,dbAMP_25107,Candida albicans,Negative
7969,dbAMP_22317,Escherichia coli,Negative
7970,dbAMP_18953,Candida albicans,Negative
7971,dbAMP_19011,Escherichia coli,Negative
7972,dbAMP_18969,Escherichia coli,Negative
7973,dbAMP_10609,Acinetobacter baumannii,Negative
7974,dbAMP_18760,Pseudomonas aeruginosa,Negative
7975,dbAMP_03652,Escherichia coli,Negative
7976,dbAMP_33296,Candida albicans,Negative
7977,dbAMP_24838,Staphylococcus aureus,Negative
7978,dbAMP_21389,Staphylococcus aureus,Negative
7979,dbAMP_33331,Pseudomonas aeruginosa,Negative
7980,dbAMP_34236,Escherichia coli,Negative
7981,dbAMP_20527,Enterococcus faecalis,Negative
7982,dbAMP_16909,Klebsiella pneumoniae,Negative
7983,dbAMP_17333,Pseudomonas aeruginosa,Negative
7984,18158.0,Bacillus subtilis,Negative
7985,dbAMP_18978,Staphylococcus epidermidis,Negative
7986,dbAMP_02958,Enterococcus faecalis,Negative
7987,dbAMP_25038,Staphylococcus aureus,Negative
7988,dbAMP_32032,Micrococcus luteus,Negative
7989,dbAMP_33364,Candida albicans,Negative
7990,dbAMP_21938,Escherichia coli,Negative
7991,dbAMP_25247,Staphylococcus aureus,Negative
7992,dbAMP_00943,Candida albicans,Negative
7993,dbAMP_04284,Staphylococcus aureus,Negative
7994,dbAMP_18885,Salmonella enterica,Negative
7995,dbAMP_19246,Escherichia coli,Negative
7996,dbAMP_17369,Candida parapsilosis,Negative
7997,dbAMP_21057,Cryptococcus neoformans,Negative
7998,dbAMP_22294,Staphylococcus aureus,Negative
7999,dbAMP_20117,Listeria monocytogenes,Negative
8000,dbAMP_19862,Staphylococcus epidermidis,Negative
8001,18643.0,Staphylococcus aureus,Negative
8002,22232.0,Staphylococcus aureus,Negative
8003,dbAMP_10327,Staphylococcus aureus,Negative
8004,dbAMP_21741,Pseudomonas aeruginosa,Negative
8005,20830.0,Escherichia coli,Negative
8006,dbAMP_34262,Escherichia coli,Negative
8007,dbAMP_21008,Pseudomonas aeruginosa,Negative
8008,dbAMP_19065,Bacillus subtilis,Negative
8009,dbAMP_32065,Escherichia coli,Negative
8010,dbAMP_16545,Pseudomonas aeruginosa,Negative
8011,dbAMP_23422,Escherichia coli,Negative
8012,dbAMP_21650,Pseudomonas aeruginosa,Negative
8013,dbAMP_21192,Candida albicans,Negative
8014,dbAMP_34345,Escherichia coli,Negative
8015,dbAMP_03988,Staphylococcus aureus,Negative
8016,dbAMP_01097,Bacillus megaterium,Negative
8017,dbAMP_16917,Enterobacter cloacae,Negative
8018,dbAMP_22227,Bacillus cereus,Negative
8019,dbAMP_16497,Staphylococcus epidermidis,Negative
8020,dbAMP_23972,Candida albicans,Negative
8021,dbAMP_16411,Enterococcus faecalis,Negative
8022,dbAMP_33368,Klebsiella pneumoniae,Negative
8023,21532.0,Staphylococcus aureus,Negative
8024,573.0,Bacillus subtilis,Negative
8025,dbAMP_22380,Escherichia coli,Negative
8026,dbAMP_18153,Klebsiella pneumoniae,Negative
8027,dbAMP_19193,Candida albicans,Negative
8028,dbAMP_28793,Pseudomonas aeruginosa,Negative
8029,22019.0,Pseudomonas aeruginosa,Negative
8030,DRAMP02473,Enterococcus faecium,Negative
8031,dbAMP_17796,Staphylococcus aureus,Negative
8032,20042.0,Enterococcus faecalis,Negative
8033,dbAMP_33356,Pseudomonas aeruginosa,Negative
8034,dbAMP_23217,Staphylococcus aureus,Negative
8035,dbAMP_16756,Enterococcus faecalis,Negative
8036,20498.0,Candida albicans,Negative
8037,dbAMP_20742,Candida parapsilosis,Negative
8038,dbAMP_19750,Staphylococcus aureus,Negative
8039,dbAMP_23130,Staphylococcus epidermidis,Negative
8040,dbAMP_16764,Salmonella enterica,Negative
8041,17771.0,Escherichia coli,Negative
8042,dbAMP_15824,Pseudomonas aeruginosa,Negative
8043,19151.0,Staphylococcus aureus,Negative
8044,dbAMP_20764,Escherichia coli,Negative
8045,dbAMP_23988,Bacillus subtilis,Negative
8046,21951.0,Staphylococcus aureus,Negative
8047,dbAMP_18136,Klebsiella pneumoniae,Negative
8048,20043.0,Acinetobacter baumannii,Negative
8049,dbAMP_21722,Candida albicans,Negative
8050,dbAMP_27159,Escherichia coli,Negative
8051,20081.0,Pseudomonas aeruginosa,Negative
8052,dbAMP_27301,Acinetobacter baumannii,Negative
8053,22291.0,Klebsiella pneumoniae,Negative
8054,dbAMP_25392,Pseudomonas aeruginosa,Negative
8055,20960.0,Pseudomonas aeruginosa,Negative
8056,dbAMP_20421,Escherichia coli,Negative
8057,dbAMP_32996,Pseudomonas aeruginosa,Negative
8058,dbAMP_04358,Candida albicans,Negative
8059,dbAMP_22676,Escherichia coli,Negative
8060,20459.0,Salmonella enterica,Negative
8061,dbAMP_23815,Escherichia coli,Negative
8062,dbAMP_24394,Staphylococcus aureus,Negative
8063,dbAMP_22303,Escherichia coli,Negative
8064,dbAMP_01314,Bacillus cereus,Negative
8065,dbAMP_24115,Staphylococcus aureus,Negative
8066,dbAMP_16390,Pseudomonas aeruginosa,Negative
8067,dbAMP_01975,Candida albicans,Negative
8068,18578.0,Candida albicans,Negative
8069,dbAMP_16711,Pseudomonas aeruginosa,Negative
8070,20059.0,Acinetobacter baumannii,Negative
8071,dbAMP_24142,Enterococcus faecium,Negative
8072,dbAMP_01952,Escherichia coli,Negative
8073,19898.0,Staphylococcus aureus,Negative
8074,dbAMP_33103,Pseudomonas aeruginosa,Negative
8075,dbAMP_11722,Enterobacter cloacae,Negative
8076,dbAMP_33353,Candida albicans,Negative
8077,dbAMP_11688,Enterococcus faecalis,Negative
8078,17814.0,Candida albicans,Negative
8079,9487.0,Staphylococcus aureus,Negative
8080,dbAMP_19010,Candida albicans,Negative
8081,21972.0,Acinetobacter baumannii,Negative
8082,dbAMP_32032,Bacillus subtilis,Negative
8083,dbAMP_01288,Bacillus subtilis,Negative
8084,dbAMP_33311,Candida albicans,Negative
8085,dbAMP_22279,Bacillus cereus,Negative
8086,dbAMP_15945,Pseudomonas aeruginosa,Negative
8087,dbAMP_34226,Escherichia coli,Negative
8088,22006.0,Bacillus cereus,Negative
8089,dbAMP_20874,Salmonella enterica,Negative
8090,dbAMP_20769,Enterococcus faecalis,Negative
8091,dbAMP_18895,Pseudomonas aeruginosa,Negative
8092,dbAMP_20938,Pseudomonas aeruginosa,Negative
8093,19880.0,Staphylococcus aureus,Negative
8094,dbAMP_34098,Bacillus subtilis,Negative
8095,20365.0,Salmonella enterica,Negative
8096,dbAMP_02416,Staphylococcus aureus,Negative
8097,18328.0,Enterobacter cloacae,Negative
8098,dbAMP_24876,Candida albicans,Negative
8099,dbAMP_33274,Pseudomonas aeruginosa,Negative
8100,dbAMP_02241,Pseudomonas aeruginosa,Negative
8101,dbAMP_04714,Escherichia coli,Negative
8102,dbAMP_20928,Pseudomonas aeruginosa,Negative
8103,dbAMP_17521,Enterococcus faecalis,Negative
8104,dbAMP_22521,Escherichia coli,Negative
8105,dbAMP_24624,Escherichia coli,Negative
8106,dbAMP_19702,Pseudomonas aeruginosa,Negative
8107,dbAMP_23608,Klebsiella pneumoniae,Negative
8108,15017.0,Bacillus subtilis,Negative
8109,21704.0,Bacillus subtilis,Negative
8110,dbAMP_32513,Escherichia coli,Negative
8111,dbAMP_16716,Acinetobacter baumannii,Negative
8112,dbAMP_02061,Candida albicans,Negative
8113,dbAMP_22499,Klebsiella pneumoniae,Negative
8114,dbAMP_22365,Bacillus cereus,Negative
8115,dbAMP_11243,Staphylococcus aureus,Negative
8116,dbAMP_27264,Staphylococcus epidermidis,Negative
8117,dbAMP_17225,Bacillus subtilis,Negative
8118,dbAMP_00622,Pseudomonas aeruginosa,Negative
8119,dbAMP_19213,Bacillus subtilis,Negative
8120,dbAMP_15938,Candida albicans,Negative
8121,dbAMP_22031,Pseudomonas aeruginosa,Negative
8122,dbAMP_24500,Escherichia coli,Negative
8123,20854.0,Acinetobacter baumannii,Negative
8124,dbAMP_31532,Klebsiella pneumoniae,Negative
8125,dbAMP_25246,Staphylococcus aureus,Negative
8126,dbAMP_20750,Escherichia coli,Negative
8127,dbAMP_19006,Klebsiella pneumoniae,Negative
8128,21283.0,Acinetobacter baumannii,Negative
8129,21500.0,Candida albicans,Negative
8130,dbAMP_33369,Pseudomonas aeruginosa,Negative
8131,dbAMP_32440,Staphylococcus aureus,Negative
8132,dbAMP_11396,Pseudomonas aeruginosa,Negative
8133,dbAMP_17092,Pseudomonas aeruginosa,Negative
8134,17332.0,Staphylococcus aureus,Negative
8135,dbAMP_20941,Pseudomonas aeruginosa,Negative
8136,dbAMP_21118,Pseudomonas aeruginosa,Negative
8137,dbAMP_01795,Pseudomonas aeruginosa,Negative
8138,dbAMP_27111,Acinetobacter baumannii,Negative
8139,dbAMP_23667,Pseudomonas aeruginosa,Negative
8140,dbAMP_31818,Staphylococcus aureus,Negative
8141,dbAMP_23074,Staphylococcus aureus,Negative
8142,dbAMP_22313,Bacillus cereus,Negative
8143,dbAMP_10716,Klebsiella pneumoniae,Negative
8144,dbAMP_02424,Escherichia coli,Negative
8145,14945.0,Escherichia coli,Negative
8146,dbAMP_18885,Enterococcus faecalis,Negative
8147,dbAMP_02330,Pseudomonas aeruginosa,Negative
8148,dbAMP_24053,Pseudomonas aeruginosa,Negative
8149,dbAMP_22546,Staphylococcus aureus,Negative
8150,dbAMP_21837,Bacillus subtilis,Negative
8151,dbAMP_02027,Escherichia coli,Negative
8152,dbAMP_23694,Klebsiella pneumoniae,Negative
8153,22010.0,Escherichia coli,Negative
8154,dbAMP_19531,Staphylococcus aureus,Negative
8155,dbAMP_18707,Pseudomonas aeruginosa,Negative
8156,20537.0,Pseudomonas aeruginosa,Negative
8157,dbAMP_33963,Cryptococcus neoformans,Negative
8158,dbAMP_23829,Staphylococcus aureus,Negative
8159,20493.0,Enterococcus faecalis,Negative
8160,dbAMP_19532,Staphylococcus aureus,Negative
8161,17977.0,Staphylococcus aureus,Negative
8162,dbAMP_21170,Pseudomonas aeruginosa,Negative
8163,dbAMP_27845,Pseudomonas aeruginosa,Negative
8164,20372.0,Escherichia coli,Negative
8165,dbAMP_16505,Candida albicans,Negative
8166,dbAMP_22834,Escherichia coli,Negative
8167,21657.0,Staphylococcus aureus,Negative
8168,dbAMP_21661,Escherichia coli,Negative
8169,dbAMP_04976,Micrococcus luteus,Negative
8170,dbAMP_19850,Pseudomonas aeruginosa,Negative
8171,dbAMP_17061,Enterococcus faecalis,Negative
8172,18055.0,Staphylococcus aureus,Negative
8173,dbAMP_03122,Candida albicans,Negative
8174,18845.0,Escherichia coli,Negative
8175,dbAMP_16331,Staphylococcus epidermidis,Negative
8176,dbAMP_21229,Candida albicans,Negative
8177,5243.0,Enterococcus faecium,Negative
8178,dbAMP_23975,Escherichia coli,Negative
8179,dbAMP_18095,Pseudomonas aeruginosa,Negative
8180,19989.0,Staphylococcus aureus,Negative
8181,dbAMP_18508,Staphylococcus epidermidis,Negative
8182,dbAMP_33019,Acinetobacter baumannii,Negative
8183,dbAMP_18112,Escherichia coli,Negative
8184,dbAMP_34262,Staphylococcus aureus,Negative
8185,dbAMP_21429,Staphylococcus aureus,Negative
8186,dbAMP_24599,Escherichia coli,Negative
8187,18606.0,Escherichia coli,Negative
8188,20961.0,Pseudomonas aeruginosa,Negative
8189,dbAMP_04208,Klebsiella pneumoniae,Negative
8190,dbAMP_16098,Enterococcus faecalis,Negative
8191,dbAMP_16006,Staphylococcus aureus,Negative
8192,dbAMP_05104,Escherichia coli,Negative
8193,18855.0,Pseudomonas aeruginosa,Negative
8194,dbAMP_02251,Pseudomonas aeruginosa,Negative
8195,dbAMP_17767,Staphylococcus aureus,Negative
8196,dbAMP_21290,Staphylococcus aureus,Negative
8197,dbAMP_23587,Micrococcus luteus,Negative
8198,22365.0,Candida albicans,Negative
8199,dbAMP_20420,Klebsiella pneumoniae,Negative
8200,dbAMP_24354,Escherichia coli,Negative
8201,dbAMP_16065,Listeria monocytogenes,Negative
8202,dbAMP_11052,Staphylococcus aureus,Negative
8203,dbAMP_18583,Escherichia coli,Negative
8204,dbAMP_21655,Micrococcus luteus,Negative
8205,dbAMP_34268,Escherichia coli,Negative
8206,dbAMP_09934,Bacillus subtilis,Negative
8207,dbAMP_18080,Listeria monocytogenes,Negative
8208,dbAMP_27510,Escherichia coli,Negative
8209,dbAMP_16346,Bacillus subtilis,Negative
8210,dbAMP_23971,Cryptococcus neoformans,Negative
8211,dbAMP_31636,Acinetobacter baumannii,Negative
8212,dbAMP_32333,Escherichia coli,Negative
8213,dbAMP_23639,Klebsiella pneumoniae,Negative
8214,dbAMP_11055,Enterococcus faecalis,Negative
8215,dbAMP_16614,Salmonella enterica,Negative
8216,dbAMP_21391,Staphylococcus aureus,Negative
8217,dbAMP_31875,Staphylococcus aureus,Negative
8218,dbAMP_14802,Salmonella enterica,Negative
8219,dbAMP_21657,Micrococcus luteus,Negative
8220,dbAMP_21168,Pseudomonas aeruginosa,Negative
8221,dbAMP_22462,Pseudomonas aeruginosa,Negative
8222,dbAMP_22980,Salmonella enterica,Negative
8223,dbAMP_14918,Bacillus subtilis,Negative
8224,dbAMP_27615,Pseudomonas aeruginosa,Negative
8225,dbAMP_33618,Candida albicans,Negative
8226,20165.0,Candida albicans,Negative
8227,dbAMP_03825,Staphylococcus aureus,Negative
8228,dbAMP_23960,Enterococcus faecalis,Negative
8229,dbAMP_22506,Bacillus subtilis,Negative
8230,dbAMP_21938,Staphylococcus aureus,Negative
8231,19255.0,Pseudomonas aeruginosa,Negative
8232,dbAMP_24242,Escherichia coli,Negative
8233,dbAMP_06098,Escherichia coli,Negative
8234,dbAMP_17975,Acinetobacter baumannii,Negative
8235,dbAMP_18545,Pseudomonas aeruginosa,Negative
8236,dbAMP_01469,Bacillus subtilis,Negative
8237,dbAMP_34290,Staphylococcus aureus,Negative
8238,dbAMP_21156,Staphylococcus aureus,Negative
8239,dbAMP_11790,Candida albicans,Negative
8240,dbAMP_18873,Escherichia coli,Negative
8241,dbAMP_22301,Bacillus cereus,Negative
8242,dbAMP_16614,Escherichia coli,Negative
8243,20367.0,Escherichia coli,Negative
8244,21654.0,Acinetobacter baumannii,Negative
8245,dbAMP_16033,Staphylococcus aureus,Negative
8246,dbAMP_21055,Staphylococcus aureus,Negative
8247,dbAMP_25036,Escherichia coli,Negative
8248,dbAMP_16080,Salmonella enterica,Negative
8249,dbAMP_21490,Salmonella enterica,Negative
8250,dbAMP_34003,Escherichia coli,Negative
8251,dbAMP_33631,Escherichia coli,Negative
8252,dbAMP_24358,Escherichia coli,Negative
8253,dbAMP_25242,Candida albicans,Negative
8254,dbAMP_20873,Salmonella enterica,Negative
8255,dbAMP_20651,Escherichia coli,Negative
8256,dbAMP_18749,Staphylococcus epidermidis,Negative
8257,dbAMP_32930,Bacillus subtilis,Negative
8258,dbAMP_23506,Micrococcus luteus,Negative
8259,dbAMP_24543,Staphylococcus aureus,Negative
8260,dbAMP_16134,Bacillus cereus,Negative
8261,dbAMP_19569,Candida albicans,Negative
8262,dbAMP_18982,Staphylococcus aureus,Negative
8263,dbAMP_33114,Klebsiella pneumoniae,Negative
8264,dbAMP_23283,Enterococcus faecalis,Negative
8265,dbAMP_31689,Bacillus cereus,Negative
8266,dbAMP_01728,Enterobacter cloacae,Negative
8267,22381.0,Pseudomonas aeruginosa,Negative
8268,dbAMP_18964,Escherichia coli,Negative
8269,dbAMP_19356,Klebsiella pneumoniae,Negative
8270,dbAMP_03853,Enterococcus faecalis,Negative
8271,dbAMP_16744,Candida albicans,Negative
8272,dbAMP_31807,Klebsiella pneumoniae,Negative
8273,dbAMP_21600,Escherichia coli,Negative
8274,19120.0,Pseudomonas aeruginosa,Negative
8275,dbAMP_34370,Escherichia coli,Negative
8276,dbAMP_21360,Pseudomonas aeruginosa,Negative
8277,dbAMP_25420,Escherichia coli,Negative
8278,18603.0,Micrococcus luteus,Negative
8279,dbAMP_03283,Staphylococcus epidermidis,Negative
8280,18758.0,Klebsiella pneumoniae,Negative
8281,dbAMP_10641,Pseudomonas aeruginosa,Negative
8282,22270.0,Micrococcus luteus,Negative
8283,6197.0,Enterococcus faecium,Negative
8284,19303.0,Candida parapsilosis,Negative
8285,dbAMP_17937,Candida albicans,Negative
8286,20357.0,Escherichia coli,Negative
8287,dbAMP_31186,Pseudomonas aeruginosa,Negative
8288,dbAMP_34274,Staphylococcus aureus,Negative
8289,dbAMP_15768,Pseudomonas aeruginosa,Negative
8290,9307.0,Escherichia coli,Negative
8291,dbAMP_24369,Escherichia coli,Negative
8292,dbAMP_15876,Candida albicans,Negative
8293,dbAMP_19126,Escherichia coli,Negative
8294,dbAMP_24493,Escherichia coli,Negative
8295,dbAMP_02178,Escherichia coli,Negative
8296,dbAMP_24639,Bacillus subtilis,Negative
8297,dbAMP_24837,Micrococcus luteus,Negative
8298,dbAMP_19581,Acinetobacter baumannii,Negative
8299,dbAMP_21167,Klebsiella pneumoniae,Negative
8300,dbAMP_19084,Bacillus subtilis,Negative
8301,dbAMP_18508,Pseudomonas aeruginosa,Negative
8302,dbAMP_25392,Staphylococcus aureus,Negative
8303,19835.0,Klebsiella pneumoniae,Negative
8304,dbAMP_23813,Staphylococcus aureus,Negative
8305,dbAMP_33686,Escherichia coli,Negative
8306,dbAMP_33231,Pseudomonas aeruginosa,Negative
8307,dbAMP_03402,Staphylococcus aureus,Negative
8308,dbAMP_10910,Pseudomonas aeruginosa,Negative
8309,dbAMP_34317,Escherichia coli,Negative
8310,dbAMP_20435,Pseudomonas aeruginosa,Negative
8311,dbAMP_21147,Klebsiella pneumoniae,Negative
8312,dbAMP_02171,Salmonella enterica,Negative
8313,dbAMP_24355,Klebsiella pneumoniae,Negative
8314,22322.0,Staphylococcus epidermidis,Negative
8315,dbAMP_12360,Candida albicans,Negative
8316,dbAMP_16251,Pseudomonas aeruginosa,Negative
8317,dbAMP_02407,Candida albicans,Negative
8318,dbAMP_19581,Staphylococcus aureus,Negative
8319,DRAMP03882,Escherichia coli,Negative
8320,dbAMP_18079,Escherichia coli,Negative
8321,dbAMP_09904,Candida parapsilosis,Negative
8322,20179.0,Klebsiella pneumoniae,Negative
8323,dbAMP_22420,Candida albicans,Negative
8324,dbAMP_21485,Escherichia coli,Negative
8325,21202.0,Staphylococcus aureus,Negative
8326,dbAMP_31783,Staphylococcus aureus,Negative
8327,dbAMP_21427,Staphylococcus aureus,Negative
8328,dbAMP_03890,Pseudomonas aeruginosa,Negative
8329,dbAMP_33589,Pseudomonas aeruginosa,Negative
8330,dbAMP_09995,Salmonella enterica,Negative
8331,dbAMP_20861,Staphylococcus epidermidis,Negative
8332,dbAMP_20491,Micrococcus luteus,Negative
8333,dbAMP_19121,Escherichia coli,Negative
8334,dbAMP_19706,Escherichia coli,Negative
8335,dbAMP_20333,Staphylococcus aureus,Negative
8336,dbAMP_02402,Enterobacter cloacae,Negative
8337,dbAMP_25103,Escherichia coli,Negative
8338,dbAMP_17618,Klebsiella pneumoniae,Negative
8339,dbAMP_02437,Escherichia coli,Negative
8340,dbAMP_16079,Staphylococcus epidermidis,Negative
8341,18204.0,Escherichia coli,Negative
8342,dbAMP_20403,Pseudomonas aeruginosa,Negative
8343,dbAMP_21741,Escherichia coli,Negative
8344,dbAMP_31801,Klebsiella pneumoniae,Negative
8345,dbAMP_19084,Escherichia coli,Negative
8346,dbAMP_00877,Salmonella enterica,Negative
8347,dbAMP_14804,Micrococcus luteus,Negative
8348,dbAMP_23577,Klebsiella pneumoniae,Negative
8349,dbAMP_23554,Staphylococcus aureus,Negative
8350,21743.0,Staphylococcus aureus,Negative
8351,dbAMP_22669,Klebsiella pneumoniae,Negative
8352,dbAMP_24642,Escherichia coli,Negative
8353,17881.0,Escherichia coli,Negative
8354,19580.0,Staphylococcus aureus,Negative
8355,dbAMP_02340,Micrococcus luteus,Negative
8356,dbAMP_25279,Pseudomonas aeruginosa,Negative
8357,dbAMP_20768,Escherichia coli,Negative
8358,dbAMP_33165,Staphylococcus aureus,Negative
8359,dbAMP_21250,Escherichia coli,Negative
8360,dbAMP_04014,Staphylococcus aureus,Negative
8361,dbAMP_32288,Staphylococcus aureus,Negative
8362,dbAMP_03504,Staphylococcus aureus,Negative
8363,dbAMP_11136,Klebsiella pneumoniae,Negative
8364,dbAMP_17727,Pseudomonas aeruginosa,Negative
8365,20363.0,Staphylococcus aureus,Negative
8366,dbAMP_17372,Candida albicans,Negative
8367,dbAMP_21657,Escherichia coli,Negative
8368,dbAMP_33949,Escherichia coli,Negative
8369,dbAMP_10546,Klebsiella pneumoniae,Negative
8370,dbAMP_00470,Escherichia coli,Negative
8371,dbAMP_02498,Staphylococcus epidermidis,Negative
8372,20595.0,Staphylococcus aureus,Negative
8373,dbAMP_12829,Klebsiella pneumoniae,Negative
8374,dbAMP_18672,Pseudomonas aeruginosa,Negative
8375,17514.0,Enterococcus faecium,Negative
8376,18622.0,Klebsiella pneumoniae,Negative
8377,dbAMP_32913,Escherichia coli,Negative
8378,21643.0,Acinetobacter baumannii,Negative
8379,dbAMP_21367,Pseudomonas aeruginosa,Negative
8380,dbAMP_15933,Pseudomonas aeruginosa,Negative
8381,dbAMP_22377,Bacillus cereus,Negative
8382,dbAMP_19317,Staphylococcus aureus,Negative
8383,dbAMP_12013,Candida albicans,Negative
8384,20597.0,Staphylococcus aureus,Negative
8385,dbAMP_03912,Staphylococcus aureus,Negative
8386,dbAMP_11058,Micrococcus luteus,Negative
8387,dbAMP_27226,Staphylococcus aureus,Negative
8388,dbAMP_33114,Bacillus cereus,Negative
8389,dbAMP_32280,Salmonella enterica,Negative
8390,19302.0,Candida parapsilosis,Negative
8391,dbAMP_03065,Candida albicans,Negative
8392,dbAMP_17048,Escherichia coli,Negative
8393,dbAMP_05896,Staphylococcus aureus,Negative
8394,22020.0,Staphylococcus epidermidis,Negative
8395,18124.0,Staphylococcus aureus,Negative
8396,18041.0,Staphylococcus aureus,Negative
8397,dbAMP_23538,Micrococcus luteus,Negative
8398,dbAMP_22085,Pseudomonas aeruginosa,Negative
8399,dbAMP_02672,Escherichia coli,Negative
8400,dbAMP_10757,Escherichia coli,Negative
8401,dbAMP_14899,Escherichia coli,Negative
8402,dbAMP_21899,Candida albicans,Negative
8403,dbAMP_16773,Salmonella enterica,Negative
8404,dbAMP_22985,Staphylococcus aureus,Negative
8405,dbAMP_33313,Pseudomonas aeruginosa,Negative
8406,dbAMP_18244,Escherichia coli,Negative
8407,dbAMP_20656,Escherichia coli,Negative
8408,dbAMP_22180,Bacillus subtilis,Negative
8409,dbAMP_17667,Candida albicans,Negative
8410,dbAMP_21663,Salmonella enterica,Negative
8411,dbAMP_02292,Escherichia coli,Negative
8412,dbAMP_03136,Escherichia coli,Negative
8413,dbAMP_21488,Staphylococcus aureus,Negative
8414,dbAMP_23669,Bacillus subtilis,Negative
8415,DRAMP03888,Staphylococcus aureus,Negative
8416,dbAMP_02053,Candida albicans,Negative
8417,20577.0,Klebsiella pneumoniae,Negative
8418,dbAMP_21659,Escherichia coli,Negative
8419,dbAMP_32117,Staphylococcus aureus,Negative
8420,dbAMP_16973,Pseudomonas aeruginosa,Negative
8421,dbAMP_16423,Pseudomonas aeruginosa,Negative
8422,21509.0,Staphylococcus aureus,Negative
8423,dbAMP_11812,Escherichia coli,Negative
8424,dbAMP_16136,Escherichia coli,Negative
8425,dbAMP_00399,Escherichia coli,Negative
8426,dbAMP_02910,Candida albicans,Negative
8427,dbAMP_20725,Staphylococcus epidermidis,Negative
8428,DRAMP03874,Escherichia coli,Negative
8429,dbAMP_33797,Pseudomonas aeruginosa,Negative
8430,dbAMP_27121,Pseudomonas aeruginosa,Negative
8431,18111.0,Bacillus cereus,Negative
8432,dbAMP_32027,Micrococcus luteus,Negative
8433,dbAMP_22357,Bacillus cereus,Negative
8434,dbAMP_33371,Escherichia coli,Negative
8435,dbAMP_03905,Bacillus megaterium,Negative
8436,dbAMP_20660,Enterococcus faecium,Negative
8437,dbAMP_22616,Staphylococcus aureus,Negative
8438,dbAMP_16789,Staphylococcus aureus,Negative
8439,6197.0,Klebsiella pneumoniae,Negative
8440,dbAMP_18659,Candida albicans,Negative
8441,dbAMP_02712,Escherichia coli,Negative
8442,19076.0,Pseudomonas aeruginosa,Negative
8443,dbAMP_33270,Staphylococcus aureus,Negative
8444,dbAMP_04821,Staphylococcus epidermidis,Negative
8445,22364.0,Enterococcus faecium,Negative
8446,dbAMP_03696,Enterococcus faecalis,Negative
8447,3241.0,Candida albicans,Negative
8448,dbAMP_33590,Escherichia coli,Negative
8449,dbAMP_03824,Candida albicans,Negative
8450,dbAMP_25429,Staphylococcus aureus,Negative
8451,18114.0,Staphylococcus aureus,Negative
8452,19850.0,Staphylococcus aureus,Negative
8453,dbAMP_27264,Escherichia coli,Negative
8454,dbAMP_05284,Escherichia coli,Negative
8455,dbAMP_24356,Escherichia coli,Negative
8456,dbAMP_20571,Staphylococcus epidermidis,Negative
8457,19552.0,Staphylococcus epidermidis,Negative
8458,dbAMP_24291,Enterobacter cloacae,Negative
8459,dbAMP_01953,Candida albicans,Negative
8460,dbAMP_33309,Pseudomonas aeruginosa,Negative
8461,dbAMP_21748,Pseudomonas aeruginosa,Negative
8462,dbAMP_22422,Candida albicans,Negative
8463,dbAMP_02162,Candida albicans,Negative
8464,dbAMP_16958,Escherichia coli,Negative
8465,9450.0,Acinetobacter baumannii,Negative
8466,dbAMP_17915,Escherichia coli,Negative
8467,dbAMP_01554,Listeria monocytogenes,Negative
8468,dbAMP_21755,Staphylococcus aureus,Negative
8469,21193.0,Escherichia coli,Negative
8470,18584.0,Candida parapsilosis,Negative
8471,21253.0,Enterococcus faecalis,Negative
8472,22293.0,Klebsiella pneumoniae,Negative
8473,dbAMP_33355,Candida albicans,Negative
8474,dbAMP_19162,Pseudomonas aeruginosa,Negative
8475,19638.0,Staphylococcus aureus,Negative
8476,dbAMP_10904,Candida albicans,Negative
8477,DRAMP03894,Staphylococcus aureus,Negative
8478,20214.0,Pseudomonas aeruginosa,Negative
8479,dbAMP_18545,Enterococcus faecalis,Negative
8480,dbAMP_14848,Staphylococcus epidermidis,Negative
8481,17796.0,Bacillus subtilis,Negative
8482,19137.0,Pseudomonas aeruginosa,Negative
8483,dbAMP_19355,Staphylococcus aureus,Negative
8484,dbAMP_21140,Klebsiella pneumoniae,Negative
8485,dbAMP_03464,Pseudomonas aeruginosa,Negative
8486,dbAMP_32928,Acinetobacter baumannii,Negative
8487,17506.0,Acinetobacter baumannii,Negative
8488,dbAMP_34274,Escherichia coli,Negative
8489,dbAMP_06009,Staphylococcus aureus,Negative
8490,3224.0,Bacillus subtilis,Negative
8491,dbAMP_17729,Candida albicans,Negative
8492,dbAMP_27395,Staphylococcus epidermidis,Negative
8493,9317.0,Escherichia coli,Negative
8494,dbAMP_14881,Pseudomonas aeruginosa,Negative
8495,20041.0,Escherichia coli,Negative
8496,dbAMP_02178,Pseudomonas aeruginosa,Negative
8497,dbAMP_00881,Acinetobacter baumannii,Negative
8498,dbAMP_03525,Candida albicans,Negative
8499,dbAMP_33258,Candida albicans,Negative
8500,dbAMP_24842,Staphylococcus aureus,Negative
8501,18041.0,Staphylococcus epidermidis,Negative
8502,dbAMP_02952,Staphylococcus aureus,Negative
8503,dbAMP_20702,Staphylococcus aureus,Negative
8504,dbAMP_18237,Pseudomonas aeruginosa,Negative
8505,dbAMP_25109,Escherichia coli,Negative
8506,dbAMP_31879,Pseudomonas aeruginosa,Negative
8507,dbAMP_04317,Staphylococcus aureus,Negative
8508,DRAMP21258,Staphylococcus aureus,Negative
8509,dbAMP_20874,Staphylococcus aureus,Negative
8510,dbAMP_05647,Staphylococcus aureus,Negative
8511,dbAMP_02058,Escherichia coli,Negative
8512,dbAMP_16767,Pseudomonas aeruginosa,Negative
8513,17501.0,Staphylococcus aureus,Negative
8514,dbAMP_09918,Staphylococcus aureus,Negative
8515,dbAMP_16042,Salmonella enterica,Negative
8516,dbAMP_20429,Pseudomonas aeruginosa,Negative
8517,dbAMP_33250,Candida albicans,Negative
8518,dbAMP_27812,Salmonella enterica,Negative
8519,dbAMP_19722,Acinetobacter baumannii,Negative
8520,dbAMP_23969,Bacillus subtilis,Negative
8521,dbAMP_31879,Escherichia coli,Negative
8522,DRAMP01969,Escherichia coli,Negative
8523,dbAMP_16201,Staphylococcus aureus,Negative
8524,20813.0,Listeria monocytogenes,Negative
8525,dbAMP_31998,Escherichia coli,Negative
8526,dbAMP_17335,Staphylococcus aureus,Negative
8527,dbAMP_21306,Staphylococcus aureus,Negative
8528,dbAMP_22461,Escherichia coli,Negative
8529,dbAMP_21391,Escherichia coli,Negative
8530,dbAMP_05282,Staphylococcus aureus,Negative
8531,dbAMP_17593,Staphylococcus aureus,Negative
8532,dbAMP_03286,Escherichia coli,Negative
8533,17524.0,Klebsiella pneumoniae,Negative
8534,dbAMP_16042,Staphylococcus epidermidis,Negative
8535,dbAMP_22310,Bacillus cereus,Negative
8536,19478.0,Pseudomonas aeruginosa,Negative
8537,dbAMP_23819,Klebsiella pneumoniae,Negative
8538,dbAMP_02199,Staphylococcus aureus,Negative
8539,21411.0,Escherichia coli,Negative
8540,dbAMP_22338,Escherichia coli,Negative
8541,dbAMP_34217,Escherichia coli,Negative
8542,dbAMP_18054,Candida parapsilosis,Negative
8543,dbAMP_20742,Staphylococcus aureus,Negative
8544,dbAMP_16423,Enterococcus faecalis,Negative
8545,dbAMP_04759,Escherichia coli,Negative
8546,dbAMP_24562,Escherichia coli,Negative
8547,dbAMP_18228,Salmonella enterica,Negative
8548,dbAMP_16881,Staphylococcus aureus,Negative
8549,dbAMP_19225,Staphylococcus aureus,Negative
8550,dbAMP_33339,Candida albicans,Negative
8551,dbAMP_19126,Pseudomonas aeruginosa,Negative
8552,18623.0,Staphylococcus aureus,Negative
8553,dbAMP_20131,Staphylococcus epidermidis,Negative
8554,dbAMP_19259,Enterococcus faecalis,Negative
8555,DRAMP03873,Staphylococcus aureus,Negative
8556,dbAMP_18048,Klebsiella pneumoniae,Negative
8557,21200.0,Staphylococcus aureus,Negative
8558,dbAMP_01883,Escherichia coli,Negative
8559,dbAMP_27215,Staphylococcus aureus,Negative
8560,dbAMP_16977,Enterobacter cloacae,Negative
8561,dbAMP_03211,Escherichia coli,Negative
8562,dbAMP_21234,Staphylococcus aureus,Negative
8563,dbAMP_16250,Enterobacter cloacae,Negative
8564,dbAMP_19862,Staphylococcus aureus,Negative
8565,dbAMP_21186,Pseudomonas aeruginosa,Negative
8566,21927.0,Acinetobacter baumannii,Negative
8567,dbAMP_16509,Bacillus subtilis,Negative
8568,dbAMP_24291,Bacillus cereus,Negative
8569,dbAMP_21994,Escherichia coli,Negative
8570,19147.0,Acinetobacter baumannii,Negative
8571,dbAMP_18942,Pseudomonas aeruginosa,Negative
8572,dbAMP_18980,Staphylococcus aureus,Negative
8573,dbAMP_05193,Candida albicans,Negative
8574,dbAMP_21146,Staphylococcus aureus,Negative
8575,18113.0,Listeria monocytogenes,Negative
8576,dbAMP_20741,Enterococcus faecalis,Negative
8577,dbAMP_04325,Staphylococcus aureus,Negative
8578,dbAMP_03807,Staphylococcus epidermidis,Negative
8579,dbAMP_16682,Escherichia coli,Negative
8580,18125.0,Staphylococcus aureus,Negative
8581,dbAMP_34275,Escherichia coli,Negative
8582,16988.0,Candida albicans,Negative
8583,21715.0,Pseudomonas aeruginosa,Negative
8584,20076.0,Pseudomonas aeruginosa,Negative
8585,dbAMP_22238,Bacillus cereus,Negative
8586,dbAMP_16391,Acinetobacter baumannii,Negative
8587,dbAMP_22782,Escherichia coli,Negative
8588,dbAMP_17093,Pseudomonas aeruginosa,Negative
8589,dbAMP_20768,Pseudomonas aeruginosa,Negative
8590,dbAMP_20399,Staphylococcus aureus,Negative
8591,dbAMP_31962,Listeria monocytogenes,Negative
8592,dbAMP_03809,Enterobacter cloacae,Negative
8593,dbAMP_04842,Pseudomonas aeruginosa,Negative
8594,dbAMP_22354,Bacillus cereus,Negative
8595,dbAMP_22350,Bacillus cereus,Negative
8596,dbAMP_20381,Pseudomonas aeruginosa,Negative
8597,17980.0,Staphylococcus aureus,Negative
8598,dbAMP_11924,Pseudomonas aeruginosa,Negative
8599,dbAMP_27110,Pseudomonas aeruginosa,Negative
8600,dbAMP_04114,Micrococcus luteus,Negative
8601,22381.0,Candida albicans,Negative
8602,dbAMP_18099,Salmonella enterica,Negative
8603,19288.0,Staphylococcus aureus,Negative
8604,dbAMP_03119,Candida albicans,Negative
8605,dbAMP_25046,Staphylococcus aureus,Negative
8606,dbAMP_19332,Escherichia coli,Negative
8607,21722.0,Staphylococcus epidermidis,Negative
8608,17504.0,Acinetobacter baumannii,Negative
8609,21656.0,Staphylococcus aureus,Negative
8610,18114.0,Salmonella enterica,Negative
8611,dbAMP_04635,Bacillus subtilis,Negative
8612,dbAMP_02858,Enterobacter cloacae,Negative
8613,21133.0,Staphylococcus aureus,Negative
8614,dbAMP_22984,Staphylococcus aureus,Negative
8615,dbAMP_34404,Candida albicans,Negative
8616,dbAMP_20384,Pseudomonas aeruginosa,Negative
8617,22159.0,Klebsiella pneumoniae,Negative
8618,dbAMP_03349,Escherichia coli,Negative
8619,dbAMP_02012,Pseudomonas aeruginosa,Negative
8620,dbAMP_14804,Staphylococcus epidermidis,Negative
8621,dbAMP_34245,Escherichia coli,Negative
8622,dbAMP_04002,Staphylococcus aureus,Negative
8623,dbAMP_19267,Escherichia coli,Negative
8624,dbAMP_34288,Staphylococcus aureus,Negative
8625,dbAMP_34313,Escherichia coli,Negative
8626,dbAMP_02672,Candida albicans,Negative
8627,dbAMP_20863,Salmonella enterica,Negative
8628,dbAMP_18089,Pseudomonas aeruginosa,Negative
8629,dbAMP_21654,Pseudomonas aeruginosa,Negative
8630,2854.0,Candida albicans,Negative
8631,19518.0,Salmonella enterica,Negative
8632,dbAMP_10300,Klebsiella pneumoniae,Negative
8633,22020.0,Staphylococcus aureus,Negative
8634,20078.0,Klebsiella pneumoniae,Negative
8635,dbAMP_21779,Pseudomonas aeruginosa,Negative
8636,dbAMP_03719,Escherichia coli,Negative
8637,20391.0,Salmonella enterica,Negative
8638,dbAMP_05209,Escherichia coli,Negative
8639,dbAMP_20471,Bacillus subtilis,Negative
8640,dbAMP_11020,Enterobacter cloacae,Negative
8641,dbAMP_10721,Pseudomonas aeruginosa,Negative
8642,dbAMP_18112,Bacillus cereus,Negative
8643,dbAMP_04658,Candida albicans,Negative
8644,dbAMP_24057,Klebsiella pneumoniae,Negative
8645,18623.0,Escherichia coli,Negative
8646,dbAMP_33030,Klebsiella pneumoniae,Negative
8647,dbAMP_20332,Pseudomonas aeruginosa,Negative
8648,dbAMP_20571,Staphylococcus aureus,Negative
8649,dbAMP_16255,Staphylococcus aureus,Negative
8650,dbAMP_17539,Staphylococcus aureus,Negative
8651,dbAMP_22449,Pseudomonas aeruginosa,Negative
8652,dbAMP_11541,Listeria monocytogenes,Negative
8653,dbAMP_31652,Pseudomonas aeruginosa,Negative
8654,dbAMP_19025,Klebsiella pneumoniae,Negative
8655,dbAMP_22075,Pseudomonas aeruginosa,Negative
8656,dbAMP_17391,Staphylococcus aureus,Negative
8657,dbAMP_22287,Bacillus cereus,Negative
8658,dbAMP_18030,Staphylococcus aureus,Negative
8659,18111.0,Escherichia coli,Negative
8660,dbAMP_23686,Escherichia coli,Negative
8661,dbAMP_04755,Staphylococcus aureus,Negative
8662,dbAMP_27263,Escherichia coli,Negative
8663,dbAMP_04704,Bacillus cereus,Negative
8664,dbAMP_05448,Micrococcus luteus,Negative
8665,dbAMP_21039,Staphylococcus aureus,Negative
8666,22291.0,Salmonella enterica,Negative
8667,dbAMP_19025,Escherichia coli,Negative
8668,dbAMP_25313,Escherichia coli,Negative
8669,dbAMP_03401,Pseudomonas aeruginosa,Negative
8670,dbAMP_32604,Pseudomonas aeruginosa,Negative
8671,20502.0,Enterobacter cloacae,Negative
8672,dbAMP_03533,Enterococcus faecalis,Negative
8673,11025.0,Pseudomonas aeruginosa,Negative
8674,dbAMP_33181,Candida albicans,Negative
8675,DRAMP01776,Escherichia coli,Negative
8676,dbAMP_21899,Salmonella enterica,Negative
8677,dbAMP_19370,Escherichia coli,Negative
8678,18156.0,Enterococcus faecalis,Negative
8679,dbAMP_33112,Klebsiella pneumoniae,Negative
8680,dbAMP_17814,Escherichia coli,Negative
8681,dbAMP_03967,Salmonella enterica,Negative
8682,19845.0,Staphylococcus aureus,Negative
8683,dbAMP_14722,Enterococcus faecalis,Negative
8684,dbAMP_22846,Pseudomonas aeruginosa,Negative
8685,dbAMP_18748,Escherichia coli,Negative
8686,17252.0,Staphylococcus aureus,Negative
8687,dbAMP_24489,Enterococcus faecalis,Negative
8688,dbAMP_11026,Pseudomonas aeruginosa,Negative
8689,dbAMP_18953,Klebsiella pneumoniae,Negative
8690,20641.0,Bacillus subtilis,Negative
8691,dbAMP_17323,Escherichia coli,Negative
8692,dbAMP_27255,Staphylococcus epidermidis,Negative
8693,dbAMP_32060,Bacillus subtilis,Negative
8694,21195.0,Staphylococcus aureus,Negative
8695,dbAMP_18667,Staphylococcus aureus,Negative
8696,15570.0,Staphylococcus epidermidis,Negative
8697,dbAMP_28836,Klebsiella pneumoniae,Negative
8698,dbAMP_03533,Staphylococcus aureus,Negative
8699,20075.0,Enterococcus faecalis,Negative
8700,dbAMP_33303,Pseudomonas aeruginosa,Negative
8701,dbAMP_19870,Enterococcus faecalis,Negative
8702,dbAMP_05281,Candida albicans,Negative
8703,dbAMP_16733,Staphylococcus aureus,Negative
8704,dbAMP_33223,Candida albicans,Negative
8705,21248.0,Bacillus subtilis,Negative
8706,dbAMP_01643,Candida albicans,Negative
8707,dbAMP_23903,Pseudomonas aeruginosa,Negative
8708,19906.0,Acinetobacter baumannii,Negative
8709,dbAMP_02005,Staphylococcus aureus,Negative
8710,dbAMP_17766,Klebsiella pneumoniae,Negative
8711,18790.0,Klebsiella pneumoniae,Negative
8712,dbAMP_16869,Escherichia coli,Negative
8713,dbAMP_31134,Pseudomonas aeruginosa,Negative
8714,dbAMP_24037,Enterobacter cloacae,Negative
8715,dbAMP_19316,Staphylococcus aureus,Negative
8716,20956.0,Pseudomonas aeruginosa,Negative
8717,dbAMP_24760,Escherichia coli,Negative
8718,dbAMP_23787,Escherichia coli,Negative
8719,dbAMP_33677,Acinetobacter baumannii,Negative
8720,dbAMP_27242,Acinetobacter baumannii,Negative
8721,dbAMP_00249,Enterococcus faecalis,Negative
8722,dbAMP_03463,Staphylococcus epidermidis,Negative
8723,dbAMP_23115,Escherichia coli,Negative
8724,dbAMP_04847,Staphylococcus aureus,Negative
8725,dbAMP_11055,Staphylococcus aureus,Negative
8726,dbAMP_24900,Staphylococcus aureus,Negative
8727,dbAMP_33590,Bacillus cereus,Negative
8728,dbAMP_20703,Pseudomonas aeruginosa,Negative
8729,dbAMP_18912,Acinetobacter baumannii,Negative
8730,dbAMP_16870,Staphylococcus aureus,Negative
8731,dbAMP_22081,Staphylococcus aureus,Negative
8732,dbAMP_03185,Staphylococcus aureus,Negative
8733,20503.0,Staphylococcus aureus,Negative
8734,dbAMP_22881,Pseudomonas aeruginosa,Negative
8735,dbAMP_19805,Staphylococcus aureus,Negative
8736,dbAMP_05723,Salmonella enterica,Negative
8737,dbAMP_25389,Klebsiella pneumoniae,Negative
8738,21916.0,Staphylococcus epidermidis,Negative
8739,dbAMP_23039,Bacillus subtilis,Negative
8740,dbAMP_23587,Escherichia coli,Negative
8741,dbAMP_23817,Pseudomonas aeruginosa,Negative
8742,dbAMP_33679,Pseudomonas aeruginosa,Negative
8743,dbAMP_16173,Bacillus subtilis,Negative
8744,dbAMP_06098,Klebsiella pneumoniae,Negative
8745,dbAMP_05848,Escherichia coli,Negative
8746,dbAMP_11688,Bacillus megaterium,Negative
8747,22362.0,Klebsiella pneumoniae,Negative
8748,dbAMP_22181,Bacillus subtilis,Negative
8749,dbAMP_00886,Staphylococcus aureus,Negative
8750,dbAMP_16250,Bacillus megaterium,Negative
8751,dbAMP_16412,Escherichia coli,Negative
8752,dbAMP_02291,Staphylococcus aureus,Negative
8753,dbAMP_17447,Escherichia coli,Negative
8754,dbAMP_17222,Staphylococcus epidermidis,Negative
8755,21004.0,Escherichia coli,Negative
8756,dbAMP_17129,Staphylococcus aureus,Negative
8757,dbAMP_19019,Escherichia coli,Negative
8758,dbAMP_18228,Pseudomonas aeruginosa,Negative
8759,dbAMP_21222,Enterococcus faecium,Negative
8760,18611.0,Micrococcus luteus,Negative
8761,dbAMP_16082,Enterococcus faecalis,Negative
8762,dbAMP_20438,Staphylococcus aureus,Negative
8763,19818.0,Enterococcus faecalis,Negative
8764,dbAMP_24052,Escherichia coli,Negative
8765,dbAMP_34269,Staphylococcus aureus,Negative
8766,dbAMP_21937,Escherichia coli,Negative
8767,dbAMP_18293,Pseudomonas aeruginosa,Negative
8768,dbAMP_33171,Staphylococcus aureus,Negative
8769,dbAMP_27518,Escherichia coli,Negative
8770,20015.0,Staphylococcus aureus,Negative
8771,dbAMP_21986,Klebsiella pneumoniae,Negative
8772,dbAMP_18219,Klebsiella pneumoniae,Negative
8773,dbAMP_22721,Enterococcus faecalis,Negative
8774,dbAMP_04724,Candida albicans,Negative
8775,dbAMP_18373,Staphylococcus aureus,Negative
8776,dbAMP_24637,Escherichia coli,Negative
8777,dbAMP_20701,Staphylococcus aureus,Negative
8778,20955.0,Staphylococcus aureus,Negative
8779,dbAMP_10248,Escherichia coli,Negative
8780,dbAMP_18286,Bacillus subtilis,Negative
8781,dbAMP_10591,Staphylococcus aureus,Negative
8782,dbAMP_34168,Bacillus subtilis,Negative
8783,dbAMP_28833,Bacillus subtilis,Negative
8784,dbAMP_20369,Staphylococcus aureus,Negative
8785,20036.0,Salmonella enterica,Negative
8786,dbAMP_11732,Candida parapsilosis,Negative
8787,17819.0,Micrococcus luteus,Negative
8788,21645.0,Escherichia coli,Negative
8789,dbAMP_22068,Staphylococcus aureus,Negative
8790,dbAMP_16297,Pseudomonas aeruginosa,Negative
8791,dbAMP_23188,Bacillus subtilis,Negative
8792,dbAMP_22258,Staphylococcus aureus,Negative
8793,dbAMP_22420,Escherichia coli,Negative
8794,dbAMP_17105,Klebsiella pneumoniae,Negative
8795,dbAMP_02247,Pseudomonas aeruginosa,Negative
8796,dbAMP_33209,Candida albicans,Negative
8797,dbAMP_16391,Escherichia coli,Negative
8798,dbAMP_34391,Candida parapsilosis,Negative
8799,dbAMP_19423,Pseudomonas aeruginosa,Negative
8800,dbAMP_21947,Candida albicans,Negative
8801,dbAMP_31135,Pseudomonas aeruginosa,Negative
8802,dbAMP_27120,Escherichia coli,Negative
8803,dbAMP_33373,Enterococcus faecalis,Negative
8804,dbAMP_25421,Bacillus subtilis,Negative
8805,dbAMP_06098,Salmonella enterica,Negative
8806,dbAMP_00881,Klebsiella pneumoniae,Negative
8807,dbAMP_32059,Bacillus subtilis,Negative
8808,dbAMP_03719,Staphylococcus aureus,Negative
8809,dbAMP_21741,Staphylococcus aureus,Negative
8810,20335.0,Escherichia coli,Negative
8811,dbAMP_17785,Staphylococcus aureus,Negative
8812,22381.0,Klebsiella pneumoniae,Negative
8813,dbAMP_23624,Escherichia coli,Negative
8814,dbAMP_02007,Pseudomonas aeruginosa,Negative
8815,19516.0,Salmonella enterica,Negative
8816,21658.0,Klebsiella pneumoniae,Negative
8817,20498.0,Staphylococcus epidermidis,Negative
8818,dbAMP_33454,Bacillus cereus,Negative
8819,dbAMP_31804,Pseudomonas aeruginosa,Negative
8820,dbAMP_18961,Escherichia coli,Negative
8821,dbAMP_00947,Candida albicans,Negative
8822,20405.0,Escherichia coli,Negative
8823,dbAMP_16869,Klebsiella pneumoniae,Negative
8824,21204.0,Escherichia coli,Negative
8825,dbAMP_14880,Micrococcus luteus,Negative
8826,21724.0,Staphylococcus epidermidis,Negative
8827,dbAMP_24150,Bacillus subtilis,Negative
8828,dbAMP_19696,Candida albicans,Negative
8829,dbAMP_22308,Bacillus cereus,Negative
8830,dbAMP_21001,Pseudomonas aeruginosa,Negative
8831,21249.0,Staphylococcus aureus,Negative
8832,22232.0,Escherichia coli,Negative
8833,dbAMP_14725,Candida albicans,Negative
8834,19359.0,Klebsiella pneumoniae,Negative
8835,dbAMP_22585,Escherichia coli,Negative
8836,dbAMP_10962,Candida albicans,Negative
8837,dbAMP_20491,Escherichia coli,Negative
8838,dbAMP_18728,Escherichia coli,Negative
8839,dbAMP_19000,Klebsiella pneumoniae,Negative
8840,20024.0,Acinetobacter baumannii,Negative
8841,17814.0,Escherichia coli,Negative
8842,dbAMP_18372,Pseudomonas aeruginosa,Negative
8843,dbAMP_23188,Bacillus megaterium,Negative
8844,dbAMP_22189,Candida albicans,Negative
8845,dbAMP_02199,Candida albicans,Negative
8846,dbAMP_21125,Salmonella enterica,Negative
8847,DRAMP03891,Staphylococcus aureus,Negative
8848,dbAMP_24353,Staphylococcus aureus,Negative
8849,dbAMP_19540,Salmonella enterica,Negative
8850,dbAMP_24835,Candida albicans,Negative
8851,21985.0,Staphylococcus aureus,Negative
8852,dbAMP_24038,Staphylococcus aureus,Negative
8853,dbAMP_33113,Pseudomonas aeruginosa,Negative
8854,dbAMP_04007,Escherichia coli,Negative
8855,dbAMP_19214,Staphylococcus aureus,Negative
8856,dbAMP_33297,Escherichia coli,Negative
8857,dbAMP_11173,Candida albicans,Negative
8858,19846.0,Bacillus subtilis,Negative
8859,dbAMP_01964,Klebsiella pneumoniae,Negative
8860,dbAMP_11688,Micrococcus luteus,Negative
8861,dbAMP_01289,Escherichia coli,Negative
8862,17820.0,Staphylococcus aureus,Negative
8863,7791.0,Micrococcus luteus,Negative
8864,dbAMP_16052,Staphylococcus aureus,Negative
8865,17881.0,Pseudomonas aeruginosa,Negative
8866,21190.0,Escherichia coli,Negative
8867,dbAMP_20419,Klebsiella pneumoniae,Negative
8868,dbAMP_04314,Escherichia coli,Negative
8869,dbAMP_03983,Staphylococcus epidermidis,Negative
8870,dbAMP_01850,Escherichia coli,Negative
8871,dbAMP_24892,Pseudomonas aeruginosa,Negative
8872,dbAMP_23719,Pseudomonas aeruginosa,Negative
8873,19127.0,Staphylococcus epidermidis,Negative
8874,20311.0,Pseudomonas aeruginosa,Negative
8875,dbAMP_15893,Pseudomonas aeruginosa,Negative
8876,dbAMP_10631,Bacillus subtilis,Negative
8877,dbAMP_17798,Acinetobacter baumannii,Negative
8878,dbAMP_17947,Salmonella enterica,Negative
8879,dbAMP_19074,Acinetobacter baumannii,Negative
8880,20583.0,Bacillus cereus,Negative
8881,dbAMP_21839,Bacillus subtilis,Negative
8882,dbAMP_24201,Listeria monocytogenes,Negative
8883,dbAMP_17683,Pseudomonas aeruginosa,Negative
8884,dbAMP_04822,Klebsiella pneumoniae,Negative
8885,dbAMP_01067,Acinetobacter baumannii,Negative
8886,dbAMP_19068,Enterococcus faecalis,Negative
8887,17469.0,Candida albicans,Negative
8888,18112.0,Listeria monocytogenes,Negative
8889,22377.0,Escherichia coli,Negative
8890,dbAMP_11047,Escherichia coli,Negative
8891,20962.0,Escherichia coli,Negative
8892,dbAMP_20531,Pseudomonas aeruginosa,Negative
8893,17467.0,Acinetobacter baumannii,Negative
8894,dbAMP_16910,Salmonella enterica,Negative
8895,dbAMP_18230,Bacillus cereus,Negative
8896,dbAMP_21495,Salmonella enterica,Negative
8897,dbAMP_20734,Staphylococcus epidermidis,Negative
8898,dbAMP_22417,Escherichia coli,Negative
8899,dbAMP_23677,Klebsiella pneumoniae,Negative
8900,17507.0,Acinetobacter baumannii,Negative
8901,dbAMP_18775,Staphylococcus aureus,Negative
8902,dbAMP_11776,Klebsiella pneumoniae,Negative
8903,dbAMP_22077,Pseudomonas aeruginosa,Negative
8904,18062.0,Pseudomonas aeruginosa,Negative
8905,dbAMP_16755,Enterococcus faecium,Negative
8906,21248.0,Staphylococcus aureus,Negative
8907,dbAMP_21389,Bacillus cereus,Negative
8908,dbAMP_11923,Escherichia coli,Negative
8909,19820.0,Staphylococcus aureus,Negative
8910,18162.0,Escherichia coli,Negative
8911,dbAMP_16254,Enterobacter cloacae,Negative
8912,dbAMP_33153,Pseudomonas aeruginosa,Negative
8913,dbAMP_20468,Pseudomonas aeruginosa,Negative
8914,dbAMP_34347,Staphylococcus aureus,Negative
8915,dbAMP_03645,Staphylococcus aureus,Negative
8916,19851.0,Pseudomonas aeruginosa,Negative
8917,dbAMP_20106,Staphylococcus epidermidis,Negative
8918,dbAMP_18112,Staphylococcus aureus,Negative
8919,dbAMP_22647,Staphylococcus aureus,Negative
8920,dbAMP_34358,Escherichia coli,Negative
8921,21925.0,Bacillus subtilis,Negative
8922,21324.0,Escherichia coli,Negative
8923,dbAMP_03834,Bacillus cereus,Negative
8924,dbAMP_25312,Staphylococcus epidermidis,Negative
8925,dbAMP_32011,Klebsiella pneumoniae,Negative
8926,dbAMP_20765,Escherichia coli,Negative
8927,dbAMP_21053,Escherichia coli,Negative
8928,dbAMP_11142,Enterococcus faecium,Negative
8929,21284.0,Escherichia coli,Negative
8930,17524.0,Staphylococcus aureus,Negative
8931,dbAMP_18257,Escherichia coli,Negative
8932,dbAMP_11208,Escherichia coli,Negative
8933,dbAMP_23902,Pseudomonas aeruginosa,Negative
8934,dbAMP_19597,Pseudomonas aeruginosa,Negative
8935,dbAMP_25282,Acinetobacter baumannii,Negative
8936,dbAMP_32011,Staphylococcus epidermidis,Negative
8937,dbAMP_23292,Escherichia coli,Negative
8938,20398.0,Escherichia coli,Negative
8939,dbAMP_01127,Bacillus megaterium,Negative
8940,dbAMP_19707,Candida albicans,Negative
8941,dbAMP_19722,Klebsiella pneumoniae,Negative
8942,dbAMP_23974,Staphylococcus epidermidis,Negative
8943,dbAMP_21984,Escherichia coli,Negative
8944,dbAMP_17667,Escherichia coli,Negative
8945,dbAMP_10716,Enterobacter cloacae,Negative
8946,18169.0,Klebsiella pneumoniae,Negative
8947,dbAMP_19353,Candida albicans,Negative
8948,dbAMP_16042,Staphylococcus aureus,Negative
8949,dbAMP_04411,Staphylococcus aureus,Negative
8950,17437.0,Escherichia coli,Negative
8951,dbAMP_28836,Pseudomonas aeruginosa,Negative
8952,dbAMP_34272,Escherichia coli,Negative
8953,10379.0,Candida albicans,Negative
8954,dbAMP_14712,Salmonella enterica,Negative
8955,20960.0,Escherichia coli,Negative
8956,dbAMP_04006,Escherichia coli,Negative
8957,dbAMP_23806,Pseudomonas aeruginosa,Negative
8958,dbAMP_01776,Candida albicans,Negative
8959,19646.0,Candida parapsilosis,Negative
8960,dbAMP_33678,Pseudomonas aeruginosa,Negative
8961,dbAMP_10100,Staphylococcus aureus,Negative
8962,dbAMP_13206,Escherichia coli,Negative
8963,dbAMP_23100,Staphylococcus aureus,Negative
8964,18320.0,Candida parapsilosis,Negative
8965,21173.0,Klebsiella pneumoniae,Negative
8966,dbAMP_17129,Candida albicans,Negative
8967,dbAMP_24840,Staphylococcus aureus,Negative
8968,dbAMP_33678,Escherichia coli,Negative
8969,dbAMP_20419,Escherichia coli,Negative
8970,dbAMP_31800,Klebsiella pneumoniae,Negative
8971,dbAMP_21983,Enterobacter cloacae,Negative
8972,dbAMP_33208,Staphylococcus aureus,Negative
8973,20514.0,Escherichia coli,Negative
8974,dbAMP_22378,Bacillus cereus,Negative
8975,19830.0,Candida albicans,Negative
8976,dbAMP_00683,Klebsiella pneumoniae,Negative
8977,22363.0,Candida albicans,Negative
8978,dbAMP_17669,Pseudomonas aeruginosa,Negative
8979,dbAMP_16757,Enterococcus faecalis,Negative
8980,dbAMP_24042,Enterococcus faecium,Negative
8981,dbAMP_33968,Pseudomonas aeruginosa,Negative
8982,22264.0,Micrococcus luteus,Negative
8983,18156.0,Staphylococcus aureus,Negative
8984,dbAMP_33942,Escherichia coli,Negative
8985,dbAMP_15827,Klebsiella pneumoniae,Negative
8986,dbAMP_21387,Escherichia coli,Negative
8987,22293.0,Salmonella enterica,Negative
8988,18835.0,Escherichia coli,Negative
8989,dbAMP_34227,Staphylococcus aureus,Negative
8990,18115.0,Bacillus cereus,Negative
8991,dbAMP_24362,Escherichia coli,Negative
8992,dbAMP_02178,Klebsiella pneumoniae,Negative
8993,dbAMP_18027,Staphylococcus aureus,Negative
8994,dbAMP_33370,Klebsiella pneumoniae,Negative
8995,dbAMP_18979,Staphylococcus aureus,Negative
8996,20536.0,Klebsiella pneumoniae,Negative
8997,20955.0,Escherichia coli,Negative
8998,dbAMP_32029,Escherichia coli,Negative
8999,19844.0,Klebsiella pneumoniae,Negative
9000,dbAMP_19703,Pseudomonas aeruginosa,Negative
9001,dbAMP_05244,Staphylococcus aureus,Negative
9002,dbAMP_24824,Candida albicans,Negative
9003,18610.0,Klebsiella pneumoniae,Negative
9004,dbAMP_03150,Staphylococcus aureus,Negative
9005,17808.0,Staphylococcus aureus,Negative
9006,dbAMP_01908,Enterobacter cloacae,Negative
9007,dbAMP_03119,Escherichia coli,Negative
9008,3081.0,Escherichia coli,Negative
9009,dbAMP_19160,Staphylococcus epidermidis,Negative
9010,dbAMP_22255,Bacillus cereus,Negative
9011,dbAMP_19132,Escherichia coli,Negative
9012,21460.0,Staphylococcus aureus,Negative
9013,dbAMP_16081,Staphylococcus aureus,Negative
9014,dbAMP_23516,Klebsiella pneumoniae,Negative
9015,dbAMP_22880,Staphylococcus aureus,Negative
9016,dbAMP_19784,Candida albicans,Negative
9017,21279.0,Escherichia coli,Negative
9018,dbAMP_33315,Pseudomonas aeruginosa,Negative
9019,dbAMP_23269,Staphylococcus aureus,Negative
9020,19831.0,Staphylococcus aureus,Negative
9021,dbAMP_22797,Pseudomonas aeruginosa,Negative
9022,dbAMP_21417,Bacillus subtilis,Negative
9023,dbAMP_21460,Klebsiella pneumoniae,Negative
9024,dbAMP_17648,Pseudomonas aeruginosa,Negative
9025,dbAMP_16171,Pseudomonas aeruginosa,Negative
9026,19151.0,Klebsiella pneumoniae,Negative
9027,dbAMP_17850,Staphylococcus aureus,Negative
9028,dbAMP_22456,Pseudomonas aeruginosa,Negative
9029,20368.0,Salmonella enterica,Negative
9030,17508.0,Klebsiella pneumoniae,Negative
9031,dbAMP_00878,Staphylococcus aureus,Negative
9032,dbAMP_01649,Bacillus cereus,Negative
9033,17817.0,Candida albicans,Negative
9034,dbAMP_05646,Escherichia coli,Negative
9035,dbAMP_19080,Escherichia coli,Negative
9036,dbAMP_01288,Escherichia coli,Negative
9037,dbAMP_21045,Pseudomonas aeruginosa,Negative
9038,dbAMP_22307,Bacillus cereus,Negative
9039,dbAMP_16816,Pseudomonas aeruginosa,Negative
9040,dbAMP_04648,Staphylococcus epidermidis,Negative
9041,dbAMP_14876,Enterococcus faecalis,Negative
9042,dbAMP_33333,Pseudomonas aeruginosa,Negative
9043,22294.0,Salmonella enterica,Negative
9044,dbAMP_27436,Enterococcus faecalis,Negative
9045,dbAMP_19088,Escherichia coli,Negative
9046,dbAMP_24037,Pseudomonas aeruginosa,Negative
9047,dbAMP_16135,Salmonella enterica,Negative
9048,20176.0,Klebsiella pneumoniae,Negative
9049,dbAMP_02611,Candida albicans,Negative
9050,dbAMP_19335,Bacillus cereus,Negative
9051,20812.0,Escherichia coli,Negative
9052,21176.0,Pseudomonas aeruginosa,Negative
9053,dbAMP_20915,Staphylococcus aureus,Negative
9054,20077.0,Klebsiella pneumoniae,Negative
9055,dbAMP_20566,Staphylococcus aureus,Negative
9056,dbAMP_22348,Escherichia coli,Negative
9057,20103.0,Staphylococcus aureus,Negative
9058,4948.0,Pseudomonas aeruginosa,Negative
9059,dbAMP_04648,Enterobacter cloacae,Negative
9060,dbAMP_16074,Staphylococcus aureus,Negative
9061,dbAMP_33260,Staphylococcus aureus,Negative
9062,20043.0,Klebsiella pneumoniae,Negative
9063,dbAMP_16103,Staphylococcus epidermidis,Negative
9064,4425.0,Candida albicans,Negative
9065,dbAMP_19005,Klebsiella pneumoniae,Negative
9066,dbAMP_17876,Candida parapsilosis,Negative
9067,dbAMP_33685,Klebsiella pneumoniae,Negative
9068,dbAMP_23952,Escherichia coli,Negative
9069,3114.0,Candida albicans,Negative
9070,dbAMP_24069,Escherichia coli,Negative
9071,dbAMP_01127,Micrococcus luteus,Negative
9072,dbAMP_18886,Acinetobacter baumannii,Negative
9073,dbAMP_24580,Micrococcus luteus,Negative
9074,dbAMP_23686,Pseudomonas aeruginosa,Negative
9075,dbAMP_19700,Staphylococcus aureus,Negative
9076,dbAMP_33632,Escherichia coli,Negative
9077,dbAMP_00878,Escherichia coli,Negative
9078,18832.0,Enterococcus faecalis,Negative
9079,dbAMP_21528,Staphylococcus aureus,Negative
9080,20054.0,Klebsiella pneumoniae,Negative
9081,dbAMP_16664,Staphylococcus epidermidis,Negative
9082,dbAMP_18102,Pseudomonas aeruginosa,Negative
9083,dbAMP_03809,Bacillus cereus,Negative
9084,dbAMP_33309,Candida albicans,Negative
9085,dbAMP_22498,Klebsiella pneumoniae,Negative
9086,17814.0,Micrococcus luteus,Negative
9087,dbAMP_02620,Candida albicans,Negative
9088,19084.0,Bacillus subtilis,Negative
9089,dbAMP_18229,Micrococcus luteus,Negative
9090,19860.0,Klebsiella pneumoniae,Negative
9091,dbAMP_16171,Salmonella enterica,Negative
9092,dbAMP_03214,Candida albicans,Negative
9093,dbAMP_18425,Salmonella enterica,Negative
9094,dbAMP_19355,Escherichia coli,Negative
9095,dbAMP_19415,Staphylococcus aureus,Negative
9096,dbAMP_21284,Pseudomonas aeruginosa,Negative
9097,dbAMP_04759,Enterobacter cloacae,Negative
9098,dbAMP_01878,Escherichia coli,Negative
9099,19292.0,Candida albicans,Negative
9100,dbAMP_24112,Staphylococcus aureus,Negative
9101,dbAMP_01642,Bacillus subtilis,Negative
9102,dbAMP_33015,Acinetobacter baumannii,Negative
9103,dbAMP_14887,Salmonella enterica,Negative
9104,dbAMP_19582,Pseudomonas aeruginosa,Negative
9105,dbAMP_18880,Klebsiella pneumoniae,Negative
9106,dbAMP_03021,Escherichia coli,Negative
9107,dbAMP_05646,Pseudomonas aeruginosa,Negative
9108,dbAMP_19604,Staphylococcus aureus,Negative
9109,dbAMP_33338,Pseudomonas aeruginosa,Negative
9110,dbAMP_23639,Bacillus subtilis,Negative
9111,dbAMP_27632,Staphylococcus aureus,Negative
9112,dbAMP_18138,Pseudomonas aeruginosa,Negative
9113,dbAMP_23919,Staphylococcus aureus,Negative
9114,dbAMP_19061,Staphylococcus aureus,Negative
9115,dbAMP_33190,Pseudomonas aeruginosa,Negative
9116,dbAMP_21748,Escherichia coli,Negative
9117,20108.0,Escherichia coli,Negative
9118,dbAMP_20722,Enterococcus faecalis,Negative
9119,dbAMP_18048,Acinetobacter baumannii,Negative
9120,7484.0,Enterococcus faecalis,Negative
9121,dbAMP_23686,Staphylococcus aureus,Negative
9122,dbAMP_23586,Escherichia coli,Negative
9123,17245.0,Acinetobacter baumannii,Negative
9124,dbAMP_23470,Staphylococcus aureus,Negative
9125,dbAMP_16542,Escherichia coli,Negative
9126,20045.0,Klebsiella pneumoniae,Negative
9127,dbAMP_17569,Candida albicans,Negative
9128,dbAMP_19706,Pseudomonas aeruginosa,Negative
9129,dbAMP_16711,Escherichia coli,Negative
9130,21657.0,Klebsiella pneumoniae,Negative
9131,dbAMP_25100,Escherichia coli,Negative
9132,22296.0,Acinetobacter baumannii,Negative
9133,dbAMP_33119,Pseudomonas aeruginosa,Negative
9134,18115.0,Escherichia coli,Negative
9135,19576.0,Enterococcus faecalis,Negative
9136,dbAMP_05874,Klebsiella pneumoniae,Negative
9137,dbAMP_23544,Staphylococcus epidermidis,Negative
9138,10154.0,Pseudomonas aeruginosa,Negative
9139,dbAMP_16505,Pseudomonas aeruginosa,Negative
9140,DRAMP03903,Staphylococcus aureus,Negative
9141,dbAMP_24373,Escherichia coli,Negative
9142,dbAMP_31968,Pseudomonas aeruginosa,Negative
9143,19827.0,Staphylococcus aureus,Negative
9144,9175.0,Staphylococcus epidermidis,Negative
9145,19134.0,Escherichia coli,Negative
9146,17512.0,Staphylococcus aureus,Negative
9147,dbAMP_18706,Staphylococcus aureus,Negative
9148,17507.0,Candida albicans,Negative
9149,dbAMP_22299,Bacillus cereus,Negative
9150,dbAMP_19601,Staphylococcus aureus,Negative
9151,dbAMP_22077,Staphylococcus aureus,Negative
9152,dbAMP_18880,Acinetobacter baumannii,Negative
9153,dbAMP_23803,Enterobacter cloacae,Negative
9154,dbAMP_18892,Bacillus subtilis,Negative
9155,dbAMP_23666,Staphylococcus epidermidis,Negative
9156,9826.0,Klebsiella pneumoniae,Negative
9157,dbAMP_19587,Staphylococcus aureus,Negative
9158,dbAMP_23817,Staphylococcus aureus,Negative
9159,dbAMP_18585,Escherichia coli,Negative
9160,dbAMP_16661,Escherichia coli,Negative
9161,dbAMP_16544,Candida albicans,Negative
9162,dbAMP_02485,Escherichia coli,Negative
9163,dbAMP_19298,Candida albicans,Negative
9164,dbAMP_17639,Bacillus subtilis,Negative
9165,dbAMP_33714,Escherichia coli,Negative
9166,dbAMP_18133,Escherichia coli,Negative
9167,dbAMP_16173,Staphylococcus aureus,Negative
9168,dbAMP_17771,Staphylococcus aureus,Negative
9169,dbAMP_00174,Staphylococcus aureus,Negative
9170,dbAMP_20320,Pseudomonas aeruginosa,Negative
9171,dbAMP_33361,Pseudomonas aeruginosa,Negative
9172,dbAMP_23470,Micrococcus luteus,Negative
9173,dbAMP_19637,Enterococcus faecium,Negative
9174,dbAMP_21736,Enterococcus faecalis,Negative
9175,dbAMP_10201,Staphylococcus epidermidis,Negative
9176,17944.0,Staphylococcus aureus,Negative
9177,17332.0,Escherichia coli,Negative
9178,21640.0,Acinetobacter baumannii,Negative
9179,dbAMP_21593,Bacillus cereus,Negative
9180,20935.0,Escherichia coli,Negative
9181,dbAMP_33438,Escherichia coli,Negative
9182,22023.0,Candida albicans,Negative
9183,dbAMP_34343,Staphylococcus aureus,Negative
9184,dbAMP_09560,Staphylococcus aureus,Negative
9185,dbAMP_25444,Pseudomonas aeruginosa,Negative
9186,dbAMP_20874,Escherichia coli,Negative
9187,dbAMP_33201,Staphylococcus aureus,Negative
9188,dbAMP_16684,Enterococcus faecalis,Negative
9189,dbAMP_20882,Escherichia coli,Negative
9190,dbAMP_18344,Escherichia coli,Negative
9191,dbAMP_00230,Klebsiella pneumoniae,Negative
9192,dbAMP_23677,Escherichia coli,Negative
9193,22021.0,Enterococcus faecalis,Negative
9194,dbAMP_01819,Staphylococcus aureus,Negative
9195,dbAMP_23819,Staphylococcus aureus,Negative
9196,dbAMP_18071,Escherichia coli,Negative
9197,dbAMP_02151,Bacillus subtilis,Negative
9198,dbAMP_24362,Klebsiella pneumoniae,Negative
9199,dbAMP_25094,Staphylococcus aureus,Negative
9200,dbAMP_17201,Escherichia coli,Negative
9201,20375.0,Salmonella enterica,Negative
9202,dbAMP_23969,Salmonella enterica,Negative
9203,dbAMP_03125,Staphylococcus aureus,Negative
9204,dbAMP_09995,Staphylococcus aureus,Negative
9205,dbAMP_15889,Enterobacter cloacae,Negative
9206,20955.0,Acinetobacter baumannii,Negative
9207,dbAMP_18871,Escherichia coli,Negative
9208,dbAMP_18228,Bacillus cereus,Negative
9209,dbAMP_22639,Escherichia coli,Negative
9210,dbAMP_09771,Staphylococcus aureus,Negative
9211,19148.0,Escherichia coli,Negative
9212,17815.0,Escherichia coli,Negative
9213,dbAMP_00392,Pseudomonas aeruginosa,Negative
9214,dbAMP_21442,Staphylococcus aureus,Negative
9215,dbAMP_16554,Staphylococcus aureus,Negative
9216,dbAMP_17859,Candida albicans,Negative
9217,dbAMP_19377,Candida albicans,Negative
9218,21198.0,Staphylococcus aureus,Negative
9219,dbAMP_33255,Staphylococcus aureus,Negative
9220,22296.0,Escherichia coli,Negative
9221,dbAMP_11141,Staphylococcus aureus,Negative
9222,dbAMP_19561,Staphylococcus aureus,Negative
9223,19127.0,Staphylococcus aureus,Negative
9224,dbAMP_03481,Bacillus cereus,Negative
9225,dbAMP_34359,Staphylococcus aureus,Negative
9226,dbAMP_19102,Bacillus subtilis,Negative
9227,dbAMP_18672,Cryptococcus neoformans,Negative
9228,dbAMP_03305,Bacillus cereus,Negative
9229,dbAMP_09833,Escherichia coli,Negative
9230,22288.0,Pseudomonas aeruginosa,Negative
9231,17469.0,Acinetobacter baumannii,Negative
9232,dbAMP_14925,Escherichia coli,Negative
9233,19286.0,Candida albicans,Negative
9234,21947.0,Pseudomonas aeruginosa,Negative
9235,dbAMP_16168,Bacillus subtilis,Negative
9236,dbAMP_02946,Bacillus subtilis,Negative
9237,4950.0,Candida albicans,Negative
9238,dbAMP_23686,Staphylococcus epidermidis,Negative
9239,dbAMP_33353,Pseudomonas aeruginosa,Negative
9240,17504.0,Staphylococcus aureus,Negative
9241,dbAMP_22520,Staphylococcus aureus,Negative
9242,dbAMP_31245,Pseudomonas aeruginosa,Negative
9243,dbAMP_20448,Escherichia coli,Negative
9244,dbAMP_17796,Escherichia coli,Negative
9245,dbAMP_25115,Pseudomonas aeruginosa,Negative
9246,dbAMP_16157,Enterococcus faecalis,Negative
9247,dbAMP_14881,Micrococcus luteus,Negative
9248,21325.0,Candida albicans,Negative
9249,21957.0,Staphylococcus aureus,Negative
9250,dbAMP_02054,Escherichia coli,Negative
9251,dbAMP_33000,Staphylococcus aureus,Negative
9252,dbAMP_19806,Staphylococcus aureus,Negative
9253,dbAMP_21986,Enterobacter cloacae,Negative
9254,dbAMP_33114,Pseudomonas aeruginosa,Negative
9255,dbAMP_02001,Staphylococcus aureus,Negative
9256,19833.0,Enterococcus faecalis,Negative
9257,dbAMP_20654,Escherichia coli,Negative
9258,dbAMP_16912,Acinetobacter baumannii,Negative
9259,dbAMP_21701,Escherichia coli,Negative
9260,dbAMP_21212,Escherichia coli,Negative
9261,dbAMP_17765,Pseudomonas aeruginosa,Negative
9262,dbAMP_14882,Salmonella enterica,Negative
9263,dbAMP_31818,Bacillus cereus,Negative
9264,17774.0,Staphylococcus aureus,Negative
9265,dbAMP_17961,Staphylococcus epidermidis,Negative
9266,dbAMP_20872,Escherichia coli,Negative
9267,dbAMP_24065,Klebsiella pneumoniae,Negative
9268,19675.0,Staphylococcus epidermidis,Negative
9269,dbAMP_24346,Escherichia coli,Negative
9270,19828.0,Staphylococcus aureus,Negative
9271,dbAMP_23418,Pseudomonas aeruginosa,Negative
9272,dbAMP_19063,Staphylococcus aureus,Negative
9273,dbAMP_15967,Salmonella enterica,Negative
9274,dbAMP_18513,Pseudomonas aeruginosa,Negative
9275,dbAMP_27117,Pseudomonas aeruginosa,Negative
9276,dbAMP_16157,Pseudomonas aeruginosa,Negative
9277,dbAMP_20368,Pseudomonas aeruginosa,Negative
9278,dbAMP_32993,Pseudomonas aeruginosa,Negative
9279,dbAMP_31964,Listeria monocytogenes,Negative
9280,dbAMP_22930,Candida albicans,Negative
9281,dbAMP_31131,Candida albicans,Negative
9282,dbAMP_27647,Staphylococcus aureus,Negative
9283,dbAMP_25100,Staphylococcus aureus,Negative
9284,dbAMP_24622,Staphylococcus aureus,Negative
9285,dbAMP_22366,Bacillus cereus,Negative
9286,dbAMP_24272,Staphylococcus epidermidis,Negative
9287,dbAMP_27263,Staphylococcus epidermidis,Negative
9288,dbAMP_18020,Candida albicans,Negative
9289,dbAMP_20320,Escherichia coli,Negative
9290,21501.0,Candida albicans,Negative
9291,dbAMP_25146,Escherichia coli,Negative
9292,4947.0,Escherichia coli,Negative
9293,dbAMP_24292,Escherichia coli,Negative
9294,dbAMP_24070,Pseudomonas aeruginosa,Negative
9295,dbAMP_31801,Acinetobacter baumannii,Negative
9296,dbAMP_20942,Pseudomonas aeruginosa,Negative
9297,dbAMP_17568,Enterococcus faecalis,Negative
9298,22014.0,Bacillus cereus,Negative
9299,19918.0,Pseudomonas aeruginosa,Negative
9300,dbAMP_31702,Acinetobacter baumannii,Negative
9301,dbAMP_21169,Klebsiella pneumoniae,Negative
9302,dbAMP_18029,Acinetobacter baumannii,Negative
9303,dbAMP_17376,Escherichia coli,Negative
9304,dbAMP_21651,Bacillus subtilis,Negative
9305,dbAMP_20279,Staphylococcus aureus,Negative
9306,dbAMP_31965,Listeria monocytogenes,Negative
9307,dbAMP_21729,Bacillus subtilis,Negative
9308,dbAMP_19626,Escherichia coli,Negative
9309,1361.0,Enterococcus faecalis,Negative
9310,dbAMP_23719,Escherichia coli,Negative
9311,dbAMP_22265,Staphylococcus aureus,Negative
9312,dbAMP_18044,Staphylococcus epidermidis,Negative
9313,dbAMP_16065,Pseudomonas aeruginosa,Negative
9314,dbAMP_22379,Escherichia coli,Negative
9315,20450.0,Staphylococcus aureus,Negative
9316,19832.0,Enterococcus faecalis,Negative
9317,dbAMP_33716,Staphylococcus aureus,Negative
9318,dbAMP_33180,Candida albicans,Negative
9319,dbAMP_25353,Escherichia coli,Negative
9320,dbAMP_32028,Escherichia coli,Negative
9321,dbAMP_24298,Pseudomonas aeruginosa,Negative
9322,dbAMP_21742,Staphylococcus aureus,Negative
9323,18656.0,Escherichia coli,Negative
9324,dbAMP_31638,Acinetobacter baumannii,Negative
9325,dbAMP_00976,Escherichia coli,Negative
9326,dbAMP_10201,Candida albicans,Negative
9327,dbAMP_15967,Listeria monocytogenes,Negative
9328,dbAMP_16757,Staphylococcus epidermidis,Negative
9329,dbAMP_01230,Staphylococcus aureus,Negative
9330,dbAMP_18247,Escherichia coli,Negative
9331,dbAMP_22008,Staphylococcus aureus,Negative
9332,dbAMP_17198,Klebsiella pneumoniae,Negative
9333,dbAMP_01017,Klebsiella pneumoniae,Negative
9334,dbAMP_16748,Enterococcus faecalis,Negative
9335,dbAMP_04392,Staphylococcus aureus,Negative
9336,dbAMP_02231,Salmonella enterica,Negative
9337,dbAMP_04208,Salmonella enterica,Negative
9338,dbAMP_22414,Staphylococcus aureus,Negative
9339,dbAMP_19722,Pseudomonas aeruginosa,Negative
9340,dbAMP_24604,Salmonella enterica,Negative
9341,dbAMP_15881,Staphylococcus aureus,Negative
9342,dbAMP_23217,Bacillus subtilis,Negative
9343,dbAMP_15936,Pseudomonas aeruginosa,Negative
9344,dbAMP_33310,Pseudomonas aeruginosa,Negative
9345,dbAMP_31965,Bacillus cereus,Negative
9346,dbAMP_23255,Micrococcus luteus,Negative
9347,dbAMP_04358,Staphylococcus aureus,Negative
9348,dbAMP_16171,Staphylococcus epidermidis,Negative
9349,dbAMP_24556,Micrococcus luteus,Negative
9350,dbAMP_19578,Acinetobacter baumannii,Negative
9351,dbAMP_17414,Staphylococcus aureus,Negative
9352,dbAMP_32110,Staphylococcus aureus,Negative
9353,17804.0,Staphylococcus aureus,Negative
9354,21743.0,Pseudomonas aeruginosa,Negative
9355,dbAMP_18880,Escherichia coli,Negative
9356,dbAMP_33259,Pseudomonas aeruginosa,Negative
9357,dbAMP_33334,Pseudomonas aeruginosa,Negative
9358,dbAMP_16525,Escherichia coli,Negative
9359,dbAMP_18758,Pseudomonas aeruginosa,Negative
9360,dbAMP_02305,Pseudomonas aeruginosa,Negative
9361,dbAMP_21593,Enterococcus faecalis,Negative
9362,dbAMP_18427,Salmonella enterica,Negative
9363,dbAMP_21730,Bacillus subtilis,Negative
9364,dbAMP_01604,Candida albicans,Negative
9365,dbAMP_11278,Candida parapsilosis,Negative
9366,dbAMP_27242,Pseudomonas aeruginosa,Negative
9367,19524.0,Staphylococcus epidermidis,Negative
9368,dbAMP_34364,Escherichia coli,Negative
9369,21646.0,Acinetobacter baumannii,Negative
9370,dbAMP_24685,Staphylococcus aureus,Negative
9371,dbAMP_16308,Staphylococcus aureus,Negative
9372,17625.0,Salmonella enterica,Negative
9373,dbAMP_22298,Bacillus cereus,Negative
9374,dbAMP_16914,Staphylococcus epidermidis,Negative
9375,18104.0,Escherichia coli,Negative
9376,20001.0,Klebsiella pneumoniae,Negative
9377,dbAMP_16331,Staphylococcus aureus,Negative
9378,dbAMP_24051,Escherichia coli,Negative
9379,20040.0,Klebsiella pneumoniae,Negative
9380,dbAMP_17543,Staphylococcus aureus,Negative
9381,dbAMP_18432,Staphylococcus epidermidis,Negative
9382,19843.0,Klebsiella pneumoniae,Negative
9383,dbAMP_25152,Salmonella enterica,Negative
9384,dbAMP_32639,Pseudomonas aeruginosa,Negative
9385,18658.0,Escherichia coli,Negative
9386,dbAMP_22894,Pseudomonas aeruginosa,Negative
9387,dbAMP_20821,Escherichia coli,Negative
9388,dbAMP_22544,Pseudomonas aeruginosa,Negative
9389,dbAMP_21656,Staphylococcus aureus,Negative
9390,dbAMP_31961,Escherichia coli,Negative
9391,dbAMP_23972,Staphylococcus aureus,Negative
9392,dbAMP_24365,Salmonella enterica,Negative
9393,18041.0,Pseudomonas aeruginosa,Negative
9394,dbAMP_01914,Acinetobacter baumannii,Negative
9395,dbAMP_01642,Pseudomonas aeruginosa,Negative
9396,dbAMP_22301,Escherichia coli,Negative
9397,dbAMP_14696,Pseudomonas aeruginosa,Negative
9398,dbAMP_31310,Pseudomonas aeruginosa,Negative
9399,dbAMP_17757,Candida albicans,Negative
9400,19517.0,Staphylococcus epidermidis,Negative
9401,dbAMP_33372,Pseudomonas aeruginosa,Negative
9402,dbAMP_24820,Bacillus subtilis,Negative
9403,dbAMP_31778,Salmonella enterica,Negative
9404,dbAMP_19056,Staphylococcus aureus,Negative
9405,dbAMP_14725,Staphylococcus aureus,Negative
9406,dbAMP_22525,Enterobacter cloacae,Negative
9407,dbAMP_23273,Escherichia coli,Negative
9408,dbAMP_03725,Escherichia coli,Negative
9409,18122.0,Staphylococcus aureus,Negative
9410,dbAMP_01728,Escherichia coli,Negative
9411,dbAMP_22666,Candida albicans,Negative
9412,dbAMP_28791,Pseudomonas aeruginosa,Negative
9413,17796.0,Candida parapsilosis,Negative
9414,dbAMP_18029,Klebsiella pneumoniae,Negative
9415,dbAMP_04647,Pseudomonas aeruginosa,Negative
9416,dbAMP_17045,Salmonella enterica,Negative
9417,20355.0,Escherichia coli,Negative
9418,dbAMP_03023,Klebsiella pneumoniae,Negative
9419,dbAMP_33685,Acinetobacter baumannii,Negative
9420,dbAMP_21234,Klebsiella pneumoniae,Negative
9421,dbAMP_18240,Staphylococcus aureus,Negative
9422,19521.0,Pseudomonas aeruginosa,Negative
9423,dbAMP_19067,Bacillus cereus,Negative
9424,18111.0,Staphylococcus aureus,Negative
9425,dbAMP_18895,Escherichia coli,Negative
9426,dbAMP_33185,Pseudomonas aeruginosa,Negative
9427,dbAMP_19565,Staphylococcus aureus,Negative
9428,dbAMP_21547,Pseudomonas aeruginosa,Negative
9429,19916.0,Staphylococcus aureus,Negative
9430,19890.0,Bacillus subtilis,Negative
9431,dbAMP_22885,Pseudomonas aeruginosa,Negative
9432,dbAMP_04014,Enterococcus faecalis,Negative
9433,dbAMP_16730,Pseudomonas aeruginosa,Negative
9434,dbAMP_19103,Enterococcus faecalis,Negative
9435,dbAMP_03872,Escherichia coli,Negative
9436,18110.0,Salmonella enterica,Negative
9437,dbAMP_16738,Salmonella enterica,Negative
9438,dbAMP_31637,Klebsiella pneumoniae,Negative
9439,21650.0,Escherichia coli,Negative
9440,dbAMP_25429,Enterococcus faecalis,Negative
9441,dbAMP_21905,Bacillus subtilis,Negative
9442,DRAMP03750,Candida albicans,Negative
9443,dbAMP_03461,Bacillus cereus,Negative
9444,2787.0,Pseudomonas aeruginosa,Negative
9445,dbAMP_27267,Escherichia coli,Negative
9446,dbAMP_20272,Pseudomonas aeruginosa,Negative
9447,dbAMP_25450,Candida albicans,Negative
9448,dbAMP_03308,Bacillus cereus,Negative
9449,dbAMP_25222,Escherichia coli,Negative
9450,dbAMP_20739,Staphylococcus aureus,Negative
9451,dbAMP_27482,Bacillus cereus,Negative
9452,19518.0,Pseudomonas aeruginosa,Negative
9453,dbAMP_16915,Candida parapsilosis,Negative
9454,dbAMP_18892,Escherichia coli,Negative
9455,dbAMP_19718,Candida albicans,Negative
9456,dbAMP_17528,Enterococcus faecium,Negative
9457,22201.0,Klebsiella pneumoniae,Negative
9458,dbAMP_24557,Micrococcus luteus,Negative
9459,1052.0,Candida albicans,Negative
9460,dbAMP_34364,Staphylococcus aureus,Negative
9461,dbAMP_21228,Acinetobacter baumannii,Negative
9462,dbAMP_18496,Pseudomonas aeruginosa,Negative
9463,dbAMP_24577,Micrococcus luteus,Negative
9464,DRAMP01754,Staphylococcus aureus,Negative
9465,17846.0,Enterococcus faecalis,Negative
9466,dbAMP_17121,Pseudomonas aeruginosa,Negative
9467,dbAMP_19221,Pseudomonas aeruginosa,Negative
9468,dbAMP_25282,Candida albicans,Negative
9469,dbAMP_01918,Enterobacter cloacae,Negative
9470,dbAMP_19694,Enterococcus faecalis,Negative
9471,dbAMP_21109,Klebsiella pneumoniae,Negative
9472,dbAMP_23822,Klebsiella pneumoniae,Negative
9473,dbAMP_16563,Acinetobacter baumannii,Negative
9474,dbAMP_03826,Klebsiella pneumoniae,Negative
9475,dbAMP_16186,Staphylococcus aureus,Negative
9476,dbAMP_34347,Escherichia coli,Negative
9477,dbAMP_33630,Escherichia coli,Negative
9478,20371.0,Staphylococcus aureus,Negative
9479,dbAMP_19047,Enterococcus faecium,Negative
9480,dbAMP_18158,Pseudomonas aeruginosa,Negative
9481,dbAMP_23677,Staphylococcus epidermidis,Negative
9482,dbAMP_17137,Enterococcus faecalis,Negative
9483,dbAMP_19281,Klebsiella pneumoniae,Negative
9484,dbAMP_25275,Pseudomonas aeruginosa,Negative
9485,6834.0,Salmonella enterica,Negative
9486,dbAMP_33944,Enterococcus faecium,Negative
9487,dbAMP_22324,Bacillus cereus,Negative
9488,19854.0,Bacillus subtilis,Negative
9489,19309.0,Candida albicans,Negative
9490,18655.0,Staphylococcus epidermidis,Negative
9491,dbAMP_19719,Klebsiella pneumoniae,Negative
9492,dbAMP_18873,Klebsiella pneumoniae,Negative
9493,dbAMP_18027,Pseudomonas aeruginosa,Negative
9494,dbAMP_22263,Bacillus cereus,Negative
9495,dbAMP_21004,Pseudomonas aeruginosa,Negative
9496,10634.0,Klebsiella pneumoniae,Negative
9497,17442.0,Escherichia coli,Negative
9498,dbAMP_33357,Candida albicans,Negative
9499,dbAMP_05256,Candida albicans,Negative
9500,21178.0,Escherichia coli,Negative
9501,dbAMP_33720,Enterococcus faecalis,Negative
9502,dbAMP_03871,Staphylococcus aureus,Negative
9503,19856.0,Bacillus subtilis,Negative
9504,21142.0,Escherichia coli,Negative
9505,20162.0,Pseudomonas aeruginosa,Negative
9506,dbAMP_17949,Escherichia coli,Negative
9507,dbAMP_04292,Escherichia coli,Negative
9508,dbAMP_11938,Staphylococcus epidermidis,Negative
9509,22276.0,Pseudomonas aeruginosa,Negative
9510,dbAMP_25150,Candida albicans,Negative
9511,dbAMP_02639,Staphylococcus epidermidis,Negative
9512,dbAMP_21651,Staphylococcus epidermidis,Negative
9513,dbAMP_19061,Enterococcus faecalis,Negative
9514,22275.0,Escherichia coli,Negative
9515,dbAMP_01464,Pseudomonas aeruginosa,Negative
9516,dbAMP_24026,Bacillus subtilis,Negative
9517,dbAMP_31818,Staphylococcus epidermidis,Negative
9518,dbAMP_25152,Pseudomonas aeruginosa,Negative
9519,dbAMP_19360,Candida albicans,Negative
9520,dbAMP_18433,Candida albicans,Negative
9521,dbAMP_21487,Staphylococcus aureus,Negative
9522,dbAMP_18366,Escherichia coli,Negative
9523,dbAMP_03694,Candida albicans,Negative
9524,dbAMP_02086,Staphylococcus aureus,Negative
9525,20332.0,Salmonella enterica,Negative
9526,17522.0,Enterococcus faecium,Negative
9527,dbAMP_31875,Candida albicans,Negative
9528,dbAMP_10248,Staphylococcus aureus,Negative
9529,dbAMP_24346,Salmonella enterica,Negative
9530,dbAMP_18577,Escherichia coli,Negative
9531,dbAMP_16250,Pseudomonas aeruginosa,Negative
9532,dbAMP_27564,Klebsiella pneumoniae,Negative
9533,dbAMP_33154,Pseudomonas aeruginosa,Negative
9534,17354.0,Staphylococcus aureus,Negative
9535,dbAMP_16977,Pseudomonas aeruginosa,Negative
9536,dbAMP_16876,Klebsiella pneumoniae,Negative
9537,dbAMP_31131,Staphylococcus aureus,Negative
9538,dbAMP_04211,Escherichia coli,Negative
9539,dbAMP_17376,Staphylococcus epidermidis,Negative
9540,dbAMP_03596,Bacillus subtilis,Negative
9541,21948.0,Acinetobacter baumannii,Negative
9542,dbAMP_20724,Staphylococcus epidermidis,Negative
9543,dbAMP_05158,Salmonella enterica,Negative
9544,dbAMP_19535,Staphylococcus aureus,Negative
9545,dbAMP_24841,Candida albicans,Negative
9546,dbAMP_23718,Pseudomonas aeruginosa,Negative
9547,dbAMP_12827,Staphylococcus aureus,Negative
9548,20360.0,Salmonella enterica,Negative
9549,3178.0,Enterococcus faecalis,Negative
9550,dbAMP_18941,Staphylococcus epidermidis,Negative
9551,dbAMP_16874,Escherichia coli,Negative
9552,dbAMP_23816,Pseudomonas aeruginosa,Negative
9553,dbAMP_34377,Staphylococcus aureus,Negative
9554,dbAMP_05600,Escherichia coli,Negative
9555,20565.0,Pseudomonas aeruginosa,Negative
9556,dbAMP_32927,Staphylococcus aureus,Negative
9557,dbAMP_18508,Candida parapsilosis,Negative
9558,dbAMP_19016,Pseudomonas aeruginosa,Negative
9559,dbAMP_20999,Pseudomonas aeruginosa,Negative
9560,dbAMP_21592,Salmonella enterica,Negative
9561,dbAMP_03719,Enterococcus faecalis,Negative
9562,dbAMP_02238,Enterococcus faecalis,Negative
9563,dbAMP_32914,Escherichia coli,Negative
9564,17505.0,Klebsiella pneumoniae,Negative
9565,dbAMP_18656,Escherichia coli,Negative
9566,20536.0,Staphylococcus aureus,Negative
9567,dbAMP_01777,Escherichia coli,Negative
9568,dbAMP_17906,Staphylococcus aureus,Negative
9569,dbAMP_24695,Staphylococcus aureus,Negative
9570,20308.0,Pseudomonas aeruginosa,Negative
9571,dbAMP_03580,Micrococcus luteus,Negative
9572,dbAMP_21662,Micrococcus luteus,Negative
9573,dbAMP_22242,Micrococcus luteus,Negative
9574,dbAMP_17053,Salmonella enterica,Negative
9575,dbAMP_24962,Escherichia coli,Negative
9576,dbAMP_18521,Escherichia coli,Negative
9577,dbAMP_17768,Escherichia coli,Negative
9578,18039.0,Staphylococcus epidermidis,Negative
9579,18654.0,Enterococcus faecalis,Negative
9580,dbAMP_21592,Bacillus cereus,Negative
9581,dbAMP_23469,Pseudomonas aeruginosa,Negative
9582,dbAMP_10318,Escherichia coli,Negative
9583,dbAMP_00052,Candida albicans,Negative
9584,20336.0,Salmonella enterica,Negative
9585,dbAMP_21665,Escherichia coli,Negative
9586,dbAMP_21650,Micrococcus luteus,Negative
9587,dbAMP_23554,Escherichia coli,Negative
9588,dbAMP_27117,Candida albicans,Negative
9589,dbAMP_20924,Pseudomonas aeruginosa,Negative
9590,dbAMP_27160,Staphylococcus aureus,Negative
9591,21927.0,Pseudomonas aeruginosa,Negative
9592,dbAMP_33690,Klebsiella pneumoniae,Negative
9593,dbAMP_23146,Candida albicans,Negative
9594,dbAMP_21016,Pseudomonas aeruginosa,Negative
9595,260.0,Candida albicans,Negative
9596,dbAMP_02639,Escherichia coli,Negative
9597,dbAMP_16037,Pseudomonas aeruginosa,Negative
9598,dbAMP_17775,Pseudomonas aeruginosa,Negative
9599,dbAMP_34348,Staphylococcus aureus,Negative
9600,dbAMP_04300,Escherichia coli,Negative
9601,dbAMP_04300,Candida albicans,Negative
9602,dbAMP_15956,Escherichia coli,Negative
9603,DRAMP00277,Candida albicans,Negative
9604,dbAMP_33362,Staphylococcus aureus,Negative
9605,dbAMP_03533,Klebsiella pneumoniae,Negative
9606,dbAMP_00723,Klebsiella pneumoniae,Negative
9607,20322.0,Escherichia coli,Negative
9608,dbAMP_31972,Bacillus cereus,Negative
9609,dbAMP_20333,Staphylococcus epidermidis,Negative
9610,dbAMP_17092,Escherichia coli,Negative
9611,dbAMP_02416,Pseudomonas aeruginosa,Negative
9612,19996.0,Klebsiella pneumoniae,Negative
9613,dbAMP_22548,Pseudomonas aeruginosa,Negative
9614,dbAMP_04980,Escherichia coli,Negative
9615,dbAMP_18428,Salmonella enterica,Negative
9616,dbAMP_15959,Enterobacter cloacae,Negative
9617,18858.0,Staphylococcus aureus,Negative
9618,dbAMP_04759,Enterococcus faecium,Negative
9619,dbAMP_33201,Candida albicans,Negative
9620,dbAMP_27286,Micrococcus luteus,Negative
9621,dbAMP_01895,Candida albicans,Negative
9622,dbAMP_19099,Escherichia coli,Negative
9623,dbAMP_33346,Pseudomonas aeruginosa,Negative
9624,dbAMP_19584,Staphylococcus aureus,Negative
9625,dbAMP_01966,Staphylococcus aureus,Negative
9626,dbAMP_17629,Staphylococcus aureus,Negative
9627,dbAMP_17938,Escherichia coli,Negative
9628,7386.0,Candida albicans,Negative
9629,dbAMP_19542,Staphylococcus aureus,Negative
9630,21182.0,Staphylococcus aureus,Negative
9631,dbAMP_16427,Enterococcus faecalis,Negative
9632,dbAMP_16868,Escherichia coli,Negative
9633,dbAMP_18429,Pseudomonas aeruginosa,Negative
9634,dbAMP_23953,Escherichia coli,Negative
9635,dbAMP_16170,Staphylococcus aureus,Negative
9636,17387.0,Candida parapsilosis,Negative
9637,22327.0,Staphylococcus aureus,Negative
9638,dbAMP_12827,Bacillus subtilis,Negative
9639,dbAMP_00385,Escherichia coli,Negative
9640,dbAMP_25032,Escherichia coli,Negative
9641,dbAMP_19258,Enterococcus faecalis,Negative
9642,dbAMP_16167,Bacillus subtilis,Negative
9643,dbAMP_02395,Salmonella enterica,Negative
9644,dbAMP_23253,Micrococcus luteus,Negative
9645,dbAMP_34207,Staphylococcus aureus,Negative
9646,18832.0,Staphylococcus epidermidis,Negative
9647,dbAMP_04898,Escherichia coli,Negative
9648,dbAMP_27112,Escherichia coli,Negative
9649,dbAMP_18366,Staphylococcus aureus,Negative
9650,dbAMP_03834,Staphylococcus epidermidis,Negative
9651,dbAMP_16472,Bacillus subtilis,Negative
9652,dbAMP_16914,Staphylococcus aureus,Negative
9653,dbAMP_05868,Escherichia coli,Negative
9654,20562.0,Escherichia coli,Negative
9655,dbAMP_27181,Candida albicans,Negative
9656,19854.0,Staphylococcus aureus,Negative
9657,19899.0,Acinetobacter baumannii,Negative
9658,17411.0,Pseudomonas aeruginosa,Negative
9659,21920.0,Escherichia coli,Negative
9660,21467.0,Staphylococcus aureus,Negative
9661,21926.0,Bacillus subtilis,Negative
9662,dbAMP_21121,Pseudomonas aeruginosa,Negative
9663,dbAMP_15956,Candida albicans,Negative
9664,dbAMP_04238,Klebsiella pneumoniae,Negative
9665,dbAMP_19219,Enterococcus faecalis,Negative
9666,dbAMP_16411,Escherichia coli,Negative
9667,dbAMP_25097,Bacillus subtilis,Negative
9668,20107.0,Escherichia coli,Negative
9669,dbAMP_33270,Candida albicans,Negative
9670,dbAMP_20990,Pseudomonas aeruginosa,Negative
9671,18191.0,Klebsiella pneumoniae,Negative
9672,dbAMP_05292,Pseudomonas aeruginosa,Negative
9673,dbAMP_12838,Micrococcus luteus,Negative
9674,dbAMP_33342,Pseudomonas aeruginosa,Negative
9675,dbAMP_04499,Staphylococcus aureus,Negative
9676,dbAMP_20476,Klebsiella pneumoniae,Negative
9677,dbAMP_09692,Staphylococcus aureus,Negative
9678,dbAMP_22641,Candida albicans,Negative
9679,DRAMP01452,Candida albicans,Negative
9680,dbAMP_25039,Enterococcus faecium,Negative
9681,dbAMP_22285,Escherichia coli,Negative
9682,dbAMP_02190,Klebsiella pneumoniae,Negative
9683,dbAMP_17083,Klebsiella pneumoniae,Negative
9684,dbAMP_21398,Bacillus cereus,Negative
9685,dbAMP_22530,Candida albicans,Negative
9686,dbAMP_22337,Escherichia coli,Negative
9687,dbAMP_31971,Salmonella enterica,Negative
9688,18655.0,Enterococcus faecium,Negative
9689,dbAMP_12361,Listeria monocytogenes,Negative
9690,dbAMP_24347,Staphylococcus aureus,Negative
9691,dbAMP_19281,Salmonella enterica,Negative
9692,dbAMP_33388,Listeria monocytogenes,Negative
9693,dbAMP_20479,Escherichia coli,Negative
9694,dbAMP_15944,Pseudomonas aeruginosa,Negative
9695,dbAMP_27612,Escherichia coli,Negative
9696,dbAMP_25429,Klebsiella pneumoniae,Negative
9697,dbAMP_19353,Escherichia coli,Negative
9698,dbAMP_23788,Staphylococcus aureus,Negative
9699,dbAMP_05808,Escherichia coli,Negative
9700,dbAMP_19192,Klebsiella pneumoniae,Negative
9701,dbAMP_19723,Pseudomonas aeruginosa,Negative
9702,dbAMP_21723,Candida albicans,Negative
9703,dbAMP_17027,Klebsiella pneumoniae,Negative
9704,dbAMP_31440,Pseudomonas aeruginosa,Negative
9705,dbAMP_16172,Pseudomonas aeruginosa,Negative
9706,dbAMP_24630,Bacillus subtilis,Negative
9707,dbAMP_19847,Escherichia coli,Negative
9708,dbAMP_24240,Staphylococcus aureus,Negative
9709,20797.0,Escherichia coli,Negative
9710,dbAMP_33190,Escherichia coli,Negative
9711,18072.0,Candida parapsilosis,Negative
9712,DRAMP00766,Staphylococcus aureus,Negative
9713,dbAMP_27301,Klebsiella pneumoniae,Negative
9714,dbAMP_17951,Staphylococcus aureus,Negative
9715,dbAMP_25216,Enterococcus faecalis,Negative
9716,dbAMP_20768,Candida albicans,Negative
9717,dbAMP_23715,Klebsiella pneumoniae,Negative
9718,dbAMP_17210,Pseudomonas aeruginosa,Negative
9719,dbAMP_31962,Bacillus cereus,Negative
9720,dbAMP_17341,Listeria monocytogenes,Negative
9721,dbAMP_33184,Candida albicans,Negative
9722,dbAMP_33680,Staphylococcus aureus,Negative
9723,dbAMP_21144,Escherichia coli,Negative
9724,dbAMP_22328,Escherichia coli,Negative
9725,dbAMP_09560,Pseudomonas aeruginosa,Negative
9726,dbAMP_25240,Staphylococcus aureus,Negative
9727,dbAMP_18887,Salmonella enterica,Negative
9728,20177.0,Klebsiella pneumoniae,Negative
9729,dbAMP_22921,Enterobacter cloacae,Negative
9730,22294.0,Pseudomonas aeruginosa,Negative
9731,dbAMP_22508,Bacillus subtilis,Negative
9732,dbAMP_01912,Acinetobacter baumannii,Negative
9733,22362.0,Candida albicans,Negative
9734,dbAMP_02072,Klebsiella pneumoniae,Negative
9735,17461.0,Candida albicans,Negative
9736,dbAMP_34396,Candida albicans,Negative
9737,dbAMP_14716,Staphylococcus aureus,Negative
9738,22325.0,Pseudomonas aeruginosa,Negative
9739,dbAMP_16755,Salmonella enterica,Negative
9740,dbAMP_33120,Escherichia coli,Negative
9741,dbAMP_17641,Pseudomonas aeruginosa,Negative
9742,21554.0,Escherichia coli,Negative
9743,dbAMP_16418,Pseudomonas aeruginosa,Negative
9744,dbAMP_23600,Pseudomonas aeruginosa,Negative
9745,dbAMP_23542,Escherichia coli,Negative
9746,DRAMP18589,Candida albicans,Negative
9747,dbAMP_33365,Pseudomonas aeruginosa,Negative
9748,dbAMP_25146,Staphylococcus aureus,Negative
9749,19519.0,Enterococcus faecalis,Negative
9750,20388.0,Staphylococcus aureus,Negative
9751,dbAMP_20119,Listeria monocytogenes,Negative
9752,22273.0,Pseudomonas aeruginosa,Negative
9753,19842.0,Pseudomonas aeruginosa,Negative
9754,dbAMP_31148,Escherichia coli,Negative
9755,dbAMP_20967,Pseudomonas aeruginosa,Negative
9756,dbAMP_20821,Listeria monocytogenes,Negative
9757,dbAMP_24177,Listeria monocytogenes,Negative
9758,1824.0,Enterococcus faecalis,Negative
9759,dbAMP_10962,Klebsiella pneumoniae,Negative
9760,dbAMP_18232,Pseudomonas aeruginosa,Negative
9761,dbAMP_19067,Staphylococcus aureus,Negative
9762,dbAMP_17120,Candida albicans,Negative
9763,12113.0,Enterococcus faecalis,Negative
9764,dbAMP_22738,Salmonella enterica,Negative
9765,dbAMP_22893,Pseudomonas aeruginosa,Negative
9766,dbAMP_22366,Escherichia coli,Negative
9767,dbAMP_16173,Staphylococcus epidermidis,Negative
9768,dbAMP_21104,Klebsiella pneumoniae,Negative
9769,dbAMP_00987,Pseudomonas aeruginosa,Negative
9770,dbAMP_01914,Enterobacter cloacae,Negative
9771,dbAMP_19753,Escherichia coli,Negative
9772,dbAMP_19370,Staphylococcus aureus,Negative
9773,dbAMP_33194,Pseudomonas aeruginosa,Negative
9774,dbAMP_24630,Escherichia coli,Negative
9775,dbAMP_03480,Staphylococcus aureus,Negative
9776,dbAMP_20319,Escherichia coli,Negative
9777,dbAMP_02545,Enterobacter cloacae,Negative
9778,dbAMP_27563,Staphylococcus epidermidis,Negative
9779,dbAMP_22782,Micrococcus luteus,Negative
9780,17765.0,Bacillus subtilis,Negative
9781,dbAMP_33943,Pseudomonas aeruginosa,Negative
9782,dbAMP_20119,Candida albicans,Negative
9783,dbAMP_23900,Escherichia coli,Negative
9784,dbAMP_18178,Bacillus subtilis,Negative
9785,dbAMP_16758,Escherichia coli,Negative
9786,dbAMP_19267,Staphylococcus aureus,Negative
9787,17509.0,Candida albicans,Negative
9788,dbAMP_25152,Klebsiella pneumoniae,Negative
9789,dbAMP_23207,Staphylococcus aureus,Negative
9790,dbAMP_03986,Candida albicans,Negative
9791,dbAMP_17768,Pseudomonas aeruginosa,Negative
9792,dbAMP_21045,Acinetobacter baumannii,Negative
9793,dbAMP_20564,Staphylococcus aureus,Negative
9794,dbAMP_21850,Staphylococcus epidermidis,Negative
9795,dbAMP_20481,Escherichia coli,Negative
9796,dbAMP_18042,Candida parapsilosis,Negative
9797,19831.0,Pseudomonas aeruginosa,Negative
9798,dbAMP_15574,Staphylococcus epidermidis,Negative
9799,1160.0,Bacillus megaterium,Negative
9800,21553.0,Candida albicans,Negative
9801,dbAMP_19696,Staphylococcus aureus,Negative
9802,19134.0,Staphylococcus aureus,Negative
9803,17333.0,Pseudomonas aeruginosa,Negative
9804,21189.0,Enterococcus faecalis,Negative
9805,dbAMP_21309,Staphylococcus aureus,Negative
9806,dbAMP_24047,Klebsiella pneumoniae,Negative
9807,18846.0,Escherichia coli,Negative
9808,dbAMP_16505,Escherichia coli,Negative
9809,dbAMP_16080,Pseudomonas aeruginosa,Negative
9810,dbAMP_01727,Acinetobacter baumannii,Negative
9811,dbAMP_25287,Escherichia coli,Negative
9812,dbAMP_22506,Candida albicans,Negative
9813,dbAMP_21053,Candida albicans,Negative
9814,dbAMP_23188,Pseudomonas aeruginosa,Negative
9815,18471.0,Candida albicans,Negative
9816,dbAMP_24271,Staphylococcus epidermidis,Negative
9817,dbAMP_33164,Pseudomonas aeruginosa,Negative
9818,20400.0,Salmonella enterica,Negative
9819,17240.0,Acinetobacter baumannii,Negative
9820,dbAMP_23257,Pseudomonas aeruginosa,Negative
9821,20296.0,Staphylococcus aureus,Negative
9822,dbAMP_32066,Escherichia coli,Negative
9823,10380.0,Enterococcus faecalis,Negative
9824,dbAMP_02645,Klebsiella pneumoniae,Negative
9825,dbAMP_18978,Candida albicans,Negative
9826,dbAMP_32925,Bacillus subtilis,Negative
9827,dbAMP_14807,Pseudomonas aeruginosa,Negative
9828,dbAMP_23577,Salmonella enterica,Negative
9829,dbAMP_34219,Staphylococcus aureus,Negative
9830,dbAMP_17971,Pseudomonas aeruginosa,Negative
9831,dbAMP_18247,Staphylococcus aureus,Negative
9832,dbAMP_15748,Escherichia coli,Negative
9833,dbAMP_25337,Candida albicans,Negative
9834,dbAMP_04658,Staphylococcus aureus,Negative
9835,18654.0,Enterococcus faecium,Negative
9836,dbAMP_21995,Escherichia coli,Negative
9837,dbAMP_03733,Staphylococcus aureus,Negative
9838,20274.0,Staphylococcus aureus,Negative
9839,dbAMP_25040,Bacillus cereus,Negative
9840,dbAMP_23146,Salmonella enterica,Negative
9841,dbAMP_32066,Staphylococcus aureus,Negative
9842,dbAMP_16734,Staphylococcus aureus,Negative
9843,dbAMP_16390,Bacillus subtilis,Negative
9844,dbAMP_04292,Staphylococcus aureus,Negative
9845,dbAMP_18113,Escherichia coli,Negative
9846,dbAMP_21775,Pseudomonas aeruginosa,Negative
9847,dbAMP_24064,Pseudomonas aeruginosa,Negative
9848,19290.0,Staphylococcus aureus,Negative
9849,dbAMP_23771,Candida albicans,Negative
9850,dbAMP_23213,Bacillus subtilis,Negative
9851,DRAMP03896,Staphylococcus aureus,Negative
9852,dbAMP_25250,Escherichia coli,Negative
9853,dbAMP_04362,Staphylococcus aureus,Negative
9854,dbAMP_16992,Escherichia coli,Negative
9855,22106.0,Staphylococcus aureus,Negative
9856,19834.0,Staphylococcus aureus,Negative
9857,dbAMP_18719,Pseudomonas aeruginosa,Negative
9858,18811.0,Staphylococcus aureus,Negative
9859,dbAMP_23907,Staphylococcus aureus,Negative
9860,dbAMP_25011,Candida parapsilosis,Negative
9861,dbAMP_07562,Escherichia coli,Negative
9862,dbAMP_19317,Escherichia coli,Negative
9863,dbAMP_18887,Pseudomonas aeruginosa,Negative
9864,19907.0,Acinetobacter baumannii,Negative
9865,dbAMP_18200,Escherichia coli,Negative
9866,DRAMP02925,Staphylococcus aureus,Negative
9867,dbAMP_20128,Escherichia coli,Negative
9868,dbAMP_12208,Staphylococcus aureus,Negative
9869,dbAMP_02997,Pseudomonas aeruginosa,Negative
9870,18330.0,Klebsiella pneumoniae,Negative
9871,dbAMP_11142,Candida albicans,Negative
9872,18320.0,Klebsiella pneumoniae,Negative
9873,dbAMP_24241,Staphylococcus epidermidis,Negative
9874,dbAMP_11838,Bacillus subtilis,Negative
9875,dbAMP_32921,Escherichia coli,Negative
9876,17404.0,Escherichia coli,Negative
9877,dbAMP_22449,Escherichia coli,Negative
9878,dbAMP_22078,Escherichia coli,Negative
9879,dbAMP_16116,Listeria monocytogenes,Negative
9880,dbAMP_21124,Staphylococcus epidermidis,Negative
9881,dbAMP_17653,Pseudomonas aeruginosa,Negative
9882,dbAMP_16681,Escherichia coli,Negative
9883,dbAMP_33289,Candida albicans,Negative
9884,dbAMP_25415,Salmonella enterica,Negative
9885,dbAMP_21348,Escherichia coli,Negative
9886,dbAMP_16680,Enterococcus faecalis,Negative
9887,dbAMP_21983,Escherichia coli,Negative
9888,dbAMP_16737,Salmonella enterica,Negative
9889,dbAMP_34344,Staphylococcus aureus,Negative
9890,dbAMP_34377,Escherichia coli,Negative
9891,dbAMP_27583,Candida parapsilosis,Negative
9892,dbAMP_25098,Escherichia coli,Negative
9893,dbAMP_10641,Candida albicans,Negative
9894,dbAMP_33001,Staphylococcus aureus,Negative
9895,dbAMP_15005,Staphylococcus aureus,Negative
9896,dbAMP_21224,Escherichia coli,Negative
9897,dbAMP_24604,Klebsiella pneumoniae,Negative
9898,dbAMP_00704,Staphylococcus aureus,Negative
9899,dbAMP_21391,Bacillus cereus,Negative
9900,dbAMP_03644,Klebsiella pneumoniae,Negative
9901,dbAMP_21668,Micrococcus luteus,Negative
9902,dbAMP_01910,Klebsiella pneumoniae,Negative
9903,8831.0,Klebsiella pneumoniae,Negative
9904,DRAMP20776,Pseudomonas aeruginosa,Negative
9905,17957.0,Staphylococcus aureus,Negative
9906,10379.0,Pseudomonas aeruginosa,Negative
9907,dbAMP_21146,Pseudomonas aeruginosa,Negative
9908,dbAMP_22616,Pseudomonas aeruginosa,Negative
9909,dbAMP_21730,Candida albicans,Negative
9910,dbAMP_31713,Klebsiella pneumoniae,Negative
9911,dbAMP_21829,Staphylococcus aureus,Negative
9912,dbAMP_31777,Escherichia coli,Negative
9913,dbAMP_19716,Acinetobacter baumannii,Negative
9914,dbAMP_01016,Escherichia coli,Negative
9915,dbAMP_34256,Escherichia coli,Negative
9916,dbAMP_00370,Staphylococcus aureus,Negative
9917,21642.0,Escherichia coli,Negative
9918,dbAMP_19054,Enterococcus faecalis,Negative
9919,dbAMP_04006,Bacillus subtilis,Negative
9920,dbAMP_25084,Pseudomonas aeruginosa,Negative
9921,dbAMP_24368,Staphylococcus aureus,Negative
9922,dbAMP_21269,Staphylococcus aureus,Negative
9923,dbAMP_21235,Acinetobacter baumannii,Negative
9924,dbAMP_22542,Pseudomonas aeruginosa,Negative
9925,dbAMP_04261,Enterococcus faecium,Negative
9926,dbAMP_15936,Candida albicans,Negative
9927,dbAMP_19835,Cryptococcus neoformans,Negative
9928,20162.0,Candida albicans,Negative
9929,dbAMP_03746,Pseudomonas aeruginosa,Negative
9930,dbAMP_18743,Escherichia coli,Negative
9931,dbAMP_23595,Micrococcus luteus,Negative
9932,17099.0,Bacillus subtilis,Negative
9933,dbAMP_04211,Staphylococcus aureus,Negative
9934,dbAMP_32064,Bacillus subtilis,Negative
9935,18063.0,Escherichia coli,Negative
9936,dbAMP_18286,Staphylococcus aureus,Negative
9937,dbAMP_31967,Micrococcus luteus,Negative
9938,dbAMP_19191,Pseudomonas aeruginosa,Negative
9939,dbAMP_03569,Staphylococcus aureus,Negative
9940,6197.0,Acinetobacter baumannii,Negative
9941,17274.0,Candida albicans,Negative
9942,3598.0,Klebsiella pneumoniae,Negative
9943,17818.0,Staphylococcus aureus,Negative
9944,dbAMP_17815,Bacillus cereus,Negative
9945,dbAMP_31802,Acinetobacter baumannii,Negative
9946,dbAMP_24068,Staphylococcus aureus,Negative
9947,dbAMP_20764,Micrococcus luteus,Negative
9948,dbAMP_17386,Staphylococcus aureus,Negative
9949,dbAMP_05868,Pseudomonas aeruginosa,Negative
9950,dbAMP_04209,Klebsiella pneumoniae,Negative
9951,dbAMP_01819,Enterococcus faecalis,Negative
9952,dbAMP_16986,Escherichia coli,Negative
9953,dbAMP_19081,Escherichia coli,Negative
9954,dbAMP_23897,Staphylococcus aureus,Negative
9955,dbAMP_20568,Staphylococcus aureus,Negative
9956,22338.0,Escherichia coli,Negative
9957,dbAMP_00448,Staphylococcus aureus,Negative
9958,dbAMP_21141,Escherichia coli,Negative
9959,DRAMP29005,Staphylococcus aureus,Negative
9960,20399.0,Staphylococcus aureus,Negative
9961,dbAMP_20739,Staphylococcus epidermidis,Negative
9962,dbAMP_22834,Candida albicans,Negative
9963,dbAMP_34350,Escherichia coli,Negative
9964,dbAMP_17756,Candida albicans,Negative
9965,dbAMP_05112,Escherichia coli,Negative
9966,dbAMP_20108,Staphylococcus epidermidis,Negative
9967,dbAMP_18759,Pseudomonas aeruginosa,Negative
9968,dbAMP_31777,Staphylococcus aureus,Negative
9969,9826.0,Candida albicans,Negative
9970,dbAMP_31879,Staphylococcus epidermidis,Negative
9971,dbAMP_21397,Micrococcus luteus,Negative
9972,dbAMP_18910,Acinetobacter baumannii,Negative
9973,dbAMP_22304,Bacillus cereus,Negative
9974,dbAMP_34037,Staphylococcus aureus,Negative
9975,dbAMP_17906,Candida albicans,Negative
9976,dbAMP_27160,Escherichia coli,Negative
9977,dbAMP_02851,Candida albicans,Negative
9978,dbAMP_21531,Escherichia coli,Negative
9979,dbAMP_25063,Escherichia coli,Negative
9980,dbAMP_25174,Escherichia coli,Negative
9981,dbAMP_22294,Escherichia coli,Negative
9982,dbAMP_00987,Candida albicans,Negative
9983,20306.0,Enterococcus faecalis,Negative
9984,20399.0,Salmonella enterica,Negative
9985,491.0,Enterobacter cloacae,Negative
9986,21723.0,Pseudomonas aeruginosa,Negative
9987,dbAMP_03073,Escherichia coli,Negative
9988,dbAMP_03276,Micrococcus luteus,Negative
9989,dbAMP_22084,Staphylococcus aureus,Negative
9990,dbAMP_16402,Staphylococcus aureus,Negative
9991,dbAMP_20540,Staphylococcus aureus,Negative
9992,dbAMP_04658,Escherichia coli,Negative
9993,dbAMP_17317,Staphylococcus aureus,Negative
9994,dbAMP_22517,Staphylococcus aureus,Negative
9995,dbAMP_24672,Pseudomonas aeruginosa,Negative
9996,dbAMP_21663,Escherichia coli,Negative
9997,dbAMP_24842,Candida albicans,Negative
9998,dbAMP_04826,Bacillus subtilis,Negative
9999,dbAMP_17468,Staphylococcus aureus,Negative
10000,dbAMP_17845,Staphylococcus aureus,Negative
10001,dbAMP_00259,Escherichia coli,Negative
10002,dbAMP_16757,Escherichia coli,Negative
10003,17251.0,Escherichia coli,Negative
10004,dbAMP_24603,Salmonella enterica,Negative
10005,dbAMP_31644,Staphylococcus aureus,Negative
10006,dbAMP_34328,Staphylococcus aureus,Negative
10007,dbAMP_16803,Escherichia coli,Negative
10008,dbAMP_02424,Salmonella enterica,Negative
10009,21941.0,Escherichia coli,Negative
10010,dbAMP_18905,Escherichia coli,Negative
10011,13939.0,Staphylococcus aureus,Negative
10012,19415.0,Escherichia coli,Negative
10013,dbAMP_18380,Staphylococcus epidermidis,Negative
10014,dbAMP_22275,Escherichia coli,Negative
10015,dbAMP_10613,Escherichia coli,Negative
10016,dbAMP_33304,Candida albicans,Negative
10017,20953.0,Staphylococcus aureus,Negative
10018,2162.0,Bacillus cereus,Negative
10019,dbAMP_25178,Pseudomonas aeruginosa,Negative
10020,dbAMP_32381,Salmonella enterica,Negative
10021,dbAMP_20770,Staphylococcus aureus,Negative
10022,dbAMP_12270,Escherichia coli,Negative
10023,dbAMP_34351,Escherichia coli,Negative
10024,dbAMP_24347,Salmonella enterica,Negative
10025,dbAMP_28834,Pseudomonas aeruginosa,Negative
10026,dbAMP_33186,Candida albicans,Negative
10027,20583.0,Pseudomonas aeruginosa,Negative
10028,dbAMP_04238,Pseudomonas aeruginosa,Negative
10029,dbAMP_03287,Micrococcus luteus,Negative
10030,dbAMP_03279,Escherichia coli,Negative
10031,dbAMP_05282,Pseudomonas aeruginosa,Negative
10032,dbAMP_22452,Pseudomonas aeruginosa,Negative
10033,19518.0,Escherichia coli,Negative
10034,dbAMP_31309,Salmonella enterica,Negative
10035,19487.0,Enterobacter cloacae,Negative
10036,dbAMP_19659,Acinetobacter baumannii,Negative
10037,18210.0,Candida albicans,Negative
10038,dbAMP_31963,Micrococcus luteus,Negative
10039,dbAMP_22868,Staphylococcus aureus,Negative
10040,17508.0,Pseudomonas aeruginosa,Negative
10041,dbAMP_01649,Staphylococcus aureus,Negative
10042,dbAMP_24215,Escherichia coli,Negative
10043,dbAMP_21235,Candida albicans,Negative
10044,dbAMP_31972,Micrococcus luteus,Negative
10045,dbAMP_14803,Salmonella enterica,Negative
10046,19834.0,Candida albicans,Negative
10047,dbAMP_16132,Bacillus cereus,Negative
10048,dbAMP_01648,Bacillus subtilis,Negative
10049,dbAMP_01695,Bacillus cereus,Negative
10050,dbAMP_18071,Pseudomonas aeruginosa,Negative
10051,dbAMP_21741,Enterococcus faecalis,Negative
10052,5951.0,Candida albicans,Negative
10053,19520.0,Staphylococcus aureus,Negative
10054,dbAMP_16549,Pseudomonas aeruginosa,Negative
10055,dbAMP_23538,Staphylococcus epidermidis,Negative
10056,18578.0,Cryptococcus neoformans,Negative
10057,20937.0,Escherichia coli,Negative
10058,dbAMP_01912,Escherichia coli,Negative
10059,19865.0,Pseudomonas aeruginosa,Negative
10060,dbAMP_22662,Staphylococcus aureus,Negative
10061,19197.0,Staphylococcus aureus,Negative
10062,dbAMP_16629,Escherichia coli,Negative
10063,dbAMP_33005,Staphylococcus aureus,Negative
10064,dbAMP_04647,Klebsiella pneumoniae,Negative
10065,17807.0,Escherichia coli,Negative
10066,17608.0,Escherichia coli,Negative
10067,dbAMP_22360,Escherichia coli,Negative
10068,dbAMP_15790,Staphylococcus aureus,Negative
10069,dbAMP_24554,Micrococcus luteus,Negative
10070,dbAMP_21656,Bacillus subtilis,Negative
10071,20100.0,Staphylococcus aureus,Negative
10072,dbAMP_18098,Pseudomonas aeruginosa,Negative
10073,21642.0,Staphylococcus aureus,Negative
10074,20183.0,Pseudomonas aeruginosa,Negative
10075,dbAMP_18137,Klebsiella pneumoniae,Negative
10076,dbAMP_18673,Candida albicans,Negative
10077,dbAMP_22515,Escherichia coli,Negative
10078,dbAMP_24053,Staphylococcus aureus,Negative
10079,dbAMP_19625,Pseudomonas aeruginosa,Negative
10080,dbAMP_18432,Candida albicans,Negative
10081,21726.0,Acinetobacter baumannii,Negative
10082,dbAMP_21828,Escherichia coli,Negative
10083,22270.0,Escherichia coli,Negative
10084,14945.0,Acinetobacter baumannii,Negative
10085,dbAMP_23590,Micrococcus luteus,Negative
10086,dbAMP_31970,Listeria monocytogenes,Negative
10087,dbAMP_16308,Enterococcus faecalis,Negative
10088,dbAMP_20128,Staphylococcus aureus,Negative
10089,20544.0,Staphylococcus aureus,Negative
10090,dbAMP_02668,Enterococcus faecalis,Negative
10091,dbAMP_18886,Staphylococcus aureus,Negative
10092,dbAMP_23189,Escherichia coli,Negative
10093,dbAMP_18719,Salmonella enterica,Negative
10094,dbAMP_18754,Pseudomonas aeruginosa,Negative
10095,DRAMP29029,Staphylococcus aureus,Negative
10096,dbAMP_27502,Escherichia coli,Negative
10097,dbAMP_19551,Bacillus subtilis,Negative
10098,22380.0,Acinetobacter baumannii,Negative
10099,20362.0,Escherichia coli,Negative
10100,dbAMP_21400,Bacillus cereus,Negative
10101,dbAMP_21932,Escherichia coli,Negative
10102,dbAMP_20870,Staphylococcus epidermidis,Negative
10103,dbAMP_21168,Staphylococcus aureus,Negative
10104,20598.0,Pseudomonas aeruginosa,Negative
10105,4948.0,Candida albicans,Negative
10106,dbAMP_14721,Candida albicans,Negative
10107,18329.0,Klebsiella pneumoniae,Negative
10108,22325.0,Staphylococcus aureus,Negative
10109,dbAMP_21730,Staphylococcus aureus,Negative
10110,dbAMP_05805,Escherichia coli,Negative
10111,21722.0,Staphylococcus aureus,Negative
10112,dbAMP_31876,Bacillus subtilis,Negative
10113,18110.0,Listeria monocytogenes,Negative
10114,dbAMP_16744,Enterococcus faecalis,Negative
10115,17246.0,Acinetobacter baumannii,Negative
10116,dbAMP_23177,Staphylococcus aureus,Negative
10117,dbAMP_03295,Escherichia coli,Negative
10118,dbAMP_21854,Staphylococcus epidermidis,Negative
10119,21733.0,Escherichia coli,Negative
10120,dbAMP_20499,Escherichia coli,Negative
10121,dbAMP_18071,Klebsiella pneumoniae,Negative
10122,dbAMP_25023,Candida albicans,Negative
10123,dbAMP_25170,Escherichia coli,Negative
10124,dbAMP_24073,Klebsiella pneumoniae,Negative
10125,17469.0,Staphylococcus aureus,Negative
10126,dbAMP_00215,Acinetobacter baumannii,Negative
10127,dbAMP_03660,Staphylococcus epidermidis,Negative
10128,dbAMP_02478,Pseudomonas aeruginosa,Negative
10129,dbAMP_19389,Escherichia coli,Negative
10130,19139.0,Staphylococcus aureus,Negative
10131,dbAMP_04305,Enterobacter cloacae,Negative
10132,dbAMP_16035,Enterococcus faecalis,Negative
10133,dbAMP_23114,Pseudomonas aeruginosa,Negative
10134,dbAMP_34285,Escherichia coli,Negative
10135,dbAMP_17095,Staphylococcus aureus,Negative
10136,dbAMP_01917,Enterobacter cloacae,Negative
10137,dbAMP_16333,Enterococcus faecalis,Negative
10138,20961.0,Acinetobacter baumannii,Negative
10139,dbAMP_28617,Staphylococcus aureus,Negative
10140,dbAMP_21829,Bacillus subtilis,Negative
10141,18157.0,Bacillus subtilis,Negative
10142,dbAMP_24868,Klebsiella pneumoniae,Negative
10143,dbAMP_31362,Pseudomonas aeruginosa,Negative
10144,dbAMP_22306,Bacillus cereus,Negative
10145,17506.0,Klebsiella pneumoniae,Negative
10146,21175.0,Klebsiella pneumoniae,Negative
10147,dbAMP_27351,Cryptococcus neoformans,Negative
10148,20304.0,Acinetobacter baumannii,Negative
10149,dbAMP_00968,Pseudomonas aeruginosa,Negative
10150,21944.0,Acinetobacter baumannii,Negative
10151,dbAMP_15576,Bacillus subtilis,Negative
10152,dbAMP_34283,Escherichia coli,Negative
10153,DRAMP03872,Enterococcus faecalis,Negative
10154,dbAMP_23098,Staphylococcus aureus,Negative
10155,dbAMP_22451,Escherichia coli,Negative
10156,dbAMP_02251,Candida albicans,Negative
10157,19125.0,Klebsiella pneumoniae,Negative
10158,14619.0,Escherichia coli,Negative
10159,20597.0,Acinetobacter baumannii,Negative
10160,dbAMP_25120,Staphylococcus aureus,Negative
10161,dbAMP_11308,Klebsiella pneumoniae,Negative
10162,dbAMP_19055,Salmonella enterica,Negative
10163,dbAMP_22360,Bacillus cereus,Negative
10164,dbAMP_21669,Micrococcus luteus,Negative
10165,dbAMP_15932,Pseudomonas aeruginosa,Negative
10166,dbAMP_32031,Micrococcus luteus,Negative
10167,17454.0,Klebsiella pneumoniae,Negative
10168,dbAMP_22690,Enterococcus faecalis,Negative
10169,dbAMP_17800,Enterococcus faecalis,Negative
10170,dbAMP_19056,Escherichia coli,Negative
10171,dbAMP_17112,Enterococcus faecalis,Negative
10172,dbAMP_21696,Escherichia coli,Negative
10173,dbAMP_16543,Candida parapsilosis,Negative
10174,dbAMP_23628,Salmonella enterica,Negative
10175,dbAMP_17940,Escherichia coli,Negative
10176,dbAMP_19232,Candida albicans,Negative
10177,17525.0,Acinetobacter baumannii,Negative
10178,dbAMP_34313,Staphylococcus aureus,Negative
10179,dbAMP_22528,Candida albicans,Negative
10180,22285.0,Klebsiella pneumoniae,Negative
10181,dbAMP_19563,Pseudomonas aeruginosa,Negative
10182,20288.0,Bacillus cereus,Negative
10183,dbAMP_18073,Pseudomonas aeruginosa,Negative
10184,dbAMP_33155,Pseudomonas aeruginosa,Negative
10185,20542.0,Cryptococcus neoformans,Negative
10186,dbAMP_32928,Bacillus cereus,Negative
10187,dbAMP_19354,Candida albicans,Negative
10188,dbAMP_33160,Staphylococcus aureus,Negative
10189,dbAMP_22669,Pseudomonas aeruginosa,Negative
10190,dbAMP_22279,Escherichia coli,Negative
10191,dbAMP_20132,Staphylococcus epidermidis,Negative
10192,20330.0,Salmonella enterica,Negative
10193,17451.0,Pseudomonas aeruginosa,Negative
10194,dbAMP_28797,Escherichia coli,Negative
10195,dbAMP_09683,Escherichia coli,Negative
10196,dbAMP_25221,Escherichia coli,Negative
10197,dbAMP_20854,Escherichia coli,Negative
10198,dbAMP_05726,Staphylococcus aureus,Negative
10199,dbAMP_10270,Escherichia coli,Negative
10200,dbAMP_19253,Staphylococcus aureus,Negative
10201,dbAMP_22305,Escherichia coli,Negative
10202,21640.0,Staphylococcus aureus,Negative
10203,dbAMP_04691,Acinetobacter baumannii,Negative
10204,dbAMP_21593,Escherichia coli,Negative
10205,dbAMP_03719,Pseudomonas aeruginosa,Negative
10206,dbAMP_19214,Klebsiella pneumoniae,Negative
10207,dbAMP_25118,Staphylococcus aureus,Negative
10208,21181.0,Enterococcus faecalis,Negative
10209,dbAMP_04996,Staphylococcus epidermidis,Negative
10210,dbAMP_34371,Staphylococcus aureus,Negative
10211,dbAMP_25278,Candida albicans,Negative
10212,dbAMP_19020,Pseudomonas aeruginosa,Negative
10213,17468.0,Acinetobacter baumannii,Negative
10214,dbAMP_33302,Pseudomonas aeruginosa,Negative
10215,dbAMP_16658,Enterococcus faecium,Negative
10216,dbAMP_23608,Staphylococcus epidermidis,Negative
10217,dbAMP_16995,Bacillus subtilis,Negative
10218,dbAMP_34354,Escherichia coli,Negative
10219,21836.0,Escherichia coli,Negative
10220,dbAMP_17726,Pseudomonas aeruginosa,Negative
10221,20159.0,Candida albicans,Negative
10222,dbAMP_20764,Klebsiella pneumoniae,Negative
10223,20045.0,Staphylococcus aureus,Negative
10224,dbAMP_18883,Staphylococcus aureus,Negative
10225,dbAMP_02271,Staphylococcus aureus,Negative
10226,dbAMP_24882,Escherichia coli,Negative
10227,17970.0,Staphylococcus aureus,Negative
10228,dbAMP_25427,Staphylococcus aureus,Negative
10229,dbAMP_34270,Staphylococcus aureus,Negative
10230,dbAMP_02293,Staphylococcus aureus,Negative
10231,dbAMP_22580,Pseudomonas aeruginosa,Negative
10232,dbAMP_22467,Staphylococcus aureus,Negative
10233,dbAMP_22372,Escherichia coli,Negative
10234,20306.0,Staphylococcus aureus,Negative
10235,17796.0,Escherichia coli,Negative
10236,18839.0,Escherichia coli,Negative
10237,dbAMP_00568,Pseudomonas aeruginosa,Negative
10238,DRAMP01876,Candida albicans,Negative
10239,dbAMP_18147,Salmonella enterica,Negative
10240,dbAMP_23600,Micrococcus luteus,Negative
10241,dbAMP_16716,Enterococcus faecium,Negative
10242,dbAMP_19314,Staphylococcus aureus,Negative
10243,dbAMP_00312,Escherichia coli,Negative
10244,21654.0,Pseudomonas aeruginosa,Negative
10245,20042.0,Escherichia coli,Negative
10246,dbAMP_23824,Escherichia coli,Negative
10247,dbAMP_10255,Salmonella enterica,Negative
10248,dbAMP_17681,Pseudomonas aeruginosa,Negative
10249,dbAMP_27267,Staphylococcus aureus,Negative
10250,18656.0,Pseudomonas aeruginosa,Negative
10251,dbAMP_23815,Pseudomonas aeruginosa,Negative
10252,dbAMP_33712,Listeria monocytogenes,Negative
10253,dbAMP_19010,Pseudomonas aeruginosa,Negative
10254,22273.0,Staphylococcus aureus,Negative
10255,17503.0,Enterococcus faecium,Negative
10256,dbAMP_22276,Bacillus cereus,Negative
10257,dbAMP_21462,Pseudomonas aeruginosa,Negative
10258,dbAMP_17981,Micrococcus luteus,Negative
10259,dbAMP_20862,Salmonella enterica,Negative
10260,dbAMP_33031,Klebsiella pneumoniae,Negative
10261,21533.0,Pseudomonas aeruginosa,Negative
10262,dbAMP_27510,Pseudomonas aeruginosa,Negative
10263,dbAMP_24127,Staphylococcus aureus,Negative
10264,dbAMP_16765,Salmonella enterica,Negative
10265,dbAMP_33169,Candida albicans,Negative
10266,dbAMP_02291,Escherichia coli,Negative
10267,dbAMP_18982,Escherichia coli,Negative
10268,dbAMP_16765,Pseudomonas aeruginosa,Negative
10269,dbAMP_33308,Candida albicans,Negative
10270,dbAMP_03596,Staphylococcus aureus,Negative
10271,dbAMP_22654,Staphylococcus aureus,Negative
10272,dbAMP_16081,Staphylococcus epidermidis,Negative
10273,dbAMP_03683,Micrococcus luteus,Negative
10274,21214.0,Pseudomonas aeruginosa,Negative
10275,dbAMP_16731,Klebsiella pneumoniae,Negative
10276,dbAMP_18696,Candida albicans,Negative
10277,dbAMP_24560,Micrococcus luteus,Negative
10278,18299.0,Salmonella enterica,Negative
10279,dbAMP_17765,Escherichia coli,Negative
10280,19819.0,Staphylococcus aureus,Negative
10281,dbAMP_19018,Pseudomonas aeruginosa,Negative
10282,19138.0,Staphylococcus aureus,Negative
10283,6468.0,Escherichia coli,Negative
10284,18330.0,Escherichia coli,Negative
10285,dbAMP_05165,Enterococcus faecalis,Negative
10286,dbAMP_18943,Escherichia coli,Negative
10287,20535.0,Pseudomonas aeruginosa,Negative
10288,dbAMP_18524,Staphylococcus aureus,Negative
10289,dbAMP_21394,Bacillus cereus,Negative
10290,dbAMP_20461,Candida albicans,Negative
10291,dbAMP_28835,Pseudomonas aeruginosa,Negative
10292,dbAMP_02294,Staphylococcus aureus,Negative
10293,22285.0,Escherichia coli,Negative
10294,dbAMP_31151,Escherichia coli,Negative
10295,dbAMP_22654,Candida albicans,Negative
10296,dbAMP_02076,Staphylococcus aureus,Negative
10297,dbAMP_05365,Staphylococcus aureus,Negative
10298,dbAMP_19564,Candida parapsilosis,Negative
10299,dbAMP_18659,Staphylococcus aureus,Negative
10300,dbAMP_32621,Escherichia coli,Negative
10301,dbAMP_18676,Candida albicans,Negative
10302,dbAMP_21668,Escherichia coli,Negative
10303,dbAMP_03741,Pseudomonas aeruginosa,Negative
10304,dbAMP_22603,Micrococcus luteus,Negative
10305,dbAMP_22727,Pseudomonas aeruginosa,Negative
10306,22382.0,Candida albicans,Negative
10307,dbAMP_19835,Klebsiella pneumoniae,Negative
10308,dbAMP_21143,Staphylococcus aureus,Negative
10309,dbAMP_22486,Enterobacter cloacae,Negative
10310,dbAMP_17688,Pseudomonas aeruginosa,Negative
10311,dbAMP_16255,Candida albicans,Negative
10312,22378.0,Enterococcus faecalis,Negative
10313,dbAMP_22330,Bacillus cereus,Negative
10314,dbAMP_03872,Klebsiella pneumoniae,Negative
10315,dbAMP_21781,Pseudomonas aeruginosa,Negative
10316,dbAMP_31864,Candida albicans,Negative
10317,dbAMP_25197,Enterococcus faecalis,Negative
10318,dbAMP_22615,Escherichia coli,Negative
10319,22285.0,Salmonella enterica,Negative
10320,17639.0,Escherichia coli,Negative
10321,dbAMP_31146,Escherichia coli,Negative
10322,dbAMP_02761,Pseudomonas aeruginosa,Negative
10323,dbAMP_18512,Enterococcus faecium,Negative
10324,dbAMP_16711,Candida albicans,Negative
10325,dbAMP_21619,Staphylococcus epidermidis,Negative
10326,19587.0,Escherichia coli,Negative
10327,dbAMP_10614,Acinetobacter baumannii,Negative
10328,dbAMP_18148,Pseudomonas aeruginosa,Negative
10329,18477.0,Candida parapsilosis,Negative
10330,18175.0,Staphylococcus aureus,Negative
10331,dbAMP_17121,Escherichia coli,Negative
10332,dbAMP_24220,Escherichia coli,Negative
10333,dbAMP_15850,Salmonella enterica,Negative
10334,dbAMP_23174,Klebsiella pneumoniae,Negative
10335,dbAMP_05645,Pseudomonas aeruginosa,Negative
10336,dbAMP_02991,Salmonella enterica,Negative
10337,dbAMP_19572,Staphylococcus aureus,Negative
10338,dbAMP_18954,Escherichia coli,Negative
10339,DRAMP03140,Staphylococcus aureus,Negative
10340,dbAMP_21652,Pseudomonas aeruginosa,Negative
10341,9125.0,Staphylococcus aureus,Negative
10342,dbAMP_02076,Escherichia coli,Negative
10343,17442.0,Staphylococcus aureus,Negative
10344,dbAMP_03700,Staphylococcus aureus,Negative
10345,3178.0,Klebsiella pneumoniae,Negative
10346,dbAMP_33217,Candida albicans,Negative
10347,18611.0,Klebsiella pneumoniae,Negative
10348,dbAMP_16753,Escherichia coli,Negative
10349,dbAMP_16757,Enterococcus faecium,Negative
10350,dbAMP_17916,Escherichia coli,Negative
10351,dbAMP_22546,Pseudomonas aeruginosa,Negative
10352,dbAMP_02099,Escherichia coli,Negative
10353,dbAMP_02446,Enterococcus faecalis,Negative
10354,dbAMP_16343,Pseudomonas aeruginosa,Negative
10355,dbAMP_27189,Escherichia coli,Negative
10356,dbAMP_22181,Escherichia coli,Negative
10357,dbAMP_23971,Staphylococcus aureus,Negative
10358,19520.0,Enterococcus faecalis,Negative
10359,dbAMP_23162,Micrococcus luteus,Negative
10360,20177.0,Staphylococcus aureus,Negative
10361,dbAMP_20979,Pseudomonas aeruginosa,Negative
10362,20442.0,Staphylococcus aureus,Negative
10363,dbAMP_17023,Escherichia coli,Negative
10364,dbAMP_19057,Staphylococcus aureus,Negative
10365,dbAMP_00079,Enterococcus faecalis,Negative
10366,dbAMP_18093,Escherichia coli,Negative
10367,dbAMP_33371,Candida albicans,Negative
10368,20492.0,Staphylococcus aureus,Negative
10369,dbAMP_22597,Bacillus megaterium,Negative
10370,dbAMP_03463,Micrococcus luteus,Negative
10371,dbAMP_19696,Klebsiella pneumoniae,Negative
10372,dbAMP_05994,Pseudomonas aeruginosa,Negative
10373,dbAMP_02231,Candida albicans,Negative
10374,dbAMP_25140,Escherichia coli,Negative
10375,dbAMP_03807,Staphylococcus aureus,Negative
10376,dbAMP_10987,Escherichia coli,Negative
10377,dbAMP_32275,Candida albicans,Negative
10378,dbAMP_22074,Candida albicans,Negative
10379,19607.0,Staphylococcus aureus,Negative
10380,17636.0,Escherichia coli,Negative
10381,dbAMP_04765,Escherichia coli,Negative
10382,20542.0,Enterococcus faecium,Negative
10383,dbAMP_01885,Pseudomonas aeruginosa,Negative
10384,dbAMP_01230,Bacillus cereus,Negative
10385,dbAMP_17657,Pseudomonas aeruginosa,Negative
10386,dbAMP_33690,Acinetobacter baumannii,Negative
10387,dbAMP_17376,Staphylococcus aureus,Negative
10388,DRAMP00766,Salmonella enterica,Negative
10389,dbAMP_17138,Pseudomonas aeruginosa,Negative
10390,dbAMP_33249,Candida albicans,Negative
10391,dbAMP_19061,Bacillus subtilis,Negative
10392,dbAMP_21939,Escherichia coli,Negative
10393,dbAMP_33187,Pseudomonas aeruginosa,Negative
10394,dbAMP_32545,Staphylococcus aureus,Negative
10395,dbAMP_19035,Candida albicans,Negative
10396,dbAMP_22650,Listeria monocytogenes,Negative
10397,dbAMP_34043,Salmonella enterica,Negative
10398,dbAMP_22637,Staphylococcus aureus,Negative
10399,dbAMP_21211,Escherichia coli,Negative
10400,dbAMP_22449,Staphylococcus aureus,Negative
10401,dbAMP_00877,Pseudomonas aeruginosa,Negative
10402,dbAMP_02777,Staphylococcus aureus,Negative
10403,18328.0,Pseudomonas aeruginosa,Negative
10404,dbAMP_24373,Staphylococcus aureus,Negative
10405,dbAMP_19011,Pseudomonas aeruginosa,Negative
10406,dbAMP_16729,Klebsiella pneumoniae,Negative
10407,20583.0,Acinetobacter baumannii,Negative
10408,20331.0,Salmonella enterica,Negative
10409,dbAMP_18718,Staphylococcus aureus,Negative
10410,dbAMP_28733,Escherichia coli,Negative
10411,21214.0,Klebsiella pneumoniae,Negative
10412,dbAMP_02975,Bacillus subtilis,Negative
10413,dbAMP_02946,Candida albicans,Negative
10414,dbAMP_23522,Klebsiella pneumoniae,Negative
10415,dbAMP_23175,Staphylococcus aureus,Negative
10416,dbAMP_18941,Staphylococcus aureus,Negative
10417,21170.0,Pseudomonas aeruginosa,Negative
10418,dbAMP_00568,Staphylococcus aureus,Negative
10419,dbAMP_25007,Salmonella enterica,Negative
10420,dbAMP_02176,Staphylococcus aureus,Negative
10421,dbAMP_27370,Candida albicans,Negative
10422,dbAMP_02062,Klebsiella pneumoniae,Negative
10423,dbAMP_14833,Enterococcus faecalis,Negative
10424,506.0,Pseudomonas aeruginosa,Negative
10425,dbAMP_17727,Bacillus cereus,Negative
10426,dbAMP_24039,Pseudomonas aeruginosa,Negative
10427,dbAMP_33270,Pseudomonas aeruginosa,Negative
10428,dbAMP_21197,Staphylococcus aureus,Negative
10429,dbAMP_19093,Escherichia coli,Negative
10430,dbAMP_23840,Staphylococcus aureus,Negative
10431,21642.0,Klebsiella pneumoniae,Negative
10432,20788.0,Staphylococcus aureus,Negative
10433,dbAMP_19639,Escherichia coli,Negative
10434,20831.0,Enterococcus faecalis,Negative
10435,dbAMP_21156,Escherichia coli,Negative
10436,dbAMP_02826,Candida albicans,Negative
10437,dbAMP_23116,Bacillus subtilis,Negative
10438,dbAMP_05257,Bacillus megaterium,Negative
10439,dbAMP_18656,Pseudomonas aeruginosa,Negative
10440,dbAMP_23538,Bacillus subtilis,Negative
10441,dbAMP_24671,Pseudomonas aeruginosa,Negative
10442,dbAMP_03809,Enterococcus faecalis,Negative
10443,dbAMP_19579,Acinetobacter baumannii,Negative
10444,dbAMP_19012,Staphylococcus aureus,Negative
10445,dbAMP_04600,Escherichia coli,Negative
10446,dbAMP_17343,Bacillus subtilis,Negative
10447,21646.0,Klebsiella pneumoniae,Negative
10448,dbAMP_19596,Escherichia coli,Negative
10449,20359.0,Escherichia coli,Negative
10450,19526.0,Staphylococcus epidermidis,Negative
10451,22201.0,Escherichia coli,Negative
10452,dbAMP_33003,Staphylococcus aureus,Negative
10453,dbAMP_16096,Staphylococcus aureus,Negative
10454,dbAMP_33208,Pseudomonas aeruginosa,Negative
10455,dbAMP_24681,Staphylococcus aureus,Negative
10456,506.0,Escherichia coli,Negative
10457,dbAMP_19355,Klebsiella pneumoniae,Negative
10458,dbAMP_02295,Escherichia coli,Negative
10459,dbAMP_21650,Bacillus subtilis,Negative
10460,dbAMP_18370,Staphylococcus aureus,Negative
10461,dbAMP_19582,Acinetobacter baumannii,Negative
10462,18855.0,Staphylococcus epidermidis,Negative
10463,18057.0,Escherichia coli,Negative
10464,dbAMP_18943,Pseudomonas aeruginosa,Negative
10465,9307.0,Staphylococcus aureus,Negative
10466,dbAMP_24136,Pseudomonas aeruginosa,Negative
10467,dbAMP_23599,Micrococcus luteus,Negative
10468,dbAMP_16711,Staphylococcus aureus,Negative
10469,dbAMP_24050,Staphylococcus aureus,Negative
10470,dbAMP_23953,Bacillus subtilis,Negative
10471,18047.0,Klebsiella pneumoniae,Negative
10472,dbAMP_23267,Escherichia coli,Negative
10473,dbAMP_02494,Escherichia coli,Negative
10474,dbAMP_21764,Pseudomonas aeruginosa,Negative
10475,dbAMP_31866,Candida albicans,Negative
10476,21073.0,Staphylococcus epidermidis,Negative
10477,dbAMP_04563,Bacillus cereus,Negative
10478,10381.0,Acinetobacter baumannii,Negative
10479,dbAMP_03060,Enterobacter cloacae,Negative
10480,dbAMP_19281,Staphylococcus aureus,Negative
10481,dbAMP_20530,Enterococcus faecalis,Negative
10482,dbAMP_04711,Klebsiella pneumoniae,Negative
10483,17414.0,Acinetobacter baumannii,Negative
10484,dbAMP_15923,Pseudomonas aeruginosa,Negative
10485,dbAMP_18676,Staphylococcus aureus,Negative
10486,dbAMP_23577,Escherichia coli,Negative
10487,dbAMP_03333,Escherichia coli,Negative
10488,dbAMP_33197,Escherichia coli,Negative
10489,dbAMP_16876,Staphylococcus aureus,Negative
10490,dbAMP_24824,Bacillus subtilis,Negative
10491,dbAMP_21944,Staphylococcus aureus,Negative
10492,5951.0,Staphylococcus aureus,Negative
10493,dbAMP_24061,Escherichia coli,Negative
10494,dbAMP_23971,Candida albicans,Negative
10495,dbAMP_19087,Escherichia coli,Negative
10496,DRAMP03090,Micrococcus luteus,Negative
10497,dbAMP_16912,Escherichia coli,Negative
10498,21053.0,Staphylococcus epidermidis,Negative
10499,dbAMP_03864,Staphylococcus aureus,Negative
10500,dbAMP_24958,Staphylococcus aureus,Negative
10501,18105.0,Staphylococcus aureus,Negative
10502,dbAMP_04988,Staphylococcus aureus,Negative
10503,dbAMP_21615,Escherichia coli,Negative
10504,dbAMP_02269,Candida albicans,Negative
10505,dbAMP_19572,Candida parapsilosis,Negative
10506,dbAMP_23927,Pseudomonas aeruginosa,Negative
10507,dbAMP_14806,Candida albicans,Negative
10508,dbAMP_22456,Escherichia coli,Negative
10509,17591.0,Candida albicans,Negative
10510,dbAMP_34360,Staphylococcus aureus,Negative
10511,dbAMP_03624,Escherichia coli,Negative
10512,dbAMP_31635,Pseudomonas aeruginosa,Negative
10513,19995.0,Acinetobacter baumannii,Negative
10514,dbAMP_24291,Enterococcus faecium,Negative
10515,dbAMP_21738,Escherichia coli,Negative
10516,18071.0,Enterococcus faecalis,Negative
10517,dbAMP_22353,Escherichia coli,Negative
10518,dbAMP_18146,Salmonella enterica,Negative
10519,dbAMP_33179,Candida albicans,Negative
10520,21644.0,Staphylococcus aureus,Negative
10521,dbAMP_32226,Staphylococcus epidermidis,Negative
10522,dbAMP_22601,Micrococcus luteus,Negative
10523,dbAMP_22447,Bacillus subtilis,Negative
10524,17512.0,Pseudomonas aeruginosa,Negative
10525,20610.0,Staphylococcus aureus,Negative
10526,dbAMP_03090,Candida albicans,Negative
10527,dbAMP_28792,Staphylococcus aureus,Negative
10528,dbAMP_04292,Pseudomonas aeruginosa,Negative
10529,dbAMP_31872,Escherichia coli,Negative
10530,dbAMP_19839,Staphylococcus aureus,Negative
10531,dbAMP_04291,Escherichia coli,Negative
10532,dbAMP_24332,Pseudomonas aeruginosa,Negative
10533,dbAMP_34255,Escherichia coli,Negative
10534,dbAMP_22403,Escherichia coli,Negative
10535,dbAMP_24669,Pseudomonas aeruginosa,Negative
10536,20077.0,Pseudomonas aeruginosa,Negative
10537,dbAMP_33175,Pseudomonas aeruginosa,Negative
10538,dbAMP_25311,Escherichia coli,Negative
10539,dbAMP_34266,Staphylococcus aureus,Negative
10540,dbAMP_25390,Pseudomonas aeruginosa,Negative
10541,dbAMP_32026,Micrococcus luteus,Negative
10542,dbAMP_21348,Staphylococcus aureus,Negative
10543,dbAMP_17436,Staphylococcus aureus,Negative
10544,dbAMP_20951,Pseudomonas aeruginosa,Negative
10545,dbAMP_16193,Staphylococcus aureus,Negative
10546,dbAMP_25132,Escherichia coli,Negative
10547,dbAMP_11770,Bacillus subtilis,Negative
10548,dbAMP_32041,Staphylococcus aureus,Negative
10549,dbAMP_19085,Escherichia coli,Negative
10550,dbAMP_33189,Pseudomonas aeruginosa,Negative
10551,dbAMP_33118,Pseudomonas aeruginosa,Negative
10552,dbAMP_18672,Candida albicans,Negative
10553,20365.0,Staphylococcus aureus,Negative
10554,dbAMP_21043,Klebsiella pneumoniae,Negative
10555,18580.0,Candida parapsilosis,Negative
10556,dbAMP_33372,Escherichia coli,Negative
10557,1564.0,Klebsiella pneumoniae,Negative
10558,22363.0,Enterococcus faecium,Negative
10559,dbAMP_24241,Staphylococcus aureus,Negative
10560,dbAMP_12838,Salmonella enterica,Negative
10561,dbAMP_28734,Candida parapsilosis,Negative
10562,dbAMP_02416,Klebsiella pneumoniae,Negative
10563,dbAMP_02116,Staphylococcus aureus,Negative
10564,dbAMP_16912,Klebsiella pneumoniae,Negative
10565,dbAMP_27264,Enterococcus faecalis,Negative
10566,dbAMP_23787,Staphylococcus aureus,Negative
10567,dbAMP_06014,Staphylococcus aureus,Negative
10568,dbAMP_34096,Pseudomonas aeruginosa,Negative
10569,dbAMP_33169,Pseudomonas aeruginosa,Negative
10570,dbAMP_32994,Candida albicans,Negative
10571,17503.0,Pseudomonas aeruginosa,Negative
10572,dbAMP_27402,Candida albicans,Negative
10573,dbAMP_19594,Escherichia coli,Negative
10574,21190.0,Staphylococcus aureus,Negative
10575,dbAMP_15970,Bacillus subtilis,Negative
10576,dbAMP_21034,Pseudomonas aeruginosa,Negative
10577,dbAMP_21124,Salmonella enterica,Negative
10578,dbAMP_18981,Pseudomonas aeruginosa,Negative
10579,dbAMP_21222,Pseudomonas aeruginosa,Negative
10580,20104.0,Escherichia coli,Negative
10581,dbAMP_20626,Bacillus subtilis,Negative
10582,dbAMP_02020,Candida albicans,Negative
10583,dbAMP_21657,Bacillus subtilis,Negative
10584,dbAMP_34301,Escherichia coli,Negative
10585,dbAMP_32059,Enterococcus faecalis,Negative
10586,dbAMP_18969,Staphylococcus aureus,Negative
10587,dbAMP_33280,Pseudomonas aeruginosa,Negative
10588,dbAMP_20130,Listeria monocytogenes,Negative
10589,dbAMP_03533,Pseudomonas aeruginosa,Negative
10590,dbAMP_01914,Staphylococcus aureus,Negative
10591,dbAMP_15794,Pseudomonas aeruginosa,Negative
10592,dbAMP_14831,Staphylococcus aureus,Negative
10593,dbAMP_21916,Escherichia coli,Negative
10594,dbAMP_33297,Pseudomonas aeruginosa,Negative
10595,dbAMP_02436,Staphylococcus epidermidis,Negative
10596,dbAMP_34224,Escherichia coli,Negative
10597,dbAMP_16761,Pseudomonas aeruginosa,Negative
10598,dbAMP_18174,Pseudomonas aeruginosa,Negative
10599,dbAMP_21019,Pseudomonas aeruginosa,Negative
10600,dbAMP_01915,Klebsiella pneumoniae,Negative
10601,17611.0,Escherichia coli,Negative
10602,21715.0,Enterococcus faecalis,Negative
10603,dbAMP_32927,Listeria monocytogenes,Negative
10604,dbAMP_19356,Candida albicans,Negative
10605,dbAMP_23608,Salmonella enterica,Negative
10606,dbAMP_21118,Acinetobacter baumannii,Negative
10607,dbAMP_34375,Staphylococcus aureus,Negative
10608,dbAMP_21839,Pseudomonas aeruginosa,Negative
10609,18465.0,Enterococcus faecalis,Negative
10610,dbAMP_20653,Bacillus subtilis,Negative
10611,22288.0,Acinetobacter baumannii,Negative
10612,dbAMP_01645,Pseudomonas aeruginosa,Negative
10613,dbAMP_23612,Micrococcus luteus,Negative
10614,19150.0,Listeria monocytogenes,Negative
10615,dbAMP_27567,Staphylococcus aureus,Negative
10616,dbAMP_18698,Candida albicans,Negative
10617,19579.0,Enterococcus faecalis,Negative
10618,14695.0,Pseudomonas aeruginosa,Negative
10619,dbAMP_34105,Escherichia coli,Negative
10620,dbAMP_10270,Staphylococcus aureus,Negative
10621,dbAMP_22375,Bacillus cereus,Negative
10622,7791.0,Staphylococcus epidermidis,Negative
10623,DRAMP01844,Staphylococcus aureus,Negative
10624,dbAMP_34168,Listeria monocytogenes,Negative
10625,20321.0,Escherichia coli,Negative
10626,dbAMP_02498,Staphylococcus aureus,Negative
10627,dbAMP_18905,Pseudomonas aeruginosa,Negative
10628,dbAMP_18726,Escherichia coli,Negative
10629,dbAMP_20732,Staphylococcus epidermidis,Negative
10630,dbAMP_06010,Staphylococcus aureus,Negative
10631,dbAMP_23668,Escherichia coli,Negative
10632,dbAMP_33186,Staphylococcus aureus,Negative
10633,dbAMP_18680,Pseudomonas aeruginosa,Negative
10634,dbAMP_22772,Enterococcus faecalis,Negative
10635,dbAMP_23470,Escherichia coli,Negative
10636,dbAMP_23667,Klebsiella pneumoniae,Negative
10637,19575.0,Enterococcus faecalis,Negative
10638,DRAMP02125,Candida parapsilosis,Negative
10639,dbAMP_02778,Candida albicans,Negative
10640,dbAMP_19265,Staphylococcus aureus,Negative
10641,dbAMP_22097,Staphylococcus aureus,Negative
10642,dbAMP_23817,Escherichia coli,Negative
10643,dbAMP_16525,Enterococcus faecium,Negative
10644,dbAMP_01771,Escherichia coli,Negative
10645,dbAMP_14809,Escherichia coli,Negative
10646,dbAMP_24181,Listeria monocytogenes,Negative
10647,dbAMP_22579,Escherichia coli,Negative
10648,dbAMP_21348,Staphylococcus epidermidis,Negative
10649,dbAMP_03673,Klebsiella pneumoniae,Negative
10650,dbAMP_20105,Staphylococcus epidermidis,Negative
10651,dbAMP_05193,Candida parapsilosis,Negative
10652,dbAMP_21939,Staphylococcus aureus,Negative
10653,dbAMP_22165,Pseudomonas aeruginosa,Negative
10654,dbAMP_17528,Escherichia coli,Negative
10655,dbAMP_18988,Escherichia coli,Negative
10656,20388.0,Salmonella enterica,Negative
10657,dbAMP_22273,Staphylococcus aureus,Negative
10658,dbAMP_16881,Pseudomonas aeruginosa,Negative
10659,dbAMP_22646,Escherichia coli,Negative
10660,dbAMP_00877,Candida albicans,Negative
10661,dbAMP_21729,Staphylococcus aureus,Negative
10662,17720.0,Staphylococcus aureus,Negative
10663,dbAMP_17585,Escherichia coli,Negative
10664,dbAMP_18901,Escherichia coli,Negative
10665,dbAMP_22304,Escherichia coli,Negative
10666,18064.0,Escherichia coli,Negative
10667,dbAMP_05112,Bacillus cereus,Negative
10668,21725.0,Pseudomonas aeruginosa,Negative
10669,dbAMP_19114,Candida albicans,Negative
10670,dbAMP_23112,Staphylococcus aureus,Negative
10671,dbAMP_23899,Pseudomonas aeruginosa,Negative
10672,dbAMP_17896,Staphylococcus epidermidis,Negative
10673,dbAMP_17096,Candida albicans,Negative
10674,dbAMP_19701,Escherichia coli,Negative
10675,dbAMP_01970,Escherichia coli,Negative
10676,dbAMP_23601,Escherichia coli,Negative
10677,20578.0,Klebsiella pneumoniae,Negative
10678,9587.0,Candida albicans,Negative
10679,dbAMP_19058,Enterococcus faecium,Negative
10680,dbAMP_19838,Staphylococcus aureus,Negative
10681,dbAMP_33680,Klebsiella pneumoniae,Negative
10682,dbAMP_18105,Salmonella enterica,Negative
10683,22106.0,Bacillus subtilis,Negative
10684,dbAMP_22327,Bacillus cereus,Negative
10685,dbAMP_18940,Enterococcus faecalis,Negative
10686,19922.0,Escherichia coli,Negative
10687,dbAMP_03533,Candida albicans,Negative
10688,20279.0,Klebsiella pneumoniae,Negative
10689,dbAMP_18675,Pseudomonas aeruginosa,Negative
10690,18152.0,Pseudomonas aeruginosa,Negative
10691,dbAMP_03644,Escherichia coli,Negative
10692,dbAMP_21654,Staphylococcus aureus,Negative
10693,dbAMP_01777,Candida parapsilosis,Negative
10694,dbAMP_34342,Staphylococcus aureus,Negative
10695,18320.0,Enterobacter cloacae,Negative
10696,dbAMP_22335,Escherichia coli,Negative
10697,dbAMP_18424,Salmonella enterica,Negative
10698,19147.0,Listeria monocytogenes,Negative
10699,dbAMP_24367,Staphylococcus aureus,Negative
10700,12478.0,Escherichia coli,Negative
10701,dbAMP_18678,Pseudomonas aeruginosa,Negative
10702,dbAMP_25195,Candida albicans,Negative
10703,dbAMP_17783,Pseudomonas aeruginosa,Negative
10704,dbAMP_24289,Enterobacter cloacae,Negative
10705,dbAMP_33159,Pseudomonas aeruginosa,Negative
10706,21254.0,Staphylococcus aureus,Negative
10707,18657.0,Enterococcus faecium,Negative
10708,dbAMP_21604,Escherichia coli,Negative
10709,dbAMP_16051,Staphylococcus aureus,Negative
10710,dbAMP_20534,Pseudomonas aeruginosa,Negative
10711,dbAMP_34222,Staphylococcus aureus,Negative
10712,dbAMP_16390,Candida albicans,Negative
10713,dbAMP_33680,Staphylococcus epidermidis,Negative
10714,21199.0,Escherichia coli,Negative
10715,6197.0,Escherichia coli,Negative
10716,dbAMP_21219,Klebsiella pneumoniae,Negative
10717,dbAMP_18740,Pseudomonas aeruginosa,Negative
10718,dbAMP_03851,Enterococcus faecalis,Negative
10719,dbAMP_16761,Staphylococcus epidermidis,Negative
10720,22263.0,Pseudomonas aeruginosa,Negative
10721,20499.0,Escherichia coli,Negative
10722,dbAMP_14798,Candida albicans,Negative
10723,dbAMP_14821,Candida albicans,Negative
10724,dbAMP_16021,Pseudomonas aeruginosa,Negative
10725,dbAMP_34258,Escherichia coli,Negative
10726,15017.0,Staphylococcus aureus,Negative
10727,22018.0,Klebsiella pneumoniae,Negative
10728,dbAMP_32366,Escherichia coli,Negative
10729,dbAMP_02012,Escherichia coli,Negative
10730,dbAMP_02056,Escherichia coli,Negative
10731,4948.0,Micrococcus luteus,Negative
10732,DRAMP03930,Staphylococcus aureus,Negative
10733,19915.0,Staphylococcus aureus,Negative
10734,dbAMP_33354,Candida albicans,Negative
10735,19885.0,Staphylococcus aureus,Negative
10736,dbAMP_31778,Pseudomonas aeruginosa,Negative
10737,dbAMP_24820,Staphylococcus aureus,Negative
10738,dbAMP_17206,Staphylococcus aureus,Negative
10739,dbAMP_21552,Staphylococcus aureus,Negative
10740,dbAMP_20117,Enterococcus faecium,Negative
10741,dbAMP_22484,Candida albicans,Negative
10742,dbAMP_20321,Staphylococcus epidermidis,Negative
10743,dbAMP_34229,Escherichia coli,Negative
10744,dbAMP_20132,Escherichia coli,Negative
10745,dbAMP_21536,Candida albicans,Negative
10746,dbAMP_21657,Candida albicans,Negative
10747,dbAMP_24559,Escherichia coli,Negative
10748,dbAMP_22874,Pseudomonas aeruginosa,Negative
10749,19992.0,Enterococcus faecalis,Negative
10750,dbAMP_17593,Enterococcus faecalis,Negative
10751,dbAMP_02167,Staphylococcus aureus,Negative
10752,dbAMP_21172,Pseudomonas aeruginosa,Negative
10753,18090.0,Klebsiella pneumoniae,Negative
10754,dbAMP_27189,Pseudomonas aeruginosa,Negative
10755,dbAMP_21045,Staphylococcus aureus,Negative
10756,dbAMP_34393,Candida albicans,Negative
10757,dbAMP_16928,Candida albicans,Negative
10758,dbAMP_02703,Escherichia coli,Negative
10759,dbAMP_21984,Enterobacter cloacae,Negative
10760,17331.0,Candida albicans,Negative
10761,dbAMP_04310,Staphylococcus aureus,Negative
10762,20597.0,Escherichia coli,Negative
10763,dbAMP_22326,Bacillus cereus,Negative
10764,dbAMP_33969,Pseudomonas aeruginosa,Negative
10765,dbAMP_18376,Staphylococcus epidermidis,Negative
10766,22265.0,Micrococcus luteus,Negative
10767,dbAMP_23923,Pseudomonas aeruginosa,Negative
10768,dbAMP_00087,Bacillus megaterium,Negative
10769,17775.0,Staphylococcus aureus,Negative
10770,dbAMP_20271,Bacillus subtilis,Negative
10771,20535.0,Klebsiella pneumoniae,Negative
10772,dbAMP_18028,Acinetobacter baumannii,Negative
10773,dbAMP_16304,Bacillus subtilis,Negative
10774,dbAMP_19089,Escherichia coli,Negative
10775,dbAMP_21437,Escherichia coli,Negative
10776,dbAMP_19533,Staphylococcus aureus,Negative
10777,18039.0,Klebsiella pneumoniae,Negative
10778,dbAMP_04817,Candida albicans,Negative
10779,dbAMP_16440,Bacillus subtilis,Negative
10780,dbAMP_24847,Bacillus subtilis,Negative
10781,dbAMP_19057,Escherichia coli,Negative
10782,dbAMP_11062,Pseudomonas aeruginosa,Negative
10783,dbAMP_17105,Acinetobacter baumannii,Negative
10784,dbAMP_34312,Escherichia coli,Negative
10785,21008.0,Staphylococcus aureus,Negative
10786,dbAMP_33682,Acinetobacter baumannii,Negative
10787,17621.0,Salmonella enterica,Negative
10788,dbAMP_19221,Staphylococcus aureus,Negative
10789,dbAMP_16421,Enterococcus faecalis,Negative
10790,dbAMP_31643,Staphylococcus aureus,Negative
10791,dbAMP_17572,Candida albicans,Negative
10792,18657.0,Pseudomonas aeruginosa,Negative
10793,dbAMP_10910,Enterococcus faecalis,Negative
10794,22275.0,Micrococcus luteus,Negative
10795,dbAMP_34314,Escherichia coli,Negative
10796,dbAMP_33299,Pseudomonas aeruginosa,Negative
10797,dbAMP_18887,Enterococcus faecalis,Negative
10798,dbAMP_23814,Enterococcus faecalis,Negative
10799,dbAMP_20377,Staphylococcus aureus,Negative
10800,dbAMP_05249,Staphylococcus aureus,Negative
10801,dbAMP_18028,Klebsiella pneumoniae,Negative
10802,20024.0,Escherichia coli,Negative
10803,dbAMP_34335,Staphylococcus aureus,Negative
10804,dbAMP_16426,Bacillus subtilis,Negative
10805,dbAMP_21705,Escherichia coli,Negative
10806,dbAMP_22082,Pseudomonas aeruginosa,Negative
10807,dbAMP_19073,Staphylococcus aureus,Negative
10808,dbAMP_19025,Pseudomonas aeruginosa,Negative
10809,dbAMP_01904,Candida albicans,Negative
10810,21660.0,Klebsiella pneumoniae,Negative
10811,dbAMP_31894,Salmonella enterica,Negative
10812,dbAMP_18378,Staphylococcus aureus,Negative
10813,dbAMP_02045,Staphylococcus aureus,Negative
10814,22251.0,Escherichia coli,Negative
10815,dbAMP_22665,Staphylococcus aureus,Negative
10816,17772.0,Escherichia coli,Negative
10817,dbAMP_28342,Candida albicans,Negative
10818,dbAMP_23788,Escherichia coli,Negative
10819,dbAMP_16563,Staphylococcus epidermidis,Negative
10820,dbAMP_19574,Escherichia coli,Negative
10821,dbAMP_23275,Klebsiella pneumoniae,Negative
10822,dbAMP_33015,Staphylococcus aureus,Negative
10823,dbAMP_25282,Enterococcus faecium,Negative
10824,dbAMP_18658,Candida albicans,Negative
10825,dbAMP_24066,Staphylococcus aureus,Negative
10826,dbAMP_33277,Candida albicans,Negative
10827,dbAMP_18706,Candida albicans,Negative
10828,dbAMP_24242,Salmonella enterica,Negative
10829,dbAMP_18980,Candida albicans,Negative
10830,19479.0,Pseudomonas aeruginosa,Negative
10831,21324.0,Candida albicans,Negative
10832,dbAMP_18426,Escherichia coli,Negative
10833,564.0,Bacillus subtilis,Negative
10834,dbAMP_20821,Bacillus subtilis,Negative
10835,19818.0,Staphylococcus aureus,Negative
10836,19848.0,Escherichia coli,Negative
10837,dbAMP_24602,Salmonella enterica,Negative
10838,dbAMP_10850,Staphylococcus aureus,Negative
10839,dbAMP_24538,Staphylococcus aureus,Negative
10840,dbAMP_24826,Cryptococcus neoformans,Negative
10841,dbAMP_05737,Bacillus megaterium,Negative
10842,dbAMP_34264,Staphylococcus aureus,Negative
10843,dbAMP_32889,Escherichia coli,Negative
10844,dbAMP_31702,Escherichia coli,Negative
10845,dbAMP_32109,Escherichia coli,Negative
10846,dbAMP_33320,Candida albicans,Negative
10847,dbAMP_22097,Pseudomonas aeruginosa,Negative
10848,21986.0,Escherichia coli,Negative
10849,22265.0,Staphylococcus aureus,Negative
10850,dbAMP_19592,Staphylococcus aureus,Negative
10851,18329.0,Enterobacter cloacae,Negative
10852,dbAMP_04376,Micrococcus luteus,Negative
10853,dbAMP_15573,Staphylococcus epidermidis,Negative
10854,dbAMP_19542,Escherichia coli,Negative
10855,dbAMP_15748,Candida albicans,Negative
10856,dbAMP_15745,Staphylococcus aureus,Negative
10857,dbAMP_34324,Staphylococcus aureus,Negative
10858,dbAMP_20738,Enterococcus faecalis,Negative
10859,dbAMP_22676,Salmonella enterica,Negative
10860,dbAMP_32333,Staphylococcus aureus,Negative
10861,dbAMP_20567,Staphylococcus aureus,Negative
10862,dbAMP_14941,Staphylococcus aureus,Negative
10863,20399.0,Escherichia coli,Negative
10864,dbAMP_20929,Pseudomonas aeruginosa,Negative
10865,21723.0,Candida albicans,Negative
10866,dbAMP_24176,Listeria monocytogenes,Negative
10867,dbAMP_24761,Escherichia coli,Negative
10868,dbAMP_21651,Candida albicans,Negative
10869,dbAMP_25392,Escherichia coli,Negative
10870,dbAMP_17979,Listeria monocytogenes,Negative
10871,17436.0,Klebsiella pneumoniae,Negative
10872,dbAMP_22096,Bacillus subtilis,Negative
10873,18474.0,Klebsiella pneumoniae,Negative
10874,dbAMP_23186,Salmonella enterica,Negative
10875,dbAMP_22374,Bacillus cereus,Negative
10876,dbAMP_23275,Pseudomonas aeruginosa,Negative
10877,21742.0,Staphylococcus epidermidis,Negative
10878,dbAMP_05450,Micrococcus luteus,Negative
10879,dbAMP_14878,Salmonella enterica,Negative
10880,dbAMP_05190,Staphylococcus aureus,Negative
10881,dbAMP_22355,Bacillus cereus,Negative
10882,dbAMP_15579,Bacillus subtilis,Negative
10883,DRAMP18456,Escherichia coli,Negative
10884,dbAMP_16612,Staphylococcus aureus,Negative
10885,dbAMP_18114,Escherichia coli,Negative
10886,dbAMP_20729,Staphylococcus aureus,Negative
10887,dbAMP_17885,Escherichia coli,Negative
10888,dbAMP_21081,Enterococcus faecalis,Negative
10889,dbAMP_25189,Staphylococcus aureus,Negative
10890,dbAMP_33156,Candida albicans,Negative
10891,dbAMP_31770,Staphylococcus aureus,Negative
10892,dbAMP_11732,Staphylococcus aureus,Negative
10893,dbAMP_33257,Staphylococcus aureus,Negative
10894,dbAMP_25385,Candida albicans,Negative
10895,dbAMP_18905,Bacillus subtilis,Negative
10896,dbAMP_31637,Staphylococcus aureus,Negative
10897,DRAMP20975,Candida albicans,Negative
10898,dbAMP_20378,Staphylococcus aureus,Negative
10899,dbAMP_15573,Micrococcus luteus,Negative
10900,dbAMP_12360,Escherichia coli,Negative
10901,dbAMP_16392,Escherichia coli,Negative
10902,491.0,Acinetobacter baumannii,Negative
10903,17768.0,Staphylococcus aureus,Negative
10904,20043.0,Escherichia coli,Negative
10905,dbAMP_03280,Escherichia coli,Negative
10906,dbAMP_19048,Enterococcus faecium,Negative
10907,dbAMP_23074,Staphylococcus epidermidis,Negative
10908,19148.0,Klebsiella pneumoniae,Negative
10909,dbAMP_16543,Staphylococcus aureus,Negative
10910,dbAMP_10582,Acinetobacter baumannii,Negative
10911,dbAMP_05249,Candida albicans,Negative
10912,dbAMP_20448,Bacillus subtilis,Negative
10913,dbAMP_33338,Candida albicans,Negative
10914,dbAMP_22070,Escherichia coli,Negative
10915,dbAMP_03330,Escherichia coli,Negative
10916,dbAMP_01649,Pseudomonas aeruginosa,Negative
10917,dbAMP_32869,Escherichia coli,Negative
10918,1043.0,Pseudomonas aeruginosa,Negative
10919,dbAMP_21149,Staphylococcus aureus,Negative
10920,21734.0,Candida albicans,Negative
10921,dbAMP_23887,Staphylococcus aureus,Negative
10922,dbAMP_21117,Pseudomonas aeruginosa,Negative
10923,dbAMP_24933,Escherichia coli,Negative
10924,19843.0,Escherichia coli,Negative
10925,18052.0,Pseudomonas aeruginosa,Negative
10926,20773.0,Enterococcus faecium,Negative
10927,dbAMP_19122,Salmonella enterica,Negative
10928,dbAMP_22302,Escherichia coli,Negative
10929,dbAMP_21656,Pseudomonas aeruginosa,Negative
10930,dbAMP_12838,Staphylococcus aureus,Negative
10931,19635.0,Acinetobacter baumannii,Negative
10932,dbAMP_22073,Pseudomonas aeruginosa,Negative
10933,dbAMP_19328,Escherichia coli,Negative
10934,dbAMP_03291,Klebsiella pneumoniae,Negative
10935,dbAMP_24142,Staphylococcus aureus,Negative
10936,19577.0,Staphylococcus aureus,Negative
10937,dbAMP_03060,Escherichia coli,Negative
10938,dbAMP_21348,Pseudomonas aeruginosa,Negative
10939,dbAMP_16428,Staphylococcus aureus,Negative
10940,dbAMP_31879,Staphylococcus aureus,Negative
10941,dbAMP_16553,Staphylococcus aureus,Negative
10942,dbAMP_19596,Pseudomonas aeruginosa,Negative
10943,dbAMP_20595,Escherichia coli,Negative
10944,dbAMP_20770,Candida albicans,Negative
10945,21472.0,Micrococcus luteus,Negative
10946,21722.0,Enterococcus faecalis,Negative
10947,dbAMP_22454,Escherichia coli,Negative
10948,20500.0,Staphylococcus aureus,Negative
10949,dbAMP_19215,Staphylococcus aureus,Negative
10950,dbAMP_32513,Pseudomonas aeruginosa,Negative
10951,dbAMP_20656,Staphylococcus aureus,Negative
10952,dbAMP_19218,Enterococcus faecalis,Negative
10953,dbAMP_22174,Pseudomonas aeruginosa,Negative
10954,dbAMP_21655,Bacillus subtilis,Negative
10955,dbAMP_23946,Enterococcus faecalis,Negative
10956,20496.0,Staphylococcus aureus,Negative
10957,20575.0,Klebsiella pneumoniae,Negative
10958,22287.0,Klebsiella pneumoniae,Negative
10959,dbAMP_22455,Staphylococcus aureus,Negative
10960,dbAMP_03038,Candida albicans,Negative
10961,dbAMP_16709,Escherichia coli,Negative
10962,dbAMP_16134,Candida albicans,Negative
10963,dbAMP_17767,Klebsiella pneumoniae,Negative
10964,22381.0,Enterococcus faecalis,Negative
10965,dbAMP_23186,Micrococcus luteus,Negative
10966,dbAMP_18726,Pseudomonas aeruginosa,Negative
10967,dbAMP_25389,Escherichia coli,Negative
10968,dbAMP_01915,Staphylococcus aureus,Negative
10969,dbAMP_24243,Staphylococcus aureus,Negative
10970,dbAMP_17774,Staphylococcus aureus,Negative
10971,dbAMP_24070,Staphylococcus aureus,Negative
10972,dbAMP_34231,Escherichia coli,Negative
10973,22323.0,Escherichia coli,Negative
10974,dbAMP_19529,Micrococcus luteus,Negative
10975,20441.0,Staphylococcus aureus,Negative
10976,dbAMP_24178,Listeria monocytogenes,Negative
10977,17510.0,Klebsiella pneumoniae,Negative
10978,dbAMP_34373,Escherichia coli,Negative
10979,dbAMP_16439,Escherichia coli,Negative
10980,dbAMP_18230,Salmonella enterica,Negative
10981,dbAMP_02416,Enterococcus faecium,Negative
10982,dbAMP_33945,Klebsiella pneumoniae,Negative
10983,dbAMP_24375,Escherichia coli,Negative
10984,dbAMP_25158,Salmonella enterica,Negative
10985,dbAMP_14878,Bacillus subtilis,Negative
10986,dbAMP_08389,Bacillus subtilis,Negative
10987,21580.0,Klebsiella pneumoniae,Negative
10988,dbAMP_20273,Acinetobacter baumannii,Negative
10989,dbAMP_17765,Staphylococcus aureus,Negative
10990,dbAMP_21660,Escherichia coli,Negative
10991,dbAMP_03481,Candida albicans,Negative
10992,17804.0,Escherichia coli,Negative
10993,dbAMP_18018,Escherichia coli,Negative
10994,dbAMP_23602,Micrococcus luteus,Negative
10995,dbAMP_04233,Escherichia coli,Negative
10996,dbAMP_33255,Candida albicans,Negative
10997,dbAMP_16631,Escherichia coli,Negative
10998,dbAMP_12941,Candida albicans,Negative
10999,dbAMP_22325,Bacillus cereus,Negative
11000,dbAMP_24038,Enterobacter cloacae,Negative
11001,dbAMP_21760,Staphylococcus aureus,Negative
11002,dbAMP_20959,Pseudomonas aeruginosa,Negative
11003,dbAMP_18074,Escherichia coli,Negative
11004,dbAMP_03732,Escherichia coli,Negative
11005,dbAMP_19160,Staphylococcus aureus,Negative
11006,DRAMP20975,Enterobacter cloacae,Negative
11007,dbAMP_33013,Pseudomonas aeruginosa,Negative
11008,17326.0,Candida albicans,Negative
11009,dbAMP_23523,Pseudomonas aeruginosa,Negative
11010,dbAMP_18698,Escherichia coli,Negative
11011,22018.0,Enterococcus faecium,Negative
11012,dbAMP_32273,Listeria monocytogenes,Negative
11013,dbAMP_15742,Pseudomonas aeruginosa,Negative
11014,22296.0,Pseudomonas aeruginosa,Negative
11015,dbAMP_21400,Enterococcus faecalis,Negative
11016,22272.0,Escherichia coli,Negative
11017,dbAMP_31794,Staphylococcus epidermidis,Negative
11018,dbAMP_31645,Klebsiella pneumoniae,Negative
11019,dbAMP_10248,Klebsiella pneumoniae,Negative
11020,dbAMP_22275,Bacillus cereus,Negative
11021,dbAMP_25429,Enterococcus faecium,Negative
11022,dbAMP_24364,Staphylococcus aureus,Negative
11023,dbAMP_20977,Pseudomonas aeruginosa,Negative
11024,dbAMP_19124,Escherichia coli,Negative
11025,20544.0,Staphylococcus epidermidis,Negative
11026,17592.0,Staphylococcus aureus,Negative
11027,dbAMP_20769,Escherichia coli,Negative
11028,17461.0,Klebsiella pneumoniae,Negative
11029,dbAMP_04305,Candida albicans,Negative
11030,dbAMP_27157,Pseudomonas aeruginosa,Negative
11031,dbAMP_20700,Escherichia coli,Negative
11032,dbAMP_24369,Staphylococcus aureus,Negative
11033,dbAMP_03963,Candida albicans,Negative
11034,dbAMP_23106,Pseudomonas aeruginosa,Negative
11035,dbAMP_16910,Klebsiella pneumoniae,Negative
11036,dbAMP_18133,Bacillus megaterium,Negative
11037,dbAMP_20948,Pseudomonas aeruginosa,Negative
11038,dbAMP_31843,Pseudomonas aeruginosa,Negative
11039,dbAMP_22839,Candida albicans,Negative
11040,19147.0,Escherichia coli,Negative
11041,dbAMP_21985,Enterobacter cloacae,Negative
11042,dbAMP_34165,Staphylococcus aureus,Negative
11043,dbAMP_18660,Staphylococcus aureus,Negative
11044,dbAMP_16505,Staphylococcus aureus,Negative
11045,18326.0,Enterococcus faecalis,Negative
11046,dbAMP_19097,Escherichia coli,Negative
11047,18598.0,Escherichia coli,Negative
11048,dbAMP_25150,Staphylococcus aureus,Negative
11049,dbAMP_24839,Candida albicans,Negative
11050,dbAMP_02231,Enterococcus faecalis,Negative
11051,dbAMP_22321,Escherichia coli,Negative
11052,dbAMP_33277,Staphylococcus aureus,Negative
11053,dbAMP_16476,Staphylococcus aureus,Negative
11054,dbAMP_04686,Escherichia coli,Negative
11055,dbAMP_20130,Staphylococcus epidermidis,Negative
11056,dbAMP_18519,Pseudomonas aeruginosa,Negative
11057,dbAMP_21053,Pseudomonas aeruginosa,Negative
11058,dbAMP_16909,Escherichia coli,Negative
11059,dbAMP_24197,Listeria monocytogenes,Negative
11060,dbAMP_05282,Listeria monocytogenes,Negative
11061,dbAMP_18212,Pseudomonas aeruginosa,Negative
11062,dbAMP_16377,Pseudomonas aeruginosa,Negative
11063,dbAMP_12829,Candida albicans,Negative
11064,dbAMP_24603,Staphylococcus aureus,Negative
11065,dbAMP_26661,Micrococcus luteus,Negative
11066,dbAMP_21904,Pseudomonas aeruginosa,Negative
11067,19865.0,Acinetobacter baumannii,Negative
11068,dbAMP_24578,Micrococcus luteus,Negative
11069,dbAMP_01755,Staphylococcus aureus,Negative
11070,dbAMP_03461,Escherichia coli,Negative
11071,dbAMP_32426,Enterococcus faecalis,Negative
11072,17611.0,Salmonella enterica,Negative
11073,dbAMP_22460,Escherichia coli,Negative
11074,dbAMP_15573,Klebsiella pneumoniae,Negative
11075,dbAMP_02165,Candida albicans,Negative
11076,dbAMP_19734,Pseudomonas aeruginosa,Negative
11077,dbAMP_22616,Acinetobacter baumannii,Negative
11078,dbAMP_16331,Salmonella enterica,Negative
11079,dbAMP_03867,Candida albicans,Negative
11080,dbAMP_23579,Escherichia coli,Negative
11081,dbAMP_00968,Staphylococcus aureus,Negative
11082,dbAMP_00667,Staphylococcus aureus,Negative
11083,19925.0,Escherichia coli,Negative
11084,dbAMP_24243,Staphylococcus epidermidis,Negative
11085,dbAMP_25090,Escherichia coli,Negative
11086,dbAMP_18510,Enterococcus faecium,Negative
11087,dbAMP_23136,Staphylococcus aureus,Negative
11088,dbAMP_16716,Candida albicans,Negative
11089,dbAMP_33258,Staphylococcus aureus,Negative
11090,dbAMP_21134,Pseudomonas aeruginosa,Negative
11091,dbAMP_04474,Micrococcus luteus,Negative
11092,dbAMP_18680,Candida albicans,Negative
11093,dbAMP_34037,Salmonella enterica,Negative
11094,17778.0,Escherichia coli,Negative
11095,dbAMP_19719,Candida albicans,Negative
11096,dbAMP_15849,Salmonella enterica,Negative
11097,dbAMP_17118,Bacillus cereus,Negative
11098,dbAMP_19605,Staphylococcus aureus,Negative
11099,dbAMP_20650,Bacillus subtilis,Negative
11100,dbAMP_16958,Pseudomonas aeruginosa,Negative
11101,dbAMP_21211,Staphylococcus aureus,Negative
11102,20016.0,Staphylococcus aureus,Negative
11103,19572.0,Enterococcus faecalis,Negative
11104,dbAMP_21699,Salmonella enterica,Negative
11105,18858.0,Klebsiella pneumoniae,Negative
11106,dbAMP_31769,Cryptococcus neoformans,Negative
11107,DRAMP18670,Bacillus subtilis,Negative
11108,dbAMP_16069,Salmonella enterica,Negative
11109,dbAMP_17769,Staphylococcus aureus,Negative
11110,dbAMP_17976,Staphylococcus aureus,Negative
11111,18158.0,Enterococcus faecalis,Negative
11112,dbAMP_33098,Acinetobacter baumannii,Negative
11113,19833.0,Candida albicans,Negative
11114,dbAMP_20334,Staphylococcus epidermidis,Negative
11115,dbAMP_33015,Klebsiella pneumoniae,Negative
11116,dbAMP_03789,Staphylococcus epidermidis,Negative
11117,19442.0,Cryptococcus neoformans,Negative
11118,20172.0,Staphylococcus aureus,Negative
11119,dbAMP_33256,Staphylococcus aureus,Negative
11120,dbAMP_22447,Escherichia coli,Negative
11121,dbAMP_25197,Candida parapsilosis,Negative
11122,dbAMP_21052,Pseudomonas aeruginosa,Negative
11123,19151.0,Acinetobacter baumannii,Negative
11124,19834.0,Escherichia coli,Negative
11125,21580.0,Staphylococcus aureus,Negative
11126,dbAMP_33782,Salmonella enterica,Negative
11127,21742.0,Candida albicans,Negative
11128,dbAMP_19166,Staphylococcus aureus,Negative
11129,19527.0,Enterococcus faecalis,Negative
11130,dbAMP_25040,Enterococcus faecalis,Negative
11131,22287.0,Salmonella enterica,Negative
11132,20392.0,Staphylococcus aureus,Negative
11133,18077.0,Acinetobacter baumannii,Negative
11134,11026.0,Staphylococcus epidermidis,Negative
11135,dbAMP_32917,Bacillus subtilis,Negative
11136,dbAMP_18578,Pseudomonas aeruginosa,Negative
11137,dbAMP_15970,Staphylococcus aureus,Negative
11138,dbAMP_24056,Klebsiella pneumoniae,Negative
11139,dbAMP_11688,Enterobacter cloacae,Negative
11140,1738.0,Bacillus subtilis,Negative
11141,dbAMP_18886,Salmonella enterica,Negative
11142,dbAMP_27087,Candida albicans,Negative
11143,17635.0,Salmonella enterica,Negative
11144,dbAMP_03464,Escherichia coli,Negative
11145,dbAMP_20700,Enterococcus faecalis,Negative
11146,dbAMP_21650,Staphylococcus aureus,Negative
11147,dbAMP_25390,Klebsiella pneumoniae,Negative
11148,dbAMP_18969,Pseudomonas aeruginosa,Negative
11149,18113.0,Escherichia coli,Negative
11150,dbAMP_22677,Escherichia coli,Negative
11151,dbAMP_17528,Listeria monocytogenes,Negative
11152,dbAMP_21490,Escherichia coli,Negative
11153,dbAMP_03088,Escherichia coli,Negative
11154,dbAMP_22152,Pseudomonas aeruginosa,Negative
11155,dbAMP_17127,Bacillus cereus,Negative
11156,dbAMP_23730,Staphylococcus aureus,Negative
11157,dbAMP_02637,Escherichia coli,Negative
11158,dbAMP_19098,Escherichia coli,Negative
11159,dbAMP_21046,Staphylococcus aureus,Negative
11160,dbAMP_18720,Pseudomonas aeruginosa,Negative
11161,dbAMP_31137,Pseudomonas aeruginosa,Negative
11162,dbAMP_16375,Acinetobacter baumannii,Negative
11163,dbAMP_19255,Enterococcus faecalis,Negative
11164,dbAMP_32057,Escherichia coli,Negative
11165,20786.0,Candida albicans,Negative
11166,dbAMP_20526,Pseudomonas aeruginosa,Negative
11167,dbAMP_34357,Escherichia coli,Negative
11168,dbAMP_18293,Candida albicans,Negative
11169,dbAMP_24359,Salmonella enterica,Negative
11170,dbAMP_24541,Staphylococcus aureus,Negative
11171,dbAMP_34360,Escherichia coli,Negative
11172,20493.0,Candida albicans,Negative
11173,19286.0,Staphylococcus aureus,Negative
11174,dbAMP_18726,Staphylococcus epidermidis,Negative
11175,dbAMP_20702,Klebsiella pneumoniae,Negative
11176,dbAMP_16033,Staphylococcus epidermidis,Negative
11177,dbAMP_22420,Staphylococcus aureus,Negative
11178,dbAMP_16524,Enterococcus faecium,Negative
11179,7791.0,Staphylococcus aureus,Negative
11180,dbAMP_21740,Enterococcus faecalis,Negative
11181,dbAMP_22559,Escherichia coli,Negative
11182,dbAMP_03493,Escherichia coli,Negative
11183,dbAMP_24200,Listeria monocytogenes,Negative
11184,dbAMP_33633,Staphylococcus aureus,Negative
11185,18057.0,Pseudomonas aeruginosa,Negative
11186,dbAMP_22658,Staphylococcus aureus,Negative
11187,19846.0,Staphylococcus aureus,Negative
11188,dbAMP_16870,Pseudomonas aeruginosa,Negative
11189,dbAMP_20731,Staphylococcus aureus,Negative
11190,dbAMP_11753,Salmonella enterica,Negative
11191,dbAMP_20862,Staphylococcus aureus,Negative
11192,dbAMP_02162,Escherichia coli,Negative
11193,dbAMP_23587,Klebsiella pneumoniae,Negative
11194,19935.0,Staphylococcus aureus,Negative
11195,dbAMP_21050,Candida albicans,Negative
11196,21663.0,Acinetobacter baumannii,Negative
11197,dbAMP_17782,Enterococcus faecalis,Negative
11198,dbAMP_04932,Enterobacter cloacae,Negative
11199,dbAMP_31635,Candida albicans,Negative
11200,dbAMP_20924,Bacillus subtilis,Negative
11201,dbAMP_11834,Staphylococcus aureus,Negative
11202,dbAMP_16296,Candida albicans,Negative
11203,dbAMP_16817,Pseudomonas aeruginosa,Negative
11204,dbAMP_16462,Candida albicans,Negative
11205,21413.0,Candida albicans,Negative
11206,dbAMP_15974,Candida albicans,Negative
11207,dbAMP_04689,Acinetobacter baumannii,Negative
11208,dbAMP_16760,Enterococcus faecalis,Negative
11209,dbAMP_16973,Escherichia coli,Negative
11210,dbAMP_20466,Bacillus subtilis,Negative
11211,dbAMP_22069,Pseudomonas aeruginosa,Negative
11212,21947.0,Acinetobacter baumannii,Negative
11213,19835.0,Escherichia coli,Negative
11214,17513.0,Enterococcus faecium,Negative
11215,dbAMP_34331,Escherichia coli,Negative
11216,19865.0,Escherichia coli,Negative
11217,19923.0,Candida albicans,Negative
11218,dbAMP_23297,Escherichia coli,Negative
11219,dbAMP_19240,Bacillus megaterium,Negative
11220,dbAMP_20700,Staphylococcus aureus,Negative
11221,19283.0,Candida albicans,Negative
11222,dbAMP_21097,Klebsiella pneumoniae,Negative
11223,dbAMP_20702,Enterococcus faecium,Negative
11224,dbAMP_20308,Escherichia coli,Negative
11225,5349.0,Candida albicans,Negative
11226,dbAMP_11978,Staphylococcus aureus,Negative
11227,20935.0,Pseudomonas aeruginosa,Negative
11228,dbAMP_33259,Candida albicans,Negative
11229,dbAMP_12838,Cryptococcus neoformans,Negative
11230,dbAMP_20773,Pseudomonas aeruginosa,Negative
11231,dbAMP_22114,Escherichia coli,Negative
11232,dbAMP_20526,Klebsiella pneumoniae,Negative
11233,17442.0,Candida albicans,Negative
11234,dbAMP_15945,Staphylococcus aureus,Negative
11235,18082.0,Escherichia coli,Negative
11236,dbAMP_25450,Candida parapsilosis,Negative
11237,dbAMP_20864,Staphylococcus epidermidis,Negative
11238,dbAMP_05158,Escherichia coli,Negative
11239,dbAMP_19543,Staphylococcus epidermidis,Negative
11240,dbAMP_33441,Escherichia coli,Negative
11241,dbAMP_16426,Escherichia coli,Negative
11242,DRAMP02272,Klebsiella pneumoniae,Negative
11243,dbAMP_27606,Enterococcus faecium,Negative
11244,18085.0,Acinetobacter baumannii,Negative
11245,dbAMP_24622,Staphylococcus epidermidis,Negative
11246,dbAMP_31785,Escherichia coli,Negative
11247,dbAMP_33595,Escherichia coli,Negative
11248,DRAMP03901,Staphylococcus aureus,Negative
11249,22270.0,Staphylococcus aureus,Negative
11250,dbAMP_21729,Candida albicans,Negative
11251,dbAMP_28189,Enterococcus faecalis,Negative
11252,dbAMP_18527,Klebsiella pneumoniae,Negative
11253,dbAMP_20484,Pseudomonas aeruginosa,Negative
11254,dbAMP_31441,Klebsiella pneumoniae,Negative
11255,dbAMP_18229,Staphylococcus epidermidis,Negative
11256,dbAMP_20401,Pseudomonas aeruginosa,Negative
11257,dbAMP_06056,Staphylococcus aureus,Negative
11258,dbAMP_21764,Escherichia coli,Negative
11259,dbAMP_23563,Micrococcus luteus,Negative
11260,dbAMP_24847,Staphylococcus aureus,Negative
11261,dbAMP_25311,Staphylococcus aureus,Negative
11262,dbAMP_19694,Pseudomonas aeruginosa,Negative
11263,dbAMP_33155,Candida albicans,Negative
11264,20381.0,Salmonella enterica,Negative
11265,dbAMP_33942,Enterococcus faecium,Negative
11266,dbAMP_23899,Escherichia coli,Negative
11267,dbAMP_16203,Staphylococcus aureus,Negative
11268,dbAMP_11238,Staphylococcus aureus,Negative
11269,dbAMP_19364,Staphylococcus aureus,Negative
11270,dbAMP_19068,Escherichia coli,Negative
11271,dbAMP_17536,Pseudomonas aeruginosa,Negative
11272,dbAMP_18580,Escherichia coli,Negative
11273,dbAMP_32604,Staphylococcus epidermidis,Negative
11274,dbAMP_22895,Acinetobacter baumannii,Negative
11275,dbAMP_27085,Klebsiella pneumoniae,Negative
11276,dbAMP_19088,Bacillus subtilis,Negative
11277,dbAMP_23529,Staphylococcus aureus,Negative
11278,dbAMP_33601,Escherichia coli,Negative
11279,20838.0,Klebsiella pneumoniae,Negative
11280,dbAMP_04621,Candida albicans,Negative
11281,dbAMP_19122,Escherichia coli,Negative
11282,dbAMP_16751,Enterococcus faecalis,Negative
11283,dbAMP_25448,Candida albicans,Negative
11284,dbAMP_24054,Klebsiella pneumoniae,Negative
11285,20645.0,Salmonella enterica,Negative
11286,dbAMP_24357,Klebsiella pneumoniae,Negative
11287,dbAMP_16764,Staphylococcus epidermidis,Negative
11288,18585.0,Candida parapsilosis,Negative
11289,dbAMP_25101,Escherichia coli,Negative
11290,dbAMP_20874,Pseudomonas aeruginosa,Negative
